[10/05/26 00:01:00] D2BS 14068: ÿc4=== [POA] ===
[10/05/26 00:03:50] D2BS 14068: ÿc4=== [INFERNAL] ===
[10/05/26 00:06:56] D2BS 14068: ÿc4=== [DIABLO] ===
[10/05/26 00:12:54] D2BS 14068: Script ended
[10/05/26 00:12:54] D2BS 14068:  [17:43] +340.83% / [Level 57] 89.44%
[10/05/26 00:12:54] D2BS 14068: Script threads\autobuildthread.js ended
[10/05/26 00:12:54] D2BS 14068: Script threads\partythread.js ended
[10/05/26 00:12:54] D2BS 14068: Script threads\townchicken.js ended
[10/05/26 00:13:07] D2BS 14068: joining game pz-53
[10/05/26 00:13:08] D2BS 14068: ÿc2D2BSÿc0 :: Starting default.dbj
[10/05/26 00:13:08] D2BS 14068: ÿc2D2BSÿc0 :: default.dbj running.
[10/05/26 00:13:08] D2BS 14068: Loaded ÿc9[X.nip] [Y.nip] [Z.nip] [V.nip] [N.SUMM.nip]
[10/05/26 00:13:08] D2BS 14068: Loaded ÿc9[N.SUMM.js]
[10/05/26 00:13:08] D2BS 14068: equipped: [Head] 12
[10/05/26 00:13:08] D2BS 14068: equipped: [Neck] -1
[10/05/26 00:13:08] D2BS 14068: equipped: [Body] 12
[10/05/26 00:13:08] D2BS 14068: equipped: [ArmR] 11
[10/05/26 00:13:08] D2BS 14068: equipped: [ArmL] 26
[10/05/26 00:13:08] D2BS 14068: equipped: [RingR] 11
[10/05/26 00:13:08] D2BS 14068: equipped: [RingL] 11
[10/05/26 00:13:08] D2BS 14068: equipped: [Belt] 13
[10/05/26 00:13:08] D2BS 14068: equipped: [Boots] 1
[10/05/26 00:13:08] D2BS 14068: equipped: [Mitts] 1
[10/05/26 00:13:08] D2BS 14068: Loaded ÿc9[AutoSmurf.js]
[10/05/26 00:13:17] D2BS 14068: MiniShopBot: true
[10/05/26 00:13:45] D2BS 14068: equipped: [Mitts] 11
[10/05/26 00:13:54] D2BS 14068: act5+ BO
[10/05/26 00:14:06] D2BS 14068: ÿc4=== [BAAL] ===
[10/05/26 00:16:40] D2BS 14068: Not ready to kill Baal
[10/05/26 00:16:40] D2BS 14068: ÿc4=== [ABADDON] ===
[10/05/26 00:19:07] D2BS 14068: ÿc4=== [POA] ===
[10/05/26 00:21:53] D2BS 14068: ÿc4=== [INFERNAL] ===
[10/05/26 00:24:06] D2BS 14068: ÿc4=== [DIABLO] ===
[10/05/26 00:29:30] D2BS 14068: party has left: fowo-xf
[10/05/26 00:29:30] D2BS 14068:  [16:22] +221.36% / [Level 60] 37.30%
[10/05/26 00:29:30] D2BS 14068: Script threads\autobuildthread.js ended
[10/05/26 00:29:30] D2BS 14068: Script threads\partythread.js ended
[10/05/26 00:29:30] D2BS 14068: Script threads\townchicken.js ended
[10/05/26 00:29:30] D2BS 14068: Script default.dbj ended
[10/05/26 00:29:43] D2BS 14068: joining game pz-54
[10/05/26 00:29:44] D2BS 14068: ÿc2D2BSÿc0 :: Starting default.dbj
[10/05/26 00:29:44] D2BS 14068: ÿc2D2BSÿc0 :: default.dbj running.
[10/05/26 00:29:45] D2BS 14068: Loaded ÿc9[X.nip] [Y.nip] [Z.nip] [V.nip] [N.SUMM.nip]
[10/05/26 00:29:45] D2BS 14068: Loaded ÿc9[N.SUMM.js]
[10/05/26 00:29:45] D2BS 14068: equipped: [Head] 12
[10/05/26 00:29:45] D2BS 14068: equipped: [Neck] -1
[10/05/26 00:29:45] D2BS 14068: equipped: [Body] 12
[10/05/26 00:29:45] D2BS 14068: equipped: [ArmR] 11
[10/05/26 00:29:45] D2BS 14068: equipped: [ArmL] 26
[10/05/26 00:29:45] D2BS 14068: equipped: [RingR] 11
[10/05/26 00:29:45] D2BS 14068: equipped: [RingL] 11
[10/05/26 00:29:45] D2BS 14068: equipped: [Belt] 13
[10/05/26 00:29:45] D2BS 14068: equipped: [Boots] 1
[10/05/26 00:29:45] D2BS 14068: equipped: [Mitts] 11
[10/05/26 00:29:45] D2BS 14068: Loaded ÿc9[AutoSmurf.js]
[10/05/26 00:29:51] D2BS 14068: MiniShopBot: true
[10/05/26 00:30:30] D2BS 14068: act5+ BO
[10/05/26 00:30:44] D2BS 14068: ÿc4=== [BAAL] ===
[10/05/26 00:33:04] D2BS 14068: Not ready to kill Baal
[10/05/26 00:33:04] D2BS 14068: ÿc4=== [ABADDON] ===
[10/05/26 00:36:43] D2BS 14068: ÿc4=== [POA] ===
[10/05/26 00:39:42] D2BS 14068: ÿc4=== [INFERNAL] ===
[10/05/26 00:42:53] D2BS 14068: ÿc4=== [DIABLO] ===
[10/05/26 00:43:21] D2BS 14068: equipped: [RingR] 12
[10/05/26 00:47:54] D2BS 14068: party has left: fowo-xb
[10/05/26 00:47:55] D2BS 14068:  [18:10] +220.70% / [Level 62] 76.18%
[10/05/26 00:47:55] D2BS 14068: Script threads\autobuildthread.js ended
[10/05/26 00:47:55] D2BS 14068: Script threads\partythread.js ended
[10/05/26 00:47:55] D2BS 14068: Script threads\townchicken.js ended
[10/05/26 00:47:55] D2BS 14068: Script default.dbj ended
[10/05/26 00:48:08] D2BS 14068: joining game pz-55
[10/05/26 00:48:09] D2BS 14068: ÿc2D2BSÿc0 :: Starting default.dbj
[10/05/26 00:48:09] D2BS 14068: ÿc2D2BSÿc0 :: default.dbj running.
[10/05/26 00:48:09] D2BS 14068: Loaded ÿc9[X.nip] [Y.nip] [Z.nip] [V.nip] [N.SUMM.nip]
[10/05/26 00:48:10] D2BS 14068: Loaded ÿc9[N.SUMM.js]
[10/05/26 00:48:10] D2BS 14068: equipped: [Head] 12
[10/05/26 00:48:10] D2BS 14068: equipped: [Neck] -1
[10/05/26 00:48:10] D2BS 14068: equipped: [Body] 12
[10/05/26 00:48:10] D2BS 14068: equipped: [ArmR] 11
[10/05/26 00:48:10] D2BS 14068: equipped: [ArmL] 26
[10/05/26 00:48:10] D2BS 14068: equipped: [RingR] 12
[10/05/26 00:48:10] D2BS 14068: equipped: [RingL] 11
[10/05/26 00:48:10] D2BS 14068: equipped: [Belt] 13
[10/05/26 00:48:10] D2BS 14068: equipped: [Boots] 1
[10/05/26 00:48:10] D2BS 14068: equipped: [Mitts] 11
[10/05/26 00:48:10] D2BS 14068: Loaded ÿc9[AutoSmurf.js]
[10/05/26 00:48:15] D2BS 14068: MiniShopBot: true
[10/05/26 00:48:36] D2BS 14068: equipped: [ArmR] 19
[10/05/26 00:48:51] D2BS 14068: act5+ BO
[10/05/26 00:49:03] D2BS 14068: ÿc4=== [BAAL] ===
[10/05/26 00:51:31] D2BS 14068: Not ready to kill Baal
[10/05/26 00:51:31] D2BS 14068: ÿc4=== [ABADDON] ===
[10/05/26 00:54:39] D2BS 14068: ÿc4=== [POA] ===
[10/05/26 00:57:12] D2BS 14068: ÿc4=== [INFERNAL] ===
[10/05/26 01:00:08] D2BS 14068: ÿc4=== [DIABLO] ===
[10/05/26 01:00:29] D2BS 14068: equipped: [Body] 17
[10/05/26 01:05:52] D2BS 14068: party has left: fowo-xe
[10/05/26 01:05:52] D2BS 14068:  [17:43] +191.60% / [Level 64] 79.81%
[10/05/26 01:05:53] D2BS 14068: Script threads\autobuildthread.js ended
[10/05/26 01:05:53] D2BS 14068: Script threads\partythread.js ended
[10/05/26 01:05:53] D2BS 14068: Script threads\townchicken.js ended
[10/05/26 01:05:53] D2BS 14068: Script default.dbj ended
[10/05/26 01:06:06] D2BS 14068: joining game pz-56
[10/05/26 01:06:07] D2BS 14068: ÿc2D2BSÿc0 :: Starting default.dbj
[10/05/26 01:06:07] D2BS 14068: ÿc2D2BSÿc0 :: default.dbj running.
[10/05/26 01:06:07] D2BS 14068: Loaded ÿc9[X.nip] [Y.nip] [Z.nip] [V.nip] [N.SUMM.nip]
[10/05/26 01:06:07] D2BS 14068: Loaded ÿc9[N.SUMM.js]
[10/05/26 01:06:07] D2BS 14068: equipped: [Head] 12
[10/05/26 01:06:07] D2BS 14068: equipped: [Neck] -1
[10/05/26 01:06:07] D2BS 14068: equipped: [Body] 17
[10/05/26 01:06:07] D2BS 14068: equipped: [ArmR] 19
[10/05/26 01:06:07] D2BS 14068: equipped: [ArmL] 26
[10/05/26 01:06:07] D2BS 14068: equipped: [RingR] 12
[10/05/26 01:06:07] D2BS 14068: equipped: [RingL] 11
[10/05/26 01:06:07] D2BS 14068: equipped: [Belt] 13
[10/05/26 01:06:07] D2BS 14068: equipped: [Boots] 1
[10/05/26 01:06:07] D2BS 14068: equipped: [Mitts] 11
[10/05/26 01:06:08] D2BS 14068: Loaded ÿc9[AutoSmurf.js]
[10/05/26 01:06:15] D2BS 14068: MiniShopBot: true
[10/05/26 01:06:50] D2BS 14068: act5+ BO
[10/05/26 01:07:03] D2BS 14068: ÿc4=== [BAAL] ===
[10/05/26 01:09:27] D2BS 14068: Not ready to kill Baal
[10/05/26 01:09:27] D2BS 14068: ÿc4=== [ABADDON] ===
[10/05/26 01:11:51] D2BS 14068: ÿc4=== [POA] ===
[10/05/26 01:14:18] D2BS 14068: ÿc4=== [INFERNAL] ===
[10/05/26 01:16:52] D2BS 14068: ÿc4=== [DIABLO] ===
[10/05/26 01:22:09] D2BS 14068: party has left: fowo-xb
[10/05/26 01:22:09] D2BS 14068:  [16:02] +149.01% / [Level 66] 40.28%
[10/05/26 01:22:09] D2BS 14068: Script threads\autobuildthread.js ended
[10/05/26 01:22:09] D2BS 14068: Script threads\partythread.js ended
[10/05/26 01:22:09] D2BS 14068: Script threads\townchicken.js ended
[10/05/26 01:22:09] D2BS 14068: Script default.dbj ended
[10/05/26 01:22:22] D2BS 14068: joining game pz-57
[10/05/26 01:22:24] D2BS 14068: ÿc2D2BSÿc0 :: Starting default.dbj
[10/05/26 01:22:24] D2BS 14068: ÿc2D2BSÿc0 :: default.dbj running.
[10/05/26 01:22:24] D2BS 14068: Loaded ÿc9[X.nip] [Y.nip] [Z.nip] [V.nip] [N.SUMM.nip]
[10/05/26 01:22:24] D2BS 14068: Loaded ÿc9[N.SUMM.js]
[10/05/26 01:22:24] D2BS 14068: equipped: [Head] 12
[10/05/26 01:22:24] D2BS 14068: equipped: [Neck] 11
[10/05/26 01:22:24] D2BS 14068: equipped: [Body] 17
[10/05/26 01:22:24] D2BS 14068: equipped: [ArmR] 19
[10/05/26 01:22:24] D2BS 14068: equipped: [ArmL] 26
[10/05/26 01:22:24] D2BS 14068: equipped: [RingR] 12
[10/05/26 01:22:24] D2BS 14068: equipped: [RingL] 11
[10/05/26 01:22:24] D2BS 14068: equipped: [Belt] 13
[10/05/26 01:22:24] D2BS 14068: equipped: [Boots] 1
[10/05/26 01:22:24] D2BS 14068: equipped: [Mitts] 11
[10/05/26 01:22:24] D2BS 14068: Loaded ÿc9[AutoSmurf.js]
[10/05/26 01:22:30] D2BS 14068: MiniShopBot: true
[10/05/26 01:23:06] D2BS 14068: act5+ BO
[10/05/26 01:23:20] D2BS 14068: ÿc4=== [BAAL] ===
[10/05/26 01:25:22] D2BS 14068: Not ready to kill Baal
[10/05/26 01:25:22] D2BS 14068: ÿc4=== [ABADDON] ===
[10/05/26 01:25:25] D2BS 14068: equipped: [Neck] 12
[10/05/26 01:28:11] D2BS 14068: ÿc4=== [POA] ===
[10/05/26 01:30:39] D2BS 14068: ÿc4=== [INFERNAL] ===
[10/05/26 01:30:53] D2BS 14068: equipped: [Boots] 12
[10/05/26 01:33:21] D2BS 14068: party has left: fowo-xa
[10/05/26 01:33:21] D2BS 14068:  [10:58] +100.92% / [Level 67] 46.13%
[10/05/26 01:33:21] D2BS 14068: Script threads\autobuildthread.js ended
[10/05/26 01:33:22] D2BS 14068: Script threads\partythread.js ended
[10/05/26 01:33:22] D2BS 14068: Script threads\townchicken.js ended
[10/05/26 01:33:22] D2BS 14068: Script default.dbj ended
[10/05/26 01:33:34] D2BS 14068: joining game pz-58
[10/05/26 01:33:36] D2BS 14068: ÿc2D2BSÿc0 :: Starting default.dbj
[10/05/26 01:33:36] D2BS 14068: ÿc2D2BSÿc0 :: default.dbj running.
[10/05/26 01:33:36] D2BS 14068: Loaded ÿc9[X.nip] [Y.nip] [Z.nip] [V.nip] [N.SUMM.nip]
[10/05/26 01:33:36] D2BS 14068: Loaded ÿc9[N.SUMM.js]
[10/05/26 01:33:36] D2BS 14068: equipped: [Head] 12
[10/05/26 01:33:36] D2BS 14068: equipped: [Neck] 12
[10/05/26 01:33:36] D2BS 14068: equipped: [Body] 17
[10/05/26 01:33:36] D2BS 14068: equipped: [ArmR] 19
[10/05/26 01:33:36] D2BS 14068: equipped: [ArmL] 26
[10/05/26 01:33:36] D2BS 14068: equipped: [RingR] 12
[10/05/26 01:33:36] D2BS 14068: equipped: [RingL] 11
[10/05/26 01:33:36] D2BS 14068: equipped: [Belt] 13
[10/05/26 01:33:36] D2BS 14068: equipped: [Boots] 12
[10/05/26 01:33:36] D2BS 14068: equipped: [Mitts] 11
[10/05/26 01:33:36] D2BS 14068: Loaded ÿc9[AutoSmurf.js]
[10/05/26 01:33:39] D2BS 14068: MiniShopBot: true
[10/05/26 01:34:01] D2BS 14068: equipped: [ArmR] 24
[10/05/26 01:34:12] D2BS 14068: act5+ BO
[10/05/26 01:34:25] D2BS 14068: ÿc4=== [BAAL] ===
[10/05/26 01:36:40] D2BS 14068: Not ready to kill Baal
[10/05/26 01:36:40] D2BS 14068: ÿc4=== [ABADDON] ===
[10/05/26 01:39:27] D2BS 14068: ÿc4=== [POA] ===
[10/05/26 01:41:51] D2BS 14068: ÿc4=== [INFERNAL] ===
[10/05/26 01:44:23] D2BS 14068: Script ended
[10/05/26 01:44:23] D2BS 14068:  [10:47] +90.16% / [Level 68] 40.74%
[10/05/26 01:44:23] D2BS 14068: Script threads\autobuildthread.js ended
[10/05/26 01:44:23] D2BS 14068: Script threads\partythread.js ended
[10/05/26 01:44:23] D2BS 14068: Script threads\townchicken.js ended
[10/05/26 01:44:35] D2BS 14068: joining game pz-59
[10/05/26 01:44:37] D2BS 14068: ÿc2D2BSÿc0 :: Starting default.dbj
[10/05/26 01:44:37] D2BS 14068: ÿc2D2BSÿc0 :: default.dbj running.
[10/05/26 01:44:37] D2BS 14068: Loaded ÿc9[X.nip] [Y.nip] [Z.nip] [V.nip] [N.SUMM.nip]
[10/05/26 01:44:37] D2BS 14068: Loaded ÿc9[N.SUMM.js]
[10/05/26 01:44:37] D2BS 14068: equipped: [Head] 12
[10/05/26 01:44:37] D2BS 14068: equipped: [Neck] 12
[10/05/26 01:44:37] D2BS 14068: equipped: [Body] 17
[10/05/26 01:44:37] D2BS 14068: equipped: [ArmR] 24
[10/05/26 01:44:37] D2BS 14068: equipped: [ArmL] 26
[10/05/26 01:44:37] D2BS 14068: equipped: [RingR] 12
[10/05/26 01:44:37] D2BS 14068: equipped: [RingL] 11
[10/05/26 01:44:37] D2BS 14068: equipped: [Belt] 13
[10/05/26 01:44:37] D2BS 14068: equipped: [Boots] 12
[10/05/26 01:44:37] D2BS 14068: equipped: [Mitts] 11
[10/05/26 01:44:38] D2BS 14068: Loaded ÿc9[AutoSmurf.js]
[10/05/26 01:44:40] D2BS 14068: MiniShopBot: true
[10/05/26 01:45:10] D2BS 14068: act5+ BO
[10/05/26 01:45:23] D2BS 14068: ÿc4=== [BAAL] ===
[10/05/26 01:47:47] D2BS 14068: Not ready to kill Baal
[10/05/26 01:47:47] D2BS 14068: ÿc4=== [ABADDON] ===
[10/05/26 01:50:31] D2BS 14068: ÿc4=== [POA] ===
[10/05/26 01:53:04] D2BS 14068: ÿc4=== [INFERNAL] ===
[10/05/26 01:55:17] D2BS 14068: Script ended
[10/05/26 01:55:17] D2BS 14068:  [10:39] +77.20% / [Level 69] 22.84%
[10/05/26 01:55:17] D2BS 14068: Script threads\autobuildthread.js ended
[10/05/26 01:55:17] D2BS 14068: Script threads\partythread.js ended
[10/05/26 01:55:17] D2BS 14068: Script threads\townchicken.js ended
[10/05/26 01:55:30] D2BS 14068: joining game pz-60
[10/05/26 01:55:31] D2BS 14068: ÿc2D2BSÿc0 :: Starting default.dbj
[10/05/26 01:55:31] D2BS 14068: ÿc2D2BSÿc0 :: default.dbj running.
[10/05/26 01:55:31] D2BS 14068: Loaded ÿc9[X.nip] [Y.nip] [Z.nip] [V.nip] [N.SUMM.nip]
[10/05/26 01:55:31] D2BS 14068: Loaded ÿc9[N.SUMM.js]
[10/05/26 01:55:31] D2BS 14068: equipped: [Head] 12
[10/05/26 01:55:31] D2BS 14068: equipped: [Neck] 12
[10/05/26 01:55:31] D2BS 14068: equipped: [Body] 17
[10/05/26 01:55:31] D2BS 14068: equipped: [ArmR] 24
[10/05/26 01:55:31] D2BS 14068: equipped: [ArmL] 26
[10/05/26 01:55:31] D2BS 14068: equipped: [RingR] 12
[10/05/26 01:55:31] D2BS 14068: equipped: [RingL] 11
[10/05/26 01:55:31] D2BS 14068: equipped: [Belt] 13
[10/05/26 01:55:31] D2BS 14068: equipped: [Boots] 12
[10/05/26 01:55:31] D2BS 14068: equipped: [Mitts] 11
[10/05/26 01:55:32] D2BS 14068: Loaded ÿc9[AutoSmurf.js]
[10/05/26 01:55:34] D2BS 14068: MiniShopBot: true
[10/05/26 01:55:34] D2BS 14068: UseMerc: true HP: 70
[10/05/26 01:55:49] D2BS 14068: Merc unmatched
[10/05/26 01:55:58] D2BS 14068: [Hired] Level 64 Thorns
[10/05/26 01:55:58] D2BS 14068: updateStat
[10/05/26 01:55:58] D2BS 14068: granted: [Head] -1
[10/05/26 01:55:58] D2BS 14068: granted: [Body] -1
[10/05/26 01:55:58] D2BS 14068: granted: [ArmR] -1
[10/05/26 01:56:22] D2BS 14068: act5+ BO
[10/05/26 01:56:24] D2BS 14068: updateStat
[10/05/26 01:56:35] D2BS 14068: ÿc4=== [BAAL] ===
[10/05/26 01:59:00] D2BS 14068: Not ready to kill Baal
[10/05/26 01:59:00] D2BS 14068: ÿc4=== [ABADDON] ===
[10/05/26 02:01:55] D2BS 14068: ÿc4=== [POA] ===
[10/05/26 02:04:34] D2BS 14068: ÿc4=== [INFERNAL] ===
[10/05/26 02:07:12] D2BS 14068: party has left: fowo-xa
[10/05/26 02:07:12] D2BS 14068:  [11:41] +84.97% / [Level 70] 14.17%
[10/05/26 02:07:12] D2BS 14068: Script threads\autobuildthread.js ended
[10/05/26 02:07:12] D2BS 14068: Script threads\partythread.js ended
[10/05/26 02:07:12] D2BS 14068: Script threads\townchicken.js ended
[10/05/26 02:07:12] D2BS 14068: Script default.dbj ended
[10/05/26 02:07:24] D2BS 14068: joining game pz-61
[10/05/26 02:07:26] D2BS 14068: ÿc2D2BSÿc0 :: Starting default.dbj
[10/05/26 02:07:26] D2BS 14068: ÿc2D2BSÿc0 :: default.dbj running.
[10/05/26 02:07:27] D2BS 14068: Loaded ÿc9[X.nip] [Y.nip] [Z.nip] [V.nip] [N.SUMM.nip]
[10/05/26 02:07:27] D2BS 14068: Loaded ÿc9[N.SUMM.js]
[10/05/26 02:07:27] D2BS 14068: equipped: [Head] 12
[10/05/26 02:07:27] D2BS 14068: equipped: [Neck] 12
[10/05/26 02:07:27] D2BS 14068: equipped: [Body] 17
[10/05/26 02:07:27] D2BS 14068: equipped: [ArmR] 24
[10/05/26 02:07:27] D2BS 14068: equipped: [ArmL] 26
[10/05/26 02:07:27] D2BS 14068: equipped: [RingR] 12
[10/05/26 02:07:27] D2BS 14068: equipped: [RingL] 11
[10/05/26 02:07:27] D2BS 14068: equipped: [Belt] 13
[10/05/26 02:07:27] D2BS 14068: equipped: [Boots] 12
[10/05/26 02:07:27] D2BS 14068: equipped: [Mitts] 11
[10/05/26 02:07:27] D2BS 14068: updateStat
[10/05/26 02:07:27] D2BS 14068: granted: [Head] -1
[10/05/26 02:07:27] D2BS 14068: granted: [Body] -1
[10/05/26 02:07:27] D2BS 14068: granted: [ArmR] -1
[10/05/26 02:07:27] D2BS 14068: Loaded ÿc9[AutoSmurf.js]
[10/05/26 02:07:31] D2BS 14068: MiniShopBot: true
[10/05/26 02:07:31] D2BS 14068: UseMerc: true HP: 70
[10/05/26 02:07:32] D2BS 14068: granted: [ArmR] 3
[10/05/26 02:07:47] D2BS 14068: granted: [Head] 11
[10/05/26 02:07:48] D2BS 14068: granted: [Body] 11
[10/05/26 02:07:49] D2BS 14068: granted: [ArmR] 6
[10/05/26 02:07:51] D2BS 14068: Merc matched: Thorns
[10/05/26 02:08:09] D2BS 14068: act5+ BO
[10/05/26 02:08:21] D2BS 14068: ÿc4=== [BAAL] ===
[10/05/26 02:10:30] D2BS 14068: Not ready to kill Baal
[10/05/26 02:10:30] D2BS 14068: ÿc4=== [ABADDON] ===
[10/05/26 02:12:54] D2BS 14068: ÿc4=== [POA] ===
[10/05/26 02:15:45] D2BS 14068: ÿc4=== [INFERNAL] ===
[10/05/26 02:18:15] D2BS 14068: party has left: fowo-xa
[10/05/26 02:18:15] D2BS 14068:  [10:49] +67.08% / [Level 70] 81.25%
[10/05/26 02:18:15] D2BS 14068: Script threads\autobuildthread.js ended
[10/05/26 02:18:15] D2BS 14068: Script threads\partythread.js ended
[10/05/26 02:18:15] D2BS 14068: Script threads\townchicken.js ended
[10/05/26 02:18:15] D2BS 14068: Script default.dbj ended
[10/05/26 02:18:28] D2BS 14068: joining game pz-62
[10/05/26 02:18:29] D2BS 14068: ÿc2D2BSÿc0 :: Starting default.dbj
[10/05/26 02:18:29] D2BS 14068: ÿc2D2BSÿc0 :: default.dbj running.
[10/05/26 02:18:29] D2BS 14068: Loaded ÿc9[X.nip] [Y.nip] [Z.nip] [V.nip] [N.SUMM.nip]
[10/05/26 02:18:29] D2BS 14068: Loaded ÿc9[N.SUMM.js]
[10/05/26 02:18:29] D2BS 14068: equipped: [Head] 12
[10/05/26 02:18:30] D2BS 14068: equipped: [Neck] 12
[10/05/26 02:18:30] D2BS 14068: equipped: [Body] 17
[10/05/26 02:18:30] D2BS 14068: equipped: [ArmR] 24
[10/05/26 02:18:30] D2BS 14068: equipped: [ArmL] 26
[10/05/26 02:18:30] D2BS 14068: equipped: [RingR] 12
[10/05/26 02:18:30] D2BS 14068: equipped: [RingL] 11
[10/05/26 02:18:30] D2BS 14068: equipped: [Belt] 13
[10/05/26 02:18:30] D2BS 14068: equipped: [Boots] 12
[10/05/26 02:18:30] D2BS 14068: equipped: [Mitts] 11
[10/05/26 02:18:30] D2BS 14068: updateStat
[10/05/26 02:18:30] D2BS 14068: granted: [Head] 11
[10/05/26 02:18:30] D2BS 14068: granted: [Body] 11
[10/05/26 02:18:30] D2BS 14068: granted: [ArmR] 6
[10/05/26 02:18:30] D2BS 14068: Loaded ÿc9[AutoSmurf.js]
[10/05/26 02:18:33] D2BS 14068: MiniShopBot: true
[10/05/26 02:18:33] D2BS 14068: UseMerc: true HP: 70
[10/05/26 02:18:51] D2BS 14068: granted: [ArmR] 7
[10/05/26 02:18:53] D2BS 14068: Merc matched: Thorns
[10/05/26 02:19:25] D2BS 14068: act5+ BO
[10/05/26 02:19:39] D2BS 14068: ÿc4=== [BAAL] ===
[10/05/26 02:22:22] D2BS 14068: Config.LifeChicken: 0
[10/05/26 02:22:49] D2BS 14068: Config.LifeChicken: 20
[10/05/26 02:22:58] D2BS 14068: ÿc4=== [COWS] ===
[10/05/26 02:28:03] D2BS 14068: granted: [ArmR] 10
[10/05/26 02:33:20] D2BS 14068: Cows failed: followDriver
[10/05/26 02:33:34] D2BS 14068: party has left: fowo-xa, fowo-xh
[10/05/26 02:33:34] D2BS 14068:  [15:05] +73.66% / [Level 71] 56.46%
[10/05/26 02:33:34] D2BS 14068: Script threads\autobuildthread.js ended
[10/05/26 02:33:34] D2BS 14068: Script threads\partythread.js ended
[10/05/26 02:33:34] D2BS 14068: Script threads\townchicken.js ended
[10/05/26 02:33:34] D2BS 14068: Script default.dbj ended
[10/05/26 02:33:47] D2BS 14068: joining game pz-63
[10/05/26 02:33:49] D2BS 14068: ÿc2D2BSÿc0 :: Starting default.dbj
[10/05/26 02:33:49] D2BS 14068: ÿc2D2BSÿc0 :: default.dbj running.
[10/05/26 02:33:50] D2BS 14068: Loaded ÿc9[X.nip] [Y.nip] [Z.nip] [V.nip] [N.SUMM.nip]
[10/05/26 02:33:50] D2BS 14068: Loaded ÿc9[N.SUMM.js]
[10/05/26 02:33:50] D2BS 14068: equipped: [Head] 12
[10/05/26 02:33:50] D2BS 14068: equipped: [Neck] 12
[10/05/26 02:33:50] D2BS 14068: equipped: [Body] 17
[10/05/26 02:33:50] D2BS 14068: equipped: [ArmR] 24
[10/05/26 02:33:50] D2BS 14068: equipped: [ArmL] 26
[10/05/26 02:33:50] D2BS 14068: equipped: [RingR] 12
[10/05/26 02:33:50] D2BS 14068: equipped: [RingL] 11
[10/05/26 02:33:50] D2BS 14068: equipped: [Belt] 13
[10/05/26 02:33:50] D2BS 14068: equipped: [Boots] 12
[10/05/26 02:33:50] D2BS 14068: equipped: [Mitts] 11
[10/05/26 02:33:50] D2BS 14068: updateStat
[10/05/26 02:33:50] D2BS 14068: granted: [Head] 11
[10/05/26 02:33:50] D2BS 14068: granted: [Body] 11
[10/05/26 02:33:50] D2BS 14068: granted: [ArmR] 10
[10/05/26 02:33:50] D2BS 14068: Loaded ÿc9[AutoSmurf.js]
[10/05/26 02:33:51] D2BS 14068: farmingON
[10/05/26 02:33:52] D2BS 14068: MiniShopBot: true
[10/05/26 02:33:52] D2BS 14068: UseMerc: true HP: 70
[10/05/26 02:34:09] D2BS 14068: hireMerc
[10/05/26 02:34:34] D2BS 14068: Merc matched: Thorns
[10/05/26 02:34:53] D2BS 14068: Token needed
[10/05/26 02:34:58] D2BS 14068: act0 BO
[10/05/26 02:35:24] D2BS 14068: ÿc4=== [DEN] ===
[10/05/26 02:38:30] D2BS 14068: ÿc4=== [CAIN] ===
[10/05/26 02:39:05] D2BS 14068: granted: [Body] 14
[10/05/26 02:42:37] D2BS 14068: ÿc4=== [ANDY] ===
[10/05/26 02:44:31] D2BS 14068: party has left: fowo-xe
[10/05/26 02:44:31] D2BS 14068:  [10:42] +44.21% / [Level 72] 4.26%
[10/05/26 02:44:31] D2BS 14068: Script threads\autobuildthread.js ended
[10/05/26 02:44:31] D2BS 14068: Script threads\partythread.js ended
[10/05/26 02:44:31] D2BS 14068: Script threads\townchicken.js ended
[10/05/26 02:44:31] D2BS 14068: Script default.dbj ended
[10/05/26 02:44:44] D2BS 14068: joining game pz-64
[10/05/26 02:44:46] D2BS 14068: ÿc2D2BSÿc0 :: Starting default.dbj
[10/05/26 02:44:46] D2BS 14068: ÿc2D2BSÿc0 :: default.dbj running.
[10/05/26 02:44:46] D2BS 14068: Loaded ÿc9[X.nip] [Y.nip] [Z.nip] [V.nip] [N.SUMM.nip]
[10/05/26 02:44:46] D2BS 14068: Loaded ÿc9[N.SUMM.js]
[10/05/26 02:44:46] D2BS 14068: equipped: [Head] 12
[10/05/26 02:44:46] D2BS 14068: equipped: [Neck] 12
[10/05/26 02:44:46] D2BS 14068: equipped: [Body] 17
[10/05/26 02:44:46] D2BS 14068: equipped: [ArmR] 24
[10/05/26 02:44:46] D2BS 14068: equipped: [ArmL] 26
[10/05/26 02:44:46] D2BS 14068: equipped: [RingR] 12
[10/05/26 02:44:46] D2BS 14068: equipped: [RingL] 11
[10/05/26 02:44:46] D2BS 14068: equipped: [Belt] 13
[10/05/26 02:44:46] D2BS 14068: equipped: [Boots] 12
[10/05/26 02:44:46] D2BS 14068: equipped: [Mitts] 11
[10/05/26 02:44:46] D2BS 14068: Loaded ÿc9[AutoSmurf.js]
[10/05/26 02:44:48] D2BS 14068: farmingON
[10/05/26 02:44:49] D2BS 14068: MiniShopBot: true
[10/05/26 02:44:49] D2BS 14068: UseMerc: true HP: 70
[10/05/26 02:44:56] D2BS 14068: hireMerc
[10/05/26 02:44:58] D2BS 14068: Merc matched: Thorns
[10/05/26 02:45:11] D2BS 14068: Token needed
[10/05/26 02:45:16] D2BS 14068: act0 BO
[10/05/26 02:45:24] D2BS 14068: updateStat
[10/05/26 02:45:45] D2BS 14068: ÿc4=== [ANDY] ===
[10/05/26 02:46:23] D2BS 14068: Config.LifeChicken: 0
[10/05/26 02:46:51] D2BS 14068: Config.LifeChicken: 35
[10/05/26 02:47:17] D2BS 14068: Merc matched: Thorns
[10/05/26 02:47:18] D2BS 14068: ÿc4=== [AMULET] ===
[10/05/26 02:48:56] D2BS 14068: ÿc4=== [SUMMONER] ===
[10/05/26 03:14:43] D2BS 14068: party has left: fowo-xa
[10/05/26 03:14:43] D2BS 14068:  [29:57] +11.29% / [Level 72] 15.55%
[10/05/26 03:14:43] D2BS 14068: Script threads\autobuildthread.js ended
[10/05/26 03:14:43] D2BS 14068: Script threads\partythread.js ended
[10/05/26 03:14:43] D2BS 14068: Script threads\townchicken.js ended
[10/05/26 03:14:43] D2BS 14068: Script default.dbj ended
[10/05/26 03:14:56] D2BS 14068: joining game pz-65
[10/05/26 03:14:58] D2BS 14068: ÿc2D2BSÿc0 :: Starting default.dbj
[10/05/26 03:14:58] D2BS 14068: ÿc2D2BSÿc0 :: default.dbj running.
[10/05/26 03:14:58] D2BS 14068: Loaded ÿc9[X.nip] [Y.nip] [Z.nip] [V.nip] [N.SUMM.nip]
[10/05/26 03:14:58] D2BS 14068: Loaded ÿc9[N.SUMM.js]
[10/05/26 03:14:58] D2BS 14068: equipped: [Head] 12
[10/05/26 03:14:58] D2BS 14068: equipped: [Neck] 12
[10/05/26 03:14:58] D2BS 14068: equipped: [Body] 17
[10/05/26 03:14:58] D2BS 14068: equipped: [ArmR] 24
[10/05/26 03:14:58] D2BS 14068: equipped: [ArmL] 26
[10/05/26 03:14:58] D2BS 14068: equipped: [RingR] 12
[10/05/26 03:14:58] D2BS 14068: equipped: [RingL] 11
[10/05/26 03:14:58] D2BS 14068: equipped: [Belt] 13
[10/05/26 03:14:58] D2BS 14068: equipped: [Boots] 12
[10/05/26 03:14:58] D2BS 14068: equipped: [Mitts] 11
[10/05/26 03:14:58] D2BS 14068: updateStat
[10/05/26 03:14:58] D2BS 14068: granted: [Head] 11
[10/05/26 03:14:58] D2BS 14068: granted: [Body] 14
[10/05/26 03:14:58] D2BS 14068: granted: [ArmR] 10
[10/05/26 03:14:58] D2BS 14068: Loaded ÿc9[AutoSmurf.js]
[10/05/26 03:15:00] D2BS 14068: farmingON
[10/05/26 03:15:00] D2BS 14068: MiniShopBot: true
[10/05/26 03:15:00] D2BS 14068: UseMerc: true HP: 70
[10/05/26 03:15:01] D2BS 14068: Merc matched: Thorns
[10/05/26 03:15:19] D2BS 14068: Token needed
[10/05/26 03:15:21] D2BS 14068: Merc matched: Thorns
[10/05/26 03:15:22] D2BS 14068: act1 WP
[10/05/26 03:15:33] D2BS 14068: act2 BO
[10/05/26 03:15:46] D2BS 14068: ÿc4=== [SUMMONER] ===
[10/05/26 03:16:27] D2BS 14068: Config.LifeChicken: 0
[10/05/26 03:16:42] D2BS 14068: Config.LifeChicken: 35
[10/05/26 03:16:50] D2BS 14068: going to nearest WP
[10/05/26 03:17:42] D2BS 14068: ÿc4=== [RADAMENT] ===
[10/05/26 03:18:55] D2BS 14068: Config.LifeChicken: 0
[10/05/26 03:19:08] D2BS 14068: Config.LifeChicken: 35
[10/05/26 03:19:14] D2BS 14068: ÿc8!!! [BOOK] !!!
[10/05/26 03:19:21] D2BS 14068: ÿc4=== [DURIEL] ===
[10/05/26 03:22:22] D2BS 14068: party has left: fowo-xa
[10/05/26 03:22:22] D2BS 14068:  [07:25] +11.47% / [Level 72] 27.03%
[10/05/26 03:22:22] D2BS 14068: Script threads\autobuildthread.js ended
[10/05/26 03:22:22] D2BS 14068: Script threads\partythread.js ended
[10/05/26 03:22:22] D2BS 14068: Script threads\townchicken.js ended
[10/05/26 03:22:22] D2BS 14068: Script default.dbj ended
[10/05/26 03:22:34] D2BS 14068: joining game pz-66
[10/05/26 03:22:35] D2BS 14068: ÿc2D2BSÿc0 :: Starting default.dbj
[10/05/26 03:22:35] D2BS 14068: ÿc2D2BSÿc0 :: default.dbj running.
[10/05/26 03:22:35] D2BS 14068: Loaded ÿc9[X.nip] [Y.nip] [Z.nip] [V.nip] [N.SUMM.nip]
[10/05/26 03:22:35] D2BS 14068: Loaded ÿc9[N.SUMM.js]
[10/05/26 03:22:36] D2BS 14068: equipped: [Head] 12
[10/05/26 03:22:36] D2BS 14068: equipped: [Neck] 12
[10/05/26 03:22:36] D2BS 14068: equipped: [Body] 17
[10/05/26 03:22:36] D2BS 14068: equipped: [ArmR] 24
[10/05/26 03:22:36] D2BS 14068: equipped: [ArmL] 26
[10/05/26 03:22:36] D2BS 14068: equipped: [RingR] 12
[10/05/26 03:22:36] D2BS 14068: equipped: [RingL] 11
[10/05/26 03:22:36] D2BS 14068: equipped: [Belt] 13
[10/05/26 03:22:36] D2BS 14068: equipped: [Boots] 12
[10/05/26 03:22:36] D2BS 14068: equipped: [Mitts] 11
[10/05/26 03:22:36] D2BS 14068: updateStat
[10/05/26 03:22:36] D2BS 14068: granted: [Head] 11
[10/05/26 03:22:36] D2BS 14068: granted: [Body] 14
[10/05/26 03:22:36] D2BS 14068: granted: [ArmR] 10
[10/05/26 03:22:36] D2BS 14068: Loaded ÿc9[AutoSmurf.js]
[10/05/26 03:22:38] D2BS 14068: MiniShopBot: true
[10/05/26 03:22:39] D2BS 14068: farmingON
[10/05/26 03:22:39] D2BS 14068: UseMerc: true HP: 70
[10/05/26 03:22:39] D2BS 14068: Merc matched: Thorns
[10/05/26 03:23:25] D2BS 14068: Token needed
[10/05/26 03:23:27] D2BS 14068: Merc matched: Thorns
[10/05/26 03:23:30] D2BS 14068: act2 BO
[10/05/26 03:23:43] D2BS 14068: ÿc4=== [DURIEL] ===
[10/05/26 03:30:07] D2BS 14068: act3 BO
[10/05/26 03:30:50] D2BS 14068: party has left: fowo-xa
[10/05/26 03:30:50] D2BS 14068:  [08:15] +10.85% / [Level 72] 37.88%
[10/05/26 03:30:50] D2BS 14068: Script threads\autobuildthread.js ended
[10/05/26 03:30:50] D2BS 14068: Script threads\partythread.js ended
[10/05/26 03:30:50] D2BS 14068: Script threads\townchicken.js ended
[10/05/26 03:30:50] D2BS 14068: Script default.dbj ended
[10/05/26 03:31:03] D2BS 14068: joining game pz-67
[10/05/26 03:31:04] D2BS 14068: ÿc2D2BSÿc0 :: Starting default.dbj
[10/05/26 03:31:04] D2BS 14068: ÿc2D2BSÿc0 :: default.dbj running.
[10/05/26 03:31:05] D2BS 14068: Loaded ÿc9[X.nip] [Y.nip] [Z.nip] [V.nip] [N.SUMM.nip]
[10/05/26 03:31:05] D2BS 14068: Loaded ÿc9[N.SUMM.js]
[10/05/26 03:31:05] D2BS 14068: equipped: [Head] 12
[10/05/26 03:31:05] D2BS 14068: equipped: [Neck] 12
[10/05/26 03:31:05] D2BS 14068: equipped: [Body] 17
[10/05/26 03:31:05] D2BS 14068: equipped: [ArmR] 24
[10/05/26 03:31:05] D2BS 14068: equipped: [ArmL] 26
[10/05/26 03:31:05] D2BS 14068: equipped: [RingR] 12
[10/05/26 03:31:05] D2BS 14068: equipped: [RingL] 11
[10/05/26 03:31:05] D2BS 14068: equipped: [Belt] 13
[10/05/26 03:31:05] D2BS 14068: equipped: [Boots] 12
[10/05/26 03:31:05] D2BS 14068: equipped: [Mitts] 11
[10/05/26 03:31:05] D2BS 14068: updateStat
[10/05/26 03:31:05] D2BS 14068: granted: [Head] 11
[10/05/26 03:31:05] D2BS 14068: granted: [Body] 14
[10/05/26 03:31:05] D2BS 14068: granted: [ArmR] 10
[10/05/26 03:31:05] D2BS 14068: Loaded ÿc9[AutoSmurf.js]
[10/05/26 03:31:07] D2BS 14068: farmingON
[10/05/26 03:31:08] D2BS 14068: MiniShopBot: true
[10/05/26 03:31:08] D2BS 14068: UseMerc: true HP: 70
[10/05/26 03:31:22] D2BS 14068: Merc matched: Thorns
[10/05/26 03:31:30] D2BS 14068: Token needed
[10/05/26 03:31:37] D2BS 14068: act3 BO
[10/05/26 03:32:32] D2BS 14068: ÿc4=== [TRAVINCAL] ===
[10/05/26 03:33:44] D2BS 14068: party has left: fowo-xa
[10/05/26 03:33:44] D2BS 14068:  [02:40] +17.91% / [Level 72] 55.79%
[10/05/26 03:33:44] D2BS 14068: Script threads\autobuildthread.js ended
[10/05/26 03:33:44] D2BS 14068: Script threads\partythread.js ended
[10/05/26 03:33:44] D2BS 14068: Script threads\townchicken.js ended
[10/05/26 03:33:45] D2BS 14068: Script default.dbj ended
[10/05/26 03:33:56] D2BS 14068: joining game pz-68
[10/05/26 03:33:58] D2BS 14068: ÿc2D2BSÿc0 :: Starting default.dbj
[10/05/26 03:33:58] D2BS 14068: ÿc2D2BSÿc0 :: default.dbj running.
[10/05/26 03:33:58] D2BS 14068: Loaded ÿc9[X.nip] [Y.nip] [Z.nip] [V.nip] [N.SUMM.nip]
[10/05/26 03:33:58] D2BS 14068: Loaded ÿc9[N.SUMM.js]
[10/05/26 03:33:58] D2BS 14068: equipped: [Head] 12
[10/05/26 03:33:58] D2BS 14068: equipped: [Neck] 12
[10/05/26 03:33:58] D2BS 14068: equipped: [Body] 17
[10/05/26 03:33:58] D2BS 14068: equipped: [ArmR] 24
[10/05/26 03:33:58] D2BS 14068: equipped: [ArmL] 26
[10/05/26 03:33:58] D2BS 14068: equipped: [RingR] 12
[10/05/26 03:33:58] D2BS 14068: equipped: [RingL] 11
[10/05/26 03:33:58] D2BS 14068: equipped: [Belt] 13
[10/05/26 03:33:58] D2BS 14068: equipped: [Boots] 12
[10/05/26 03:33:58] D2BS 14068: equipped: [Mitts] 11
[10/05/26 03:33:58] D2BS 14068: updateStat
[10/05/26 03:33:58] D2BS 14068: granted: [Head] 11
[10/05/26 03:33:58] D2BS 14068: granted: [Body] 14
[10/05/26 03:33:58] D2BS 14068: granted: [ArmR] 10
[10/05/26 03:33:58] D2BS 14068: Loaded ÿc9[AutoSmurf.js]
[10/05/26 03:34:00] D2BS 14068: farmingON
[10/05/26 03:34:01] D2BS 14068: MiniShopBot: true
[10/05/26 03:34:01] D2BS 14068: UseMerc: true HP: 70
[10/05/26 03:34:01] D2BS 14068: Merc matched: Thorns
[10/05/26 03:34:26] D2BS 14068: Token needed
[10/05/26 03:34:33] D2BS 14068: act3 BO
[10/05/26 03:34:52] D2BS 14068: ÿc4=== [TRAVINCAL] ===
[10/05/26 03:35:29] D2BS 14068: party has left: fowo-xe
[10/05/26 03:35:29] D2BS 14068:  [01:32] +9.63% / [Level 72] 65.42%
[10/05/26 03:35:29] D2BS 14068: Script threads\autobuildthread.js ended
[10/05/26 03:35:29] D2BS 14068: Script threads\partythread.js ended
[10/05/26 03:35:30] D2BS 14068: Script threads\townchicken.js ended
[10/05/26 03:35:30] D2BS 14068: Script default.dbj ended
[10/05/26 03:35:44] D2BS 14068: joining game pz-69
[10/05/26 03:35:46] D2BS 14068: ÿc2D2BSÿc0 :: Starting default.dbj
[10/05/26 03:35:46] D2BS 14068: ÿc2D2BSÿc0 :: default.dbj running.
[10/05/26 03:35:46] D2BS 14068: Loaded ÿc9[X.nip] [Y.nip] [Z.nip] [V.nip] [N.SUMM.nip]
[10/05/26 03:35:46] D2BS 14068: Loaded ÿc9[N.SUMM.js]
[10/05/26 03:35:46] D2BS 14068: equipped: [Head] 12
[10/05/26 03:35:46] D2BS 14068: equipped: [Neck] 12
[10/05/26 03:35:46] D2BS 14068: equipped: [Body] 17
[10/05/26 03:35:46] D2BS 14068: equipped: [ArmR] 24
[10/05/26 03:35:46] D2BS 14068: equipped: [ArmL] 26
[10/05/26 03:35:46] D2BS 14068: equipped: [RingR] 12
[10/05/26 03:35:46] D2BS 14068: equipped: [RingL] 11
[10/05/26 03:35:46] D2BS 14068: equipped: [Belt] 13
[10/05/26 03:35:46] D2BS 14068: equipped: [Boots] 12
[10/05/26 03:35:46] D2BS 14068: equipped: [Mitts] 11
[10/05/26 03:35:47] D2BS 14068: updateStat
[10/05/26 03:35:47] D2BS 14068: granted: [Head] 11
[10/05/26 03:35:47] D2BS 14068: granted: [Body] 14
[10/05/26 03:35:47] D2BS 14068: granted: [ArmR] 10
[10/05/26 03:35:47] D2BS 14068: Loaded ÿc9[AutoSmurf.js]
[10/05/26 03:35:48] D2BS 14068: MiniShopBot: true
[10/05/26 03:35:48] D2BS 14068: farmingON
[10/05/26 03:35:48] D2BS 14068: UseMerc: true HP: 70
[10/05/26 03:35:49] D2BS 14068: Merc matched: Thorns
[10/05/26 03:36:09] D2BS 14068: Token needed
[10/05/26 03:36:17] D2BS 14068: act3 BO
[10/05/26 03:36:37] D2BS 14068: ÿc4=== [TRAVINCAL] ===
[10/05/26 03:37:37] D2BS 14068: party has left: fowo-xa
[10/05/26 03:37:37] D2BS 14068:  [01:51] +17.65% / [Level 72] 83.07%
[10/05/26 03:37:37] D2BS 14068: Script threads\autobuildthread.js ended
[10/05/26 03:37:37] D2BS 14068: Script threads\partythread.js ended
[10/05/26 03:37:37] D2BS 14068: Script threads\townchicken.js ended
[10/05/26 03:37:37] D2BS 14068: Script default.dbj ended
[10/05/26 03:37:50] D2BS 14068: joining game pz-70
[10/05/26 03:37:51] D2BS 14068: ÿc2D2BSÿc0 :: Starting default.dbj
[10/05/26 03:37:51] D2BS 14068: ÿc2D2BSÿc0 :: default.dbj running.
[10/05/26 03:37:51] D2BS 14068: Loaded ÿc9[X.nip] [Y.nip] [Z.nip] [V.nip] [N.SUMM.nip]
[10/05/26 03:37:51] D2BS 14068: Loaded ÿc9[N.SUMM.js]
[10/05/26 03:37:51] D2BS 14068: equipped: [Head] 12
[10/05/26 03:37:51] D2BS 14068: equipped: [Neck] 12
[10/05/26 03:37:51] D2BS 14068: equipped: [Body] 17
[10/05/26 03:37:51] D2BS 14068: equipped: [ArmR] 24
[10/05/26 03:37:51] D2BS 14068: equipped: [ArmL] 26
[10/05/26 03:37:51] D2BS 14068: equipped: [RingR] 12
[10/05/26 03:37:51] D2BS 14068: equipped: [RingL] 11
[10/05/26 03:37:51] D2BS 14068: equipped: [Belt] 13
[10/05/26 03:37:51] D2BS 14068: equipped: [Boots] 12
[10/05/26 03:37:51] D2BS 14068: equipped: [Mitts] 11
[10/05/26 03:37:51] D2BS 14068: updateStat
[10/05/26 03:37:51] D2BS 14068: granted: [Head] 11
[10/05/26 03:37:51] D2BS 14068: granted: [Body] 14
[10/05/26 03:37:51] D2BS 14068: granted: [ArmR] 10
[10/05/26 03:37:51] D2BS 14068: Loaded ÿc9[AutoSmurf.js]
[10/05/26 03:37:54] D2BS 14068: farmingON
[10/05/26 03:37:54] D2BS 14068: MiniShopBot: true
[10/05/26 03:37:54] D2BS 14068: UseMerc: true HP: 70
[10/05/26 03:38:13] D2BS 14068: Merc matched: Thorns
[10/05/26 03:38:18] D2BS 14068: Token needed
[10/05/26 03:38:24] D2BS 14068: act3 BO
[10/05/26 03:38:41] D2BS 14068: ÿc4=== [TRAVINCAL] ===
[10/05/26 03:39:21] D2BS 14068: party has left: fowo-xb
[10/05/26 03:39:21] D2BS 14068:  [01:30] +9.63% / [Level 72] 92.69%
[10/05/26 03:39:21] D2BS 14068: Script threads\autobuildthread.js ended
[10/05/26 03:39:21] D2BS 14068: Script threads\partythread.js ended
[10/05/26 03:39:21] D2BS 14068: Script threads\townchicken.js ended
[10/05/26 03:39:21] D2BS 14068: Script default.dbj ended
[10/05/26 03:39:34] D2BS 14068: joining game pz-71
[10/05/26 03:39:36] D2BS 14068: ÿc2D2BSÿc0 :: Starting default.dbj
[10/05/26 03:39:36] D2BS 14068: ÿc2D2BSÿc0 :: default.dbj running.
[10/05/26 03:39:36] D2BS 14068: Loaded ÿc9[X.nip] [Y.nip] [Z.nip] [V.nip] [N.SUMM.nip]
[10/05/26 03:39:36] D2BS 14068: Loaded ÿc9[N.SUMM.js]
[10/05/26 03:39:36] D2BS 14068: equipped: [Head] 12
[10/05/26 03:39:36] D2BS 14068: equipped: [Neck] 12
[10/05/26 03:39:36] D2BS 14068: equipped: [Body] 17
[10/05/26 03:39:36] D2BS 14068: equipped: [ArmR] 24
[10/05/26 03:39:36] D2BS 14068: equipped: [ArmL] 26
[10/05/26 03:39:36] D2BS 14068: equipped: [RingR] 12
[10/05/26 03:39:36] D2BS 14068: equipped: [RingL] 11
[10/05/26 03:39:36] D2BS 14068: equipped: [Belt] 13
[10/05/26 03:39:36] D2BS 14068: equipped: [Boots] 12
[10/05/26 03:39:36] D2BS 14068: equipped: [Mitts] 11
[10/05/26 03:39:36] D2BS 14068: updateStat
[10/05/26 03:39:36] D2BS 14068: granted: [Head] 11
[10/05/26 03:39:36] D2BS 14068: granted: [Body] 14
[10/05/26 03:39:36] D2BS 14068: granted: [ArmR] 10
[10/05/26 03:39:36] D2BS 14068: Loaded ÿc9[AutoSmurf.js]
[10/05/26 03:39:38] D2BS 14068: farmingON
[10/05/26 03:39:38] D2BS 14068: MiniShopBot: true
[10/05/26 03:39:38] D2BS 14068: UseMerc: true HP: 70
[10/05/26 03:39:39] D2BS 14068: Merc matched: Thorns
[10/05/26 03:39:58] D2BS 14068: Token needed
[10/05/26 03:40:04] D2BS 14068: act3 BO
[10/05/26 03:40:21] D2BS 14068: ÿc4=== [TRAVINCAL] ===
[10/05/26 03:41:19] D2BS 14068: party has left: fowo-xa
[10/05/26 03:41:19] D2BS 14068:  [01:43] +13.19% / [Level 73] 6.49%
[10/05/26 03:41:19] D2BS 14068: Script threads\autobuildthread.js ended
[10/05/26 03:41:19] D2BS 14068: Script threads\partythread.js ended
[10/05/26 03:41:19] D2BS 14068: Script threads\townchicken.js ended
[10/05/26 03:41:19] D2BS 14068: Script default.dbj ended
[10/05/26 03:41:31] D2BS 14068: joining game pz-72
[10/05/26 03:41:33] D2BS 14068: ÿc2D2BSÿc0 :: Starting default.dbj
[10/05/26 03:41:33] D2BS 14068: ÿc2D2BSÿc0 :: default.dbj running.
[10/05/26 03:41:33] D2BS 14068: Loaded ÿc9[X.nip] [Y.nip] [Z.nip] [V.nip] [N.SUMM.nip]
[10/05/26 03:41:33] D2BS 14068: Loaded ÿc9[N.SUMM.js]
[10/05/26 03:41:33] D2BS 14068: equipped: [Head] 12
[10/05/26 03:41:33] D2BS 14068: equipped: [Neck] 12
[10/05/26 03:41:33] D2BS 14068: equipped: [Body] 17
[10/05/26 03:41:33] D2BS 14068: equipped: [ArmR] 24
[10/05/26 03:41:33] D2BS 14068: equipped: [ArmL] 26
[10/05/26 03:41:33] D2BS 14068: equipped: [RingR] 12
[10/05/26 03:41:33] D2BS 14068: equipped: [RingL] 11
[10/05/26 03:41:33] D2BS 14068: equipped: [Belt] 13
[10/05/26 03:41:33] D2BS 14068: equipped: [Boots] 12
[10/05/26 03:41:33] D2BS 14068: equipped: [Mitts] 11
[10/05/26 03:41:33] D2BS 14068: updateStat
[10/05/26 03:41:33] D2BS 14068: granted: [Head] 11
[10/05/26 03:41:33] D2BS 14068: granted: [Body] 14
[10/05/26 03:41:33] D2BS 14068: granted: [ArmR] 10
[10/05/26 03:41:33] D2BS 14068: Loaded ÿc9[AutoSmurf.js]
[10/05/26 03:41:36] D2BS 14068: MiniShopBot: true
[10/05/26 03:41:36] D2BS 14068: farmingON
[10/05/26 03:41:36] D2BS 14068: UseMerc: true HP: 70
[10/05/26 03:41:46] D2BS 14068: Merc matched: Thorns
[10/05/26 03:42:03] D2BS 14068: Token needed
[10/05/26 03:42:04] D2BS 14068: ÿc4=== [FIGURINE] ===
[10/05/26 03:42:56] D2BS 14068: ÿc8!!! [POTION] !!!
[10/05/26 03:43:48] D2BS 14068: act3 BO
[10/05/26 03:44:31] D2BS 14068: ÿc4=== [MEPHISTO] ===
[10/05/26 03:44:52] D2BS 14068: Config.LifeChicken: 0
[10/05/26 03:44:56] D2BS 14068: Config.LifeChicken: 35
[10/05/26 03:45:32] D2BS 14068: ÿc4=== [IZUAL] ===
[10/05/26 03:45:45] D2BS 14068: granted: [Body] 18
[10/05/26 03:47:20] D2BS 14068: Config.LifeChicken: 0
[10/05/26 03:47:29] D2BS 14068: Config.LifeChicken: 35
[10/05/26 03:47:43] D2BS 14068: ÿc4=== [DIABLO] ===
[10/05/26 03:48:02] D2BS 14068: granted: [Head] 12
[10/05/26 03:53:06] D2BS 14068: party has left: fowo-xh
[10/05/26 03:53:06] D2BS 14068:  [11:34] +34.48% / [Level 73] 40.97%
[10/05/26 03:53:07] D2BS 14068: Script threads\autobuildthread.js ended
[10/05/26 03:53:07] D2BS 14068: Script threads\partythread.js ended
[10/05/26 03:53:07] D2BS 14068: Script threads\townchicken.js ended
[10/05/26 03:53:07] D2BS 14068: Script default.dbj ended
[10/05/26 03:53:20] D2BS 14068: joining game pz-73
[10/05/26 03:53:22] D2BS 14068: ÿc2D2BSÿc0 :: Starting default.dbj
[10/05/26 03:53:22] D2BS 14068: ÿc2D2BSÿc0 :: default.dbj running.
[10/05/26 03:53:22] D2BS 14068: Loaded ÿc9[X.nip] [Y.nip] [Z.nip] [V.nip] [N.SUMM.nip]
[10/05/26 03:53:22] D2BS 14068: Loaded ÿc9[N.SUMM.js]
[10/05/26 03:53:22] D2BS 14068: equipped: [Head] 12
[10/05/26 03:53:22] D2BS 14068: equipped: [Neck] 12
[10/05/26 03:53:22] D2BS 14068: equipped: [Body] 17
[10/05/26 03:53:22] D2BS 14068: equipped: [ArmR] 24
[10/05/26 03:53:22] D2BS 14068: equipped: [ArmL] 26
[10/05/26 03:53:22] D2BS 14068: equipped: [RingR] 12
[10/05/26 03:53:22] D2BS 14068: equipped: [RingL] 11
[10/05/26 03:53:22] D2BS 14068: equipped: [Belt] 13
[10/05/26 03:53:22] D2BS 14068: equipped: [Boots] 12
[10/05/26 03:53:22] D2BS 14068: equipped: [Mitts] 11
[10/05/26 03:53:22] D2BS 14068: updateStat
[10/05/26 03:53:22] D2BS 14068: granted: [Head] 12
[10/05/26 03:53:22] D2BS 14068: granted: [Body] 18
[10/05/26 03:53:22] D2BS 14068: granted: [ArmR] 10
[10/05/26 03:53:22] D2BS 14068: Loaded ÿc9[AutoSmurf.js]
[10/05/26 03:53:24] D2BS 14068: farmingON
[10/05/26 03:53:25] D2BS 14068: MiniShopBot: true
[10/05/26 03:53:25] D2BS 14068: UseMerc: true HP: 70
[10/05/26 03:53:41] D2BS 14068: Merc matched: Thorns
[10/05/26 03:53:52] D2BS 14068: Token needed
[10/05/26 03:53:56] D2BS 14068: act4+ WP
[10/05/26 03:54:03] D2BS 14068: act4+ BO
[10/05/26 03:54:16] D2BS 14068: ÿc4=== [DIABLO] ===
[10/05/26 03:54:35] D2BS 14068: party has left: fowo-xa
[10/05/26 03:54:35] D2BS 14068: no exp [01:13]
[10/05/26 03:54:35] D2BS 14068: Script threads\autobuildthread.js ended
[10/05/26 03:54:35] D2BS 14068: Script threads\partythread.js ended
[10/05/26 03:54:35] D2BS 14068: Script threads\townchicken.js ended
[10/05/26 03:54:35] D2BS 14068: Script default.dbj ended
[10/05/26 03:54:46] D2BS 14068: joining game pz-74
[10/05/26 03:54:48] D2BS 14068: ÿc2D2BSÿc0 :: Starting default.dbj
[10/05/26 03:54:48] D2BS 14068: ÿc2D2BSÿc0 :: default.dbj running.
[10/05/26 03:54:48] D2BS 14068: Loaded ÿc9[X.nip] [Y.nip] [Z.nip] [V.nip] [N.SUMM.nip]
[10/05/26 03:54:48] D2BS 14068: Loaded ÿc9[N.SUMM.js]
[10/05/26 03:54:48] D2BS 14068: equipped: [Head] 12
[10/05/26 03:54:48] D2BS 14068: equipped: [Neck] 12
[10/05/26 03:54:48] D2BS 14068: equipped: [Body] 17
[10/05/26 03:54:48] D2BS 14068: equipped: [ArmR] 24
[10/05/26 03:54:48] D2BS 14068: equipped: [ArmL] 26
[10/05/26 03:54:48] D2BS 14068: equipped: [RingR] 12
[10/05/26 03:54:48] D2BS 14068: equipped: [RingL] 11
[10/05/26 03:54:48] D2BS 14068: equipped: [Belt] 13
[10/05/26 03:54:48] D2BS 14068: equipped: [Boots] 12
[10/05/26 03:54:48] D2BS 14068: equipped: [Mitts] 11
[10/05/26 03:54:48] D2BS 14068: updateStat
[10/05/26 03:54:48] D2BS 14068: granted: [Head] 12
[10/05/26 03:54:48] D2BS 14068: granted: [Body] 18
[10/05/26 03:54:48] D2BS 14068: granted: [ArmR] 10
[10/05/26 03:54:48] D2BS 14068: Loaded ÿc9[AutoSmurf.js]
[10/05/26 03:54:51] D2BS 14068: farmingON
[10/05/26 03:54:52] D2BS 14068: MiniShopBot: true
[10/05/26 03:54:52] D2BS 14068: UseMerc: true HP: 70
[10/05/26 03:55:02] D2BS 14068: Merc matched: Thorns
[10/05/26 03:55:13] D2BS 14068: Token needed
[10/05/26 03:55:20] D2BS 14068: act4+ BO
[10/05/26 03:55:34] D2BS 14068: ÿc4=== [DIABLO] ===
[10/05/26 03:56:22] D2BS 14068: party has left: fowo-xd
[10/05/26 03:56:22] D2BS 14068:  [01:33] +2.82% / [Level 73] 43.79%
[10/05/26 03:56:22] D2BS 14068: Script threads\autobuildthread.js ended
[10/05/26 03:56:22] D2BS 14068: Script threads\partythread.js ended
[10/05/26 03:56:22] D2BS 14068: Script threads\townchicken.js ended
[10/05/26 03:56:22] D2BS 14068: Script default.dbj ended
[10/05/26 03:56:33] D2BS 14068: joining game pz-75
[10/05/26 03:56:34] D2BS 14068: ÿc2D2BSÿc0 :: Starting default.dbj
[10/05/26 03:56:34] D2BS 14068: ÿc2D2BSÿc0 :: default.dbj running.
[10/05/26 03:56:34] D2BS 14068: Loaded ÿc9[X.nip] [Y.nip] [Z.nip] [V.nip] [N.SUMM.nip]
[10/05/26 03:56:34] D2BS 14068: Loaded ÿc9[N.SUMM.js]
[10/05/26 03:56:34] D2BS 14068: equipped: [Head] 12
[10/05/26 03:56:35] D2BS 14068: equipped: [Neck] 12
[10/05/26 03:56:35] D2BS 14068: equipped: [Body] 17
[10/05/26 03:56:35] D2BS 14068: equipped: [ArmR] 24
[10/05/26 03:56:35] D2BS 14068: equipped: [ArmL] 26
[10/05/26 03:56:35] D2BS 14068: equipped: [RingR] 12
[10/05/26 03:56:35] D2BS 14068: equipped: [RingL] 11
[10/05/26 03:56:35] D2BS 14068: equipped: [Belt] 13
[10/05/26 03:56:35] D2BS 14068: equipped: [Boots] 12
[10/05/26 03:56:35] D2BS 14068: equipped: [Mitts] 11
[10/05/26 03:56:35] D2BS 14068: updateStat
[10/05/26 03:56:35] D2BS 14068: granted: [Head] 12
[10/05/26 03:56:35] D2BS 14068: granted: [Body] 18
[10/05/26 03:56:35] D2BS 14068: granted: [ArmR] 10
[10/05/26 03:56:35] D2BS 14068: Loaded ÿc9[AutoSmurf.js]
[10/05/26 03:56:37] D2BS 14068: farmingON
[10/05/26 03:56:37] D2BS 14068: MiniShopBot: true
[10/05/26 03:56:37] D2BS 14068: UseMerc: true HP: 70
[10/05/26 03:56:50] D2BS 14068: Merc matched: Thorns
[10/05/26 03:57:01] D2BS 14068: Token needed
[10/05/26 03:57:08] D2BS 14068: act4+ BO
[10/05/26 03:57:20] D2BS 14068: ÿc4=== [DIABLO] ===
[10/05/26 03:57:48] D2BS 14068: updateStat
[10/05/26 03:58:13] D2BS 14068: party has left: fowo-xe
[10/05/26 03:58:13] D2BS 14068:  [01:38] +7.34% / [Level 73] 51.40%
[10/05/26 03:58:13] D2BS 14068: Script threads\autobuildthread.js ended
[10/05/26 03:58:13] D2BS 14068: Script threads\partythread.js ended
[10/05/26 03:58:13] D2BS 14068: Script threads\townchicken.js ended
[10/05/26 03:58:13] D2BS 14068: Script default.dbj ended
[10/05/26 03:58:24] D2BS 14068: joining game pz-76
[10/05/26 03:58:26] D2BS 14068: ÿc2D2BSÿc0 :: Starting default.dbj
[10/05/26 03:58:26] D2BS 14068: ÿc2D2BSÿc0 :: default.dbj running.
[10/05/26 03:58:26] D2BS 14068: Loaded ÿc9[X.nip] [Y.nip] [Z.nip] [V.nip] [N.SUMM.nip]
[10/05/26 03:58:26] D2BS 14068: Loaded ÿc9[N.SUMM.js]
[10/05/26 03:58:26] D2BS 14068: equipped: [Head] 12
[10/05/26 03:58:26] D2BS 14068: equipped: [Neck] 12
[10/05/26 03:58:26] D2BS 14068: equipped: [Body] 17
[10/05/26 03:58:26] D2BS 14068: equipped: [ArmR] 24
[10/05/26 03:58:26] D2BS 14068: equipped: [ArmL] 26
[10/05/26 03:58:26] D2BS 14068: equipped: [RingR] 12
[10/05/26 03:58:26] D2BS 14068: equipped: [RingL] 11
[10/05/26 03:58:26] D2BS 14068: equipped: [Belt] 13
[10/05/26 03:58:26] D2BS 14068: equipped: [Boots] 12
[10/05/26 03:58:26] D2BS 14068: equipped: [Mitts] 11
[10/05/26 03:58:26] D2BS 14068: updateStat
[10/05/26 03:58:26] D2BS 14068: granted: [Head] 12
[10/05/26 03:58:26] D2BS 14068: granted: [Body] 18
[10/05/26 03:58:26] D2BS 14068: granted: [ArmR] 10
[10/05/26 03:58:27] D2BS 14068: Loaded ÿc9[AutoSmurf.js]
[10/05/26 03:58:29] D2BS 14068: MiniShopBot: true
[10/05/26 03:58:29] D2BS 14068: farmingON
[10/05/26 03:58:29] D2BS 14068: UseMerc: true HP: 70
[10/05/26 03:58:40] D2BS 14068: Merc matched: Thorns
[10/05/26 03:58:54] D2BS 14068: Token needed
[10/05/26 03:59:00] D2BS 14068: act4+ BO
[10/05/26 03:59:14] D2BS 14068: ÿc4=== [DIABLO] ===
[10/05/26 04:06:38] D2BS 14068: ÿc4=== [SHENK] ===
[10/05/26 04:06:41] D2BS 14068: party has left: fowo-xb
[10/05/26 04:06:41] D2BS 14068:  [08:15] +69.54% / [Level 74] 24.96%
[10/05/26 04:06:41] D2BS 14068: Script threads\autobuildthread.js ended
[10/05/26 04:06:41] D2BS 14068: Script threads\partythread.js ended
[10/05/26 04:06:41] D2BS 14068: Script threads\townchicken.js ended
[10/05/26 04:06:41] D2BS 14068: Script default.dbj ended
[10/05/26 04:07:02] D2BS 14068: joining game pz-77
[10/05/26 04:07:04] D2BS 14068: ÿc2D2BSÿc0 :: Starting default.dbj
[10/05/26 04:07:04] D2BS 14068: ÿc2D2BSÿc0 :: default.dbj running.
[10/05/26 04:07:04] D2BS 14068: Loaded ÿc9[X.nip] [Y.nip] [Z.nip] [V.nip] [N.SUMM.nip]
[10/05/26 04:07:04] D2BS 14068: Loaded ÿc9[N.SUMM.js]
[10/05/26 04:07:04] D2BS 14068: equipped: [Head] 12
[10/05/26 04:07:04] D2BS 14068: equipped: [Neck] 12
[10/05/26 04:07:04] D2BS 14068: equipped: [Body] 17
[10/05/26 04:07:05] D2BS 14068: equipped: [ArmR] 24
[10/05/26 04:07:05] D2BS 14068: equipped: [ArmL] 26
[10/05/26 04:07:05] D2BS 14068: equipped: [RingR] 12
[10/05/26 04:07:05] D2BS 14068: equipped: [RingL] 11
[10/05/26 04:07:05] D2BS 14068: equipped: [Belt] 13
[10/05/26 04:07:05] D2BS 14068: equipped: [Boots] 12
[10/05/26 04:07:05] D2BS 14068: equipped: [Mitts] 11
[10/05/26 04:07:05] D2BS 14068: updateStat
[10/05/26 04:07:05] D2BS 14068: granted: [Head] 12
[10/05/26 04:07:05] D2BS 14068: granted: [Body] 18
[10/05/26 04:07:05] D2BS 14068: granted: [ArmR] 10
[10/05/26 04:07:05] D2BS 14068: Loaded ÿc9[AutoSmurf.js]
[10/05/26 04:07:07] D2BS 14068: farmingON
[10/05/26 04:07:08] D2BS 14068: MiniShopBot: true
[10/05/26 04:07:08] D2BS 14068: UseMerc: true HP: 70
[10/05/26 04:07:30] D2BS 14068: granted: [ArmR] 13
[10/05/26 04:07:34] D2BS 14068: Merc matched: Thorns
[10/05/26 04:07:37] D2BS 14068: Token needed
[10/05/26 04:07:41] D2BS 14068: act5 BO
[10/05/26 04:07:54] D2BS 14068: ÿc4=== [SHENK] ===
[10/05/26 04:10:20] D2BS 14068: Config.LifeChicken: 0
[10/05/26 04:11:25] D2BS 14068: Config.LifeChicken: 35
[10/05/26 04:11:33] D2BS 14068: ÿc4=== [ANYA] ===
[10/05/26 04:12:12] D2BS 14068: party has left: fowo-xa
[10/05/26 04:12:12] D2BS 14068:  [05:08] +4.75% / [Level 74] 29.71%
[10/05/26 04:12:12] D2BS 14068: Script threads\autobuildthread.js ended
[10/05/26 04:12:12] D2BS 14068: Script threads\partythread.js ended
[10/05/26 04:12:12] D2BS 14068: Script threads\townchicken.js ended
[10/05/26 04:12:12] D2BS 14068: Script default.dbj ended
[10/05/26 04:12:25] D2BS 14068: joining game pz-78
[10/05/26 04:12:27] D2BS 14068: ÿc2D2BSÿc0 :: Starting default.dbj
[10/05/26 04:12:27] D2BS 14068: ÿc2D2BSÿc0 :: default.dbj running.
[10/05/26 04:12:27] D2BS 14068: Loaded ÿc9[X.nip] [Y.nip] [Z.nip] [V.nip] [N.SUMM.nip]
[10/05/26 04:12:27] D2BS 14068: Loaded ÿc9[N.SUMM.js]
[10/05/26 04:12:27] D2BS 14068: equipped: [Head] 12
[10/05/26 04:12:27] D2BS 14068: equipped: [Neck] 12
[10/05/26 04:12:27] D2BS 14068: equipped: [Body] 17
[10/05/26 04:12:27] D2BS 14068: equipped: [ArmR] 24
[10/05/26 04:12:27] D2BS 14068: equipped: [ArmL] 26
[10/05/26 04:12:27] D2BS 14068: equipped: [RingR] 12
[10/05/26 04:12:27] D2BS 14068: equipped: [RingL] 11
[10/05/26 04:12:27] D2BS 14068: equipped: [Belt] 13
[10/05/26 04:12:27] D2BS 14068: equipped: [Boots] 12
[10/05/26 04:12:27] D2BS 14068: equipped: [Mitts] 11
[10/05/26 04:12:27] D2BS 14068: updateStat
[10/05/26 04:12:27] D2BS 14068: granted: [Head] 12
[10/05/26 04:12:27] D2BS 14068: granted: [Body] 18
[10/05/26 04:12:27] D2BS 14068: granted: [ArmR] 13
[10/05/26 04:12:27] D2BS 14068: Loaded ÿc9[AutoSmurf.js]
[10/05/26 04:12:29] D2BS 14068: farmingON
[10/05/26 04:12:30] D2BS 14068: MiniShopBot: true
[10/05/26 04:12:30] D2BS 14068: UseMerc: true HP: 70
[10/05/26 04:12:44] D2BS 14068: granted: [ArmR] 17
[10/05/26 04:12:44] D2BS 14068: Merc matched: Thorns
[10/05/26 04:14:01] D2BS 14068: Token needed
[10/05/26 04:14:03] D2BS 14068: act5+ WP
[10/05/26 04:14:20] D2BS 14068: act5+ BO
[10/05/26 04:14:22] D2BS 14068: party has left: fowo-xd
[10/05/26 04:14:22] D2BS 14068: no exp [01:56]
[10/05/26 04:14:22] D2BS 14068: Script threads\autobuildthread.js ended
[10/05/26 04:14:25] D2BS 14068: Script threads\partythread.js ended
[10/05/26 04:14:25] D2BS 14068: Script threads\townchicken.js ended
[10/05/26 04:14:25] D2BS 14068: Script default.dbj ended
[10/05/26 04:14:36] D2BS 14068: joining game pz-79
[10/05/26 04:14:38] D2BS 14068: ÿc2D2BSÿc0 :: Starting default.dbj
[10/05/26 04:14:38] D2BS 14068: ÿc2D2BSÿc0 :: default.dbj running.
[10/05/26 04:14:38] D2BS 14068: Loaded ÿc9[X.nip] [Y.nip] [Z.nip] [V.nip] [N.SUMM.nip]
[10/05/26 04:14:38] D2BS 14068: Loaded ÿc9[N.SUMM.js]
[10/05/26 04:14:38] D2BS 14068: equipped: [Head] 12
[10/05/26 04:14:38] D2BS 14068: equipped: [Neck] 12
[10/05/26 04:14:38] D2BS 14068: equipped: [Body] 17
[10/05/26 04:14:38] D2BS 14068: equipped: [ArmR] 24
[10/05/26 04:14:38] D2BS 14068: equipped: [ArmL] 26
[10/05/26 04:14:38] D2BS 14068: equipped: [RingR] 12
[10/05/26 04:14:38] D2BS 14068: equipped: [RingL] 11
[10/05/26 04:14:38] D2BS 14068: equipped: [Belt] 13
[10/05/26 04:14:38] D2BS 14068: equipped: [Boots] 12
[10/05/26 04:14:38] D2BS 14068: equipped: [Mitts] 11
[10/05/26 04:14:38] D2BS 14068: updateStat
[10/05/26 04:14:38] D2BS 14068: granted: [Head] 12
[10/05/26 04:14:38] D2BS 14068: granted: [Body] 18
[10/05/26 04:14:38] D2BS 14068: granted: [ArmR] 17
[10/05/26 04:14:38] D2BS 14068: Loaded ÿc9[AutoSmurf.js]
[10/05/26 04:14:41] D2BS 14068: farmingON
[10/05/26 04:14:42] D2BS 14068: MiniShopBot: true
[10/05/26 04:14:42] D2BS 14068: UseMerc: true HP: 70
[10/05/26 04:14:58] D2BS 14068: granted: [ArmR] 18
[10/05/26 04:14:58] D2BS 14068: Merc matched: Thorns
[10/05/26 04:15:21] D2BS 14068: Token needed
[10/05/26 04:15:26] D2BS 14068: act5+ BO
[10/05/26 04:15:41] D2BS 14068: ÿc4=== [ANYA] ===
[10/05/26 04:17:24] D2BS 14068: ÿc8!!! [SCROLL] !!!
[10/05/26 04:17:43] D2BS 14068: ÿc4=== [ANCIENTS] ===
[10/05/26 04:18:27] D2BS 14068: party has left: fowo-xd
[10/05/26 04:18:27] D2BS 14068:  [03:49] +9.53% / [Level 74] 39.24%
[10/05/26 04:18:27] D2BS 14068: Script threads\autobuildthread.js ended
[10/05/26 04:18:27] D2BS 14068: Script threads\partythread.js ended
[10/05/26 04:18:27] D2BS 14068: Script threads\townchicken.js ended
[10/05/26 04:18:28] D2BS 14068: Script default.dbj ended
[10/05/26 04:18:40] D2BS 14068: joining game pz-80
[10/05/26 04:18:41] D2BS 14068: ÿc2D2BSÿc0 :: Starting default.dbj
[10/05/26 04:18:41] D2BS 14068: ÿc2D2BSÿc0 :: default.dbj running.
[10/05/26 04:18:41] D2BS 14068: Loaded ÿc9[X.nip] [Y.nip] [Z.nip] [V.nip] [N.SUMM.nip]
[10/05/26 04:18:41] D2BS 14068: Loaded ÿc9[N.SUMM.js]
[10/05/26 04:18:41] D2BS 14068: equipped: [Head] 12
[10/05/26 04:18:41] D2BS 14068: equipped: [Neck] 12
[10/05/26 04:18:41] D2BS 14068: equipped: [Body] 17
[10/05/26 04:18:41] D2BS 14068: equipped: [ArmR] 24
[10/05/26 04:18:42] D2BS 14068: equipped: [ArmL] 26
[10/05/26 04:18:42] D2BS 14068: equipped: [RingR] 12
[10/05/26 04:18:42] D2BS 14068: equipped: [RingL] 11
[10/05/26 04:18:42] D2BS 14068: equipped: [Belt] 13
[10/05/26 04:18:42] D2BS 14068: equipped: [Boots] 12
[10/05/26 04:18:42] D2BS 14068: equipped: [Mitts] 11
[10/05/26 04:18:42] D2BS 14068: updateStat
[10/05/26 04:18:42] D2BS 14068: granted: [Head] 12
[10/05/26 04:18:42] D2BS 14068: granted: [Body] 18
[10/05/26 04:18:42] D2BS 14068: granted: [ArmR] 18
[10/05/26 04:18:42] D2BS 14068: Loaded ÿc9[AutoSmurf.js]
[10/05/26 04:18:44] D2BS 14068: farmingON
[10/05/26 04:18:44] D2BS 14068: MiniShopBot: true
[10/05/26 04:18:44] D2BS 14068: UseMerc: true HP: 70
[10/05/26 04:18:58] D2BS 14068: Merc matched: Thorns
[10/05/26 04:19:11] D2BS 14068: Token needed
[10/05/26 04:19:15] D2BS 14068: act5+ BO
[10/05/26 04:19:29] D2BS 14068: ÿc4=== [ANCIENTS] ===
[10/05/26 04:20:35] D2BS 14068: Config.LifeChicken: 0
[10/05/26 04:20:49] D2BS 14068: Config.LifeChicken: 35
[10/05/26 04:21:14] D2BS 14068: ÿc4=== [BAAL] ===
[10/05/26 04:25:16] D2BS 14068: Config.LifeChicken: 0
[10/05/26 04:25:26] D2BS 14068: Config.LifeChicken: 35
[10/05/26 04:25:33] D2BS 14068: ÿc4=== [COUNTESS] ===
[10/05/26 04:26:53] D2BS 14068: ÿc4=== [PIT] ===
[10/05/26 04:28:51] D2BS 14068: ÿc4=== [ANDY] ===
[10/05/26 04:30:01] D2BS 14068: ÿc4=== [MEPHISTO] ===
[10/05/26 04:31:19] D2BS 14068: ÿc4=== [DIABLO] ===
[10/05/26 04:34:42] D2BS 14068: party has left: fowo-xd
[10/05/26 04:34:42] D2BS 14068:  [16:01] +188.46% / [Level 76] 45.57%
[10/05/26 04:34:42] D2BS 14068: Script threads\autobuildthread.js ended
[10/05/26 04:34:42] D2BS 14068: Script threads\partythread.js ended
[10/05/26 04:34:42] D2BS 14068: Script threads\townchicken.js ended
[10/05/26 04:34:43] D2BS 14068: Script default.dbj ended
[10/05/26 04:39:42] D2BS 14068: joining game pz-81
[10/05/26 04:39:44] D2BS 14068: ÿc2D2BSÿc0 :: Starting default.dbj
[10/05/26 04:39:44] D2BS 14068: ÿc2D2BSÿc0 :: default.dbj running.
[10/05/26 04:39:44] D2BS 14068: Loaded ÿc9[X.nip] [Y.nip] [Z.nip] [V.nip] [N.SUMM.nip]
[10/05/26 04:39:45] D2BS 14068: Loaded ÿc9[N.SUMM.js]
[10/05/26 04:39:45] D2BS 14068: equipped: [Head] 12
[10/05/26 04:39:45] D2BS 14068: equipped: [Neck] 12
[10/05/26 04:39:45] D2BS 14068: equipped: [Body] 17
[10/05/26 04:39:45] D2BS 14068: equipped: [ArmR] 24
[10/05/26 04:39:45] D2BS 14068: equipped: [ArmL] 26
[10/05/26 04:39:45] D2BS 14068: equipped: [RingR] 12
[10/05/26 04:39:45] D2BS 14068: equipped: [RingL] 11
[10/05/26 04:39:45] D2BS 14068: equipped: [Belt] 13
[10/05/26 04:39:45] D2BS 14068: equipped: [Boots] 12
[10/05/26 04:39:45] D2BS 14068: equipped: [Mitts] 11
[10/05/26 04:39:45] D2BS 14068: updateStat
[10/05/26 04:39:45] D2BS 14068: granted: [Head] 12
[10/05/26 04:39:45] D2BS 14068: granted: [Body] 18
[10/05/26 04:39:45] D2BS 14068: granted: [ArmR] 18
[10/05/26 04:39:45] D2BS 14068: Loaded ÿc9[AutoSmurf.js]
[10/05/26 04:39:50] D2BS 14068: farmingON
[10/05/26 04:39:52] D2BS 14068: MiniShopBot: true
[10/05/26 04:39:52] D2BS 14068: UseMerc: true HP: 70
[10/05/26 04:40:14] D2BS 14068: Merc matched: Thorns
[10/05/26 04:40:22] D2BS 14068: Token needed
[10/05/26 04:40:26] D2BS 14068: act5+ BO
[10/05/26 04:40:40] D2BS 14068: ÿc4=== [BAAL] ===
[10/05/26 04:40:54] D2BS 14068: party has left: fowo-xa
[10/05/26 04:40:54] D2BS 14068: no exp [01:11]
[10/05/26 04:40:54] D2BS 14068: Script threads\autobuildthread.js ended
[10/05/26 04:40:54] D2BS 14068: Script threads\partythread.js ended
[10/05/26 04:40:55] D2BS 14068: Script threads\townchicken.js ended
[10/05/26 04:40:55] D2BS 14068: Script default.dbj ended
[10/05/26 04:41:06] D2BS 14068: joining game pz-82
[10/05/26 04:41:08] D2BS 14068: ÿc2D2BSÿc0 :: Starting default.dbj
[10/05/26 04:41:08] D2BS 14068: ÿc2D2BSÿc0 :: default.dbj running.
[10/05/26 04:41:08] D2BS 14068: Loaded ÿc9[X.nip] [Y.nip] [Z.nip] [V.nip] [N.SUMM.nip]
[10/05/26 04:41:08] D2BS 14068: Loaded ÿc9[N.SUMM.js]
[10/05/26 04:41:08] D2BS 14068: equipped: [Head] 12
[10/05/26 04:41:08] D2BS 14068: equipped: [Neck] 12
[10/05/26 04:41:08] D2BS 14068: equipped: [Body] 17
[10/05/26 04:41:08] D2BS 14068: equipped: [ArmR] 24
[10/05/26 04:41:08] D2BS 14068: equipped: [ArmL] 26
[10/05/26 04:41:08] D2BS 14068: equipped: [RingR] 12
[10/05/26 04:41:08] D2BS 14068: equipped: [RingL] 11
[10/05/26 04:41:08] D2BS 14068: equipped: [Belt] 13
[10/05/26 04:41:08] D2BS 14068: equipped: [Boots] 12
[10/05/26 04:41:08] D2BS 14068: equipped: [Mitts] 11
[10/05/26 04:41:08] D2BS 14068: updateStat
[10/05/26 04:41:08] D2BS 14068: granted: [Head] 12
[10/05/26 04:41:08] D2BS 14068: granted: [Body] 18
[10/05/26 04:41:08] D2BS 14068: granted: [ArmR] 18
[10/05/26 04:41:08] D2BS 14068: Loaded ÿc9[AutoSmurf.js]
[10/05/26 04:41:10] D2BS 14068: farmingON
[10/05/26 04:41:11] D2BS 14068: MiniShopBot: true
[10/05/26 04:41:11] D2BS 14068: UseMerc: true HP: 70
[10/05/26 04:41:27] D2BS 14068: Merc matched: Thorns
[10/05/26 04:41:35] D2BS 14068: Token needed
[10/05/26 04:41:39] D2BS 14068: act5+ BO
[10/05/26 04:41:52] D2BS 14068: ÿc4=== [BAAL] ===
[10/05/26 04:45:49] D2BS 14068: ÿc4=== [COUNTESS] ===
[10/05/26 04:46:57] D2BS 14068: ÿc4=== [PIT] ===
[10/05/26 04:48:52] D2BS 14068: ÿc4=== [ANDY] ===
[10/05/26 04:49:52] D2BS 14068: ÿc4=== [MEPHISTO] ===
[10/05/26 04:51:24] D2BS 14068: ÿc4=== [DIABLO] ===
[10/05/26 04:56:58] D2BS 14068: party has left: fowo-xf
[10/05/26 04:56:58] D2BS 14068:  [15:50] +95.19% / [Level 77] 45.38%
[10/05/26 04:56:58] D2BS 14068: Script threads\autobuildthread.js ended
[10/05/26 04:56:58] D2BS 14068: Script threads\partythread.js ended
[10/05/26 04:56:58] D2BS 14068: Script threads\townchicken.js ended
[10/05/26 04:56:58] D2BS 14068: Script default.dbj ended
[10/05/26 04:57:10] D2BS 14068: joining game pz-83
[10/05/26 04:57:12] D2BS 14068: ÿc2D2BSÿc0 :: Starting default.dbj
[10/05/26 04:57:12] D2BS 14068: ÿc2D2BSÿc0 :: default.dbj running.
[10/05/26 04:57:12] D2BS 14068: Loaded ÿc9[X.nip] [Y.nip] [Z.nip] [V.nip] [N.SUMM.nip]
[10/05/26 04:57:12] D2BS 14068: Loaded ÿc9[N.SUMM.js]
[10/05/26 04:57:12] D2BS 14068: equipped: [Head] 12
[10/05/26 04:57:12] D2BS 14068: equipped: [Neck] 12
[10/05/26 04:57:12] D2BS 14068: equipped: [Body] 17
[10/05/26 04:57:12] D2BS 14068: equipped: [ArmR] 24
[10/05/26 04:57:12] D2BS 14068: equipped: [ArmL] 26
[10/05/26 04:57:12] D2BS 14068: equipped: [RingR] 12
[10/05/26 04:57:12] D2BS 14068: equipped: [RingL] 11
[10/05/26 04:57:12] D2BS 14068: equipped: [Belt] 13
[10/05/26 04:57:12] D2BS 14068: equipped: [Boots] 12
[10/05/26 04:57:12] D2BS 14068: equipped: [Mitts] 11
[10/05/26 04:57:12] D2BS 14068: updateStat
[10/05/26 04:57:12] D2BS 14068: granted: [Head] 12
[10/05/26 04:57:12] D2BS 14068: granted: [Body] 18
[10/05/26 04:57:12] D2BS 14068: granted: [ArmR] 18
[10/05/26 04:57:13] D2BS 14068: Loaded ÿc9[AutoSmurf.js]
[10/05/26 04:57:18] D2BS 14068: farmingON
[10/05/26 04:57:20] D2BS 14068: MiniShopBot: true
[10/05/26 04:57:20] D2BS 14068: UseMerc: true HP: 70
[10/05/26 04:57:37] D2BS 14068: Merc matched: Thorns
[10/05/26 04:57:48] D2BS 14068: Token needed
[10/05/26 04:57:52] D2BS 14068: act5+ BO
[10/05/26 04:58:06] D2BS 14068: ÿc4=== [BAAL] ===
[10/05/26 05:01:37] D2BS 14068: ÿc4=== [COUNTESS] ===
[10/05/26 05:03:09] D2BS 14068: ÿc4=== [PIT] ===
[10/05/26 05:05:14] D2BS 14068: ÿc4=== [ANDY] ===
[10/05/26 05:06:18] D2BS 14068: ÿc4=== [MEPHISTO] ===
[10/05/26 05:07:43] D2BS 14068: ÿc4=== [DIABLO] ===
[10/05/26 05:07:58] D2BS 14068: granted: [Head] 13
[10/05/26 05:12:31] D2BS 14068: party has left: fowo-xe
[10/05/26 05:12:31] D2BS 14068:  [15:20] +75.03% / [Level 78] 24.92%
[10/05/26 05:12:31] D2BS 14068: Script threads\autobuildthread.js ended
[10/05/26 05:12:32] D2BS 14068: Script threads\partythread.js ended
[10/05/26 05:12:32] D2BS 14068: Script threads\townchicken.js ended
[10/05/26 05:12:32] D2BS 14068: Script default.dbj ended
[10/05/26 05:12:45] D2BS 14068: joining game pz-84
[10/05/26 05:12:47] D2BS 14068: ÿc2D2BSÿc0 :: Starting default.dbj
[10/05/26 05:12:47] D2BS 14068: ÿc2D2BSÿc0 :: default.dbj running.
[10/05/26 05:12:47] D2BS 14068: Loaded ÿc9[X.nip] [Y.nip] [Z.nip] [V.nip] [N.SUMM.nip]
[10/05/26 05:12:47] D2BS 14068: Loaded ÿc9[N.SUMM.js]
[10/05/26 05:12:47] D2BS 14068: equipped: [Head] 12
[10/05/26 05:12:47] D2BS 14068: equipped: [Neck] 12
[10/05/26 05:12:47] D2BS 14068: equipped: [Body] 17
[10/05/26 05:12:47] D2BS 14068: equipped: [ArmR] 24
[10/05/26 05:12:47] D2BS 14068: equipped: [ArmL] 26
[10/05/26 05:12:47] D2BS 14068: equipped: [RingR] 12
[10/05/26 05:12:47] D2BS 14068: equipped: [RingL] 11
[10/05/26 05:12:47] D2BS 14068: equipped: [Belt] 13
[10/05/26 05:12:47] D2BS 14068: equipped: [Boots] 12
[10/05/26 05:12:47] D2BS 14068: equipped: [Mitts] 11
[10/05/26 05:12:47] D2BS 14068: updateStat
[10/05/26 05:12:47] D2BS 14068: granted: [Head] 13
[10/05/26 05:12:47] D2BS 14068: granted: [Body] 18
[10/05/26 05:12:47] D2BS 14068: granted: [ArmR] 18
[10/05/26 05:12:47] D2BS 14068: Loaded ÿc9[AutoSmurf.js]
[10/05/26 05:12:52] D2BS 14068: farmingON
[10/05/26 05:12:53] D2BS 14068: MiniShopBot: true
[10/05/26 05:12:53] D2BS 14068: UseMerc: true HP: 70
[10/05/26 05:13:11] D2BS 14068: Merc matched: Thorns
[10/05/26 05:13:24] D2BS 14068: Token needed
[10/05/26 05:13:28] D2BS 14068: act5+ BO
[10/05/26 05:13:42] D2BS 14068: ÿc4=== [BAAL] ===
[10/05/26 05:17:17] D2BS 14068: ÿc4=== [COUNTESS] ===
[10/05/26 05:18:33] D2BS 14068: ÿc4=== [PIT] ===
[10/05/26 05:20:23] D2BS 14068: ÿc4=== [ANDY] ===
[10/05/26 05:21:18] D2BS 14068: ÿc4=== [MEPHISTO] ===
[10/05/26 05:23:01] D2BS 14068: ÿc4=== [DIABLO] ===
[10/05/26 05:25:01] D2BS 14068: party has left: fowo-xe
[10/05/26 05:25:01] D2BS 14068:  [12:14] +73.30% / [Level 78] 98.22%
[10/05/26 05:25:01] D2BS 14068: Script threads\autobuildthread.js ended
[10/05/26 05:25:01] D2BS 14068: Script threads\partythread.js ended
[10/05/26 05:25:01] D2BS 14068: Script threads\townchicken.js ended
[10/05/26 05:25:01] D2BS 14068: Script default.dbj ended
[10/05/26 05:25:12] D2BS 14068: joining game pz-85
[10/05/26 05:25:14] D2BS 14068: ÿc2D2BSÿc0 :: Starting default.dbj
[10/05/26 05:25:14] D2BS 14068: ÿc2D2BSÿc0 :: default.dbj running.
[10/05/26 05:25:14] D2BS 14068: Loaded ÿc9[X.nip] [Y.nip] [Z.nip] [V.nip] [N.SUMM.nip]
[10/05/26 05:25:14] D2BS 14068: Loaded ÿc9[N.SUMM.js]
[10/05/26 05:25:14] D2BS 14068: equipped: [Head] 12
[10/05/26 05:25:14] D2BS 14068: equipped: [Neck] 12
[10/05/26 05:25:15] D2BS 14068: equipped: [Body] 17
[10/05/26 05:25:15] D2BS 14068: equipped: [ArmR] 24
[10/05/26 05:25:15] D2BS 14068: equipped: [ArmL] 26
[10/05/26 05:25:15] D2BS 14068: equipped: [RingR] 12
[10/05/26 05:25:15] D2BS 14068: equipped: [RingL] 11
[10/05/26 05:25:15] D2BS 14068: equipped: [Belt] 13
[10/05/26 05:25:15] D2BS 14068: equipped: [Boots] 12
[10/05/26 05:25:15] D2BS 14068: equipped: [Mitts] 11
[10/05/26 05:25:15] D2BS 14068: updateStat
[10/05/26 05:25:15] D2BS 14068: granted: [Head] 13
[10/05/26 05:25:15] D2BS 14068: granted: [Body] 18
[10/05/26 05:25:15] D2BS 14068: granted: [ArmR] 18
[10/05/26 05:25:15] D2BS 14068: Loaded ÿc9[AutoSmurf.js]
[10/05/26 05:25:19] D2BS 14068: farmingON
[10/05/26 05:25:21] D2BS 14068: MiniShopBot: true
[10/05/26 05:25:21] D2BS 14068: UseMerc: true HP: 70
[10/05/26 05:25:39] D2BS 14068: Merc matched: Thorns
[10/05/26 05:25:49] D2BS 14068: Token needed
[10/05/26 05:25:53] D2BS 14068: act5+ BO
[10/05/26 05:28:00] D2BS 14068: party has left: fowo-xe
[10/05/26 05:28:00] D2BS 14068: no exp [02:47]
[10/05/26 05:28:00] D2BS 14068: Script threads\autobuildthread.js ended
[10/05/26 05:28:00] D2BS 14068: Script threads\partythread.js ended
[10/05/26 05:28:00] D2BS 14068: Script threads\townchicken.js ended
[10/05/26 05:28:01] D2BS 14068: Script default.dbj ended
[10/05/26 05:28:12] D2BS 14068: joining game pz-86
[10/05/26 05:28:14] D2BS 14068: ÿc2D2BSÿc0 :: Starting default.dbj
[10/05/26 05:28:14] D2BS 14068: ÿc2D2BSÿc0 :: default.dbj running.
[10/05/26 05:28:14] D2BS 14068: Loaded ÿc9[X.nip] [Y.nip] [Z.nip] [V.nip] [N.SUMM.nip]
[10/05/26 05:28:14] D2BS 14068: Loaded ÿc9[N.SUMM.js]
[10/05/26 05:28:14] D2BS 14068: equipped: [Head] 12
[10/05/26 05:28:14] D2BS 14068: equipped: [Neck] 12
[10/05/26 05:28:14] D2BS 14068: equipped: [Body] 17
[10/05/26 05:28:14] D2BS 14068: equipped: [ArmR] 24
[10/05/26 05:28:14] D2BS 14068: equipped: [ArmL] 26
[10/05/26 05:28:15] D2BS 14068: equipped: [RingR] 12
[10/05/26 05:28:15] D2BS 14068: equipped: [RingL] 11
[10/05/26 05:28:15] D2BS 14068: equipped: [Belt] 13
[10/05/26 05:28:15] D2BS 14068: equipped: [Boots] 12
[10/05/26 05:28:15] D2BS 14068: equipped: [Mitts] 11
[10/05/26 05:28:15] D2BS 14068: updateStat
[10/05/26 05:28:15] D2BS 14068: granted: [Head] 13
[10/05/26 05:28:15] D2BS 14068: granted: [Body] 18
[10/05/26 05:28:15] D2BS 14068: granted: [ArmR] 18
[10/05/26 05:28:15] D2BS 14068: Loaded ÿc9[AutoSmurf.js]
[10/05/26 05:28:16] D2BS 14068: MiniShopBot: true
[10/05/26 05:28:16] D2BS 14068: farmingON
[10/05/26 05:28:16] D2BS 14068: UseMerc: true HP: 70
[10/05/26 05:28:32] D2BS 14068: equipped: [Belt] 15
[10/05/26 05:28:32] D2BS 14068: Merc matched: Thorns
[10/05/26 05:28:41] D2BS 14068: Token needed
[10/05/26 05:28:46] D2BS 14068: act5+ BO
[10/05/26 05:29:00] D2BS 14068: ÿc4=== [BAAL] ===
[10/05/26 05:29:15] D2BS 14068: Baal failed: souls found
[10/05/26 05:29:15] D2BS 14068: ÿc4=== [COUNTESS] ===
[10/05/26 05:30:52] D2BS 14068: ÿc4=== [PIT] ===
[10/05/26 05:32:41] D2BS 14068: ÿc4=== [ANDY] ===
[10/05/26 05:33:51] D2BS 14068: ÿc4=== [MEPHISTO] ===
[10/05/26 05:35:22] D2BS 14068: ÿc4=== [DIABLO] ===
[10/05/26 05:41:13] D2BS 14068: Script ended
[10/05/26 05:41:13] D2BS 14068:  [13:00] +41.87% / [Level 79] 40.24%
[10/05/26 05:41:13] D2BS 14068: Script threads\autobuildthread.js ended
[10/05/26 05:41:13] D2BS 14068: Script threads\partythread.js ended
[10/05/26 05:41:13] D2BS 14068: Script threads\townchicken.js ended
[10/05/26 05:41:26] D2BS 14068: joining game pz-87
[10/05/26 05:41:28] D2BS 14068: ÿc2D2BSÿc0 :: Starting default.dbj
[10/05/26 05:41:28] D2BS 14068: ÿc2D2BSÿc0 :: default.dbj running.
[10/05/26 05:41:28] D2BS 14068: Loaded ÿc9[X.nip] [Y.nip] [Z.nip] [V.nip] [N.SUMM.nip]
[10/05/26 05:41:28] D2BS 14068: Loaded ÿc9[N.SUMM.js]
[10/05/26 05:41:29] D2BS 14068: equipped: [Head] 12
[10/05/26 05:41:29] D2BS 14068: equipped: [Neck] 12
[10/05/26 05:41:29] D2BS 14068: equipped: [Body] 17
[10/05/26 05:41:29] D2BS 14068: equipped: [ArmR] 24
[10/05/26 05:41:29] D2BS 14068: equipped: [ArmL] 26
[10/05/26 05:41:29] D2BS 14068: equipped: [RingR] 12
[10/05/26 05:41:29] D2BS 14068: equipped: [RingL] 11
[10/05/26 05:41:29] D2BS 14068: equipped: [Belt] 15
[10/05/26 05:41:29] D2BS 14068: equipped: [Boots] 12
[10/05/26 05:41:29] D2BS 14068: equipped: [Mitts] 11
[10/05/26 05:41:29] D2BS 14068: updateStat
[10/05/26 05:41:29] D2BS 14068: granted: [Head] 13
[10/05/26 05:41:29] D2BS 14068: granted: [Body] 18
[10/05/26 05:41:29] D2BS 14068: granted: [ArmR] 18
[10/05/26 05:41:29] D2BS 14068: Loaded ÿc9[AutoSmurf.js]
[10/05/26 05:41:33] D2BS 14068: MiniShopBot: true
[10/05/26 05:41:33] D2BS 14068: farmingON
[10/05/26 05:41:33] D2BS 14068: UseMerc: true HP: 70
[10/05/26 05:42:00] D2BS 14068: Merc matched: Thorns
[10/05/26 05:42:06] D2BS 14068: Token needed
[10/05/26 05:42:11] D2BS 14068: act5+ BO
[10/05/26 05:42:25] D2BS 14068: ÿc4=== [BAAL] ===
[10/05/26 05:46:22] D2BS 14068: ÿc4=== [COUNTESS] ===
[10/05/26 05:47:42] D2BS 14068: party has left: fowo-xe
[10/05/26 05:47:42] D2BS 14068:  [06:14] +42.36% / [Level 79] 82.59%
[10/05/26 05:47:42] D2BS 14068: Script threads\autobuildthread.js ended
[10/05/26 05:47:43] D2BS 14068: Script threads\partythread.js ended
[10/05/26 05:47:43] D2BS 14068: Script threads\townchicken.js ended
[10/05/26 05:47:43] D2BS 14068: Script default.dbj ended
[10/05/26 05:47:54] D2BS 14068: joining game pz-88
[10/05/26 05:47:55] D2BS 14068: ÿc2D2BSÿc0 :: Starting default.dbj
[10/05/26 05:47:55] D2BS 14068: ÿc2D2BSÿc0 :: default.dbj running.
[10/05/26 05:47:55] D2BS 14068: Loaded ÿc9[X.nip] [Y.nip] [Z.nip] [V.nip] [N.SUMM.nip]
[10/05/26 05:47:55] D2BS 14068: Loaded ÿc9[N.SUMM.js]
[10/05/26 05:47:55] D2BS 14068: equipped: [Head] 12
[10/05/26 05:47:55] D2BS 14068: equipped: [Neck] 12
[10/05/26 05:47:56] D2BS 14068: equipped: [Body] 17
[10/05/26 05:47:56] D2BS 14068: equipped: [ArmR] 24
[10/05/26 05:47:56] D2BS 14068: equipped: [ArmL] 26
[10/05/26 05:47:56] D2BS 14068: equipped: [RingR] 12
[10/05/26 05:47:56] D2BS 14068: equipped: [RingL] 11
[10/05/26 05:47:56] D2BS 14068: equipped: [Belt] 15
[10/05/26 05:47:56] D2BS 14068: equipped: [Boots] 12
[10/05/26 05:47:56] D2BS 14068: equipped: [Mitts] 11
[10/05/26 05:47:56] D2BS 14068: updateStat
[10/05/26 05:47:56] D2BS 14068: granted: [Head] 13
[10/05/26 05:47:56] D2BS 14068: granted: [Body] 18
[10/05/26 05:47:56] D2BS 14068: granted: [ArmR] 18
[10/05/26 05:47:56] D2BS 14068: Loaded ÿc9[AutoSmurf.js]
[10/05/26 05:48:03] D2BS 14068: farmingON
[10/05/26 05:48:04] D2BS 14068: MiniShopBot: true
[10/05/26 05:48:04] D2BS 14068: UseMerc: true HP: 70
[10/05/26 05:48:19] D2BS 14068: Merc matched: Thorns
[10/05/26 05:48:39] D2BS 14068: Token needed
[10/05/26 05:48:44] D2BS 14068: act5+ BO
[10/05/26 05:48:57] D2BS 14068: ÿc4=== [BAAL] ===
[10/05/26 05:52:48] D2BS 14068: ÿc4=== [COUNTESS] ===
[10/05/26 05:54:20] D2BS 14068: ÿc4=== [PIT] ===
[10/05/26 05:56:15] D2BS 14068: ÿc4=== [ANDY] ===
[10/05/26 05:57:16] D2BS 14068: ÿc4=== [MEPHISTO] ===
[10/05/26 05:58:59] D2BS 14068: ÿc4=== [DIABLO] ===
[10/05/26 06:03:57] D2BS 14068: party has left: fowo-xe
[10/05/26 06:03:57] D2BS 14068:  [16:02] +62.84% / [Level 80] 46.86%
[10/05/26 06:03:57] D2BS 14068: Script threads\autobuildthread.js ended
[10/05/26 06:03:57] D2BS 14068: Script threads\partythread.js ended
[10/05/26 06:03:57] D2BS 14068: Script threads\townchicken.js ended
[10/05/26 06:03:57] D2BS 14068: Script default.dbj ended
[10/05/26 06:04:09] D2BS 14068: joining game pz-89
[10/05/26 06:04:11] D2BS 14068: ÿc2D2BSÿc0 :: Starting default.dbj
[10/05/26 06:04:11] D2BS 14068: ÿc2D2BSÿc0 :: default.dbj running.
[10/05/26 06:04:11] D2BS 14068: Loaded ÿc9[X.nip] [Y.nip] [Z.nip] [V.nip] [N.SUMM.nip]
[10/05/26 06:04:11] D2BS 14068: Loaded ÿc9[N.SUMM.js]
[10/05/26 06:04:11] D2BS 14068: equipped: [Head] 12
[10/05/26 06:04:11] D2BS 14068: equipped: [Neck] 12
[10/05/26 06:04:11] D2BS 14068: equipped: [Body] 17
[10/05/26 06:04:12] D2BS 14068: equipped: [ArmR] 24
[10/05/26 06:04:12] D2BS 14068: equipped: [ArmL] 26
[10/05/26 06:04:12] D2BS 14068: equipped: [RingR] 12
[10/05/26 06:04:12] D2BS 14068: equipped: [RingL] 11
[10/05/26 06:04:12] D2BS 14068: equipped: [Belt] 15
[10/05/26 06:04:12] D2BS 14068: equipped: [Boots] 12
[10/05/26 06:04:12] D2BS 14068: equipped: [Mitts] 11
[10/05/26 06:04:12] D2BS 14068: updateStat
[10/05/26 06:04:12] D2BS 14068: granted: [Head] 13
[10/05/26 06:04:12] D2BS 14068: granted: [Body] 18
[10/05/26 06:04:12] D2BS 14068: granted: [ArmR] 18
[10/05/26 06:04:12] D2BS 14068: Loaded ÿc9[AutoSmurf.js]
[10/05/26 06:04:18] D2BS 14068: farmingON
[10/05/26 06:04:21] D2BS 14068: MiniShopBot: true
[10/05/26 06:04:21] D2BS 14068: UseMerc: true HP: 70
[10/05/26 06:04:42] D2BS 14068: Merc matched: Thorns
[10/05/26 06:04:50] D2BS 14068: Token needed
[10/05/26 06:04:54] D2BS 14068: act5+ BO
[10/05/26 06:05:07] D2BS 14068: ÿc4=== [BAAL] ===
[10/05/26 06:06:45] D2BS 14068: updateStat
[10/05/26 06:07:12] D2BS 14068: Going to town
[10/05/26 06:09:14] D2BS 14068: ÿc4=== [COUNTESS] ===
[10/05/26 06:10:30] D2BS 14068: ÿc4=== [PIT] ===
[10/05/26 06:11:13] D2BS 14068: party has left: fowo-xe
[10/05/26 06:11:13] D2BS 14068:  [07:02] +33.14% / [Level 80] 80.46%
[10/05/26 06:11:13] D2BS 14068: Script threads\autobuildthread.js ended
[10/05/26 06:11:13] D2BS 14068: Script threads\partythread.js ended
[10/05/26 06:11:13] D2BS 14068: Script threads\townchicken.js ended
[10/05/26 06:11:13] D2BS 14068: Script default.dbj ended
[10/05/26 06:11:28] D2BS 14068: joining game pz-90
[10/05/26 06:11:30] D2BS 14068: ÿc2D2BSÿc0 :: Starting default.dbj
[10/05/26 06:11:30] D2BS 14068: ÿc2D2BSÿc0 :: default.dbj running.
[10/05/26 06:11:30] D2BS 14068: Loaded ÿc9[X.nip] [Y.nip] [Z.nip] [V.nip] [N.SUMM.nip]
[10/05/26 06:11:30] D2BS 14068: Loaded ÿc9[N.SUMM.js]
[10/05/26 06:11:30] D2BS 14068: equipped: [Head] 12
[10/05/26 06:11:30] D2BS 14068: equipped: [Neck] 12
[10/05/26 06:11:30] D2BS 14068: equipped: [Body] 17
[10/05/26 06:11:30] D2BS 14068: equipped: [ArmR] 24
[10/05/26 06:11:30] D2BS 14068: equipped: [ArmL] 26
[10/05/26 06:11:30] D2BS 14068: equipped: [RingR] 12
[10/05/26 06:11:30] D2BS 14068: equipped: [RingL] 11
[10/05/26 06:11:30] D2BS 14068: equipped: [Belt] 15
[10/05/26 06:11:30] D2BS 14068: equipped: [Boots] 12
[10/05/26 06:11:30] D2BS 14068: equipped: [Mitts] 11
[10/05/26 06:11:30] D2BS 14068: updateStat
[10/05/26 06:11:30] D2BS 14068: granted: [Head] 13
[10/05/26 06:11:30] D2BS 14068: granted: [Body] 18
[10/05/26 06:11:30] D2BS 14068: granted: [ArmR] 18
[10/05/26 06:11:30] D2BS 14068: Loaded ÿc9[AutoSmurf.js]
[10/05/26 06:11:35] D2BS 14068: farmingON
[10/05/26 06:11:36] D2BS 14068: MiniShopBot: true
[10/05/26 06:11:36] D2BS 14068: UseMerc: true HP: 70
[10/05/26 06:11:53] D2BS 14068: Merc matched: Thorns
[10/05/26 06:12:02] D2BS 14068: Token needed
[10/05/26 06:12:05] D2BS 14068: act5+ BO
[10/05/26 06:12:19] D2BS 14068: ÿc4=== [BAAL] ===
[10/05/26 06:17:55] D2BS 14068: ÿc4=== [COUNTESS] ===
[10/05/26 06:18:02] D2BS 14068: granted: [ArmR] 19
[10/05/26 06:19:21] D2BS 14068: party has left: fowo-xe
[10/05/26 06:19:21] D2BS 14068:  [07:51] +39.71% / [Level 81] 21.79%
[10/05/26 06:19:21] D2BS 14068: Script threads\autobuildthread.js ended
[10/05/26 06:19:21] D2BS 14068: Script threads\partythread.js ended
[10/05/26 06:19:21] D2BS 14068: Script threads\townchicken.js ended
[10/05/26 06:19:21] D2BS 14068: Script default.dbj ended
[10/05/26 06:19:32] D2BS 14068: joining game pz-91
[10/05/26 06:19:34] D2BS 14068: ÿc2D2BSÿc0 :: Starting default.dbj
[10/05/26 06:19:34] D2BS 14068: ÿc2D2BSÿc0 :: default.dbj running.
[10/05/26 06:19:34] D2BS 14068: Loaded ÿc9[X.nip] [Y.nip] [Z.nip] [V.nip] [N.SUMM.nip]
[10/05/26 06:19:34] D2BS 14068: Loaded ÿc9[N.SUMM.js]
[10/05/26 06:19:35] D2BS 14068: equipped: [Head] 12
[10/05/26 06:19:35] D2BS 14068: equipped: [Neck] 12
[10/05/26 06:19:35] D2BS 14068: equipped: [Body] 17
[10/05/26 06:19:35] D2BS 14068: equipped: [ArmR] 24
[10/05/26 06:19:35] D2BS 14068: equipped: [ArmL] 26
[10/05/26 06:19:35] D2BS 14068: equipped: [RingR] 12
[10/05/26 06:19:35] D2BS 14068: equipped: [RingL] 11
[10/05/26 06:19:35] D2BS 14068: equipped: [Belt] 15
[10/05/26 06:19:35] D2BS 14068: equipped: [Boots] 12
[10/05/26 06:19:35] D2BS 14068: equipped: [Mitts] 11
[10/05/26 06:19:35] D2BS 14068: updateStat
[10/05/26 06:19:35] D2BS 14068: granted: [Head] 13
[10/05/26 06:19:35] D2BS 14068: granted: [Body] 18
[10/05/26 06:19:35] D2BS 14068: granted: [ArmR] 19
[10/05/26 06:19:35] D2BS 14068: Loaded ÿc9[AutoSmurf.js]
[10/05/26 06:19:41] D2BS 14068: farmingON
[10/05/26 06:19:42] D2BS 14068: MiniShopBot: true
[10/05/26 06:19:42] D2BS 14068: UseMerc: true HP: 70
[10/05/26 06:20:01] D2BS 14068: Merc matched: Thorns
[10/05/26 06:20:11] D2BS 14068: Token needed
[10/05/26 06:20:15] D2BS 14068: act5+ BO
[10/05/26 06:20:37] D2BS 14068: ÿc4=== [BAAL] ===
[10/05/26 06:23:23] D2BS 14068: party has left: fowo-xe
[10/05/26 06:23:23] D2BS 14068:  [03:49] +22.82% / [Level 81] 44.60%
[10/05/26 06:23:23] D2BS 14068: Script threads\autobuildthread.js ended
[10/05/26 06:23:23] D2BS 14068: Script threads\partythread.js ended
[10/05/26 06:23:23] D2BS 14068: Script threads\townchicken.js ended
[10/05/26 06:23:23] D2BS 14068: Script default.dbj ended
[10/05/26 06:23:45] D2BS 14068: joining game pz-92
[10/05/26 06:23:48] D2BS 14068: ÿc2D2BSÿc0 :: Starting default.dbj
[10/05/26 06:23:48] D2BS 14068: ÿc2D2BSÿc0 :: default.dbj running.
[10/05/26 06:23:48] D2BS 14068: Loaded ÿc9[X.nip] [Y.nip] [Z.nip] [V.nip] [N.SUMM.nip]
[10/05/26 06:23:48] D2BS 14068: Loaded ÿc9[N.SUMM.js]
[10/05/26 06:23:48] D2BS 14068: equipped: [Head] 12
[10/05/26 06:23:48] D2BS 14068: equipped: [Neck] 12
[10/05/26 06:23:48] D2BS 14068: equipped: [Body] 17
[10/05/26 06:23:48] D2BS 14068: equipped: [ArmR] 24
[10/05/26 06:23:48] D2BS 14068: equipped: [ArmL] 26
[10/05/26 06:23:48] D2BS 14068: equipped: [RingR] 12
[10/05/26 06:23:48] D2BS 14068: equipped: [RingL] 11
[10/05/26 06:23:48] D2BS 14068: equipped: [Belt] 15
[10/05/26 06:23:48] D2BS 14068: equipped: [Boots] 12
[10/05/26 06:23:48] D2BS 14068: equipped: [Mitts] 11
[10/05/26 06:23:48] D2BS 14068: updateStat
[10/05/26 06:23:48] D2BS 14068: granted: [Head] 13
[10/05/26 06:23:48] D2BS 14068: granted: [Body] 18
[10/05/26 06:23:48] D2BS 14068: granted: [ArmR] 19
[10/05/26 06:23:48] D2BS 14068: Loaded ÿc9[AutoSmurf.js]
[10/05/26 06:23:49] D2BS 14068: farmingON
[10/05/26 06:23:50] D2BS 14068: MiniShopBot: true
[10/05/26 06:23:50] D2BS 14068: UseMerc: true HP: 70
[10/05/26 06:24:05] D2BS 14068: Merc matched: Thorns
[10/05/26 06:24:16] D2BS 14068: Token needed
[10/05/26 06:24:21] D2BS 14068: act5+ BO
[10/05/26 06:24:34] D2BS 14068: ÿc4=== [BAAL] ===
[10/05/26 06:28:47] D2BS 14068: party has left: fowo-xd
[10/05/26 06:28:47] D2BS 14068:  [05:01] +29.53% / [Level 81] 74.14%
[10/05/26 06:28:47] D2BS 14068: Script threads\autobuildthread.js ended
[10/05/26 06:28:48] D2BS 14068: Script threads\partythread.js ended
[10/05/26 06:28:48] D2BS 14068: Script threads\townchicken.js ended
[10/05/26 06:28:48] D2BS 14068: Script default.dbj ended
[10/05/26 06:29:00] D2BS 14068: joining game pz-93
[10/05/26 06:29:03] D2BS 14068: ÿc2D2BSÿc0 :: Starting default.dbj
[10/05/26 06:29:03] D2BS 14068: ÿc2D2BSÿc0 :: default.dbj running.
[10/05/26 06:29:03] D2BS 14068: Loaded ÿc9[X.nip] [Y.nip] [Z.nip] [V.nip] [N.SUMM.nip]
[10/05/26 06:29:03] D2BS 14068: Loaded ÿc9[N.SUMM.js]
[10/05/26 06:29:03] D2BS 14068: equipped: [Head] 12
[10/05/26 06:29:03] D2BS 14068: equipped: [Neck] 12
[10/05/26 06:29:03] D2BS 14068: equipped: [Body] 17
[10/05/26 06:29:03] D2BS 14068: equipped: [ArmR] 24
[10/05/26 06:29:03] D2BS 14068: equipped: [ArmL] 26
[10/05/26 06:29:03] D2BS 14068: equipped: [RingR] 12
[10/05/26 06:29:03] D2BS 14068: equipped: [RingL] 11
[10/05/26 06:29:03] D2BS 14068: equipped: [Belt] 15
[10/05/26 06:29:03] D2BS 14068: equipped: [Boots] 12
[10/05/26 06:29:03] D2BS 14068: equipped: [Mitts] 11
[10/05/26 06:29:03] D2BS 14068: updateStat
[10/05/26 06:29:03] D2BS 14068: granted: [Head] 13
[10/05/26 06:29:03] D2BS 14068: granted: [Body] 18
[10/05/26 06:29:03] D2BS 14068: granted: [ArmR] 19
[10/05/26 06:29:03] D2BS 14068: Loaded ÿc9[AutoSmurf.js]
[10/05/26 06:29:04] D2BS 14068: MiniShopBot: true
[10/05/26 06:29:04] D2BS 14068: farmingON
[10/05/26 06:29:04] D2BS 14068: UseMerc: true HP: 70
[10/05/26 06:29:22] D2BS 14068: Merc matched: Thorns
[10/05/26 06:29:34] D2BS 14068: Token needed
[10/05/26 06:29:38] D2BS 14068: act5+ BO
[10/05/26 06:29:52] D2BS 14068: ÿc4=== [BAAL] ===
[10/05/26 06:30:06] D2BS 14068: Baal failed: souls found
[10/05/26 06:30:06] D2BS 14068: ÿc4=== [COUNTESS] ===
[10/05/26 06:31:09] D2BS 14068: ÿc4=== [PIT] ===
[10/05/26 06:33:00] D2BS 14068: ÿc4=== [ANDY] ===
[10/05/26 06:33:57] D2BS 14068: ÿc4=== [MEPHISTO] ===
[10/05/26 06:35:01] D2BS 14068: party has left: fowo-xd
[10/05/26 06:35:01] D2BS 14068:  [05:58] +9.19% / [Level 81] 83.33%
[10/05/26 06:35:01] D2BS 14068: Script threads\autobuildthread.js ended
[10/05/26 06:35:01] D2BS 14068: Script threads\partythread.js ended
[10/05/26 06:35:01] D2BS 14068: Script threads\townchicken.js ended
[10/05/26 06:35:01] D2BS 14068: Script default.dbj ended
[10/05/26 06:35:14] D2BS 14068: joining game pz-94
[10/05/26 06:35:16] D2BS 14068: ÿc2D2BSÿc0 :: Starting default.dbj
[10/05/26 06:35:16] D2BS 14068: ÿc2D2BSÿc0 :: default.dbj running.
[10/05/26 06:35:16] D2BS 14068: Loaded ÿc9[X.nip] [Y.nip] [Z.nip] [V.nip] [N.SUMM.nip]
[10/05/26 06:35:16] D2BS 14068: Loaded ÿc9[N.SUMM.js]
[10/05/26 06:35:16] D2BS 14068: equipped: [Head] 12
[10/05/26 06:35:16] D2BS 14068: equipped: [Neck] 12
[10/05/26 06:35:16] D2BS 14068: equipped: [Body] 17
[10/05/26 06:35:16] D2BS 14068: equipped: [ArmR] 24
[10/05/26 06:35:16] D2BS 14068: equipped: [ArmL] 26
[10/05/26 06:35:16] D2BS 14068: equipped: [RingR] 12
[10/05/26 06:35:16] D2BS 14068: equipped: [RingL] 11
[10/05/26 06:35:16] D2BS 14068: equipped: [Belt] 15
[10/05/26 06:35:16] D2BS 14068: equipped: [Boots] 12
[10/05/26 06:35:16] D2BS 14068: equipped: [Mitts] 11
[10/05/26 06:35:16] D2BS 14068: updateStat
[10/05/26 06:35:16] D2BS 14068: granted: [Head] 13
[10/05/26 06:35:16] D2BS 14068: granted: [Body] 18
[10/05/26 06:35:16] D2BS 14068: granted: [ArmR] 19
[10/05/26 06:35:16] D2BS 14068: Loaded ÿc9[AutoSmurf.js]
[10/05/26 06:35:27] D2BS 14068: farmingON
[10/05/26 06:35:31] D2BS 14068: MiniShopBot: true
[10/05/26 06:35:31] D2BS 14068: UseMerc: true HP: 70
[10/05/26 06:35:47] D2BS 14068: equipped: [Head] 13
[10/05/26 06:35:47] D2BS 14068: Merc matched: Thorns
[10/05/26 06:36:01] D2BS 14068: Token needed
[10/05/26 06:36:05] D2BS 14068: act5+ BO
[10/05/26 06:36:18] D2BS 14068: ÿc4=== [BAAL] ===
[10/05/26 06:36:40] D2BS 14068: Baal failed: souls found
[10/05/26 06:36:40] D2BS 14068: ÿc4=== [COUNTESS] ===
[10/05/26 06:37:57] D2BS 14068: ÿc4=== [PIT] ===
[10/05/26 06:39:41] D2BS 14068: ÿc4=== [ANDY] ===
[10/05/26 06:40:36] D2BS 14068: ÿc4=== [MEPHISTO] ===
[10/05/26 06:42:06] D2BS 14068: ÿc4=== [DIABLO] ===
[10/05/26 06:43:28] D2BS 14068: party has left: fowo-xe
[10/05/26 06:43:28] D2BS 14068:  [08:12] +13.80% / [Level 81] 97.13%
[10/05/26 06:43:28] D2BS 14068: Script threads\autobuildthread.js ended
[10/05/26 06:43:28] D2BS 14068: Script threads\partythread.js ended
[10/05/26 06:43:28] D2BS 14068: Script threads\townchicken.js ended
[10/05/26 06:43:28] D2BS 14068: Script default.dbj ended
[10/05/26 06:43:41] D2BS 14068: joining game pz-95
[10/05/26 06:43:43] D2BS 14068: ÿc2D2BSÿc0 :: Starting default.dbj
[10/05/26 06:43:43] D2BS 14068: ÿc2D2BSÿc0 :: default.dbj running.
[10/05/26 06:43:43] D2BS 14068: Loaded ÿc9[X.nip] [Y.nip] [Z.nip] [V.nip] [N.SUMM.nip]
[10/05/26 06:43:43] D2BS 14068: Loaded ÿc9[N.SUMM.js]
[10/05/26 06:43:43] D2BS 14068: equipped: [Head] 13
[10/05/26 06:43:43] D2BS 14068: equipped: [Neck] 12
[10/05/26 06:43:43] D2BS 14068: equipped: [Body] 17
[10/05/26 06:43:43] D2BS 14068: equipped: [ArmR] 24
[10/05/26 06:43:43] D2BS 14068: equipped: [ArmL] 26
[10/05/26 06:43:43] D2BS 14068: equipped: [RingR] 12
[10/05/26 06:43:43] D2BS 14068: equipped: [RingL] 11
[10/05/26 06:43:43] D2BS 14068: equipped: [Belt] 15
[10/05/26 06:43:43] D2BS 14068: equipped: [Boots] 12
[10/05/26 06:43:43] D2BS 14068: equipped: [Mitts] 11
[10/05/26 06:43:43] D2BS 14068: Loaded ÿc9[AutoSmurf.js]
[10/05/26 06:43:48] D2BS 14068: farmingON
[10/05/26 06:43:49] D2BS 14068: MiniShopBot: true
[10/05/26 06:43:49] D2BS 14068: UseMerc: true HP: 70
[10/05/26 06:44:08] D2BS 14068: Merc matched: Thorns
[10/05/26 06:44:22] D2BS 14068: Token needed
[10/05/26 06:44:27] D2BS 14068: act5+ BO
[10/05/26 06:44:29] D2BS 14068: updateStat
[10/05/26 06:44:39] D2BS 14068: ÿc4=== [BAAL] ===
[10/05/26 06:48:10] D2BS 14068: ÿc4=== [COUNTESS] ===
[10/05/26 06:49:26] D2BS 14068: ÿc4=== [PIT] ===
[10/05/26 06:50:36] D2BS 14068: party has left: fowo-xd
[10/05/26 06:50:36] D2BS 14068:  [06:54] +24.35% / [Level 82] 21.72%
[10/05/26 06:50:36] D2BS 14068: Script threads\autobuildthread.js ended
[10/05/26 06:50:36] D2BS 14068: Script threads\partythread.js ended
[10/05/26 06:50:36] D2BS 14068: Script threads\townchicken.js ended
[10/05/26 06:50:37] D2BS 14068: Script default.dbj ended
[10/05/26 06:50:49] D2BS 14068: joining game pz-96
[10/05/26 06:50:51] D2BS 14068: ÿc2D2BSÿc0 :: Starting default.dbj
[10/05/26 06:50:51] D2BS 14068: ÿc2D2BSÿc0 :: default.dbj running.
[10/05/26 06:50:51] D2BS 14068: Loaded ÿc9[X.nip] [Y.nip] [Z.nip] [V.nip] [N.SUMM.nip]
[10/05/26 06:50:51] D2BS 14068: Loaded ÿc9[N.SUMM.js]
[10/05/26 06:50:51] D2BS 14068: equipped: [Head] 13
[10/05/26 06:50:51] D2BS 14068: equipped: [Neck] 12
[10/05/26 06:50:51] D2BS 14068: equipped: [Body] 17
[10/05/26 06:50:51] D2BS 14068: equipped: [ArmR] 24
[10/05/26 06:50:51] D2BS 14068: equipped: [ArmL] 26
[10/05/26 06:50:51] D2BS 14068: equipped: [RingR] 12
[10/05/26 06:50:51] D2BS 14068: equipped: [RingL] 11
[10/05/26 06:50:51] D2BS 14068: equipped: [Belt] 15
[10/05/26 06:50:51] D2BS 14068: equipped: [Boots] 12
[10/05/26 06:50:51] D2BS 14068: equipped: [Mitts] 11
[10/05/26 06:50:51] D2BS 14068: updateStat
[10/05/26 06:50:51] D2BS 14068: granted: [Head] 13
[10/05/26 06:50:51] D2BS 14068: granted: [Body] 18
[10/05/26 06:50:51] D2BS 14068: granted: [ArmR] 19
[10/05/26 06:50:51] D2BS 14068: Loaded ÿc9[AutoSmurf.js]
[10/05/26 06:50:57] D2BS 14068: farmingON
[10/05/26 06:51:00] D2BS 14068: MiniShopBot: true
[10/05/26 06:51:00] D2BS 14068: UseMerc: true HP: 70
[10/05/26 06:51:15] D2BS 14068: Merc matched: Thorns
[10/05/26 06:51:31] D2BS 14068: Token needed
[10/05/26 06:51:34] D2BS 14068: act5+ BO
[10/05/26 06:51:49] D2BS 14068: ÿc4=== [BAAL] ===
[10/05/26 06:52:09] D2BS 14068: Baal failed: souls found
[10/05/26 06:52:09] D2BS 14068: ÿc4=== [COUNTESS] ===
[10/05/26 06:53:20] D2BS 14068: ÿc4=== [PIT] ===
[10/05/26 06:55:10] D2BS 14068: ÿc4=== [ANDY] ===
[10/05/26 06:56:09] D2BS 14068: ÿc4=== [MEPHISTO] ===
[10/05/26 06:57:55] D2BS 14068: ÿc4=== [DIABLO] ===
[10/05/26 06:59:48] D2BS 14068: party has left: fowo-xe
[10/05/26 06:59:49] D2BS 14068:  [08:58] +17.23% / [Level 82] 38.94%
[10/05/26 06:59:49] D2BS 14068: Script threads\autobuildthread.js ended
[10/05/26 06:59:49] D2BS 14068: Script threads\partythread.js ended
[10/05/26 06:59:49] D2BS 14068: Script threads\townchicken.js ended
[10/05/26 06:59:49] D2BS 14068: Script default.dbj ended
[10/05/26 07:00:01] D2BS 14068: joining game pz-97
[10/05/26 07:00:03] D2BS 14068: ÿc2D2BSÿc0 :: Starting default.dbj
[10/05/26 07:00:03] D2BS 14068: ÿc2D2BSÿc0 :: default.dbj running.
[10/05/26 07:00:04] D2BS 14068: Loaded ÿc9[X.nip] [Y.nip] [Z.nip] [V.nip] [N.SUMM.nip]
[10/05/26 07:00:04] D2BS 14068: Loaded ÿc9[N.SUMM.js]
[10/05/26 07:00:04] D2BS 14068: equipped: [Head] 13
[10/05/26 07:00:04] D2BS 14068: equipped: [Neck] 12
[10/05/26 07:00:04] D2BS 14068: equipped: [Body] 17
[10/05/26 07:00:04] D2BS 14068: equipped: [ArmR] 24
[10/05/26 07:00:04] D2BS 14068: equipped: [ArmL] 26
[10/05/26 07:00:04] D2BS 14068: equipped: [RingR] 12
[10/05/26 07:00:04] D2BS 14068: equipped: [RingL] 11
[10/05/26 07:00:04] D2BS 14068: equipped: [Belt] 15
[10/05/26 07:00:04] D2BS 14068: equipped: [Boots] 12
[10/05/26 07:00:04] D2BS 14068: equipped: [Mitts] 11
[10/05/26 07:00:04] D2BS 14068: updateStat
[10/05/26 07:00:04] D2BS 14068: granted: [Head] 13
[10/05/26 07:00:04] D2BS 14068: granted: [Body] 18
[10/05/26 07:00:04] D2BS 14068: granted: [ArmR] 19
[10/05/26 07:00:04] D2BS 14068: Loaded ÿc9[AutoSmurf.js]
[10/05/26 07:00:09] D2BS 14068: farmingON
[10/05/26 07:00:10] D2BS 14068: MiniShopBot: true
[10/05/26 07:00:10] D2BS 14068: UseMerc: true HP: 70
[10/05/26 07:00:31] D2BS 14068: Merc matched: Thorns
[10/05/26 07:00:45] D2BS 14068: Token needed
[10/05/26 07:00:49] D2BS 14068: act5+ BO
[10/05/26 07:01:03] D2BS 14068: ÿc4=== [BAAL] ===
[10/05/26 07:04:28] D2BS 14068: ÿc4=== [COUNTESS] ===
[10/05/26 07:05:39] D2BS 14068: ÿc4=== [PIT] ===
[10/05/26 07:07:30] D2BS 14068: ÿc4=== [ANDY] ===
[10/05/26 07:08:25] D2BS 14068: ÿc4=== [MEPHISTO] ===
[10/05/26 07:10:25] D2BS 14068: ÿc4=== [DIABLO] ===
[10/05/26 07:14:09] D2BS 14068: updateStat
[10/05/26 07:16:44] D2BS 14068: Script ended
[10/05/26 07:16:44] D2BS 14068:  [16:40] +45.84% / [Level 82] 84.79%
[10/05/26 07:16:44] D2BS 14068: Script threads\autobuildthread.js ended
[10/05/26 07:16:44] D2BS 14068: Script threads\partythread.js ended
[10/05/26 07:16:45] D2BS 14068: Script threads\townchicken.js ended
[10/05/26 07:16:57] D2BS 14068: joining game pz-98
[10/05/26 07:16:59] D2BS 14068: ÿc2D2BSÿc0 :: Starting default.dbj
[10/05/26 07:16:59] D2BS 14068: ÿc2D2BSÿc0 :: default.dbj running.
[10/05/26 07:17:00] D2BS 14068: Loaded ÿc9[X.nip] [Y.nip] [Z.nip] [V.nip] [N.SUMM.nip]
[10/05/26 07:17:00] D2BS 14068: Loaded ÿc9[N.SUMM.js]
[10/05/26 07:17:00] D2BS 14068: equipped: [Head] 13
[10/05/26 07:17:00] D2BS 14068: equipped: [Neck] 12
[10/05/26 07:17:00] D2BS 14068: equipped: [Body] 17
[10/05/26 07:17:00] D2BS 14068: equipped: [ArmR] 24
[10/05/26 07:17:00] D2BS 14068: equipped: [ArmL] 26
[10/05/26 07:17:00] D2BS 14068: equipped: [RingR] 12
[10/05/26 07:17:00] D2BS 14068: equipped: [RingL] 11
[10/05/26 07:17:00] D2BS 14068: equipped: [Belt] 15
[10/05/26 07:17:00] D2BS 14068: equipped: [Boots] 12
[10/05/26 07:17:00] D2BS 14068: equipped: [Mitts] 11
[10/05/26 07:17:00] D2BS 14068: updateStat
[10/05/26 07:17:00] D2BS 14068: granted: [Head] 13
[10/05/26 07:17:00] D2BS 14068: granted: [Body] 18
[10/05/26 07:17:00] D2BS 14068: granted: [ArmR] 19
[10/05/26 07:17:00] D2BS 14068: Loaded ÿc9[AutoSmurf.js]
[10/05/26 07:17:04] D2BS 14068: MiniShopBot: true
[10/05/26 07:17:04] D2BS 14068: farmingON
[10/05/26 07:17:04] D2BS 14068: UseMerc: true HP: 70
[10/05/26 07:17:21] D2BS 14068: Merc matched: Thorns
[10/05/26 07:17:40] D2BS 14068: Token needed
[10/05/26 07:17:44] D2BS 14068: act5+ BO
[10/05/26 07:17:57] D2BS 14068: ÿc4=== [BAAL] ===
[10/05/26 07:18:15] D2BS 14068: Baal failed: souls found
[10/05/26 07:18:15] D2BS 14068: ÿc4=== [COUNTESS] ===
[10/05/26 07:19:15] D2BS 14068: ÿc4=== [PIT] ===
[10/05/26 07:21:26] D2BS 14068: ÿc4=== [ANDY] ===
[10/05/26 07:22:24] D2BS 14068: ÿc4=== [MEPHISTO] ===
[10/05/26 07:24:13] D2BS 14068: ÿc4=== [DIABLO] ===
[10/05/26 07:30:43] D2BS 14068: Script ended
[10/05/26 07:30:43] D2BS 14068:  [13:44] +31.44% / [Level 83] 17.48%
[10/05/26 07:30:43] D2BS 14068: Script threads\autobuildthread.js ended
[10/05/26 07:30:43] D2BS 14068: Script threads\partythread.js ended
[10/05/26 07:30:43] D2BS 14068: Script threads\townchicken.js ended
[10/05/26 07:30:56] D2BS 14068: joining game pz-99
[10/05/26 07:30:58] D2BS 14068: ÿc2D2BSÿc0 :: Starting default.dbj
[10/05/26 07:30:58] D2BS 14068: ÿc2D2BSÿc0 :: default.dbj running.
[10/05/26 07:30:58] D2BS 14068: Loaded ÿc9[X.nip] [Y.nip] [Z.nip] [V.nip] [N.SUMM.nip]
[10/05/26 07:30:58] D2BS 14068: Loaded ÿc9[N.SUMM.js]
[10/05/26 07:30:58] D2BS 14068: equipped: [Head] 13
[10/05/26 07:30:58] D2BS 14068: equipped: [Neck] 12
[10/05/26 07:30:58] D2BS 14068: equipped: [Body] 17
[10/05/26 07:30:58] D2BS 14068: equipped: [ArmR] 24
[10/05/26 07:30:58] D2BS 14068: equipped: [ArmL] 26
[10/05/26 07:30:58] D2BS 14068: equipped: [RingR] 12
[10/05/26 07:30:58] D2BS 14068: equipped: [RingL] 11
[10/05/26 07:30:58] D2BS 14068: equipped: [Belt] 15
[10/05/26 07:30:58] D2BS 14068: equipped: [Boots] 12
[10/05/26 07:30:58] D2BS 14068: equipped: [Mitts] 11
[10/05/26 07:30:58] D2BS 14068: updateStat
[10/05/26 07:30:58] D2BS 14068: granted: [Head] 13
[10/05/26 07:30:58] D2BS 14068: granted: [Body] 18
[10/05/26 07:30:58] D2BS 14068: granted: [ArmR] 19
[10/05/26 07:30:58] D2BS 14068: Loaded ÿc9[AutoSmurf.js]
[10/05/26 07:31:03] D2BS 14068: farmingON
[10/05/26 07:31:06] D2BS 14068: MiniShopBot: true
[10/05/26 07:31:06] D2BS 14068: UseMerc: true HP: 70
[10/05/26 07:31:28] D2BS 14068: Merc matched: Thorns
[10/05/26 07:31:35] D2BS 14068: Token needed
[10/05/26 07:31:38] D2BS 14068: act5+ BO
[10/05/26 07:31:52] D2BS 14068: ÿc4=== [BAAL] ===
[10/05/26 07:35:23] D2BS 14068: ÿc4=== [COUNTESS] ===
[10/05/26 07:36:36] D2BS 14068: ÿc4=== [PIT] ===
[10/05/26 07:38:17] D2BS 14068: ÿc4=== [ANDY] ===
[10/05/26 07:39:09] D2BS 14068: ÿc4=== [MEPHISTO] ===
[10/05/26 07:40:53] D2BS 14068: ÿc4=== [DIABLO] ===
[10/05/26 07:48:07] D2BS 14068: party has left: fowo-xb
[10/05/26 07:48:07] D2BS 14068:  [17:09] +41.16% / [Level 83] 58.65%
[10/05/26 07:48:07] D2BS 14068: Script threads\autobuildthread.js ended
[10/05/26 07:48:07] D2BS 14068: Script threads\partythread.js ended
[10/05/26 07:48:07] D2BS 14068: Script threads\townchicken.js ended
[10/05/26 07:48:07] D2BS 14068: Script default.dbj ended
[10/05/26 07:48:20] D2BS 14068: joining game pz-100
[10/05/26 07:48:23] D2BS 14068: ÿc2D2BSÿc0 :: Starting default.dbj
[10/05/26 07:48:23] D2BS 14068: ÿc2D2BSÿc0 :: default.dbj running.
[10/05/26 07:48:23] D2BS 14068: Loaded ÿc9[X.nip] [Y.nip] [Z.nip] [V.nip] [N.SUMM.nip]
[10/05/26 07:48:23] D2BS 14068: Loaded ÿc9[N.SUMM.js]
[10/05/26 07:48:23] D2BS 14068: equipped: [Head] 13
[10/05/26 07:48:23] D2BS 14068: equipped: [Neck] 12
[10/05/26 07:48:23] D2BS 14068: equipped: [Body] 17
[10/05/26 07:48:23] D2BS 14068: equipped: [ArmR] 24
[10/05/26 07:48:23] D2BS 14068: equipped: [ArmL] 26
[10/05/26 07:48:23] D2BS 14068: equipped: [RingR] 12
[10/05/26 07:48:23] D2BS 14068: equipped: [RingL] 11
[10/05/26 07:48:23] D2BS 14068: equipped: [Belt] 15
[10/05/26 07:48:23] D2BS 14068: equipped: [Boots] 12
[10/05/26 07:48:23] D2BS 14068: equipped: [Mitts] 11
[10/05/26 07:48:23] D2BS 14068: updateStat
[10/05/26 07:48:23] D2BS 14068: granted: [Head] 13
[10/05/26 07:48:23] D2BS 14068: granted: [Body] 18
[10/05/26 07:48:23] D2BS 14068: granted: [ArmR] 19
[10/05/26 07:48:23] D2BS 14068: Loaded ÿc9[AutoSmurf.js]
[10/05/26 07:48:27] D2BS 14068: farmingON
[10/05/26 07:48:29] D2BS 14068: MiniShopBot: true
[10/05/26 07:48:29] D2BS 14068: UseMerc: true HP: 70
[10/05/26 07:48:48] D2BS 14068: Merc matched: Thorns
[10/05/26 07:48:58] D2BS 14068: Token needed
[10/05/26 07:49:02] D2BS 14068: act5+ BO
[10/05/26 07:49:15] D2BS 14068: ÿc4=== [BAAL] ===
[10/05/26 07:49:27] D2BS 14068: Baal failed: souls found
[10/05/26 07:49:27] D2BS 14068: ÿc4=== [COUNTESS] ===
[10/05/26 07:50:37] D2BS 14068: ÿc4=== [PIT] ===
[10/05/26 07:52:19] D2BS 14068: ÿc4=== [ANDY] ===
[10/05/26 07:53:21] D2BS 14068: ÿc4=== [MEPHISTO] ===
[10/05/26 07:54:58] D2BS 14068: ÿc4=== [DIABLO] ===
[10/05/26 07:59:46] D2BS 14068: party has left: fowo-xd
[10/05/26 07:59:46] D2BS 14068:  [11:24] +15.39% / [Level 83] 74.03%
[10/05/26 07:59:46] D2BS 14068: Script threads\autobuildthread.js ended
[10/05/26 07:59:46] D2BS 14068: Script threads\partythread.js ended
[10/05/26 07:59:46] D2BS 14068: Script threads\townchicken.js ended
[10/05/26 07:59:46] D2BS 14068: Script default.dbj ended
[10/05/26 07:59:57] D2BS 14068: joining game pz-101
[10/05/26 08:00:00] D2BS 14068: ÿc2D2BSÿc0 :: Starting default.dbj
[10/05/26 08:00:00] D2BS 14068: ÿc2D2BSÿc0 :: default.dbj running.
[10/05/26 08:00:00] D2BS 14068: Loaded ÿc9[X.nip] [Y.nip] [Z.nip] [V.nip] [N.SUMM.nip]
[10/05/26 08:00:00] D2BS 14068: Loaded ÿc9[N.SUMM.js]
[10/05/26 08:00:00] D2BS 14068: equipped: [Head] 13
[10/05/26 08:00:00] D2BS 14068: equipped: [Neck] 12
[10/05/26 08:00:00] D2BS 14068: equipped: [Body] 17
[10/05/26 08:00:00] D2BS 14068: equipped: [ArmR] 24
[10/05/26 08:00:00] D2BS 14068: equipped: [ArmL] 26
[10/05/26 08:00:00] D2BS 14068: equipped: [RingR] 12
[10/05/26 08:00:00] D2BS 14068: equipped: [RingL] 11
[10/05/26 08:00:00] D2BS 14068: equipped: [Belt] 15
[10/05/26 08:00:00] D2BS 14068: equipped: [Boots] 12
[10/05/26 08:00:00] D2BS 14068: equipped: [Mitts] 11
[10/05/26 08:00:00] D2BS 14068: Loaded ÿc9[AutoSmurf.js]
[10/05/26 08:00:04] D2BS 14068: MiniShopBot: true
[10/05/26 08:00:04] D2BS 14068: farmingON
[10/05/26 08:00:04] D2BS 14068: UseMerc: true HP: 70
[10/05/26 08:00:23] D2BS 14068: Merc matched: Thorns
[10/05/26 08:00:35] D2BS 14068: Token needed
[10/05/26 08:00:39] D2BS 14068: act5+ BO
[10/05/26 08:00:41] D2BS 14068: updateStat
[10/05/26 08:00:54] D2BS 14068: ÿc4=== [BAAL] ===
[10/05/26 08:03:40] D2BS 14068: party has left: fowo-xd
[10/05/26 08:03:40] D2BS 14068:  [03:39] +16.67% / [Level 83] 90.71%
[10/05/26 08:03:40] D2BS 14068: Script threads\autobuildthread.js ended
[10/05/26 08:03:40] D2BS 14068: Script threads\partythread.js ended
[10/05/26 08:03:40] D2BS 14068: Script threads\townchicken.js ended
[10/05/26 08:03:40] D2BS 14068: Script default.dbj ended
[10/05/26 08:03:53] D2BS 14068: joining game pz-102
[10/05/26 08:03:54] D2BS 14068: ÿc2D2BSÿc0 :: Starting default.dbj
[10/05/26 08:03:54] D2BS 14068: ÿc2D2BSÿc0 :: default.dbj running.
[10/05/26 08:03:54] D2BS 14068: Loaded ÿc9[X.nip] [Y.nip] [Z.nip] [V.nip] [N.SUMM.nip]
[10/05/26 08:03:54] D2BS 14068: Loaded ÿc9[N.SUMM.js]
[10/05/26 08:03:54] D2BS 14068: equipped: [Head] 13
[10/05/26 08:03:54] D2BS 14068: equipped: [Neck] 12
[10/05/26 08:03:54] D2BS 14068: equipped: [Body] 17
[10/05/26 08:03:54] D2BS 14068: equipped: [ArmR] 24
[10/05/26 08:03:54] D2BS 14068: equipped: [ArmL] 26
[10/05/26 08:03:54] D2BS 14068: equipped: [RingR] 12
[10/05/26 08:03:54] D2BS 14068: equipped: [RingL] 11
[10/05/26 08:03:54] D2BS 14068: equipped: [Belt] 15
[10/05/26 08:03:54] D2BS 14068: equipped: [Boots] 12
[10/05/26 08:03:54] D2BS 14068: equipped: [Mitts] 11
[10/05/26 08:03:54] D2BS 14068: updateStat
[10/05/26 08:03:55] D2BS 14068: granted: [Head] 13
[10/05/26 08:03:55] D2BS 14068: granted: [Body] 18
[10/05/26 08:03:55] D2BS 14068: granted: [ArmR] 19
[10/05/26 08:03:55] D2BS 14068: Loaded ÿc9[AutoSmurf.js]
[10/05/26 08:03:56] D2BS 14068: MiniShopBot: true
[10/05/26 08:03:57] D2BS 14068: farmingON
[10/05/26 08:03:57] D2BS 14068: UseMerc: true HP: 70
[10/05/26 08:04:13] D2BS 14068: Merc matched: Thorns
[10/05/26 08:04:22] D2BS 14068: Token needed
[10/05/26 08:04:26] D2BS 14068: act5+ BO
[10/05/26 08:04:39] D2BS 14068: ÿc4=== [BAAL] ===
[10/05/26 08:05:01] D2BS 14068: Baal failed: souls found
[10/05/26 08:05:01] D2BS 14068: ÿc4=== [COUNTESS] ===
[10/05/26 08:06:03] D2BS 14068: ÿc4=== [PIT] ===
[10/05/26 08:08:08] D2BS 14068: ÿc4=== [ANDY] ===
[10/05/26 08:09:05] D2BS 14068: ÿc4=== [MEPHISTO] ===
[10/05/26 08:10:32] D2BS 14068: ÿc4=== [DIABLO] ===
[10/05/26 08:16:49] D2BS 14068: Script ended
[10/05/26 08:16:49] D2BS 14068:  [12:56] +17.51% / [Level 84] 8.98%
[10/05/26 08:16:49] D2BS 14068: Script threads\autobuildthread.js ended
[10/05/26 08:16:49] D2BS 14068: Script threads\partythread.js ended
[10/05/26 08:16:50] D2BS 14068: Script threads\townchicken.js ended
[10/05/26 08:17:03] D2BS 14068: joining game pz-103
[10/05/26 08:17:05] D2BS 14068: ÿc2D2BSÿc0 :: Starting default.dbj
[10/05/26 08:17:05] D2BS 14068: ÿc2D2BSÿc0 :: default.dbj running.
[10/05/26 08:17:05] D2BS 14068: Loaded ÿc9[X.nip] [Y.nip] [Z.nip] [V.nip] [N.SUMM.nip]
[10/05/26 08:17:05] D2BS 14068: Loaded ÿc9[N.SUMM.js]
[10/05/26 08:17:05] D2BS 14068: equipped: [Head] 13
[10/05/26 08:17:05] D2BS 14068: equipped: [Neck] 12
[10/05/26 08:17:05] D2BS 14068: equipped: [Body] 17
[10/05/26 08:17:05] D2BS 14068: equipped: [ArmR] 24
[10/05/26 08:17:05] D2BS 14068: equipped: [ArmL] 26
[10/05/26 08:17:05] D2BS 14068: equipped: [RingR] 12
[10/05/26 08:17:05] D2BS 14068: equipped: [RingL] 11
[10/05/26 08:17:05] D2BS 14068: equipped: [Belt] 15
[10/05/26 08:17:05] D2BS 14068: equipped: [Boots] 12
[10/05/26 08:17:05] D2BS 14068: equipped: [Mitts] 11
[10/05/26 08:17:05] D2BS 14068: updateStat
[10/05/26 08:17:05] D2BS 14068: granted: [Head] 13
[10/05/26 08:17:05] D2BS 14068: granted: [Body] 18
[10/05/26 08:17:05] D2BS 14068: granted: [ArmR] 19
[10/05/26 08:17:05] D2BS 14068: Loaded ÿc9[AutoSmurf.js]
[10/05/26 08:17:11] D2BS 14068: farmingON
[10/05/26 08:17:14] D2BS 14068: MiniShopBot: true
[10/05/26 08:17:14] D2BS 14068: UseMerc: true HP: 70
[10/05/26 08:17:34] D2BS 14068: equipped: [Mitts] 12
[10/05/26 08:17:35] D2BS 14068: Merc matched: Thorns
[10/05/26 08:17:48] D2BS 14068: Token needed
[10/05/26 08:17:52] D2BS 14068: act5+ BO
[10/05/26 08:18:06] D2BS 14068: ÿc4=== [BAAL] ===
[10/05/26 08:23:53] D2BS 14068: party has left: fowo-xh
[10/05/26 08:23:53] D2BS 14068:  [06:48] +12.99% / [Level 84] 21.97%
[10/05/26 08:23:53] D2BS 14068: Script threads\autobuildthread.js ended
[10/05/26 08:23:53] D2BS 14068: Script threads\partythread.js ended
[10/05/26 08:23:53] D2BS 14068: Script threads\townchicken.js ended
[10/05/26 08:23:53] D2BS 14068: Script default.dbj ended
[10/05/26 08:24:06] D2BS 14068: joining game pz-104
[10/05/26 08:24:08] D2BS 14068: ÿc2D2BSÿc0 :: Starting default.dbj
[10/05/26 08:24:08] D2BS 14068: ÿc2D2BSÿc0 :: default.dbj running.
[10/05/26 08:24:08] D2BS 14068: Loaded ÿc9[X.nip] [Y.nip] [Z.nip] [V.nip] [N.SUMM.nip]
[10/05/26 08:24:08] D2BS 14068: Loaded ÿc9[N.SUMM.js]
[10/05/26 08:24:08] D2BS 14068: equipped: [Head] 13
[10/05/26 08:24:08] D2BS 14068: equipped: [Neck] 12
[10/05/26 08:24:08] D2BS 14068: equipped: [Body] 17
[10/05/26 08:24:08] D2BS 14068: equipped: [ArmR] 24
[10/05/26 08:24:08] D2BS 14068: equipped: [ArmL] 26
[10/05/26 08:24:08] D2BS 14068: equipped: [RingR] 12
[10/05/26 08:24:08] D2BS 14068: equipped: [RingL] 11
[10/05/26 08:24:08] D2BS 14068: equipped: [Belt] 15
[10/05/26 08:24:08] D2BS 14068: equipped: [Boots] 12
[10/05/26 08:24:08] D2BS 14068: equipped: [Mitts] 12
[10/05/26 08:24:08] D2BS 14068: Loaded ÿc9[AutoSmurf.js]
[10/05/26 08:24:10] D2BS 14068: farmingON
[10/05/26 08:24:10] D2BS 14068: MiniShopBot: true
[10/05/26 08:24:10] D2BS 14068: UseMerc: true HP: 70
[10/05/26 08:24:31] D2BS 14068: equipped: [RingL] 12
[10/05/26 08:24:31] D2BS 14068: Merc matched: Thorns
[10/05/26 08:24:39] D2BS 14068: Token needed
[10/05/26 08:24:43] D2BS 14068: act5+ BO
[10/05/26 08:24:45] D2BS 14068: updateStat
[10/05/26 08:24:56] D2BS 14068: ÿc4=== [BAAL] ===
[10/05/26 08:25:03] D2BS 14068: party has left: fowo-xa
[10/05/26 08:25:03] D2BS 14068: no exp [00:56]
[10/05/26 08:25:03] D2BS 14068: Script threads\autobuildthread.js ended
[10/05/26 08:25:03] D2BS 14068: Script threads\partythread.js ended
[10/05/26 08:25:03] D2BS 14068: Script threads\townchicken.js ended
[10/05/26 08:25:03] D2BS 14068: Script default.dbj ended
[10/05/26 08:25:16] D2BS 14068: joining game pz-105
[10/05/26 08:25:18] D2BS 14068: ÿc2D2BSÿc0 :: Starting default.dbj
[10/05/26 08:25:18] D2BS 14068: ÿc2D2BSÿc0 :: default.dbj running.
[10/05/26 08:25:18] D2BS 14068: Loaded ÿc9[X.nip] [Y.nip] [Z.nip] [V.nip] [N.SUMM.nip]
[10/05/26 08:25:18] D2BS 14068: Loaded ÿc9[N.SUMM.js]
[10/05/26 08:25:18] D2BS 14068: equipped: [Head] 13
[10/05/26 08:25:18] D2BS 14068: equipped: [Neck] 12
[10/05/26 08:25:18] D2BS 14068: equipped: [Body] 17
[10/05/26 08:25:18] D2BS 14068: equipped: [ArmR] 24
[10/05/26 08:25:18] D2BS 14068: equipped: [ArmL] 26
[10/05/26 08:25:18] D2BS 14068: equipped: [RingR] 12
[10/05/26 08:25:18] D2BS 14068: equipped: [RingL] 12
[10/05/26 08:25:18] D2BS 14068: equipped: [Belt] 15
[10/05/26 08:25:18] D2BS 14068: equipped: [Boots] 12
[10/05/26 08:25:18] D2BS 14068: equipped: [Mitts] 12
[10/05/26 08:25:18] D2BS 14068: updateStat
[10/05/26 08:25:18] D2BS 14068: granted: [Head] 13
[10/05/26 08:25:18] D2BS 14068: granted: [Body] 18
[10/05/26 08:25:18] D2BS 14068: granted: [ArmR] 19
[10/05/26 08:25:18] D2BS 14068: Loaded ÿc9[AutoSmurf.js]
[10/05/26 08:25:20] D2BS 14068: farmingON
[10/05/26 08:25:21] D2BS 14068: MiniShopBot: true
[10/05/26 08:25:21] D2BS 14068: UseMerc: true HP: 70
[10/05/26 08:25:37] D2BS 14068: Merc matched: Thorns
[10/05/26 08:25:44] D2BS 14068: Token needed
[10/05/26 08:25:48] D2BS 14068: act5+ BO
[10/05/26 08:26:01] D2BS 14068: ÿc4=== [BAAL] ===
[10/05/26 08:29:03] D2BS 14068: ÿc4=== [COUNTESS] ===
[10/05/26 08:30:17] D2BS 14068: ÿc4=== [PIT] ===
[10/05/26 08:31:47] D2BS 14068: ÿc4=== [ANDY] ===
[10/05/26 08:32:46] D2BS 14068: ÿc4=== [MEPHISTO] ===
[10/05/26 08:34:13] D2BS 14068: ÿc4=== [DIABLO] ===
[10/05/26 08:37:31] D2BS 14068: updateStat
[10/05/26 08:39:39] D2BS 14068: party has left: fowo-xe
[10/05/26 08:39:39] D2BS 14068:  [14:21] +24.05% / [Level 84] 46.02%
[10/05/26 08:39:39] D2BS 14068: Script threads\autobuildthread.js ended
[10/05/26 08:39:39] D2BS 14068: Script threads\partythread.js ended
[10/05/26 08:39:39] D2BS 14068: Script threads\townchicken.js ended
[10/05/26 08:39:39] D2BS 14068: Script default.dbj ended
[10/05/26 08:39:52] D2BS 14068: joining game pz-106
[10/05/26 08:39:54] D2BS 14068: ÿc2D2BSÿc0 :: Starting default.dbj
[10/05/26 08:39:54] D2BS 14068: ÿc2D2BSÿc0 :: default.dbj running.
[10/05/26 08:39:54] D2BS 14068: Loaded ÿc9[X.nip] [Y.nip] [Z.nip] [V.nip] [N.SUMM.nip]
[10/05/26 08:39:54] D2BS 14068: Loaded ÿc9[N.SUMM.js]
[10/05/26 08:39:54] D2BS 14068: equipped: [Head] 13
[10/05/26 08:39:54] D2BS 14068: equipped: [Neck] 12
[10/05/26 08:39:54] D2BS 14068: equipped: [Body] 17
[10/05/26 08:39:54] D2BS 14068: equipped: [ArmR] 24
[10/05/26 08:39:54] D2BS 14068: equipped: [ArmL] 26
[10/05/26 08:39:54] D2BS 14068: equipped: [RingR] 12
[10/05/26 08:39:54] D2BS 14068: equipped: [RingL] 12
[10/05/26 08:39:54] D2BS 14068: equipped: [Belt] 15
[10/05/26 08:39:54] D2BS 14068: equipped: [Boots] 12
[10/05/26 08:39:54] D2BS 14068: equipped: [Mitts] 12
[10/05/26 08:39:54] D2BS 14068: updateStat
[10/05/26 08:39:54] D2BS 14068: granted: [Head] 13
[10/05/26 08:39:54] D2BS 14068: granted: [Body] 18
[10/05/26 08:39:54] D2BS 14068: granted: [ArmR] 19
[10/05/26 08:39:54] D2BS 14068: Loaded ÿc9[AutoSmurf.js]
[10/05/26 08:39:59] D2BS 14068: farmingON
[10/05/26 08:39:59] D2BS 14068: MiniShopBot: true
[10/05/26 08:39:59] D2BS 14068: UseMerc: true HP: 70
[10/05/26 08:40:18] D2BS 14068: Merc matched: Thorns
[10/05/26 08:40:30] D2BS 14068: Token needed
[10/05/26 08:40:34] D2BS 14068: act5+ BO
[10/05/26 08:40:48] D2BS 14068: ÿc4=== [BAAL] ===
[10/05/26 08:40:56] D2BS 14068: party has left: fowo-xa
[10/05/26 08:40:56] D2BS 14068: no exp [01:02]
[10/05/26 08:40:56] D2BS 14068: Script threads\autobuildthread.js ended
[10/05/26 08:40:56] D2BS 14068: Script threads\partythread.js ended
[10/05/26 08:40:56] D2BS 14068: Script threads\townchicken.js ended
[10/05/26 08:40:56] D2BS 14068: Script default.dbj ended
[10/05/26 08:41:08] D2BS 14068: joining game pz-107
[10/05/26 08:41:10] D2BS 14068: ÿc2D2BSÿc0 :: Starting default.dbj
[10/05/26 08:41:10] D2BS 14068: ÿc2D2BSÿc0 :: default.dbj running.
[10/05/26 08:41:10] D2BS 14068: Loaded ÿc9[X.nip] [Y.nip] [Z.nip] [V.nip] [N.SUMM.nip]
[10/05/26 08:41:10] D2BS 14068: Loaded ÿc9[N.SUMM.js]
[10/05/26 08:41:10] D2BS 14068: equipped: [Head] 13
[10/05/26 08:41:10] D2BS 14068: equipped: [Neck] 12
[10/05/26 08:41:10] D2BS 14068: equipped: [Body] 17
[10/05/26 08:41:10] D2BS 14068: equipped: [ArmR] 24
[10/05/26 08:41:10] D2BS 14068: equipped: [ArmL] 26
[10/05/26 08:41:10] D2BS 14068: equipped: [RingR] 12
[10/05/26 08:41:10] D2BS 14068: equipped: [RingL] 12
[10/05/26 08:41:10] D2BS 14068: equipped: [Belt] 15
[10/05/26 08:41:10] D2BS 14068: equipped: [Boots] 12
[10/05/26 08:41:10] D2BS 14068: equipped: [Mitts] 12
[10/05/26 08:41:10] D2BS 14068: updateStat
[10/05/26 08:41:10] D2BS 14068: granted: [Head] 13
[10/05/26 08:41:10] D2BS 14068: granted: [Body] 18
[10/05/26 08:41:10] D2BS 14068: granted: [ArmR] 19
[10/05/26 08:41:10] D2BS 14068: Loaded ÿc9[AutoSmurf.js]
[10/05/26 08:41:12] D2BS 14068: farmingON
[10/05/26 08:41:13] D2BS 14068: MiniShopBot: true
[10/05/26 08:41:13] D2BS 14068: UseMerc: true HP: 70
[10/05/26 08:41:27] D2BS 14068: Merc matched: Thorns
[10/05/26 08:41:36] D2BS 14068: Token needed
[10/05/26 08:41:40] D2BS 14068: act5+ BO
[10/05/26 08:41:53] D2BS 14068: ÿc4=== [BAAL] ===
[10/05/26 08:42:10] D2BS 14068: Baal failed: souls found
[10/05/26 08:42:10] D2BS 14068: ÿc4=== [COUNTESS] ===
[10/05/26 08:43:52] D2BS 14068: ÿc4=== [PIT] ===
[10/05/26 08:45:36] D2BS 14068: ÿc4=== [ANDY] ===
[10/05/26 08:46:34] D2BS 14068: ÿc4=== [MEPHISTO] ===
[10/05/26 08:48:17] D2BS 14068: ÿc4=== [DIABLO] ===
[10/05/26 08:54:12] D2BS 14068: party has left: fowo-xe
[10/05/26 08:54:12] D2BS 14068:  [13:02] +18.93% / [Level 84] 64.94%
[10/05/26 08:54:12] D2BS 14068: Script threads\autobuildthread.js ended
[10/05/26 08:54:12] D2BS 14068: Script threads\partythread.js ended
[10/05/26 08:54:12] D2BS 14068: Script threads\townchicken.js ended
[10/05/26 08:54:12] D2BS 14068: Script default.dbj ended
[10/05/26 08:54:26] D2BS 14068: joining game pz-108
[10/05/26 08:54:28] D2BS 14068: ÿc2D2BSÿc0 :: Starting default.dbj
[10/05/26 08:54:28] D2BS 14068: ÿc2D2BSÿc0 :: default.dbj running.
[10/05/26 08:54:28] D2BS 14068: Loaded ÿc9[X.nip] [Y.nip] [Z.nip] [V.nip] [N.SUMM.nip]
[10/05/26 08:54:28] D2BS 14068: Loaded ÿc9[N.SUMM.js]
[10/05/26 08:54:28] D2BS 14068: equipped: [Head] 13
[10/05/26 08:54:28] D2BS 14068: equipped: [Neck] 12
[10/05/26 08:54:28] D2BS 14068: equipped: [Body] 17
[10/05/26 08:54:28] D2BS 14068: equipped: [ArmR] 24
[10/05/26 08:54:29] D2BS 14068: equipped: [ArmL] 26
[10/05/26 08:54:29] D2BS 14068: equipped: [RingR] 12
[10/05/26 08:54:29] D2BS 14068: equipped: [RingL] 12
[10/05/26 08:54:29] D2BS 14068: equipped: [Belt] 15
[10/05/26 08:54:29] D2BS 14068: equipped: [Boots] 12
[10/05/26 08:54:29] D2BS 14068: equipped: [Mitts] 12
[10/05/26 08:54:29] D2BS 14068: updateStat
[10/05/26 08:54:29] D2BS 14068: granted: [Head] 13
[10/05/26 08:54:29] D2BS 14068: granted: [Body] 18
[10/05/26 08:54:29] D2BS 14068: granted: [ArmR] 19
[10/05/26 08:54:29] D2BS 14068: Loaded ÿc9[AutoSmurf.js]
[10/05/26 08:54:34] D2BS 14068: farmingON
[10/05/26 08:54:36] D2BS 14068: MiniShopBot: true
[10/05/26 08:54:36] D2BS 14068: UseMerc: true HP: 70
[10/05/26 08:55:02] D2BS 14068: Merc matched: Thorns
[10/05/26 08:55:11] D2BS 14068: Token needed
[10/05/26 08:55:15] D2BS 14068: act5+ BO
[10/05/26 08:55:28] D2BS 14068: ÿc4=== [BAAL] ===
[10/05/26 08:55:41] D2BS 14068: Baal failed: souls found
[10/05/26 08:55:41] D2BS 14068: ÿc4=== [COUNTESS] ===
[10/05/26 08:56:42] D2BS 14068: ÿc4=== [PIT] ===
[10/05/26 08:58:09] D2BS 14068: ÿc4=== [ANDY] ===
[10/05/26 08:58:59] D2BS 14068: ÿc4=== [MEPHISTO] ===
[10/05/26 09:00:39] D2BS 14068: ÿc4=== [DIABLO] ===
[10/05/26 09:03:11] D2BS 14068: party has left: fowo-xa
[10/05/26 09:03:11] D2BS 14068:  [08:43] +10.07% / [Level 84] 75.01%
[10/05/26 09:03:11] D2BS 14068: Script threads\autobuildthread.js ended
[10/05/26 09:03:11] D2BS 14068: Script threads\partythread.js ended
[10/05/26 09:03:11] D2BS 14068: Script threads\townchicken.js ended
[10/05/26 09:03:11] D2BS 14068: Script default.dbj ended
[10/05/26 09:03:26] D2BS 14068: joining game pz-109
[10/05/26 09:03:27] D2BS 14068: ÿc2D2BSÿc0 :: Starting default.dbj
[10/05/26 09:03:27] D2BS 14068: ÿc2D2BSÿc0 :: default.dbj running.
[10/05/26 09:03:27] D2BS 14068: Loaded ÿc9[X.nip] [Y.nip] [Z.nip] [V.nip] [N.SUMM.nip]
[10/05/26 09:03:27] D2BS 14068: Loaded ÿc9[N.SUMM.js]
[10/05/26 09:03:27] D2BS 14068: equipped: [Head] 13
[10/05/26 09:03:27] D2BS 14068: equipped: [Neck] 12
[10/05/26 09:03:27] D2BS 14068: equipped: [Body] 17
[10/05/26 09:03:27] D2BS 14068: equipped: [ArmR] 24
[10/05/26 09:03:27] D2BS 14068: equipped: [ArmL] 26
[10/05/26 09:03:27] D2BS 14068: equipped: [RingR] 12
[10/05/26 09:03:28] D2BS 14068: equipped: [RingL] 12
[10/05/26 09:03:28] D2BS 14068: equipped: [Belt] 15
[10/05/26 09:03:28] D2BS 14068: equipped: [Boots] 12
[10/05/26 09:03:28] D2BS 14068: equipped: [Mitts] 12
[10/05/26 09:03:28] D2BS 14068: Loaded ÿc9[AutoSmurf.js]
[10/05/26 09:03:33] D2BS 14068: farmingON
[10/05/26 09:03:34] D2BS 14068: MiniShopBot: true
[10/05/26 09:03:34] D2BS 14068: UseMerc: true HP: 70
[10/05/26 09:03:43] D2BS 14068: updateStat
[10/05/26 09:03:43] D2BS 14068: granted: [Head] 13
[10/05/26 09:03:43] D2BS 14068: granted: [Body] 18
[10/05/26 09:03:43] D2BS 14068: granted: [ArmR] 19
[10/05/26 09:04:02] D2BS 14068: Merc matched: Thorns
[10/05/26 09:04:06] D2BS 14068: Token needed
[10/05/26 09:04:10] D2BS 14068: act5+ BO
[10/05/26 09:04:12] D2BS 14068: updateStat
[10/05/26 09:04:24] D2BS 14068: ÿc4=== [BAAL] ===
[10/05/26 09:08:12] D2BS 14068: ÿc4=== [COUNTESS] ===
[10/05/26 09:09:45] D2BS 14068: ÿc4=== [PIT] ===
[10/05/26 09:11:49] D2BS 14068: ÿc4=== [ANDY] ===
[10/05/26 09:12:37] D2BS 14068: ÿc4=== [MEPHISTO] ===
[10/05/26 09:14:18] D2BS 14068: ÿc4=== [DIABLO] ===
[10/05/26 09:20:48] D2BS 14068: party has left: fowo-xe
[10/05/26 09:20:48] D2BS 14068:  [17:21] +29.94% / [Level 85] 7.01%
[10/05/26 09:20:48] D2BS 14068: Script threads\autobuildthread.js ended
[10/05/26 09:20:48] D2BS 14068: Script threads\partythread.js ended
[10/05/26 09:20:48] D2BS 14068: Script threads\townchicken.js ended
[10/05/26 09:20:49] D2BS 14068: Script default.dbj ended
[10/05/26 09:21:01] D2BS 14068: joining game pz-110
[10/05/26 09:21:02] D2BS 14068: ÿc2D2BSÿc0 :: Starting default.dbj
[10/05/26 09:21:02] D2BS 14068: ÿc2D2BSÿc0 :: default.dbj running.
[10/05/26 09:21:03] D2BS 14068: Loaded ÿc9[X.nip] [Y.nip] [Z.nip] [V.nip] [N.SUMM.nip]
[10/05/26 09:21:03] D2BS 14068: Loaded ÿc9[N.SUMM.js]
[10/05/26 09:21:03] D2BS 14068: equipped: [Head] 13
[10/05/26 09:21:03] D2BS 14068: equipped: [Neck] 12
[10/05/26 09:21:03] D2BS 14068: equipped: [Body] 17
[10/05/26 09:21:03] D2BS 14068: equipped: [ArmR] 24
[10/05/26 09:21:03] D2BS 14068: equipped: [ArmL] 26
[10/05/26 09:21:03] D2BS 14068: equipped: [RingR] 12
[10/05/26 09:21:03] D2BS 14068: equipped: [RingL] 12
[10/05/26 09:21:03] D2BS 14068: equipped: [Belt] 15
[10/05/26 09:21:03] D2BS 14068: equipped: [Boots] 12
[10/05/26 09:21:03] D2BS 14068: equipped: [Mitts] 12
[10/05/26 09:21:03] D2BS 14068: updateStat
[10/05/26 09:21:03] D2BS 14068: granted: [Head] 13
[10/05/26 09:21:03] D2BS 14068: granted: [Body] 18
[10/05/26 09:21:03] D2BS 14068: granted: [ArmR] 19
[10/05/26 09:21:03] D2BS 14068: Loaded ÿc9[AutoSmurf.js]
[10/05/26 09:21:08] D2BS 14068: farmingON
[10/05/26 09:21:09] D2BS 14068: MiniShopBot: true
[10/05/26 09:21:09] D2BS 14068: UseMerc: true HP: 70
[10/05/26 09:21:28] D2BS 14068: Merc matched: Thorns
[10/05/26 09:21:41] D2BS 14068: Token needed
[10/05/26 09:21:46] D2BS 14068: act5+ BO
[10/05/26 09:22:00] D2BS 14068: ÿc4=== [BAAL] ===
[10/05/26 09:22:07] D2BS 14068: party has left: fowo-xa
[10/05/26 09:22:07] D2BS 14068: no exp [01:05]
[10/05/26 09:22:07] D2BS 14068: Script threads\autobuildthread.js ended
[10/05/26 09:22:07] D2BS 14068: Script threads\partythread.js ended
[10/05/26 09:22:07] D2BS 14068: Script threads\townchicken.js ended
[10/05/26 09:22:07] D2BS 14068: Script default.dbj ended
[10/05/26 09:22:20] D2BS 14068: joining game pz-111
[10/05/26 09:22:21] D2BS 14068: ÿc2D2BSÿc0 :: Starting default.dbj
[10/05/26 09:22:21] D2BS 14068: ÿc2D2BSÿc0 :: default.dbj running.
[10/05/26 09:22:22] D2BS 14068: Loaded ÿc9[X.nip] [Y.nip] [Z.nip] [V.nip] [N.SUMM.nip]
[10/05/26 09:22:22] D2BS 14068: Loaded ÿc9[N.SUMM.js]
[10/05/26 09:22:22] D2BS 14068: equipped: [Head] 13
[10/05/26 09:22:22] D2BS 14068: equipped: [Neck] 12
[10/05/26 09:22:22] D2BS 14068: equipped: [Body] 17
[10/05/26 09:22:22] D2BS 14068: equipped: [ArmR] 24
[10/05/26 09:22:22] D2BS 14068: equipped: [ArmL] 26
[10/05/26 09:22:22] D2BS 14068: equipped: [RingR] 12
[10/05/26 09:22:22] D2BS 14068: equipped: [RingL] 12
[10/05/26 09:22:22] D2BS 14068: equipped: [Belt] 15
[10/05/26 09:22:22] D2BS 14068: equipped: [Boots] 12
[10/05/26 09:22:22] D2BS 14068: equipped: [Mitts] 12
[10/05/26 09:22:22] D2BS 14068: updateStat
[10/05/26 09:22:22] D2BS 14068: granted: [Head] 13
[10/05/26 09:22:22] D2BS 14068: granted: [Body] 18
[10/05/26 09:22:22] D2BS 14068: granted: [ArmR] 19
[10/05/26 09:22:22] D2BS 14068: Loaded ÿc9[AutoSmurf.js]
[10/05/26 09:22:24] D2BS 14068: MiniShopBot: true
[10/05/26 09:22:24] D2BS 14068: farmingON
[10/05/26 09:22:24] D2BS 14068: UseMerc: true HP: 70
[10/05/26 09:22:37] D2BS 14068: Merc matched: Thorns
[10/05/26 09:22:49] D2BS 14068: Token needed
[10/05/26 09:22:52] D2BS 14068: act5+ BO
[10/05/26 09:23:04] D2BS 14068: ÿc4=== [BAAL] ===
[10/05/26 09:23:13] D2BS 14068: party has left: fowo-xa
[10/05/26 09:23:13] D2BS 14068: no exp [00:52]
[10/05/26 09:23:13] D2BS 14068: Script threads\autobuildthread.js ended
[10/05/26 09:23:13] D2BS 14068: Script threads\partythread.js ended
[10/05/26 09:23:14] D2BS 14068: Script threads\townchicken.js ended
[10/05/26 09:23:14] D2BS 14068: Script default.dbj ended
[10/05/26 09:23:29] D2BS 14068: joining game pz-112
[10/05/26 09:23:30] D2BS 14068: ÿc2D2BSÿc0 :: Starting default.dbj
[10/05/26 09:23:30] D2BS 14068: ÿc2D2BSÿc0 :: default.dbj running.
[10/05/26 09:23:30] D2BS 14068: Loaded ÿc9[X.nip] [Y.nip] [Z.nip] [V.nip] [N.SUMM.nip]
[10/05/26 09:23:30] D2BS 14068: Loaded ÿc9[N.SUMM.js]
[10/05/26 09:23:30] D2BS 14068: equipped: [Head] 13
[10/05/26 09:23:30] D2BS 14068: equipped: [Neck] 12
[10/05/26 09:23:30] D2BS 14068: equipped: [Body] 17
[10/05/26 09:23:30] D2BS 14068: equipped: [ArmR] 24
[10/05/26 09:23:30] D2BS 14068: equipped: [ArmL] 26
[10/05/26 09:23:30] D2BS 14068: equipped: [RingR] 12
[10/05/26 09:23:30] D2BS 14068: equipped: [RingL] 12
[10/05/26 09:23:30] D2BS 14068: equipped: [Belt] 15
[10/05/26 09:23:30] D2BS 14068: equipped: [Boots] 12
[10/05/26 09:23:31] D2BS 14068: equipped: [Mitts] 12
[10/05/26 09:23:31] D2BS 14068: updateStat
[10/05/26 09:23:31] D2BS 14068: granted: [Head] 13
[10/05/26 09:23:31] D2BS 14068: granted: [Body] 18
[10/05/26 09:23:31] D2BS 14068: granted: [ArmR] 19
[10/05/26 09:23:31] D2BS 14068: Loaded ÿc9[AutoSmurf.js]
[10/05/26 09:23:33] D2BS 14068: MiniShopBot: true
[10/05/26 09:23:33] D2BS 14068: farmingON
[10/05/26 09:23:33] D2BS 14068: UseMerc: true HP: 70
[10/05/26 09:23:53] D2BS 14068: Merc matched: Thorns
[10/05/26 09:24:00] D2BS 14068: Token needed
[10/05/26 09:24:03] D2BS 14068: act5+ BO
[10/05/26 09:24:16] D2BS 14068: ÿc4=== [BAAL] ===
[10/05/26 09:27:40] D2BS 14068: ÿc4=== [COUNTESS] ===
[10/05/26 09:28:54] D2BS 14068: ÿc4=== [PIT] ===
[10/05/26 09:30:37] D2BS 14068: ÿc4=== [ANDY] ===
[10/05/26 09:31:51] D2BS 14068: ÿc4=== [MEPHISTO] ===
[10/05/26 09:33:02] D2BS 14068: ÿc4=== [DIABLO] ===
[10/05/26 09:41:04] D2BS 14068: party has left: fowo-xa
[10/05/26 09:41:04] D2BS 14068:  [17:34] +24.53% / [Level 85] 31.54%
[10/05/26 09:41:04] D2BS 14068: Script threads\autobuildthread.js ended
[10/05/26 09:41:04] D2BS 14068: Script threads\partythread.js ended
[10/05/26 09:41:04] D2BS 14068: Script threads\townchicken.js ended
[10/05/26 09:41:04] D2BS 14068: Script default.dbj ended
[10/05/26 09:41:16] D2BS 14068: joining game pz-113
[10/05/26 09:41:17] D2BS 14068: ÿc2D2BSÿc0 :: Starting default.dbj
[10/05/26 09:41:17] D2BS 14068: ÿc2D2BSÿc0 :: default.dbj running.
[10/05/26 09:41:18] D2BS 14068: Loaded ÿc9[X.nip] [Y.nip] [Z.nip] [V.nip] [N.SUMM.nip]
[10/05/26 09:41:18] D2BS 14068: Loaded ÿc9[N.SUMM.js]
[10/05/26 09:41:18] D2BS 14068: equipped: [Head] 13
[10/05/26 09:41:18] D2BS 14068: equipped: [Neck] 12
[10/05/26 09:41:18] D2BS 14068: equipped: [Body] 17
[10/05/26 09:41:18] D2BS 14068: equipped: [ArmR] 24
[10/05/26 09:41:18] D2BS 14068: equipped: [ArmL] 26
[10/05/26 09:41:18] D2BS 14068: equipped: [RingR] 12
[10/05/26 09:41:18] D2BS 14068: equipped: [RingL] 12
[10/05/26 09:41:18] D2BS 14068: equipped: [Belt] 15
[10/05/26 09:41:18] D2BS 14068: equipped: [Boots] 12
[10/05/26 09:41:18] D2BS 14068: equipped: [Mitts] 12
[10/05/26 09:41:18] D2BS 14068: updateStat
[10/05/26 09:41:18] D2BS 14068: granted: [Head] 13
[10/05/26 09:41:18] D2BS 14068: granted: [Body] 18
[10/05/26 09:41:18] D2BS 14068: granted: [ArmR] 19
[10/05/26 09:41:18] D2BS 14068: Loaded ÿc9[AutoSmurf.js]
[10/05/26 09:41:22] D2BS 14068: farmingON
[10/05/26 09:41:25] D2BS 14068: MiniShopBot: true
[10/05/26 09:41:25] D2BS 14068: UseMerc: true HP: 70
[10/05/26 09:41:45] D2BS 14068: Merc matched: Thorns
[10/05/26 09:41:58] D2BS 14068: Token needed
[10/05/26 09:42:03] D2BS 14068: act5+ BO
[10/05/26 09:42:17] D2BS 14068: ÿc4=== [BAAL] ===
[10/05/26 09:46:11] D2BS 14068: ÿc4=== [COUNTESS] ===
[10/05/26 09:47:33] D2BS 14068: ÿc4=== [PIT] ===
[10/05/26 09:49:18] D2BS 14068: ÿc4=== [ANDY] ===
[10/05/26 09:50:36] D2BS 14068: ÿc4=== [MEPHISTO] ===
[10/05/26 09:52:02] D2BS 14068: ÿc4=== [DIABLO] ===
[10/05/26 09:59:48] D2BS 14068: party has left: fowo-xb
[10/05/26 09:59:48] D2BS 14068:  [18:30] +22.55% / [Level 85] 54.09%
[10/05/26 09:59:48] D2BS 14068: Script threads\autobuildthread.js ended
[10/05/26 09:59:48] D2BS 14068: Script threads\partythread.js ended
[10/05/26 09:59:48] D2BS 14068: Script threads\townchicken.js ended
[10/05/26 09:59:48] D2BS 14068: Script default.dbj ended
[10/05/26 10:00:00] D2BS 14068: joining game pz-114
[10/05/26 10:00:02] D2BS 14068: ÿc2D2BSÿc0 :: Starting default.dbj
[10/05/26 10:00:02] D2BS 14068: ÿc2D2BSÿc0 :: default.dbj running.
[10/05/26 10:00:03] D2BS 14068: Loaded ÿc9[X.nip] [Y.nip] [Z.nip] [V.nip] [N.SUMM.nip]
[10/05/26 10:00:03] D2BS 14068: Loaded ÿc9[N.SUMM.js]
[10/05/26 10:00:03] D2BS 14068: equipped: [Head] 13
[10/05/26 10:00:03] D2BS 14068: equipped: [Neck] 12
[10/05/26 10:00:03] D2BS 14068: equipped: [Body] 17
[10/05/26 10:00:03] D2BS 14068: equipped: [ArmR] 24
[10/05/26 10:00:03] D2BS 14068: equipped: [ArmL] 26
[10/05/26 10:00:03] D2BS 14068: equipped: [RingR] 12
[10/05/26 10:00:03] D2BS 14068: equipped: [RingL] 12
[10/05/26 10:00:03] D2BS 14068: equipped: [Belt] 15
[10/05/26 10:00:03] D2BS 14068: equipped: [Boots] 12
[10/05/26 10:00:03] D2BS 14068: equipped: [Mitts] 12
[10/05/26 10:00:03] D2BS 14068: Loaded ÿc9[AutoSmurf.js]
[10/05/26 10:00:07] D2BS 14068: farmingON
[10/05/26 10:00:10] D2BS 14068: MiniShopBot: true
[10/05/26 10:00:10] D2BS 14068: UseMerc: true HP: 70
[10/05/26 10:00:18] D2BS 14068: updateStat
[10/05/26 10:00:18] D2BS 14068: granted: [Head] 13
[10/05/26 10:00:18] D2BS 14068: granted: [Body] 18
[10/05/26 10:00:18] D2BS 14068: granted: [ArmR] 19
[10/05/26 10:00:34] D2BS 14068: Merc matched: Thorns
[10/05/26 10:00:38] D2BS 14068: Token needed
[10/05/26 10:00:42] D2BS 14068: act5+ BO
[10/05/26 10:00:44] D2BS 14068: updateStat
[10/05/26 10:00:56] D2BS 14068: ÿc4=== [BAAL] ===
[10/05/26 10:01:11] D2BS 14068: Baal failed: souls found
[10/05/26 10:01:11] D2BS 14068: ÿc4=== [COUNTESS] ===
[10/05/26 10:02:20] D2BS 14068: ÿc4=== [PIT] ===
[10/05/26 10:04:41] D2BS 14068: ÿc4=== [ANDY] ===
[10/05/26 10:05:33] D2BS 14068: ÿc4=== [MEPHISTO] ===
[10/05/26 10:06:48] D2BS 14068: ÿc4=== [DIABLO] ===
[10/05/26 10:09:34] D2BS 14068: updateStat
[10/05/26 10:13:05] D2BS 14068: party has left: fowo-xa
[10/05/26 10:13:05] D2BS 14068:  [13:03] +12.29% / [Level 85] 66.38%
[10/05/26 10:13:05] D2BS 14068: Script threads\autobuildthread.js ended
[10/05/26 10:13:05] D2BS 14068: Script threads\partythread.js ended
[10/05/26 10:13:05] D2BS 14068: Script threads\townchicken.js ended
[10/05/26 10:13:05] D2BS 14068: Script default.dbj ended
[10/05/26 10:13:17] D2BS 14068: joining game pz-115
[10/05/26 10:13:18] D2BS 14068: ÿc2D2BSÿc0 :: Starting default.dbj
[10/05/26 10:13:18] D2BS 14068: ÿc2D2BSÿc0 :: default.dbj running.
[10/05/26 10:13:19] D2BS 14068: Loaded ÿc9[X.nip] [Y.nip] [Z.nip] [V.nip] [N.SUMM.nip]
[10/05/26 10:13:19] D2BS 14068: Loaded ÿc9[N.SUMM.js]
[10/05/26 10:13:19] D2BS 14068: equipped: [Head] 13
[10/05/26 10:13:19] D2BS 14068: equipped: [Neck] 12
[10/05/26 10:13:19] D2BS 14068: equipped: [Body] 17
[10/05/26 10:13:19] D2BS 14068: equipped: [ArmR] 24
[10/05/26 10:13:19] D2BS 14068: equipped: [ArmL] 26
[10/05/26 10:13:19] D2BS 14068: equipped: [RingR] 12
[10/05/26 10:13:19] D2BS 14068: equipped: [RingL] 12
[10/05/26 10:13:19] D2BS 14068: equipped: [Belt] 15
[10/05/26 10:13:19] D2BS 14068: equipped: [Boots] 12
[10/05/26 10:13:19] D2BS 14068: equipped: [Mitts] 12
[10/05/26 10:13:19] D2BS 14068: updateStat
[10/05/26 10:13:19] D2BS 14068: granted: [Head] 13
[10/05/26 10:13:19] D2BS 14068: granted: [Body] 18
[10/05/26 10:13:19] D2BS 14068: granted: [ArmR] 19
[10/05/26 10:13:19] D2BS 14068: Loaded ÿc9[AutoSmurf.js]
[10/05/26 10:13:24] D2BS 14068: farmingON
[10/05/26 10:13:25] D2BS 14068: MiniShopBot: true
[10/05/26 10:13:25] D2BS 14068: UseMerc: true HP: 70
[10/05/26 10:13:42] D2BS 14068: equipped: [ArmR] 25
[10/05/26 10:13:42] D2BS 14068: Merc matched: Thorns
[10/05/26 10:13:54] D2BS 14068: Token needed
[10/05/26 10:13:58] D2BS 14068: act5+ BO
[10/05/26 10:14:12] D2BS 14068: ÿc4=== [BAAL] ===
[10/05/26 10:18:00] D2BS 14068: ÿc4=== [COUNTESS] ===
[10/05/26 10:19:15] D2BS 14068: ÿc4=== [PIT] ===
[10/05/26 10:20:59] D2BS 14068: ÿc4=== [ANDY] ===
[10/05/26 10:21:55] D2BS 14068: ÿc4=== [MEPHISTO] ===
[10/05/26 10:23:19] D2BS 14068: ÿc4=== [DIABLO] ===
[10/05/26 10:29:54] D2BS 14068: Script ended
[10/05/26 10:29:54] D2BS 14068:  [16:36] +22.74% / [Level 85] 89.12%
[10/05/26 10:29:54] D2BS 14068: Script threads\autobuildthread.js ended
[10/05/26 10:29:54] D2BS 14068: Script threads\partythread.js ended
[10/05/26 10:29:54] D2BS 14068: Script threads\townchicken.js ended
[10/05/26 10:30:08] D2BS 14068: joining game pz-116
[10/05/26 10:30:10] D2BS 14068: ÿc2D2BSÿc0 :: Starting default.dbj
[10/05/26 10:30:10] D2BS 14068: ÿc2D2BSÿc0 :: default.dbj running.
[10/05/26 10:30:11] D2BS 14068: Loaded ÿc9[X.nip] [Y.nip] [Z.nip] [V.nip] [N.SUMM.nip]
[10/05/26 10:30:11] D2BS 14068: Loaded ÿc9[N.SUMM.js]
[10/05/26 10:30:11] D2BS 14068: equipped: [Head] 13
[10/05/26 10:30:11] D2BS 14068: equipped: [Neck] 12
[10/05/26 10:30:11] D2BS 14068: equipped: [Body] 17
[10/05/26 10:30:11] D2BS 14068: equipped: [ArmR] 25
[10/05/26 10:30:11] D2BS 14068: equipped: [ArmL] 26
[10/05/26 10:30:11] D2BS 14068: equipped: [RingR] 12
[10/05/26 10:30:11] D2BS 14068: equipped: [RingL] 12
[10/05/26 10:30:11] D2BS 14068: equipped: [Belt] 15
[10/05/26 10:30:11] D2BS 14068: equipped: [Boots] 12
[10/05/26 10:30:11] D2BS 14068: equipped: [Mitts] 12
[10/05/26 10:30:11] D2BS 14068: updateStat
[10/05/26 10:30:11] D2BS 14068: granted: [Head] 13
[10/05/26 10:30:11] D2BS 14068: granted: [Body] 18
[10/05/26 10:30:11] D2BS 14068: granted: [ArmR] 19
[10/05/26 10:30:11] D2BS 14068: Loaded ÿc9[AutoSmurf.js]
[10/05/26 10:30:16] D2BS 14068: farmingON
[10/05/26 10:30:18] D2BS 14068: MiniShopBot: true
[10/05/26 10:30:18] D2BS 14068: UseMerc: true HP: 70
[10/05/26 10:30:42] D2BS 14068: Merc matched: Thorns
[10/05/26 10:30:47] D2BS 14068: Token needed
[10/05/26 10:30:51] D2BS 14068: act5+ BO
[10/05/26 10:31:05] D2BS 14068: ÿc4=== [BAAL] ===
[10/05/26 10:34:51] D2BS 14068: ÿc4=== [COUNTESS] ===
[10/05/26 10:36:12] D2BS 14068: ÿc4=== [PIT] ===
[10/05/26 10:38:04] D2BS 14068: ÿc4=== [ANDY] ===
[10/05/26 10:39:00] D2BS 14068: ÿc4=== [MEPHISTO] ===
[10/05/26 10:40:09] D2BS 14068: ÿc4=== [DIABLO] ===
[10/05/26 10:43:11] D2BS 14068: party has left: fowo-xf
[10/05/26 10:43:11] D2BS 14068:  [13:01] +15.76% / [Level 86] 5.77%
[10/05/26 10:43:11] D2BS 14068: Script threads\autobuildthread.js ended
[10/05/26 10:43:11] D2BS 14068: Script threads\partythread.js ended
[10/05/26 10:43:11] D2BS 14068: Script threads\townchicken.js ended
[10/05/26 10:43:11] D2BS 14068: Script default.dbj ended
[10/05/26 10:43:23] D2BS 14068: joining game pz-117
[10/05/26 10:43:25] D2BS 14068: ÿc2D2BSÿc0 :: Starting default.dbj
[10/05/26 10:43:25] D2BS 14068: ÿc2D2BSÿc0 :: default.dbj running.
[10/05/26 10:43:25] D2BS 14068: Loaded ÿc9[X.nip] [Y.nip] [Z.nip] [V.nip] [N.SUMM.nip]
[10/05/26 10:43:25] D2BS 14068: Loaded ÿc9[N.SUMM.js]
[10/05/26 10:43:25] D2BS 14068: equipped: [Head] 13
[10/05/26 10:43:25] D2BS 14068: equipped: [Neck] 12
[10/05/26 10:43:25] D2BS 14068: equipped: [Body] 17
[10/05/26 10:43:25] D2BS 14068: equipped: [ArmR] 25
[10/05/26 10:43:25] D2BS 14068: equipped: [ArmL] 26
[10/05/26 10:43:25] D2BS 14068: equipped: [RingR] 12
[10/05/26 10:43:25] D2BS 14068: equipped: [RingL] 12
[10/05/26 10:43:25] D2BS 14068: equipped: [Belt] 15
[10/05/26 10:43:25] D2BS 14068: equipped: [Boots] 12
[10/05/26 10:43:25] D2BS 14068: equipped: [Mitts] 12
[10/05/26 10:43:25] D2BS 14068: updateStat
[10/05/26 10:43:25] D2BS 14068: granted: [Head] 13
[10/05/26 10:43:25] D2BS 14068: granted: [Body] 18
[10/05/26 10:43:25] D2BS 14068: granted: [ArmR] 19
[10/05/26 10:43:26] D2BS 14068: Loaded ÿc9[AutoSmurf.js]
[10/05/26 10:43:32] D2BS 14068: farmingON
[10/05/26 10:43:32] D2BS 14068: MiniShopBot: true
[10/05/26 10:43:32] D2BS 14068: UseMerc: true HP: 70
[10/05/26 10:43:51] D2BS 14068: Merc matched: Thorns
[10/05/26 10:44:04] D2BS 14068: Token needed
[10/05/26 10:44:08] D2BS 14068: act5+ BO
[10/05/26 10:44:22] D2BS 14068: ÿc4=== [BAAL] ===
[10/05/26 10:48:15] D2BS 14068: ÿc4=== [COUNTESS] ===
[10/05/26 10:48:17] D2BS 14068: equipped: [Body] 18
[10/05/26 10:49:42] D2BS 14068: ÿc4=== [PIT] ===
[10/05/26 10:51:40] D2BS 14068: ÿc4=== [ANDY] ===
[10/05/26 10:52:51] D2BS 14068: ÿc4=== [MEPHISTO] ===
[10/05/26 10:54:11] D2BS 14068: ÿc4=== [DIABLO] ===
[10/05/26 10:54:21] D2BS 14068: [Craft] Caster Ring
[10/05/26 11:00:17] D2BS 14068: party has left: fowo-xa
[10/05/26 11:00:17] D2BS 14068:  [16:53] +18.33% / [Level 86] 24.10%
[10/05/26 11:00:17] D2BS 14068: Script threads\autobuildthread.js ended
[10/05/26 11:00:17] D2BS 14068: Script threads\partythread.js ended
[10/05/26 11:00:17] D2BS 14068: Script threads\townchicken.js ended
[10/05/26 11:00:17] D2BS 14068: Script default.dbj ended
[10/05/26 11:00:30] D2BS 14068: joining game pz-118
[10/05/26 11:00:32] D2BS 14068: ÿc2D2BSÿc0 :: Starting default.dbj
[10/05/26 11:00:32] D2BS 14068: ÿc2D2BSÿc0 :: default.dbj running.
[10/05/26 11:00:32] D2BS 14068: Loaded ÿc9[X.nip] [Y.nip] [Z.nip] [V.nip] [N.SUMM.nip]
[10/05/26 11:00:32] D2BS 14068: Loaded ÿc9[N.SUMM.js]
[10/05/26 11:00:32] D2BS 14068: equipped: [Head] 13
[10/05/26 11:00:32] D2BS 14068: equipped: [Neck] 12
[10/05/26 11:00:32] D2BS 14068: equipped: [Body] 18
[10/05/26 11:00:32] D2BS 14068: equipped: [ArmR] 25
[10/05/26 11:00:32] D2BS 14068: equipped: [ArmL] 26
[10/05/26 11:00:32] D2BS 14068: equipped: [RingR] 12
[10/05/26 11:00:32] D2BS 14068: equipped: [RingL] 12
[10/05/26 11:00:32] D2BS 14068: equipped: [Belt] 15
[10/05/26 11:00:32] D2BS 14068: equipped: [Boots] 12
[10/05/26 11:00:32] D2BS 14068: equipped: [Mitts] 12
[10/05/26 11:00:32] D2BS 14068: Loaded ÿc9[AutoSmurf.js]
[10/05/26 11:00:37] D2BS 14068: farmingON
[10/05/26 11:00:38] D2BS 14068: MiniShopBot: true
[10/05/26 11:00:38] D2BS 14068: UseMerc: true HP: 70
[10/05/26 11:00:55] D2BS 14068: Merc matched: Thorns
[10/05/26 11:01:12] D2BS 14068: Token needed
[10/05/26 11:01:16] D2BS 14068: act5+ BO
[10/05/26 11:01:18] D2BS 14068: updateStat
[10/05/26 11:01:30] D2BS 14068: ÿc4=== [BAAL] ===
[10/05/26 11:05:04] D2BS 14068: ÿc4=== [COUNTESS] ===
[10/05/26 11:06:07] D2BS 14068: ÿc4=== [PIT] ===
[10/05/26 11:07:40] D2BS 14068: ÿc4=== [ANDY] ===
[10/05/26 11:08:29] D2BS 14068: ÿc4=== [MEPHISTO] ===
[10/05/26 11:09:43] D2BS 14068: ÿc4=== [DIABLO] ===
[10/05/26 11:15:06] D2BS 14068: party has left: fowo-xb
[10/05/26 11:15:06] D2BS 14068:  [14:35] +16.93% / [Level 86] 41.03%
[10/05/26 11:15:06] D2BS 14068: Script threads\autobuildthread.js ended
[10/05/26 11:15:06] D2BS 14068: Script threads\partythread.js ended
[10/05/26 11:15:07] D2BS 14068: Script threads\townchicken.js ended
[10/05/26 11:15:07] D2BS 14068: Script default.dbj ended
[10/05/26 11:15:18] D2BS 14068: joining game pz-119
[10/05/26 11:15:20] D2BS 14068: ÿc2D2BSÿc0 :: Starting default.dbj
[10/05/26 11:15:20] D2BS 14068: ÿc2D2BSÿc0 :: default.dbj running.
[10/05/26 11:15:20] D2BS 14068: Loaded ÿc9[X.nip] [Y.nip] [Z.nip] [V.nip] [N.SUMM.nip]
[10/05/26 11:15:20] D2BS 14068: Loaded ÿc9[N.SUMM.js]
[10/05/26 11:15:20] D2BS 14068: equipped: [Head] 13
[10/05/26 11:15:20] D2BS 14068: equipped: [Neck] 12
[10/05/26 11:15:20] D2BS 14068: equipped: [Body] 18
[10/05/26 11:15:20] D2BS 14068: equipped: [ArmR] 25
[10/05/26 11:15:20] D2BS 14068: equipped: [ArmL] 26
[10/05/26 11:15:20] D2BS 14068: equipped: [RingR] 12
[10/05/26 11:15:20] D2BS 14068: equipped: [RingL] 12
[10/05/26 11:15:20] D2BS 14068: equipped: [Belt] 15
[10/05/26 11:15:20] D2BS 14068: equipped: [Boots] 12
[10/05/26 11:15:20] D2BS 14068: equipped: [Mitts] 12
[10/05/26 11:15:20] D2BS 14068: updateStat
[10/05/26 11:15:20] D2BS 14068: granted: [Head] 13
[10/05/26 11:15:20] D2BS 14068: granted: [Body] 18
[10/05/26 11:15:20] D2BS 14068: granted: [ArmR] 19
[10/05/26 11:15:20] D2BS 14068: Loaded ÿc9[AutoSmurf.js]
[10/05/26 11:15:26] D2BS 14068: farmingON
[10/05/26 11:15:27] D2BS 14068: MiniShopBot: true
[10/05/26 11:15:27] D2BS 14068: UseMerc: true HP: 70
[10/05/26 11:15:43] D2BS 14068: granted: [ArmR] 21
[10/05/26 11:15:44] D2BS 14068: Merc matched: Thorns
[10/05/26 11:16:03] D2BS 14068: Token needed
[10/05/26 11:16:07] D2BS 14068: act5+ BO
[10/05/26 11:16:20] D2BS 14068: ÿc4=== [BAAL] ===
[10/05/26 11:16:42] D2BS 14068: Baal failed: souls found
[10/05/26 11:16:42] D2BS 14068: ÿc4=== [COUNTESS] ===
[10/05/26 11:16:45] D2BS 14068: equipped: [RingR] 13
[10/05/26 11:17:53] D2BS 14068: ÿc4=== [PIT] ===
[10/05/26 11:19:59] D2BS 14068: ÿc4=== [ANDY] ===
[10/05/26 11:21:16] D2BS 14068: ÿc4=== [MEPHISTO] ===
[10/05/26 11:22:27] D2BS 14068: ÿc4=== [DIABLO] ===
[10/05/26 11:28:43] D2BS 14068: party has left: fowo-xh
[10/05/26 11:28:43] D2BS 14068:  [13:24] +11.06% / [Level 86] 52.09%
[10/05/26 11:28:43] D2BS 14068: Script threads\autobuildthread.js ended
[10/05/26 11:28:43] D2BS 14068: Script threads\partythread.js ended
[10/05/26 11:28:43] D2BS 14068: Script threads\townchicken.js ended
[10/05/26 11:28:43] D2BS 14068: Script default.dbj ended
[10/05/26 11:28:57] D2BS 14068: joining game pz-120
[10/05/26 11:28:59] D2BS 14068: ÿc2D2BSÿc0 :: Starting default.dbj
[10/05/26 11:28:59] D2BS 14068: ÿc2D2BSÿc0 :: default.dbj running.
[10/05/26 11:28:59] D2BS 14068: Loaded ÿc9[X.nip] [Y.nip] [Z.nip] [V.nip] [N.SUMM.nip]
[10/05/26 11:28:59] D2BS 14068: Loaded ÿc9[N.SUMM.js]
[10/05/26 11:28:59] D2BS 14068: equipped: [Head] 13
[10/05/26 11:28:59] D2BS 14068: equipped: [Neck] 12
[10/05/26 11:28:59] D2BS 14068: equipped: [Body] 18
[10/05/26 11:28:59] D2BS 14068: equipped: [ArmR] 25
[10/05/26 11:28:59] D2BS 14068: equipped: [ArmL] 26
[10/05/26 11:28:59] D2BS 14068: equipped: [RingR] 13
[10/05/26 11:28:59] D2BS 14068: equipped: [RingL] 12
[10/05/26 11:28:59] D2BS 14068: equipped: [Belt] 15
[10/05/26 11:28:59] D2BS 14068: equipped: [Boots] 12
[10/05/26 11:28:59] D2BS 14068: equipped: [Mitts] 12
[10/05/26 11:28:59] D2BS 14068: updateStat
[10/05/26 11:28:59] D2BS 14068: granted: [Head] 13
[10/05/26 11:28:59] D2BS 14068: granted: [Body] 18
[10/05/26 11:28:59] D2BS 14068: granted: [ArmR] 21
[10/05/26 11:28:59] D2BS 14068: Loaded ÿc9[AutoSmurf.js]
[10/05/26 11:29:04] D2BS 14068: farmingON
[10/05/26 11:29:06] D2BS 14068: MiniShopBot: true
[10/05/26 11:29:06] D2BS 14068: UseMerc: true HP: 70
[10/05/26 11:29:32] D2BS 14068: Merc matched: Thorns
[10/05/26 11:29:57] D2BS 14068: Token needed
[10/05/26 11:30:01] D2BS 14068: act5+ BO
[10/05/26 11:30:14] D2BS 14068: ÿc4=== [BAAL] ===
[10/05/26 11:30:43] D2BS 14068: Going to town
[10/05/26 11:32:17] D2BS 14068: updateStat
[10/05/26 11:32:44] D2BS 14068: Going to town
[10/05/26 11:33:49] D2BS 14068: ÿc4=== [COUNTESS] ===
[10/05/26 11:35:10] D2BS 14068: ÿc4=== [PIT] ===
[10/05/26 11:37:00] D2BS 14068: ÿc4=== [ANDY] ===
[10/05/26 11:37:56] D2BS 14068: ÿc4=== [MEPHISTO] ===
[10/05/26 11:39:15] D2BS 14068: ÿc4=== [DIABLO] ===
[10/05/26 11:45:51] D2BS 14068: party has left: fowo-xa
[10/05/26 11:45:51] D2BS 14068:  [16:53] +14.68% / [Level 86] 66.77%
[10/05/26 11:45:51] D2BS 14068: Script threads\autobuildthread.js ended
[10/05/26 11:45:51] D2BS 14068: Script threads\partythread.js ended
[10/05/26 11:45:51] D2BS 14068: Script threads\townchicken.js ended
[10/05/26 11:45:51] D2BS 14068: Script default.dbj ended
[10/05/26 11:46:05] D2BS 14068: joining game pz-121
[10/05/26 11:46:07] D2BS 14068: ÿc2D2BSÿc0 :: Starting default.dbj
[10/05/26 11:46:07] D2BS 14068: ÿc2D2BSÿc0 :: default.dbj running.
[10/05/26 11:46:07] D2BS 14068: Loaded ÿc9[X.nip] [Y.nip] [Z.nip] [V.nip] [N.SUMM.nip]
[10/05/26 11:46:07] D2BS 14068: Loaded ÿc9[N.SUMM.js]
[10/05/26 11:46:07] D2BS 14068: equipped: [Head] 13
[10/05/26 11:46:07] D2BS 14068: equipped: [Neck] 12
[10/05/26 11:46:07] D2BS 14068: equipped: [Body] 18
[10/05/26 11:46:07] D2BS 14068: equipped: [ArmR] 25
[10/05/26 11:46:07] D2BS 14068: equipped: [ArmL] 26
[10/05/26 11:46:07] D2BS 14068: equipped: [RingR] 13
[10/05/26 11:46:07] D2BS 14068: equipped: [RingL] 12
[10/05/26 11:46:07] D2BS 14068: equipped: [Belt] 15
[10/05/26 11:46:07] D2BS 14068: equipped: [Boots] 12
[10/05/26 11:46:07] D2BS 14068: equipped: [Mitts] 12
[10/05/26 11:46:07] D2BS 14068: Loaded ÿc9[AutoSmurf.js]
[10/05/26 11:46:12] D2BS 14068: MiniShopBot: true
[10/05/26 11:46:12] D2BS 14068: farmingON
[10/05/26 11:46:12] D2BS 14068: UseMerc: true HP: 70
[10/05/26 11:46:28] D2BS 14068: Merc matched: Thorns
[10/05/26 11:46:44] D2BS 14068: Token needed
[10/05/26 11:46:48] D2BS 14068: act5+ BO
[10/05/26 11:46:50] D2BS 14068: updateStat
[10/05/26 11:47:02] D2BS 14068: ÿc4=== [BAAL] ===
[10/05/26 11:47:13] D2BS 14068: Baal failed: souls found
[10/05/26 11:47:13] D2BS 14068: ÿc4=== [COUNTESS] ===
[10/05/26 11:48:13] D2BS 14068: ÿc4=== [PIT] ===
[10/05/26 11:50:04] D2BS 14068: ÿc4=== [ANDY] ===
[10/05/26 11:51:20] D2BS 14068: ÿc4=== [MEPHISTO] ===
[10/05/26 11:52:43] D2BS 14068: ÿc4=== [DIABLO] ===
[10/05/26 11:59:51] D2BS 14068: party has left: fowo-xf
[10/05/26 11:59:51] D2BS 14068:  [13:44] +8.14% / [Level 86] 74.92%
[10/05/26 11:59:51] D2BS 14068: Script threads\autobuildthread.js ended
[10/05/26 11:59:51] D2BS 14068: Script threads\partythread.js ended
[10/05/26 11:59:51] D2BS 14068: Script threads\townchicken.js ended
[10/05/26 11:59:51] D2BS 14068: Script default.dbj ended
[10/05/26 12:00:05] D2BS 14068: joining game pz-122
[10/05/26 12:00:08] D2BS 14068: ÿc2D2BSÿc0 :: Starting default.dbj
[10/05/26 12:00:08] D2BS 14068: ÿc2D2BSÿc0 :: default.dbj running.
[10/05/26 12:00:08] D2BS 14068: Loaded ÿc9[X.nip] [Y.nip] [Z.nip] [V.nip] [N.SUMM.nip]
[10/05/26 12:00:08] D2BS 14068: Loaded ÿc9[N.SUMM.js]
[10/05/26 12:00:08] D2BS 14068: equipped: [Head] 13
[10/05/26 12:00:08] D2BS 14068: equipped: [Neck] 12
[10/05/26 12:00:08] D2BS 14068: equipped: [Body] 18
[10/05/26 12:00:08] D2BS 14068: equipped: [ArmR] 25
[10/05/26 12:00:08] D2BS 14068: equipped: [ArmL] 26
[10/05/26 12:00:08] D2BS 14068: equipped: [RingR] 13
[10/05/26 12:00:08] D2BS 14068: equipped: [RingL] 12
[10/05/26 12:00:08] D2BS 14068: equipped: [Belt] 15
[10/05/26 12:00:08] D2BS 14068: equipped: [Boots] 12
[10/05/26 12:00:08] D2BS 14068: equipped: [Mitts] 12
[10/05/26 12:00:08] D2BS 14068: Loaded ÿc9[AutoSmurf.js]
[10/05/26 12:00:13] D2BS 14068: farmingON
[10/05/26 12:00:15] D2BS 14068: MiniShopBot: true
[10/05/26 12:00:15] D2BS 14068: UseMerc: true HP: 70
[10/05/26 12:00:23] D2BS 14068: updateStat
[10/05/26 12:00:23] D2BS 14068: granted: [Head] 13
[10/05/26 12:00:23] D2BS 14068: granted: [Body] 18
[10/05/26 12:00:23] D2BS 14068: granted: [ArmR] 21
[10/05/26 12:00:45] D2BS 14068: Merc matched: Thorns
[10/05/26 12:00:49] D2BS 14068: Token needed
[10/05/26 12:00:53] D2BS 14068: act5+ BO
[10/05/26 12:00:55] D2BS 14068: updateStat
[10/05/26 12:01:06] D2BS 14068: ÿc4=== [BAAL] ===
[10/05/26 12:05:01] D2BS 14068: ÿc4=== [COUNTESS] ===
[10/05/26 12:06:32] D2BS 14068: ÿc4=== [PIT] ===
[10/05/26 12:08:13] D2BS 14068: ÿc4=== [ANDY] ===
[10/05/26 12:09:11] D2BS 14068: ÿc4=== [MEPHISTO] ===
[10/05/26 12:10:50] D2BS 14068: ÿc4=== [DIABLO] ===
[10/05/26 12:17:19] D2BS 14068: party has left: fowo-xa
[10/05/26 12:17:19] D2BS 14068:  [17:12] +16.52% / [Level 86] 91.43%
[10/05/26 12:17:19] D2BS 14068: Script threads\autobuildthread.js ended
[10/05/26 12:17:19] D2BS 14068: Script threads\partythread.js ended
[10/05/26 12:17:19] D2BS 14068: Script threads\townchicken.js ended
[10/05/26 12:17:19] D2BS 14068: Script default.dbj ended
[10/05/26 12:17:31] D2BS 14068: joining game pz-123
[10/05/26 12:17:34] D2BS 14068: ÿc2D2BSÿc0 :: Starting default.dbj
[10/05/26 12:17:34] D2BS 14068: ÿc2D2BSÿc0 :: default.dbj running.
[10/05/26 12:17:34] D2BS 14068: Loaded ÿc9[X.nip] [Y.nip] [Z.nip] [V.nip] [N.SUMM.nip]
[10/05/26 12:17:34] D2BS 14068: Loaded ÿc9[N.SUMM.js]
[10/05/26 12:17:34] D2BS 14068: equipped: [Head] 13
[10/05/26 12:17:34] D2BS 14068: equipped: [Neck] 12
[10/05/26 12:17:34] D2BS 14068: equipped: [Body] 18
[10/05/26 12:17:34] D2BS 14068: equipped: [ArmR] 25
[10/05/26 12:17:34] D2BS 14068: equipped: [ArmL] 26
[10/05/26 12:17:34] D2BS 14068: equipped: [RingR] 13
[10/05/26 12:17:34] D2BS 14068: equipped: [RingL] 12
[10/05/26 12:17:34] D2BS 14068: equipped: [Belt] 15
[10/05/26 12:17:34] D2BS 14068: equipped: [Boots] 12
[10/05/26 12:17:34] D2BS 14068: equipped: [Mitts] 12
[10/05/26 12:17:34] D2BS 14068: updateStat
[10/05/26 12:17:34] D2BS 14068: granted: [Head] 13
[10/05/26 12:17:34] D2BS 14068: granted: [Body] 18
[10/05/26 12:17:34] D2BS 14068: granted: [ArmR] 21
[10/05/26 12:17:34] D2BS 14068: Loaded ÿc9[AutoSmurf.js]
[10/05/26 12:17:40] D2BS 14068: farmingON
[10/05/26 12:17:41] D2BS 14068: MiniShopBot: true
[10/05/26 12:17:41] D2BS 14068: UseMerc: true HP: 70
[10/05/26 12:18:00] D2BS 14068: Merc matched: Thorns
[10/05/26 12:18:14] D2BS 14068: Token needed
[10/05/26 12:18:18] D2BS 14068: act5+ BO
[10/05/26 12:18:31] D2BS 14068: ÿc4=== [BAAL] ===
[10/05/26 12:21:36] D2BS 14068: ÿc4=== [COUNTESS] ===
[10/05/26 12:22:52] D2BS 14068: ÿc4=== [PIT] ===
[10/05/26 12:24:21] D2BS 14068: ÿc4=== [ANDY] ===
[10/05/26 12:25:13] D2BS 14068: ÿc4=== [MEPHISTO] ===
[10/05/26 12:26:20] D2BS 14068: ÿc4=== [DIABLO] ===
[10/05/26 12:32:02] D2BS 14068: party has left: fowo-xh
[10/05/26 12:32:02] D2BS 14068:  [14:30] +11.76% / [Level 87] 3.90%
[10/05/26 12:32:02] D2BS 14068: Script threads\autobuildthread.js ended
[10/05/26 12:32:02] D2BS 14068: Script threads\partythread.js ended
[10/05/26 12:32:02] D2BS 14068: Script threads\townchicken.js ended
[10/05/26 12:32:02] D2BS 14068: Script default.dbj ended
[10/05/26 12:32:15] D2BS 14068: joining game pz-124
[10/05/26 12:32:16] D2BS 14068: ÿc2D2BSÿc0 :: Starting default.dbj
[10/05/26 12:32:16] D2BS 14068: ÿc2D2BSÿc0 :: default.dbj running.
[10/05/26 12:32:17] D2BS 14068: Loaded ÿc9[X.nip] [Y.nip] [Z.nip] [V.nip] [N.SUMM.nip]
[10/05/26 12:32:17] D2BS 14068: Loaded ÿc9[N.SUMM.js]
[10/05/26 12:32:17] D2BS 14068: equipped: [Head] 13
[10/05/26 12:32:17] D2BS 14068: equipped: [Neck] 12
[10/05/26 12:32:17] D2BS 14068: equipped: [Body] 18
[10/05/26 12:32:17] D2BS 14068: equipped: [ArmR] 25
[10/05/26 12:32:17] D2BS 14068: equipped: [ArmL] 26
[10/05/26 12:32:17] D2BS 14068: equipped: [RingR] 13
[10/05/26 12:32:17] D2BS 14068: equipped: [RingL] 12
[10/05/26 12:32:17] D2BS 14068: equipped: [Belt] 15
[10/05/26 12:32:17] D2BS 14068: equipped: [Boots] 12
[10/05/26 12:32:17] D2BS 14068: equipped: [Mitts] 12
[10/05/26 12:32:18] D2BS 14068: updateStat
[10/05/26 12:32:18] D2BS 14068: granted: [Head] 13
[10/05/26 12:32:18] D2BS 14068: granted: [Body] 18
[10/05/26 12:32:18] D2BS 14068: granted: [ArmR] 21
[10/05/26 12:32:18] D2BS 14068: Loaded ÿc9[AutoSmurf.js]
[10/05/26 12:32:23] D2BS 14068: farmingON
[10/05/26 12:32:25] D2BS 14068: MiniShopBot: true
[10/05/26 12:32:25] D2BS 14068: UseMerc: true HP: 70
[10/05/26 12:32:42] D2BS 14068: Merc matched: Thorns
[10/05/26 12:32:56] D2BS 14068: Token needed
[10/05/26 12:33:00] D2BS 14068: act5+ BO
[10/05/26 12:33:14] D2BS 14068: ÿc4=== [BAAL] ===
[10/05/26 12:36:41] D2BS 14068: ÿc4=== [COUNTESS] ===
[10/05/26 12:37:49] D2BS 14068: ÿc4=== [PIT] ===
[10/05/26 12:39:38] D2BS 14068: ÿc4=== [ANDY] ===
[10/05/26 12:40:32] D2BS 14068: ÿc4=== [MEPHISTO] ===
[10/05/26 12:41:40] D2BS 14068: ÿc4=== [DIABLO] ===
[10/05/26 12:46:35] D2BS 14068: party has left: fowo-xb
[10/05/26 12:46:35] D2BS 14068:  [14:18] +9.85% / [Level 87] 13.75%
[10/05/26 12:46:35] D2BS 14068: Script threads\autobuildthread.js ended
[10/05/26 12:46:35] D2BS 14068: Script threads\partythread.js ended
[10/05/26 12:46:35] D2BS 14068: Script threads\townchicken.js ended
[10/05/26 12:46:35] D2BS 14068: Script default.dbj ended
[10/05/26 12:46:47] D2BS 14068: joining game pz-125
[10/05/26 12:46:49] D2BS 14068: ÿc2D2BSÿc0 :: Starting default.dbj
[10/05/26 12:46:49] D2BS 14068: ÿc2D2BSÿc0 :: default.dbj running.
[10/05/26 12:46:49] D2BS 14068: Loaded ÿc9[X.nip] [Y.nip] [Z.nip] [V.nip] [N.SUMM.nip]
[10/05/26 12:46:49] D2BS 14068: Loaded ÿc9[N.SUMM.js]
[10/05/26 12:46:49] D2BS 14068: equipped: [Head] 13
[10/05/26 12:46:49] D2BS 14068: equipped: [Neck] 12
[10/05/26 12:46:49] D2BS 14068: equipped: [Body] 18
[10/05/26 12:46:50] D2BS 14068: equipped: [ArmR] 25
[10/05/26 12:46:50] D2BS 14068: equipped: [ArmL] 26
[10/05/26 12:46:50] D2BS 14068: equipped: [RingR] 13
[10/05/26 12:46:50] D2BS 14068: equipped: [RingL] 12
[10/05/26 12:46:50] D2BS 14068: equipped: [Belt] 15
[10/05/26 12:46:50] D2BS 14068: equipped: [Boots] 12
[10/05/26 12:46:50] D2BS 14068: equipped: [Mitts] 12
[10/05/26 12:46:50] D2BS 14068: updateStat
[10/05/26 12:46:50] D2BS 14068: granted: [Head] 13
[10/05/26 12:46:50] D2BS 14068: granted: [Body] 18
[10/05/26 12:46:50] D2BS 14068: granted: [ArmR] 21
[10/05/26 12:46:50] D2BS 14068: Loaded ÿc9[AutoSmurf.js]
[10/05/26 12:46:55] D2BS 14068: farmingON
[10/05/26 12:46:58] D2BS 14068: MiniShopBot: true
[10/05/26 12:46:58] D2BS 14068: UseMerc: true HP: 70
[10/05/26 12:47:20] D2BS 14068: equipped: [Neck] 13
[10/05/26 12:47:20] D2BS 14068: Merc matched: Thorns
[10/05/26 12:47:27] D2BS 14068: Token needed
[10/05/26 12:47:31] D2BS 14068: act5+ BO
[10/05/26 12:47:45] D2BS 14068: ÿc4=== [BAAL] ===
[10/05/26 12:48:03] D2BS 14068: Baal failed: souls found
[10/05/26 12:48:03] D2BS 14068: ÿc4=== [COUNTESS] ===
[10/05/26 12:48:06] D2BS 14068: equipped: [Belt] 16
[10/05/26 12:49:18] D2BS 14068: ÿc4=== [PIT] ===
[10/05/26 12:50:39] D2BS 14068: ÿc4=== [ANDY] ===
[10/05/26 12:51:33] D2BS 14068: ÿc4=== [MEPHISTO] ===
[10/05/26 12:52:47] D2BS 14068: ÿc4=== [DIABLO] ===
[10/05/26 12:58:33] D2BS 14068: party has left: fowo-xf
[10/05/26 12:58:33] D2BS 14068:  [11:44] +5.42% / [Level 87] 19.17%
[10/05/26 12:58:33] D2BS 14068: Script threads\autobuildthread.js ended
[10/05/26 12:58:33] D2BS 14068: Script threads\partythread.js ended
[10/05/26 12:58:33] D2BS 14068: Script threads\townchicken.js ended
[10/05/26 12:58:33] D2BS 14068: Script default.dbj ended
[10/05/26 12:58:45] D2BS 14068: joining game pz-126
[10/05/26 12:58:47] D2BS 14068: ÿc2D2BSÿc0 :: Starting default.dbj
[10/05/26 12:58:47] D2BS 14068: ÿc2D2BSÿc0 :: default.dbj running.
[10/05/26 12:58:47] D2BS 14068: Loaded ÿc9[X.nip] [Y.nip] [Z.nip] [V.nip] [N.SUMM.nip]
[10/05/26 12:58:47] D2BS 14068: Loaded ÿc9[N.SUMM.js]
[10/05/26 12:58:47] D2BS 14068: equipped: [Head] 13
[10/05/26 12:58:47] D2BS 14068: equipped: [Neck] 13
[10/05/26 12:58:47] D2BS 14068: equipped: [Body] 18
[10/05/26 12:58:47] D2BS 14068: equipped: [ArmR] 25
[10/05/26 12:58:47] D2BS 14068: equipped: [ArmL] 26
[10/05/26 12:58:47] D2BS 14068: equipped: [RingR] 13
[10/05/26 12:58:47] D2BS 14068: equipped: [RingL] 12
[10/05/26 12:58:47] D2BS 14068: equipped: [Belt] 16
[10/05/26 12:58:47] D2BS 14068: equipped: [Boots] 12
[10/05/26 12:58:47] D2BS 14068: equipped: [Mitts] 12
[10/05/26 12:58:47] D2BS 14068: Loaded ÿc9[AutoSmurf.js]
[10/05/26 12:58:52] D2BS 14068: farmingON
[10/05/26 12:58:53] D2BS 14068: MiniShopBot: true
[10/05/26 12:58:53] D2BS 14068: UseMerc: true HP: 70
[10/05/26 12:59:15] D2BS 14068: Merc matched: Thorns
[10/05/26 12:59:27] D2BS 14068: Token needed
[10/05/26 12:59:32] D2BS 14068: act5+ BO
[10/05/26 12:59:33] D2BS 14068: updateStat
[10/05/26 12:59:45] D2BS 14068: ÿc4=== [BAAL] ===
[10/05/26 12:59:57] D2BS 14068: party has left: fowo-xa
[10/05/26 12:59:57] D2BS 14068: no exp [01:11]
[10/05/26 12:59:57] D2BS 14068: Script threads\autobuildthread.js ended
[10/05/26 12:59:57] D2BS 14068: Script threads\partythread.js ended
[10/05/26 12:59:57] D2BS 14068: Script threads\townchicken.js ended
[10/05/26 12:59:57] D2BS 14068: Script default.dbj ended
[10/05/26 13:00:09] D2BS 14068: joining game pz-127
[10/05/26 13:00:10] D2BS 14068: ÿc2D2BSÿc0 :: Starting default.dbj
[10/05/26 13:00:10] D2BS 14068: ÿc2D2BSÿc0 :: default.dbj running.
[10/05/26 13:00:11] D2BS 14068: Loaded ÿc9[X.nip] [Y.nip] [Z.nip] [V.nip] [N.SUMM.nip]
[10/05/26 13:00:11] D2BS 14068: Loaded ÿc9[N.SUMM.js]
[10/05/26 13:00:11] D2BS 14068: equipped: [Head] 13
[10/05/26 13:00:11] D2BS 14068: equipped: [Neck] 13
[10/05/26 13:00:11] D2BS 14068: equipped: [Body] 18
[10/05/26 13:00:11] D2BS 14068: equipped: [ArmR] 25
[10/05/26 13:00:11] D2BS 14068: equipped: [ArmL] 26
[10/05/26 13:00:11] D2BS 14068: equipped: [RingR] 13
[10/05/26 13:00:11] D2BS 14068: equipped: [RingL] 12
[10/05/26 13:00:11] D2BS 14068: equipped: [Belt] 16
[10/05/26 13:00:11] D2BS 14068: equipped: [Boots] 12
[10/05/26 13:00:11] D2BS 14068: equipped: [Mitts] 12
[10/05/26 13:00:11] D2BS 14068: updateStat
[10/05/26 13:00:11] D2BS 14068: granted: [Head] 13
[10/05/26 13:00:11] D2BS 14068: granted: [Body] 18
[10/05/26 13:00:11] D2BS 14068: granted: [ArmR] 21
[10/05/26 13:00:11] D2BS 14068: Loaded ÿc9[AutoSmurf.js]
[10/05/26 13:00:14] D2BS 14068: MiniShopBot: true
[10/05/26 13:00:14] D2BS 14068: farmingON
[10/05/26 13:00:14] D2BS 14068: UseMerc: true HP: 70
[10/05/26 13:00:29] D2BS 14068: Merc matched: Thorns
[10/05/26 13:00:38] D2BS 14068: Token needed
[10/05/26 13:00:42] D2BS 14068: act5+ BO
[10/05/26 13:00:55] D2BS 14068: ÿc4=== [BAAL] ===
[10/05/26 13:01:19] D2BS 14068: Baal failed: souls found
[10/05/26 13:01:19] D2BS 14068: ÿc4=== [COUNTESS] ===
[10/05/26 13:02:38] D2BS 14068: ÿc4=== [PIT] ===
[10/05/26 13:04:35] D2BS 14068: ÿc4=== [ANDY] ===
[10/05/26 13:05:43] D2BS 14068: ÿc4=== [MEPHISTO] ===
[10/05/26 13:08:58] D2BS 14068: party has left: fowo-xf
[10/05/26 13:08:58] D2BS 14068:  [08:48] +2.18% / [Level 87] 21.35%
[10/05/26 13:08:58] D2BS 14068: Script threads\autobuildthread.js ended
[10/05/26 13:08:58] D2BS 14068: Script threads\partythread.js ended
[10/05/26 13:08:59] D2BS 14068: Script threads\townchicken.js ended
[10/05/26 13:08:59] D2BS 14068: Script default.dbj ended
[10/05/26 13:09:11] D2BS 14068: joining game pz-128
[10/05/26 13:09:13] D2BS 14068: ÿc2D2BSÿc0 :: Starting default.dbj
[10/05/26 13:09:13] D2BS 14068: ÿc2D2BSÿc0 :: default.dbj running.
[10/05/26 13:09:13] D2BS 14068: Loaded ÿc9[X.nip] [Y.nip] [Z.nip] [V.nip] [N.SUMM.nip]
[10/05/26 13:09:13] D2BS 14068: Loaded ÿc9[N.SUMM.js]
[10/05/26 13:09:13] D2BS 14068: equipped: [Head] 13
[10/05/26 13:09:13] D2BS 14068: equipped: [Neck] 13
[10/05/26 13:09:13] D2BS 14068: equipped: [Body] 18
[10/05/26 13:09:13] D2BS 14068: equipped: [ArmR] 25
[10/05/26 13:09:13] D2BS 14068: equipped: [ArmL] 26
[10/05/26 13:09:13] D2BS 14068: equipped: [RingR] 13
[10/05/26 13:09:13] D2BS 14068: equipped: [RingL] 12
[10/05/26 13:09:13] D2BS 14068: equipped: [Belt] 16
[10/05/26 13:09:13] D2BS 14068: equipped: [Boots] 12
[10/05/26 13:09:13] D2BS 14068: equipped: [Mitts] 12
[10/05/26 13:09:13] D2BS 14068: updateStat
[10/05/26 13:09:13] D2BS 14068: granted: [Head] 13
[10/05/26 13:09:13] D2BS 14068: granted: [Body] 18
[10/05/26 13:09:13] D2BS 14068: granted: [ArmR] 21
[10/05/26 13:09:14] D2BS 14068: Loaded ÿc9[AutoSmurf.js]
[10/05/26 13:09:19] D2BS 14068: MiniShopBot: true
[10/05/26 13:09:19] D2BS 14068: farmingON
[10/05/26 13:09:19] D2BS 14068: UseMerc: true HP: 70
[10/05/26 13:09:36] D2BS 14068: Merc matched: Thorns
[10/05/26 13:09:49] D2BS 14068: Token needed
[10/05/26 13:09:53] D2BS 14068: act5+ BO
[10/05/26 13:10:07] D2BS 14068: ÿc4=== [BAAL] ===
[10/05/26 13:13:26] D2BS 14068: Going to town
[10/05/26 13:13:46] D2BS 14068: ÿc4=== [COUNTESS] ===
[10/05/26 13:14:47] D2BS 14068: ÿc4=== [PIT] ===
[10/05/26 13:16:09] D2BS 14068: ÿc4=== [ANDY] ===
[10/05/26 13:17:07] D2BS 14068: ÿc4=== [MEPHISTO] ===
[10/05/26 13:18:39] D2BS 14068: ÿc4=== [DIABLO] ===
[10/05/26 13:24:23] D2BS 14068: party has left: fowo-xb
[10/05/26 13:24:23] D2BS 14068:  [15:11] +9.83% / [Level 87] 31.19%
[10/05/26 13:24:24] D2BS 14068: Script threads\autobuildthread.js ended
[10/05/26 13:24:24] D2BS 14068: Script threads\partythread.js ended
[10/05/26 13:24:24] D2BS 14068: Script threads\townchicken.js ended
[10/05/26 13:24:24] D2BS 14068: Script default.dbj ended
[10/05/26 13:24:35] D2BS 14068: joining game pz-129
[10/05/26 13:24:37] D2BS 14068: ÿc2D2BSÿc0 :: Starting default.dbj
[10/05/26 13:24:37] D2BS 14068: ÿc2D2BSÿc0 :: default.dbj running.
[10/05/26 13:24:38] D2BS 14068: Loaded ÿc9[X.nip] [Y.nip] [Z.nip] [V.nip] [N.SUMM.nip]
[10/05/26 13:24:38] D2BS 14068: Loaded ÿc9[N.SUMM.js]
[10/05/26 13:24:38] D2BS 14068: equipped: [Head] 13
[10/05/26 13:24:38] D2BS 14068: equipped: [Neck] 13
[10/05/26 13:24:38] D2BS 14068: equipped: [Body] 18
[10/05/26 13:24:38] D2BS 14068: equipped: [ArmR] 25
[10/05/26 13:24:38] D2BS 14068: equipped: [ArmL] 26
[10/05/26 13:24:38] D2BS 14068: equipped: [RingR] 13
[10/05/26 13:24:38] D2BS 14068: equipped: [RingL] 12
[10/05/26 13:24:38] D2BS 14068: equipped: [Belt] 16
[10/05/26 13:24:38] D2BS 14068: equipped: [Boots] 12
[10/05/26 13:24:38] D2BS 14068: equipped: [Mitts] 12
[10/05/26 13:24:38] D2BS 14068: updateStat
[10/05/26 13:24:38] D2BS 14068: granted: [Head] 13
[10/05/26 13:24:38] D2BS 14068: granted: [Body] 18
[10/05/26 13:24:38] D2BS 14068: granted: [ArmR] 21
[10/05/26 13:24:38] D2BS 14068: Loaded ÿc9[AutoSmurf.js]
[10/05/26 13:24:43] D2BS 14068: farmingON
[10/05/26 13:24:44] D2BS 14068: MiniShopBot: true
[10/05/26 13:24:44] D2BS 14068: UseMerc: true HP: 70
[10/05/26 13:25:03] D2BS 14068: Merc matched: Thorns
[10/05/26 13:25:15] D2BS 14068: Token needed
[10/05/26 13:25:19] D2BS 14068: act5+ BO
[10/05/26 13:25:33] D2BS 14068: ÿc4=== [BAAL] ===
[10/05/26 13:27:12] D2BS 14068: updateStat
[10/05/26 13:28:06] D2BS 14068: Going to town
[10/05/26 13:29:19] D2BS 14068: ÿc4=== [COUNTESS] ===
[10/05/26 13:30:28] D2BS 14068: ÿc4=== [PIT] ===
[10/05/26 13:32:05] D2BS 14068: ÿc4=== [ANDY] ===
[10/05/26 13:32:59] D2BS 14068: ÿc4=== [MEPHISTO] ===
[10/05/26 13:34:23] D2BS 14068: ÿc4=== [DIABLO] ===
[10/05/26 13:40:22] D2BS 14068: Script ended
[10/05/26 13:40:22] D2BS 14068:  [15:45] +11.98% / [Level 87] 43.16%
[10/05/26 13:40:22] D2BS 14068: Script threads\autobuildthread.js ended
[10/05/26 13:40:23] D2BS 14068: Script threads\partythread.js ended
[10/05/26 13:40:23] D2BS 14068: Script threads\townchicken.js ended
[10/05/26 13:40:35] D2BS 14068: joining game pz-130
[10/05/26 13:40:37] D2BS 14068: ÿc2D2BSÿc0 :: Starting default.dbj
[10/05/26 13:40:37] D2BS 14068: ÿc2D2BSÿc0 :: default.dbj running.
[10/05/26 13:40:38] D2BS 14068: Loaded ÿc9[X.nip] [Y.nip] [Z.nip] [V.nip] [N.SUMM.nip]
[10/05/26 13:40:38] D2BS 14068: Loaded ÿc9[N.SUMM.js]
[10/05/26 13:40:38] D2BS 14068: equipped: [Head] 13
[10/05/26 13:40:38] D2BS 14068: equipped: [Neck] 13
[10/05/26 13:40:38] D2BS 14068: equipped: [Body] 18
[10/05/26 13:40:38] D2BS 14068: equipped: [ArmR] 25
[10/05/26 13:40:38] D2BS 14068: equipped: [ArmL] 26
[10/05/26 13:40:38] D2BS 14068: equipped: [RingR] 13
[10/05/26 13:40:38] D2BS 14068: equipped: [RingL] 12
[10/05/26 13:40:38] D2BS 14068: equipped: [Belt] 16
[10/05/26 13:40:38] D2BS 14068: equipped: [Boots] 12
[10/05/26 13:40:38] D2BS 14068: equipped: [Mitts] 12
[10/05/26 13:40:38] D2BS 14068: updateStat
[10/05/26 13:40:38] D2BS 14068: granted: [Head] 13
[10/05/26 13:40:38] D2BS 14068: granted: [Body] 18
[10/05/26 13:40:38] D2BS 14068: granted: [ArmR] 21
[10/05/26 13:40:38] D2BS 14068: Loaded ÿc9[AutoSmurf.js]
[10/05/26 13:40:43] D2BS 14068: farmingON
[10/05/26 13:40:45] D2BS 14068: MiniShopBot: true
[10/05/26 13:40:45] D2BS 14068: UseMerc: true HP: 70
[10/05/26 13:41:10] D2BS 14068: Merc matched: Thorns
[10/05/26 13:41:14] D2BS 14068: Token needed
[10/05/26 13:41:18] D2BS 14068: act5+ BO
[10/05/26 13:41:32] D2BS 14068: ÿc4=== [BAAL] ===
[10/05/26 13:45:38] D2BS 14068: ÿc4=== [COUNTESS] ===
[10/05/26 13:46:51] D2BS 14068: ÿc4=== [PIT] ===
[10/05/26 13:48:32] D2BS 14068: ÿc4=== [ANDY] ===
[10/05/26 13:49:30] D2BS 14068: ÿc4=== [MEPHISTO] ===
[10/05/26 13:50:47] D2BS 14068: ÿc4=== [DIABLO] ===
[10/05/26 13:57:09] D2BS 14068: party has left: fowo-xb
[10/05/26 13:57:09] D2BS 14068:  [16:32] +11.56% / [Level 87] 54.72%
[10/05/26 13:57:09] D2BS 14068: Script threads\autobuildthread.js ended
[10/05/26 13:57:09] D2BS 14068: Script threads\partythread.js ended
[10/05/26 13:57:09] D2BS 14068: Script threads\townchicken.js ended
[10/05/26 13:57:09] D2BS 14068: Script default.dbj ended
[10/05/26 13:57:22] D2BS 14068: joining game pz-131
[10/05/26 13:57:24] D2BS 14068: ÿc2D2BSÿc0 :: Starting default.dbj
[10/05/26 13:57:24] D2BS 14068: ÿc2D2BSÿc0 :: default.dbj running.
[10/05/26 13:57:24] D2BS 14068: Loaded ÿc9[X.nip] [Y.nip] [Z.nip] [V.nip] [N.SUMM.nip]
[10/05/26 13:57:24] D2BS 14068: Loaded ÿc9[N.SUMM.js]
[10/05/26 13:57:25] D2BS 14068: equipped: [Head] 13
[10/05/26 13:57:25] D2BS 14068: equipped: [Neck] 13
[10/05/26 13:57:25] D2BS 14068: equipped: [Body] 18
[10/05/26 13:57:25] D2BS 14068: equipped: [ArmR] 25
[10/05/26 13:57:25] D2BS 14068: equipped: [ArmL] 26
[10/05/26 13:57:25] D2BS 14068: equipped: [RingR] 13
[10/05/26 13:57:25] D2BS 14068: equipped: [RingL] 12
[10/05/26 13:57:25] D2BS 14068: equipped: [Belt] 16
[10/05/26 13:57:25] D2BS 14068: equipped: [Boots] 12
[10/05/26 13:57:25] D2BS 14068: equipped: [Mitts] 12
[10/05/26 13:57:25] D2BS 14068: updateStat
[10/05/26 13:57:25] D2BS 14068: granted: [Head] 13
[10/05/26 13:57:25] D2BS 14068: granted: [Body] 18
[10/05/26 13:57:25] D2BS 14068: granted: [ArmR] 21
[10/05/26 13:57:25] D2BS 14068: Loaded ÿc9[AutoSmurf.js]
[10/05/26 13:57:29] D2BS 14068: MiniShopBot: true
[10/05/26 13:57:29] D2BS 14068: farmingON
[10/05/26 13:57:29] D2BS 14068: UseMerc: true HP: 70
[10/05/26 13:57:49] D2BS 14068: Merc matched: Thorns
[10/05/26 13:58:04] D2BS 14068: Token needed
[10/05/26 13:58:08] D2BS 14068: act5+ BO
[10/05/26 13:58:21] D2BS 14068: ÿc4=== [BAAL] ===
[10/05/26 13:58:37] D2BS 14068: Baal failed: souls found
[10/05/26 13:58:37] D2BS 14068: ÿc4=== [COUNTESS] ===
[10/05/26 13:59:47] D2BS 14068: ÿc4=== [PIT] ===
[10/05/26 14:01:17] D2BS 14068: ÿc4=== [ANDY] ===
[10/05/26 14:02:08] D2BS 14068: ÿc4=== [MEPHISTO] ===
[10/05/26 14:03:32] D2BS 14068: ÿc4=== [DIABLO] ===
[10/05/26 14:05:59] D2BS 14068: party has left: fowo-xc
[10/05/26 14:05:59] D2BS 14068:  [08:35] +1.91% / [Level 87] 56.62%
[10/05/26 14:05:59] D2BS 14068: Script threads\autobuildthread.js ended
[10/05/26 14:05:59] D2BS 14068: party has left: fowo-xc
[10/05/26 14:05:59] D2BS 14068: Script threads\partythread.js ended
[10/05/26 14:05:59] D2BS 14068: Script threads\townchicken.js ended
[10/05/26 14:05:59] D2BS 14068: Script default.dbj ended
[10/05/26 14:06:13] D2BS 14068: joining game pz-132
[10/05/26 14:06:15] D2BS 14068: ÿc2D2BSÿc0 :: Starting default.dbj
[10/05/26 14:06:15] D2BS 14068: ÿc2D2BSÿc0 :: default.dbj running.
[10/05/26 14:06:15] D2BS 14068: Loaded ÿc9[X.nip] [Y.nip] [Z.nip] [V.nip] [N.SUMM.nip]
[10/05/26 14:06:16] D2BS 14068: Loaded ÿc9[N.SUMM.js]
[10/05/26 14:06:16] D2BS 14068: equipped: [Head] 13
[10/05/26 14:06:16] D2BS 14068: equipped: [Neck] 13
[10/05/26 14:06:16] D2BS 14068: equipped: [Body] 18
[10/05/26 14:06:16] D2BS 14068: equipped: [ArmR] 25
[10/05/26 14:06:16] D2BS 14068: equipped: [ArmL] 26
[10/05/26 14:06:16] D2BS 14068: equipped: [RingR] 13
[10/05/26 14:06:16] D2BS 14068: equipped: [RingL] 12
[10/05/26 14:06:16] D2BS 14068: equipped: [Belt] 16
[10/05/26 14:06:16] D2BS 14068: equipped: [Boots] 12
[10/05/26 14:06:16] D2BS 14068: equipped: [Mitts] 12
[10/05/26 14:06:16] D2BS 14068: Loaded ÿc9[AutoSmurf.js]
[10/05/26 14:06:20] D2BS 14068: farmingON
[10/05/26 14:06:21] D2BS 14068: MiniShopBot: true
[10/05/26 14:06:21] D2BS 14068: UseMerc: true HP: 70
[10/05/26 14:06:37] D2BS 14068: Merc matched: Thorns
[10/05/26 14:06:54] D2BS 14068: Token needed
[10/05/26 14:06:57] D2BS 14068: act5+ BO
[10/05/26 14:06:59] D2BS 14068: updateStat
[10/05/26 14:07:11] D2BS 14068: ÿc4=== [BAAL] ===
[10/05/26 14:10:23] D2BS 14068: ÿc4=== [COUNTESS] ===
[10/05/26 14:10:59] D2BS 14068:  [04:44] +4.87% / [Level 87] 61.50%
[10/05/26 14:10:59] D2BS 14068: Script threads\autobuildthread.js ended
[10/05/26 14:10:59] D2BS 14068: Script threads\partythread.js ended
[10/05/26 14:10:59] D2BS 14068: Script threads\townchicken.js ended
[10/05/26 14:10:59] D2BS 14068: Script default.dbj ended
[10/05/26 14:11:11] D2BS 14068: joining game pz-133
[10/05/26 14:11:14] D2BS 14068: ÿc2D2BSÿc0 :: Starting default.dbj
[10/05/26 14:11:14] D2BS 14068: ÿc2D2BSÿc0 :: default.dbj running.
[10/05/26 14:11:14] D2BS 14068: Loaded ÿc9[X.nip] [Y.nip] [Z.nip] [V.nip] [N.SUMM.nip]
[10/05/26 14:11:14] D2BS 14068: Loaded ÿc9[N.SUMM.js]
[10/05/26 14:11:14] D2BS 14068: equipped: [Head] 13
[10/05/26 14:11:14] D2BS 14068: equipped: [Neck] 13
[10/05/26 14:11:14] D2BS 14068: equipped: [Body] 18
[10/05/26 14:11:14] D2BS 14068: equipped: [ArmR] 25
[10/05/26 14:11:14] D2BS 14068: equipped: [ArmL] 26
[10/05/26 14:11:14] D2BS 14068: equipped: [RingR] 13
[10/05/26 14:11:14] D2BS 14068: equipped: [RingL] 12
[10/05/26 14:11:14] D2BS 14068: equipped: [Belt] 16
[10/05/26 14:11:14] D2BS 14068: equipped: [Boots] 12
[10/05/26 14:11:14] D2BS 14068: equipped: [Mitts] 12
[10/05/26 14:11:14] D2BS 14068: updateStat
[10/05/26 14:11:14] D2BS 14068: granted: [Head] 13
[10/05/26 14:11:14] D2BS 14068: granted: [Body] 18
[10/05/26 14:11:14] D2BS 14068: granted: [ArmR] 21
[10/05/26 14:11:14] D2BS 14068: Loaded ÿc9[AutoSmurf.js]
[10/05/26 14:11:16] D2BS 14068: farmingON
[10/05/26 14:11:16] D2BS 14068: MiniShopBot: true
[10/05/26 14:11:16] D2BS 14068: UseMerc: true HP: 70
[10/05/26 14:11:35] D2BS 14068: Merc matched: Thorns
[10/05/26 14:11:44] D2BS 14068: Token needed
[10/05/26 14:11:48] D2BS 14068: act5+ BO
[10/05/26 14:12:01] D2BS 14068: ÿc4=== [BAAL] ===
[10/05/26 14:12:15] D2BS 14068: party has left: fowo-xa
[10/05/26 14:12:15] D2BS 14068: no exp [01:01]
[10/05/26 14:12:15] D2BS 14068: Script threads\autobuildthread.js ended
[10/05/26 14:12:15] D2BS 14068: Script threads\partythread.js ended
[10/05/26 14:12:15] D2BS 14068: Script threads\townchicken.js ended
[10/05/26 14:12:15] D2BS 14068: Script default.dbj ended
[10/05/26 14:12:29] D2BS 14068: joining game pz-134
[10/05/26 14:12:30] D2BS 14068: ÿc2D2BSÿc0 :: Starting default.dbj
[10/05/26 14:12:30] D2BS 14068: ÿc2D2BSÿc0 :: default.dbj running.
[10/05/26 14:12:30] D2BS 14068: Loaded ÿc9[X.nip] [Y.nip] [Z.nip] [V.nip] [N.SUMM.nip]
[10/05/26 14:12:30] D2BS 14068: Loaded ÿc9[N.SUMM.js]
[10/05/26 14:12:30] D2BS 14068: equipped: [Head] 13
[10/05/26 14:12:30] D2BS 14068: equipped: [Neck] 13
[10/05/26 14:12:30] D2BS 14068: equipped: [Body] 18
[10/05/26 14:12:30] D2BS 14068: equipped: [ArmR] 25
[10/05/26 14:12:30] D2BS 14068: equipped: [ArmL] 26
[10/05/26 14:12:30] D2BS 14068: equipped: [RingR] 13
[10/05/26 14:12:30] D2BS 14068: equipped: [RingL] 12
[10/05/26 14:12:30] D2BS 14068: equipped: [Belt] 16
[10/05/26 14:12:30] D2BS 14068: equipped: [Boots] 12
[10/05/26 14:12:30] D2BS 14068: equipped: [Mitts] 12
[10/05/26 14:12:30] D2BS 14068: updateStat
[10/05/26 14:12:30] D2BS 14068: granted: [Head] 13
[10/05/26 14:12:30] D2BS 14068: granted: [Body] 18
[10/05/26 14:12:30] D2BS 14068: granted: [ArmR] 21
[10/05/26 14:12:31] D2BS 14068: Loaded ÿc9[AutoSmurf.js]
[10/05/26 14:12:34] D2BS 14068: farmingON
[10/05/26 14:12:34] D2BS 14068: MiniShopBot: true
[10/05/26 14:12:34] D2BS 14068: UseMerc: true HP: 70
[10/05/26 14:12:50] D2BS 14068: Merc matched: Thorns
[10/05/26 14:13:00] D2BS 14068: Token needed
[10/05/26 14:13:04] D2BS 14068: act5+ BO
[10/05/26 14:13:17] D2BS 14068: ÿc4=== [BAAL] ===
[10/05/26 14:13:22] D2BS 14068: party has left: fowo-xa
[10/05/26 14:13:22] D2BS 14068: no exp [00:52]
[10/05/26 14:13:22] D2BS 14068: Script threads\autobuildthread.js ended
[10/05/26 14:13:22] D2BS 14068: Script threads\partythread.js ended
[10/05/26 14:13:23] D2BS 14068: Script threads\townchicken.js ended
[10/05/26 14:13:23] D2BS 14068: Script default.dbj ended
[10/05/26 14:13:39] D2BS 14068: joining game pz-135
[10/05/26 14:13:40] D2BS 14068: ÿc2D2BSÿc0 :: Starting default.dbj
[10/05/26 14:13:40] D2BS 14068: ÿc2D2BSÿc0 :: default.dbj running.
[10/05/26 14:13:40] D2BS 14068: Loaded ÿc9[X.nip] [Y.nip] [Z.nip] [V.nip] [N.SUMM.nip]
[10/05/26 14:13:40] D2BS 14068: Loaded ÿc9[N.SUMM.js]
[10/05/26 14:13:40] D2BS 14068: equipped: [Head] 13
[10/05/26 14:13:40] D2BS 14068: equipped: [Neck] 13
[10/05/26 14:13:40] D2BS 14068: equipped: [Body] 18
[10/05/26 14:13:40] D2BS 14068: equipped: [ArmR] 25
[10/05/26 14:13:40] D2BS 14068: equipped: [ArmL] 26
[10/05/26 14:13:41] D2BS 14068: equipped: [RingR] 13
[10/05/26 14:13:41] D2BS 14068: equipped: [RingL] 12
[10/05/26 14:13:41] D2BS 14068: equipped: [Belt] 16
[10/05/26 14:13:41] D2BS 14068: equipped: [Boots] 12
[10/05/26 14:13:41] D2BS 14068: equipped: [Mitts] 12
[10/05/26 14:13:41] D2BS 14068: updateStat
[10/05/26 14:13:41] D2BS 14068: granted: [Head] 13
[10/05/26 14:13:41] D2BS 14068: granted: [Body] 18
[10/05/26 14:13:41] D2BS 14068: granted: [ArmR] 21
[10/05/26 14:13:41] D2BS 14068: Loaded ÿc9[AutoSmurf.js]
[10/05/26 14:13:44] D2BS 14068: farmingON
[10/05/26 14:13:44] D2BS 14068: MiniShopBot: true
[10/05/26 14:13:44] D2BS 14068: UseMerc: true HP: 70
[10/05/26 14:13:59] D2BS 14068: Merc matched: Thorns
[10/05/26 14:14:09] D2BS 14068: Token needed
[10/05/26 14:14:13] D2BS 14068: act5+ BO
[10/05/26 14:14:27] D2BS 14068: ÿc4=== [BAAL] ===
[10/05/26 14:17:49] D2BS 14068: ÿc4=== [COUNTESS] ===
[10/05/26 14:18:51] D2BS 14068: ÿc4=== [PIT] ===
[10/05/26 14:20:28] D2BS 14068: ÿc4=== [ANDY] ===
[10/05/26 14:21:18] D2BS 14068: ÿc4=== [MEPHISTO] ===
[10/05/26 14:22:37] D2BS 14068: ÿc4=== [DIABLO] ===
[10/05/26 14:22:52] D2BS 14068: equipped: [Head] 14
[10/05/26 14:22:53] D2BS 14068: granted: [Head] 14
[10/05/26 14:28:55] D2BS 14068: party has left: fowo-xc
[10/05/26 14:28:55] D2BS 14068:  [15:15] +12.03% / [Level 87] 73.53%
[10/05/26 14:28:55] D2BS 14068: Script threads\autobuildthread.js ended
[10/05/26 14:28:55] D2BS 14068: Script threads\partythread.js ended
[10/05/26 14:28:55] D2BS 14068: Script threads\townchicken.js ended
[10/05/26 14:28:55] D2BS 14068: Script default.dbj ended
[10/05/26 14:29:07] D2BS 14068: joining game pz-136
[10/05/26 14:29:09] D2BS 14068: ÿc2D2BSÿc0 :: Starting default.dbj
[10/05/26 14:29:09] D2BS 14068: ÿc2D2BSÿc0 :: default.dbj running.
[10/05/26 14:29:09] D2BS 14068: Loaded ÿc9[X.nip] [Y.nip] [Z.nip] [V.nip] [N.SUMM.nip]
[10/05/26 14:29:09] D2BS 14068: Loaded ÿc9[N.SUMM.js]
[10/05/26 14:29:09] D2BS 14068: equipped: [Head] 14
[10/05/26 14:29:09] D2BS 14068: equipped: [Neck] 13
[10/05/26 14:29:09] D2BS 14068: equipped: [Body] 18
[10/05/26 14:29:09] D2BS 14068: equipped: [ArmR] 25
[10/05/26 14:29:09] D2BS 14068: equipped: [ArmL] 26
[10/05/26 14:29:09] D2BS 14068: equipped: [RingR] 13
[10/05/26 14:29:09] D2BS 14068: equipped: [RingL] 12
[10/05/26 14:29:09] D2BS 14068: equipped: [Belt] 16
[10/05/26 14:29:09] D2BS 14068: equipped: [Boots] 12
[10/05/26 14:29:09] D2BS 14068: equipped: [Mitts] 12
[10/05/26 14:29:09] D2BS 14068: updateStat
[10/05/26 14:29:09] D2BS 14068: granted: [Head] 14
[10/05/26 14:29:09] D2BS 14068: granted: [Body] 18
[10/05/26 14:29:09] D2BS 14068: granted: [ArmR] 21
[10/05/26 14:29:10] D2BS 14068: Loaded ÿc9[AutoSmurf.js]
[10/05/26 14:29:15] D2BS 14068: farmingON
[10/05/26 14:29:15] D2BS 14068: MiniShopBot: true
[10/05/26 14:29:15] D2BS 14068: UseMerc: true HP: 70
[10/05/26 14:29:34] D2BS 14068: Merc matched: Thorns
[10/05/26 14:29:49] D2BS 14068: Token needed
[10/05/26 14:29:52] D2BS 14068: act5+ BO
[10/05/26 14:30:05] D2BS 14068: ÿc4=== [BAAL] ===
[10/05/26 14:30:13] D2BS 14068: Baal failed: souls found
[10/05/26 14:30:13] D2BS 14068: ÿc4=== [COUNTESS] ===
[10/05/26 14:31:12] D2BS 14068: ÿc4=== [PIT] ===
[10/05/26 14:32:52] D2BS 14068: ÿc4=== [ANDY] ===
[10/05/26 14:33:47] D2BS 14068: ÿc4=== [MEPHISTO] ===
[10/05/26 14:35:17] D2BS 14068: ÿc4=== [DIABLO] ===
[10/05/26 14:36:39] D2BS 14068: party has left: fowo-xd
[10/05/26 14:36:39] D2BS 14068:  [07:30] +2.56% / [Level 87] 76.09%
[10/05/26 14:36:39] D2BS 14068: Script threads\autobuildthread.js ended
[10/05/26 14:36:39] D2BS 14068: Script threads\partythread.js ended
[10/05/26 14:36:39] D2BS 14068: Script threads\townchicken.js ended
[10/05/26 14:36:39] D2BS 14068: Script default.dbj ended
[10/05/26 14:36:51] D2BS 14068: joining game pz-137
[10/05/26 14:36:53] D2BS 14068: ÿc2D2BSÿc0 :: Starting default.dbj
[10/05/26 14:36:53] D2BS 14068: ÿc2D2BSÿc0 :: default.dbj running.
[10/05/26 14:36:53] D2BS 14068: Loaded ÿc9[X.nip] [Y.nip] [Z.nip] [V.nip] [N.SUMM.nip]
[10/05/26 14:36:53] D2BS 14068: Loaded ÿc9[N.SUMM.js]
[10/05/26 14:36:53] D2BS 14068: equipped: [Head] 14
[10/05/26 14:36:53] D2BS 14068: equipped: [Neck] 13
[10/05/26 14:36:53] D2BS 14068: equipped: [Body] 18
[10/05/26 14:36:53] D2BS 14068: equipped: [ArmR] 25
[10/05/26 14:36:53] D2BS 14068: equipped: [ArmL] 26
[10/05/26 14:36:53] D2BS 14068: equipped: [RingR] 13
[10/05/26 14:36:53] D2BS 14068: equipped: [RingL] 12
[10/05/26 14:36:53] D2BS 14068: equipped: [Belt] 16
[10/05/26 14:36:53] D2BS 14068: equipped: [Boots] 12
[10/05/26 14:36:53] D2BS 14068: equipped: [Mitts] 12
[10/05/26 14:36:53] D2BS 14068: updateStat
[10/05/26 14:36:53] D2BS 14068: granted: [Head] 14
[10/05/26 14:36:53] D2BS 14068: granted: [Body] 18
[10/05/26 14:36:53] D2BS 14068: granted: [ArmR] 21
[10/05/26 14:36:53] D2BS 14068: Loaded ÿc9[AutoSmurf.js]
[10/05/26 14:36:58] D2BS 14068: farmingON
[10/05/26 14:37:00] D2BS 14068: MiniShopBot: true
[10/05/26 14:37:00] D2BS 14068: UseMerc: true HP: 70
[10/05/26 14:37:18] D2BS 14068: Merc matched: Thorns
[10/05/26 14:37:32] D2BS 14068: Token needed
[10/05/26 14:37:36] D2BS 14068: act5+ BO
[10/05/26 14:37:49] D2BS 14068: ÿc4=== [BAAL] ===
[10/05/26 14:41:13] D2BS 14068: ÿc4=== [COUNTESS] ===
[10/05/26 14:42:22] D2BS 14068: ÿc4=== [PIT] ===
[10/05/26 14:43:53] D2BS 14068: ÿc4=== [ANDY] ===
[10/05/26 14:45:03] D2BS 14068: ÿc4=== [MEPHISTO] ===
[10/05/26 14:46:15] D2BS 14068: ÿc4=== [DIABLO] ===
[10/05/26 14:52:48] D2BS 14068: party has left: fowo-xa
[10/05/26 14:52:48] D2BS 14068:  [15:56] +12.66% / [Level 87] 88.74%
[10/05/26 14:52:48] D2BS 14068: Script threads\autobuildthread.js ended
[10/05/26 14:52:48] D2BS 14068: Script threads\partythread.js ended
[10/05/26 14:52:49] D2BS 14068: Script threads\townchicken.js ended
[10/05/26 14:52:49] D2BS 14068: Script default.dbj ended
[10/05/26 14:53:01] D2BS 14068: joining game pz-138
[10/05/26 14:53:02] D2BS 14068: ÿc2D2BSÿc0 :: Starting default.dbj
[10/05/26 14:53:02] D2BS 14068: ÿc2D2BSÿc0 :: default.dbj running.
[10/05/26 14:53:03] D2BS 14068: Loaded ÿc9[X.nip] [Y.nip] [Z.nip] [V.nip] [N.SUMM.nip]
[10/05/26 14:53:03] D2BS 14068: Loaded ÿc9[N.SUMM.js]
[10/05/26 14:53:03] D2BS 14068: equipped: [Head] 14
[10/05/26 14:53:03] D2BS 14068: equipped: [Neck] 13
[10/05/26 14:53:03] D2BS 14068: equipped: [Body] 18
[10/05/26 14:53:03] D2BS 14068: equipped: [ArmR] 25
[10/05/26 14:53:03] D2BS 14068: equipped: [ArmL] 26
[10/05/26 14:53:03] D2BS 14068: equipped: [RingR] 13
[10/05/26 14:53:03] D2BS 14068: equipped: [RingL] 12
[10/05/26 14:53:03] D2BS 14068: equipped: [Belt] 16
[10/05/26 14:53:03] D2BS 14068: equipped: [Boots] 12
[10/05/26 14:53:03] D2BS 14068: equipped: [Mitts] 12
[10/05/26 14:53:03] D2BS 14068: updateStat
[10/05/26 14:53:03] D2BS 14068: granted: [Head] 14
[10/05/26 14:53:03] D2BS 14068: granted: [Body] 18
[10/05/26 14:53:03] D2BS 14068: granted: [ArmR] 21
[10/05/26 14:53:03] D2BS 14068: Loaded ÿc9[AutoSmurf.js]
[10/05/26 14:53:08] D2BS 14068: farmingON
[10/05/26 14:53:09] D2BS 14068: MiniShopBot: true
[10/05/26 14:53:09] D2BS 14068: UseMerc: true HP: 70
[10/05/26 14:53:29] D2BS 14068: equipped: [Belt] 17
[10/05/26 14:53:29] D2BS 14068: Merc matched: Thorns
[10/05/26 14:53:43] D2BS 14068: Token needed
[10/05/26 14:53:48] D2BS 14068: act5+ BO
[10/05/26 14:54:00] D2BS 14068: ÿc4=== [BAAL] ===
[10/05/26 14:54:14] D2BS 14068: Baal failed: souls found
[10/05/26 14:54:14] D2BS 14068: ÿc4=== [COUNTESS] ===
[10/05/26 14:54:16] D2BS 14068: party has left: fowo-xa
[10/05/26 14:54:16] D2BS 14068: no exp [01:13]
[10/05/26 14:54:16] D2BS 14068: Script threads\autobuildthread.js ended
[10/05/26 14:54:16] D2BS 14068: Script threads\partythread.js ended
[10/05/26 14:54:16] D2BS 14068: Script threads\townchicken.js ended
[10/05/26 14:54:16] D2BS 14068: Script default.dbj ended
[10/05/26 14:54:28] D2BS 14068: joining game pz-139
[10/05/26 14:54:30] D2BS 14068: ÿc2D2BSÿc0 :: Starting default.dbj
[10/05/26 14:54:30] D2BS 14068: ÿc2D2BSÿc0 :: default.dbj running.
[10/05/26 14:54:30] D2BS 14068: Loaded ÿc9[X.nip] [Y.nip] [Z.nip] [V.nip] [N.SUMM.nip]
[10/05/26 14:54:30] D2BS 14068: Loaded ÿc9[N.SUMM.js]
[10/05/26 14:54:31] D2BS 14068: equipped: [Head] 14
[10/05/26 14:54:31] D2BS 14068: equipped: [Neck] 13
[10/05/26 14:54:31] D2BS 14068: equipped: [Body] 18
[10/05/26 14:54:31] D2BS 14068: equipped: [ArmR] 25
[10/05/26 14:54:31] D2BS 14068: equipped: [ArmL] 26
[10/05/26 14:54:31] D2BS 14068: equipped: [RingR] 13
[10/05/26 14:54:31] D2BS 14068: equipped: [RingL] 12
[10/05/26 14:54:31] D2BS 14068: equipped: [Belt] 17
[10/05/26 14:54:31] D2BS 14068: equipped: [Boots] 12
[10/05/26 14:54:31] D2BS 14068: equipped: [Mitts] 12
[10/05/26 14:54:31] D2BS 14068: updateStat
[10/05/26 14:54:31] D2BS 14068: granted: [Head] 14
[10/05/26 14:54:31] D2BS 14068: granted: [Body] 18
[10/05/26 14:54:31] D2BS 14068: granted: [ArmR] 21
[10/05/26 14:54:31] D2BS 14068: Loaded ÿc9[AutoSmurf.js]
[10/05/26 14:56:31] D2BS 14068: no exp [02:01]
[10/05/26 14:56:31] D2BS 14068: Script threads\autobuildthread.js ended
[10/05/26 14:56:31] D2BS 14068: Script threads\partythread.js ended
[10/05/26 14:56:31] D2BS 14068: Script threads\townchicken.js ended
[10/05/26 14:56:31] D2BS 14068: Script default.dbj ended
[10/05/26 14:56:45] D2BS 14068: joining game pz-140
[10/05/26 14:56:46] D2BS 14068: ÿc2D2BSÿc0 :: Starting default.dbj
[10/05/26 14:56:46] D2BS 14068: ÿc2D2BSÿc0 :: default.dbj running.
[10/05/26 14:56:48] D2BS 14068: Loaded ÿc9[X.nip] [Y.nip] [Z.nip] [V.nip] [N.SUMM.nip]
[10/05/26 14:56:48] D2BS 14068: Loaded ÿc9[N.SUMM.js]
[10/05/26 14:56:48] D2BS 14068: equipped: [Head] 14
[10/05/26 14:56:48] D2BS 14068: equipped: [Neck] 13
[10/05/26 14:56:48] D2BS 14068: equipped: [Body] 18
[10/05/26 14:56:48] D2BS 14068: equipped: [ArmR] 25
[10/05/26 14:56:48] D2BS 14068: equipped: [ArmL] 26
[10/05/26 14:56:48] D2BS 14068: equipped: [RingR] 13
[10/05/26 14:56:48] D2BS 14068: equipped: [RingL] 12
[10/05/26 14:56:48] D2BS 14068: equipped: [Belt] 17
[10/05/26 14:56:48] D2BS 14068: equipped: [Boots] 12
[10/05/26 14:56:48] D2BS 14068: equipped: [Mitts] 12
[10/05/26 14:56:48] D2BS 14068: updateStat
[10/05/26 14:56:48] D2BS 14068: granted: [Head] 14
[10/05/26 14:56:48] D2BS 14068: granted: [Body] 18
[10/05/26 14:56:48] D2BS 14068: granted: [ArmR] 21
[10/05/26 14:56:48] D2BS 14068: Loaded ÿc9[AutoSmurf.js]
[10/05/26 14:56:49] D2BS 14068: farmingON
[10/05/26 14:56:50] D2BS 14068: MiniShopBot: true
[10/05/26 14:56:50] D2BS 14068: UseMerc: true HP: 70
[10/05/26 14:57:07] D2BS 14068: Merc matched: Thorns
[10/05/26 14:57:17] D2BS 14068: Token needed
[10/05/26 14:57:21] D2BS 14068: act5+ BO
[10/05/26 14:57:29] D2BS 14068: Script default.dbj ended
[10/05/26 14:57:29] D2BS 14068: Script threads\autobuildthread.js ended
[10/05/26 14:57:29] D2BS 14068: Script threads\partythread.js ended
[10/05/26 14:57:29] D2BS 14068: Script threads\toolsthread.js ended
[10/05/26 14:57:29] D2BS 14068: Script threads\townchicken.js ended
[10/05/26 14:57:53] D2BS 14068: joining game pz-141
[10/05/26 14:57:55] D2BS 14068: ÿc2D2BSÿc0 :: Starting default.dbj
[10/05/26 14:57:55] D2BS 14068: ÿc2D2BSÿc0 :: default.dbj running.
[10/05/26 14:57:55] D2BS 14068: Loaded ÿc9[X.nip] [Y.nip] [Z.nip] [V.nip] [N.SUMM.nip]
[10/05/26 14:57:55] D2BS 14068: Loaded ÿc9[N.SUMM.js]
[10/05/26 14:57:55] D2BS 14068: equipped: [Head] 14
[10/05/26 14:57:55] D2BS 14068: equipped: [Neck] 13
[10/05/26 14:57:55] D2BS 14068: equipped: [Body] 18
[10/05/26 14:57:55] D2BS 14068: equipped: [ArmR] 25
[10/05/26 14:57:55] D2BS 14068: equipped: [ArmL] 26
[10/05/26 14:57:55] D2BS 14068: equipped: [RingR] 13
[10/05/26 14:57:55] D2BS 14068: equipped: [RingL] 12
[10/05/26 14:57:55] D2BS 14068: equipped: [Belt] 17
[10/05/26 14:57:55] D2BS 14068: equipped: [Boots] 12
[10/05/26 14:57:55] D2BS 14068: equipped: [Mitts] 12
[10/05/26 14:57:55] D2BS 14068: updateStat
[10/05/26 14:57:55] D2BS 14068: granted: [Head] 14
[10/05/26 14:57:55] D2BS 14068: granted: [Body] 18
[10/05/26 14:57:55] D2BS 14068: granted: [ArmR] 21
[10/05/26 14:57:55] D2BS 14068: Loaded ÿc9[AutoSmurf.js]
[10/05/26 14:57:58] D2BS 14068: MiniShopBot: true
[10/05/26 14:57:58] D2BS 14068: farmingON
[10/05/26 14:57:58] D2BS 14068: UseMerc: true HP: 70
[10/05/26 14:58:14] D2BS 14068: Merc matched: Thorns
[10/05/26 14:58:21] D2BS 14068: Token needed
[10/05/26 14:58:25] D2BS 14068: party has left: fowo-xd
[10/05/26 14:58:25] D2BS 14068: no exp [00:31]
[10/05/26 14:58:25] D2BS 14068: Script threads\autobuildthread.js ended
[10/05/26 14:58:25] D2BS 14068: Script threads\partythread.js ended
[10/05/26 14:58:25] D2BS 14068: Script threads\townchicken.js ended
[10/05/26 14:58:25] D2BS 14068: Script default.dbj ended
[10/05/26 14:59:01] D2BS 14068: joining game pz-142
[10/05/26 14:59:03] D2BS 14068: ÿc2D2BSÿc0 :: Starting default.dbj
[10/05/26 14:59:03] D2BS 14068: ÿc2D2BSÿc0 :: default.dbj running.
[10/05/26 14:59:03] D2BS 14068: Loaded ÿc9[X.nip] [Y.nip] [Z.nip] [V.nip] [N.SUMM.nip]
[10/05/26 14:59:03] D2BS 14068: Loaded ÿc9[N.SUMM.js]
[10/05/26 14:59:03] D2BS 14068: equipped: [Head] 14
[10/05/26 14:59:03] D2BS 14068: equipped: [Neck] 13
[10/05/26 14:59:03] D2BS 14068: equipped: [Body] 18
[10/05/26 14:59:03] D2BS 14068: equipped: [ArmR] 25
[10/05/26 14:59:03] D2BS 14068: equipped: [ArmL] 26
[10/05/26 14:59:03] D2BS 14068: equipped: [RingR] 13
[10/05/26 14:59:03] D2BS 14068: equipped: [RingL] 12
[10/05/26 14:59:03] D2BS 14068: equipped: [Belt] 17
[10/05/26 14:59:03] D2BS 14068: equipped: [Boots] 12
[10/05/26 14:59:03] D2BS 14068: equipped: [Mitts] 12
[10/05/26 14:59:03] D2BS 14068: updateStat
[10/05/26 14:59:03] D2BS 14068: granted: [Head] 14
[10/05/26 14:59:03] D2BS 14068: granted: [Body] 18
[10/05/26 14:59:03] D2BS 14068: granted: [ArmR] 21
[10/05/26 14:59:03] D2BS 14068: Loaded ÿc9[AutoSmurf.js]
[10/05/26 14:59:06] D2BS 14068: MiniShopBot: true
[10/05/26 14:59:06] D2BS 14068: farmingON
[10/05/26 14:59:06] D2BS 14068: UseMerc: true HP: 70
[10/05/26 14:59:23] D2BS 14068: Merc matched: Thorns
[10/05/26 14:59:31] D2BS 14068: Token needed
[10/05/26 14:59:34] D2BS 14068: act5+ BO
[10/05/26 14:59:48] D2BS 14068: ÿc4=== [BAAL] ===
[10/05/26 15:03:09] D2BS 14068: ÿc4=== [COUNTESS] ===
[10/05/26 15:04:26] D2BS 14068: ÿc4=== [PIT] ===
[10/05/26 15:05:55] D2BS 14068: ÿc4=== [ANDY] ===
[10/05/26 15:06:53] D2BS 14068: ÿc4=== [MEPHISTO] ===
[10/05/26 15:07:57] D2BS 14068: ÿc4=== [DIABLO] ===
[10/05/26 15:13:44] D2BS 14068: party has left: fowo-xc
[10/05/26 15:13:45] D2BS 14068:  [14:42] +11.12% / [Level 87] 99.86%
[10/05/26 15:13:45] D2BS 14068: Script threads\autobuildthread.js ended
[10/05/26 15:13:45] D2BS 14068: Script threads\partythread.js ended
[10/05/26 15:13:45] D2BS 14068: Script threads\townchicken.js ended
[10/05/26 15:13:45] D2BS 14068: Script default.dbj ended
[10/05/26 15:13:58] D2BS 14068: joining game pz-143
[10/05/26 15:14:00] D2BS 14068: ÿc2D2BSÿc0 :: Starting default.dbj
[10/05/26 15:14:00] D2BS 14068: ÿc2D2BSÿc0 :: default.dbj running.
[10/05/26 15:14:01] D2BS 14068: Loaded ÿc9[X.nip] [Y.nip] [Z.nip] [V.nip] [N.SUMM.nip]
[10/05/26 15:14:01] D2BS 14068: Loaded ÿc9[N.SUMM.js]
[10/05/26 15:14:01] D2BS 14068: equipped: [Head] 14
[10/05/26 15:14:01] D2BS 14068: equipped: [Neck] 13
[10/05/26 15:14:01] D2BS 14068: equipped: [Body] 18
[10/05/26 15:14:01] D2BS 14068: equipped: [ArmR] 25
[10/05/26 15:14:01] D2BS 14068: equipped: [ArmL] 26
[10/05/26 15:14:01] D2BS 14068: equipped: [RingR] 13
[10/05/26 15:14:01] D2BS 14068: equipped: [RingL] 12
[10/05/26 15:14:01] D2BS 14068: equipped: [Belt] 17
[10/05/26 15:14:01] D2BS 14068: equipped: [Boots] 12
[10/05/26 15:14:01] D2BS 14068: equipped: [Mitts] 12
[10/05/26 15:14:01] D2BS 14068: updateStat
[10/05/26 15:14:01] D2BS 14068: granted: [Head] 14
[10/05/26 15:14:01] D2BS 14068: granted: [Body] 18
[10/05/26 15:14:01] D2BS 14068: granted: [ArmR] 21
[10/05/26 15:14:01] D2BS 14068: Loaded ÿc9[AutoSmurf.js]
[10/05/26 15:14:05] D2BS 14068: farmingON
[10/05/26 15:14:09] D2BS 14068: MiniShopBot: true
[10/05/26 15:14:09] D2BS 14068: UseMerc: true HP: 70
[10/05/26 15:14:26] D2BS 14068: granted: [Body] 19
[10/05/26 15:14:30] D2BS 14068: Merc matched: Thorns
[10/05/26 15:14:37] D2BS 14068: Token needed
[10/05/26 15:14:40] D2BS 14068: act5+ BO
[10/05/26 15:14:53] D2BS 14068: ÿc4=== [BAAL] ===
[10/05/26 15:15:00] D2BS 14068: party has left: fowo-xa
[10/05/26 15:15:00] D2BS 14068: no exp [01:00]
[10/05/26 15:15:00] D2BS 14068: Script threads\autobuildthread.js ended
[10/05/26 15:15:00] D2BS 14068: Script threads\partythread.js ended
[10/05/26 15:15:00] D2BS 14068: Script threads\townchicken.js ended
[10/05/26 15:15:00] D2BS 14068: Script default.dbj ended
[10/05/26 15:15:13] D2BS 14068: joining game pz-144
[10/05/26 15:15:15] D2BS 14068: ÿc2D2BSÿc0 :: Starting default.dbj
[10/05/26 15:15:15] D2BS 14068: ÿc2D2BSÿc0 :: default.dbj running.
[10/05/26 15:15:15] D2BS 14068: Loaded ÿc9[X.nip] [Y.nip] [Z.nip] [V.nip] [N.SUMM.nip]
[10/05/26 15:15:15] D2BS 14068: Loaded ÿc9[N.SUMM.js]
[10/05/26 15:15:15] D2BS 14068: equipped: [Head] 14
[10/05/26 15:15:15] D2BS 14068: equipped: [Neck] 13
[10/05/26 15:15:15] D2BS 14068: equipped: [Body] 18
[10/05/26 15:15:15] D2BS 14068: equipped: [ArmR] 25
[10/05/26 15:15:15] D2BS 14068: equipped: [ArmL] 26
[10/05/26 15:15:15] D2BS 14068: equipped: [RingR] 13
[10/05/26 15:15:15] D2BS 14068: equipped: [RingL] 12
[10/05/26 15:15:15] D2BS 14068: equipped: [Belt] 17
[10/05/26 15:15:15] D2BS 14068: equipped: [Boots] 12
[10/05/26 15:15:15] D2BS 14068: equipped: [Mitts] 12
[10/05/26 15:15:15] D2BS 14068: updateStat
[10/05/26 15:15:15] D2BS 14068: granted: [Head] 14
[10/05/26 15:15:15] D2BS 14068: granted: [Body] 19
[10/05/26 15:15:15] D2BS 14068: granted: [ArmR] 21
[10/05/26 15:15:15] D2BS 14068: Loaded ÿc9[AutoSmurf.js]
[10/05/26 15:15:17] D2BS 14068: MiniShopBot: true
[10/05/26 15:15:17] D2BS 14068: farmingON
[10/05/26 15:15:17] D2BS 14068: UseMerc: true HP: 70
[10/05/26 15:15:34] D2BS 14068: Merc matched: Thorns
[10/05/26 15:15:42] D2BS 14068: Token needed
[10/05/26 15:15:46] D2BS 14068: act5+ BO
[10/05/26 15:15:59] D2BS 14068: ÿc4=== [BAAL] ===
[10/05/26 15:16:14] D2BS 14068: Baal failed: souls found
[10/05/26 15:16:14] D2BS 14068: ÿc4=== [COUNTESS] ===
[10/05/26 15:17:20] D2BS 14068: ÿc4=== [PIT] ===
[10/05/26 15:18:52] D2BS 14068: ÿc4=== [ANDY] ===
[10/05/26 15:19:46] D2BS 14068: ÿc4=== [MEPHISTO] ===
[10/05/26 15:20:56] D2BS 14068: ÿc4=== [DIABLO] ===
[10/05/26 15:26:42] D2BS 14068: party has left: fowo-xc, fowo-xf
[10/05/26 15:26:42] D2BS 14068:  [11:28] +3.38% / [Level 88] 3.26%
[10/05/26 15:26:42] D2BS 14068: Script threads\autobuildthread.js ended
[10/05/26 15:26:43] D2BS 14068: Script threads\partythread.js ended
[10/05/26 15:26:43] D2BS 14068: Script threads\townchicken.js ended
[10/05/26 15:26:43] D2BS 14068: Script default.dbj ended
[10/05/26 15:26:55] D2BS 14068: joining game pz-145
[10/05/26 15:26:57] D2BS 14068: ÿc2D2BSÿc0 :: Starting default.dbj
[10/05/26 15:26:57] D2BS 14068: ÿc2D2BSÿc0 :: default.dbj running.
[10/05/26 15:26:57] D2BS 14068: Loaded ÿc9[X.nip] [Y.nip] [Z.nip] [V.nip] [N.SUMM.nip]
[10/05/26 15:26:57] D2BS 14068: Loaded ÿc9[N.SUMM.js]
[10/05/26 15:26:57] D2BS 14068: equipped: [Head] 14
[10/05/26 15:26:57] D2BS 14068: equipped: [Neck] 13
[10/05/26 15:26:57] D2BS 14068: equipped: [Body] 18
[10/05/26 15:26:57] D2BS 14068: equipped: [ArmR] 25
[10/05/26 15:26:57] D2BS 14068: equipped: [ArmL] 26
[10/05/26 15:26:57] D2BS 14068: equipped: [RingR] 13
[10/05/26 15:26:57] D2BS 14068: equipped: [RingL] 12
[10/05/26 15:26:57] D2BS 14068: equipped: [Belt] 17
[10/05/26 15:26:57] D2BS 14068: equipped: [Boots] 12
[10/05/26 15:26:57] D2BS 14068: equipped: [Mitts] 12
[10/05/26 15:26:57] D2BS 14068: updateStat
[10/05/26 15:26:57] D2BS 14068: granted: [Head] 14
[10/05/26 15:26:57] D2BS 14068: granted: [Body] 19
[10/05/26 15:26:57] D2BS 14068: granted: [ArmR] 21
[10/05/26 15:26:57] D2BS 14068: Loaded ÿc9[AutoSmurf.js]
[10/05/26 15:27:03] D2BS 14068: farmingON
[10/05/26 15:27:05] D2BS 14068: MiniShopBot: true
[10/05/26 15:27:05] D2BS 14068: UseMerc: true HP: 70
[10/05/26 15:27:26] D2BS 14068: Merc matched: Thorns
[10/05/26 15:27:35] D2BS 14068: Token needed
[10/05/26 15:27:38] D2BS 14068: act5+ BO
[10/05/26 15:27:51] D2BS 14068: ÿc4=== [BAAL] ===
[10/05/26 15:31:08] D2BS 14068: ÿc4=== [COUNTESS] ===
[10/05/26 15:32:13] D2BS 14068: updateStat
[10/05/26 15:32:30] D2BS 14068: ÿc4=== [PIT] ===
[10/05/26 15:34:02] D2BS 14068: ÿc4=== [ANDY] ===
[10/05/26 15:34:50] D2BS 14068: ÿc4=== [MEPHISTO] ===
[10/05/26 15:36:12] D2BS 14068: ÿc4=== [DIABLO] ===
[10/05/26 15:43:19] D2BS 14068: party has left: fowo-xa, fowo-xb
[10/05/26 15:43:19] D2BS 14068:  [16:22] +6.97% / [Level 88] 10.23%
[10/05/26 15:43:19] D2BS 14068: Script threads\autobuildthread.js ended
[10/05/26 15:43:19] D2BS 14068: Script threads\partythread.js ended
[10/05/26 15:43:19] D2BS 14068: Script threads\townchicken.js ended
[10/05/26 15:43:19] D2BS 14068: Script default.dbj ended
[10/05/26 15:43:31] D2BS 14068: joining game pz-146
[10/05/26 15:43:32] D2BS 14068: ÿc2D2BSÿc0 :: Starting default.dbj
[10/05/26 15:43:32] D2BS 14068: ÿc2D2BSÿc0 :: default.dbj running.
[10/05/26 15:43:33] D2BS 14068: Loaded ÿc9[X.nip] [Y.nip] [Z.nip] [V.nip] [N.SUMM.nip]
[10/05/26 15:43:33] D2BS 14068: Loaded ÿc9[N.SUMM.js]
[10/05/26 15:43:33] D2BS 14068: equipped: [Head] 14
[10/05/26 15:43:33] D2BS 14068: equipped: [Neck] 13
[10/05/26 15:43:33] D2BS 14068: equipped: [Body] 18
[10/05/26 15:43:33] D2BS 14068: equipped: [ArmR] 25
[10/05/26 15:43:33] D2BS 14068: equipped: [ArmL] 26
[10/05/26 15:43:33] D2BS 14068: equipped: [RingR] 13
[10/05/26 15:43:33] D2BS 14068: equipped: [RingL] 12
[10/05/26 15:43:33] D2BS 14068: equipped: [Belt] 17
[10/05/26 15:43:33] D2BS 14068: equipped: [Boots] 12
[10/05/26 15:43:33] D2BS 14068: equipped: [Mitts] 12
[10/05/26 15:43:33] D2BS 14068: updateStat
[10/05/26 15:43:33] D2BS 14068: granted: [Head] 14
[10/05/26 15:43:33] D2BS 14068: granted: [Body] 19
[10/05/26 15:43:33] D2BS 14068: granted: [ArmR] 21
[10/05/26 15:43:33] D2BS 14068: Loaded ÿc9[AutoSmurf.js]
[10/05/26 15:43:40] D2BS 14068: farmingON
[10/05/26 15:43:41] D2BS 14068: MiniShopBot: true
[10/05/26 15:43:41] D2BS 14068: UseMerc: true HP: 70
[10/05/26 15:44:02] D2BS 14068: Merc matched: Thorns
[10/05/26 15:44:13] D2BS 14068: Token needed
[10/05/26 15:44:18] D2BS 14068: act5+ BO
[10/05/26 15:44:31] D2BS 14068: ÿc4=== [BAAL] ===
[10/05/26 15:44:40] D2BS 14068: Baal failed: souls found
[10/05/26 15:44:40] D2BS 14068: ÿc4=== [COUNTESS] ===
[10/05/26 15:44:41] D2BS 14068: equipped: [Body] 19
[10/05/26 15:45:51] D2BS 14068: ÿc4=== [PIT] ===
[10/05/26 15:47:03] D2BS 14068: ÿc4=== [ANDY] ===
[10/05/26 15:47:57] D2BS 14068: ÿc4=== [MEPHISTO] ===
[10/05/26 15:49:05] D2BS 14068: ÿc4=== [DIABLO] ===
[10/05/26 15:54:49] D2BS 14068: party has left: fowo-xb
[10/05/26 15:54:49] D2BS 14068:  [11:16] +3.74% / [Level 88] 13.97%
[10/05/26 15:54:49] D2BS 14068: Script threads\autobuildthread.js ended
[10/05/26 15:54:49] D2BS 14068: Script threads\partythread.js ended
[10/05/26 15:54:49] D2BS 14068: Script threads\townchicken.js ended
[10/05/26 15:54:49] D2BS 14068: Script default.dbj ended
[10/05/26 15:55:01] D2BS 14068: joining game pz-147
[10/05/26 15:55:04] D2BS 14068: ÿc2D2BSÿc0 :: Starting default.dbj
[10/05/26 15:55:04] D2BS 14068: ÿc2D2BSÿc0 :: default.dbj running.
[10/05/26 15:55:04] D2BS 14068: Loaded ÿc9[X.nip] [Y.nip] [Z.nip] [V.nip] [N.SUMM.nip]
[10/05/26 15:55:04] D2BS 14068: Loaded ÿc9[N.SUMM.js]
[10/05/26 15:55:04] D2BS 14068: equipped: [Head] 14
[10/05/26 15:55:04] D2BS 14068: equipped: [Neck] 13
[10/05/26 15:55:04] D2BS 14068: equipped: [Body] 19
[10/05/26 15:55:04] D2BS 14068: equipped: [ArmR] 25
[10/05/26 15:55:04] D2BS 14068: equipped: [ArmL] 26
[10/05/26 15:55:04] D2BS 14068: equipped: [RingR] 13
[10/05/26 15:55:04] D2BS 14068: equipped: [RingL] 12
[10/05/26 15:55:04] D2BS 14068: equipped: [Belt] 17
[10/05/26 15:55:04] D2BS 14068: equipped: [Boots] 12
[10/05/26 15:55:04] D2BS 14068: equipped: [Mitts] 12
[10/05/26 15:55:04] D2BS 14068: updateStat
[10/05/26 15:55:04] D2BS 14068: granted: [Head] 14
[10/05/26 15:55:04] D2BS 14068: granted: [Body] 19
[10/05/26 15:55:04] D2BS 14068: granted: [ArmR] 21
[10/05/26 15:55:04] D2BS 14068: Loaded ÿc9[AutoSmurf.js]
[10/05/26 15:55:09] D2BS 14068: farmingON
[10/05/26 15:55:11] D2BS 14068: MiniShopBot: true
[10/05/26 15:55:11] D2BS 14068: UseMerc: true HP: 70
[10/05/26 15:55:27] D2BS 14068: Merc matched: Thorns
[10/05/26 15:55:59] D2BS 14068: Token needed
[10/05/26 15:56:03] D2BS 14068: act5+ BO
[10/05/26 15:56:16] D2BS 14068: ÿc4=== [BAAL] ===
[10/05/26 15:59:43] D2BS 14068: ÿc4=== [COUNTESS] ===
[10/05/26 16:00:57] D2BS 14068: ÿc4=== [PIT] ===
[10/05/26 16:02:33] D2BS 14068: ÿc4=== [ANDY] ===
[10/05/26 16:03:18] D2BS 14068: ÿc4=== [MEPHISTO] ===
[10/05/26 16:04:41] D2BS 14068: ÿc4=== [DIABLO] ===
[10/05/26 16:10:51] D2BS 14068: party has left: fowo-xc, fowo-xe
[10/05/26 16:10:51] D2BS 14068:  [15:48] +7.88% / [Level 88] 21.85%
[10/05/26 16:10:51] D2BS 14068: Script threads\autobuildthread.js ended
[10/05/26 16:10:52] D2BS 14068: Script threads\partythread.js ended
[10/05/26 16:10:52] D2BS 14068: Script threads\townchicken.js ended
[10/05/26 16:10:52] D2BS 14068: Script ended
[10/05/26 16:11:04] D2BS 14068: joining game pz-148
[10/05/26 16:11:07] D2BS 14068: ÿc2D2BSÿc0 :: Starting default.dbj
[10/05/26 16:11:07] D2BS 14068: ÿc2D2BSÿc0 :: default.dbj running.
[10/05/26 16:11:07] D2BS 14068: Loaded ÿc9[X.nip] [Y.nip] [Z.nip] [V.nip] [N.SUMM.nip]
[10/05/26 16:11:07] D2BS 14068: Loaded ÿc9[N.SUMM.js]
[10/05/26 16:11:07] D2BS 14068: equipped: [Head] 14
[10/05/26 16:11:07] D2BS 14068: equipped: [Neck] 13
[10/05/26 16:11:07] D2BS 14068: equipped: [Body] 19
[10/05/26 16:11:07] D2BS 14068: equipped: [ArmR] 25
[10/05/26 16:11:07] D2BS 14068: equipped: [ArmL] 26
[10/05/26 16:11:07] D2BS 14068: equipped: [RingR] 13
[10/05/26 16:11:07] D2BS 14068: equipped: [RingL] 12
[10/05/26 16:11:07] D2BS 14068: equipped: [Belt] 17
[10/05/26 16:11:07] D2BS 14068: equipped: [Boots] 12
[10/05/26 16:11:07] D2BS 14068: equipped: [Mitts] 12
[10/05/26 16:11:07] D2BS 14068: updateStat
[10/05/26 16:11:07] D2BS 14068: granted: [Head] 14
[10/05/26 16:11:07] D2BS 14068: granted: [Body] 19
[10/05/26 16:11:07] D2BS 14068: granted: [ArmR] 21
[10/05/26 16:11:07] D2BS 14068: Loaded ÿc9[AutoSmurf.js]
[10/05/26 16:11:12] D2BS 14068: farmingON
[10/05/26 16:11:13] D2BS 14068: MiniShopBot: true
[10/05/26 16:11:13] D2BS 14068: UseMerc: true HP: 70
[10/05/26 16:11:32] D2BS 14068: Merc matched: Thorns
[10/05/26 16:11:39] D2BS 14068: Token needed
[10/05/26 16:11:44] D2BS 14068: act5+ BO
[10/05/26 16:11:56] D2BS 14068: ÿc4=== [BAAL] ===
[10/05/26 16:15:20] D2BS 14068: ÿc4=== [COUNTESS] ===
[10/05/26 16:16:43] D2BS 14068: ÿc4=== [PIT] ===
[10/05/26 16:18:34] D2BS 14068: ÿc4=== [ANDY] ===
[10/05/26 16:19:29] D2BS 14068: ÿc4=== [MEPHISTO] ===
[10/05/26 16:20:45] D2BS 14068: ÿc4=== [DIABLO] ===
[10/05/26 16:26:40] D2BS 14068: party has left: fowo-xa, fowo-xb
[10/05/26 16:26:40] D2BS 14068:  [15:34] +8.26% / [Level 88] 30.11%
[10/05/26 16:26:40] D2BS 14068: Script threads\autobuildthread.js ended
[10/05/26 16:26:40] D2BS 14068: Script threads\partythread.js ended
[10/05/26 16:26:40] D2BS 14068: Script threads\townchicken.js ended
[10/05/26 16:26:40] D2BS 14068: Script default.dbj ended
[10/05/26 16:26:52] D2BS 14068: joining game pz-149
[10/05/26 16:26:54] D2BS 14068: ÿc2D2BSÿc0 :: Starting default.dbj
[10/05/26 16:26:54] D2BS 14068: ÿc2D2BSÿc0 :: default.dbj running.
[10/05/26 16:26:54] D2BS 14068: Loaded ÿc9[X.nip] [Y.nip] [Z.nip] [V.nip] [N.SUMM.nip]
[10/05/26 16:26:54] D2BS 14068: Loaded ÿc9[N.SUMM.js]
[10/05/26 16:26:54] D2BS 14068: equipped: [Head] 14
[10/05/26 16:26:54] D2BS 14068: equipped: [Neck] 13
[10/05/26 16:26:54] D2BS 14068: equipped: [Body] 19
[10/05/26 16:26:54] D2BS 14068: equipped: [ArmR] 25
[10/05/26 16:26:54] D2BS 14068: equipped: [ArmL] 26
[10/05/26 16:26:54] D2BS 14068: equipped: [RingR] 13
[10/05/26 16:26:54] D2BS 14068: equipped: [RingL] 12
[10/05/26 16:26:54] D2BS 14068: equipped: [Belt] 17
[10/05/26 16:26:55] D2BS 14068: equipped: [Boots] 12
[10/05/26 16:26:55] D2BS 14068: equipped: [Mitts] 12
[10/05/26 16:26:55] D2BS 14068: updateStat
[10/05/26 16:26:55] D2BS 14068: granted: [Head] 14
[10/05/26 16:26:55] D2BS 14068: granted: [Body] 19
[10/05/26 16:26:55] D2BS 14068: granted: [ArmR] 21
[10/05/26 16:26:55] D2BS 14068: Loaded ÿc9[AutoSmurf.js]
[10/05/26 16:26:59] D2BS 14068: farmingON
[10/05/26 16:27:00] D2BS 14068: MiniShopBot: true
[10/05/26 16:27:00] D2BS 14068: UseMerc: true HP: 70
[10/05/26 16:27:19] D2BS 14068: Merc matched: Thorns
[10/05/26 16:27:34] D2BS 14068: Token needed
[10/05/26 16:27:38] D2BS 14068: act5+ BO
[10/05/26 16:27:51] D2BS 14068: ÿc4=== [BAAL] ===
[10/05/26 16:28:05] D2BS 14068: Baal failed: souls found
[10/05/26 16:28:05] D2BS 14068: ÿc4=== [COUNTESS] ===
[10/05/26 16:29:15] D2BS 14068: ÿc4=== [PIT] ===
[10/05/26 16:30:49] D2BS 14068: ÿc4=== [ANDY] ===
[10/05/26 16:31:42] D2BS 14068: ÿc4=== [MEPHISTO] ===
[10/05/26 16:33:03] D2BS 14068: ÿc4=== [DIABLO] ===
[10/05/26 16:38:38] D2BS 14068: Script ended
[10/05/26 16:38:38] D2BS 14068:  [11:44] +3.93% / [Level 88] 34.04%
[10/05/26 16:38:38] D2BS 14068: Script threads\autobuildthread.js ended
[10/05/26 16:38:38] D2BS 14068: Script threads\partythread.js ended
[10/05/26 16:38:38] D2BS 14068: Script threads\townchicken.js ended
[10/05/26 16:38:50] D2BS 14068: joining game pz-150
[10/05/26 16:38:52] D2BS 14068: ÿc2D2BSÿc0 :: Starting default.dbj
[10/05/26 16:38:52] D2BS 14068: ÿc2D2BSÿc0 :: default.dbj running.
[10/05/26 16:38:52] D2BS 14068: Loaded ÿc9[X.nip] [Y.nip] [Z.nip] [V.nip] [N.SUMM.nip]
[10/05/26 16:38:52] D2BS 14068: Loaded ÿc9[N.SUMM.js]
[10/05/26 16:38:52] D2BS 14068: equipped: [Head] 14
[10/05/26 16:38:52] D2BS 14068: equipped: [Neck] 13
[10/05/26 16:38:52] D2BS 14068: equipped: [Body] 19
[10/05/26 16:38:52] D2BS 14068: equipped: [ArmR] 25
[10/05/26 16:38:52] D2BS 14068: equipped: [ArmL] 26
[10/05/26 16:38:52] D2BS 14068: equipped: [RingR] 13
[10/05/26 16:38:52] D2BS 14068: equipped: [RingL] 12
[10/05/26 16:38:52] D2BS 14068: equipped: [Belt] 17
[10/05/26 16:38:52] D2BS 14068: equipped: [Boots] 12
[10/05/26 16:38:52] D2BS 14068: equipped: [Mitts] 12
[10/05/26 16:38:52] D2BS 14068: updateStat
[10/05/26 16:38:52] D2BS 14068: granted: [Head] 14
[10/05/26 16:38:52] D2BS 14068: granted: [Body] 19
[10/05/26 16:38:52] D2BS 14068: granted: [ArmR] 21
[10/05/26 16:38:52] D2BS 14068: Loaded ÿc9[AutoSmurf.js]
[10/05/26 16:38:58] D2BS 14068: farmingON
[10/05/26 16:38:59] D2BS 14068: MiniShopBot: true
[10/05/26 16:38:59] D2BS 14068: UseMerc: true HP: 70
[10/05/26 16:39:20] D2BS 14068: Merc matched: Thorns
[10/05/26 16:39:27] D2BS 14068: Token needed
[10/05/26 16:39:31] D2BS 14068: act5+ BO
[10/05/26 16:39:44] D2BS 14068: ÿc4=== [BAAL] ===
[10/05/26 16:39:59] D2BS 14068: Baal failed: souls found
[10/05/26 16:39:59] D2BS 14068: ÿc4=== [COUNTESS] ===
[10/05/26 16:41:12] D2BS 14068: ÿc4=== [PIT] ===
[10/05/26 16:43:04] D2BS 14068: ÿc4=== [ANDY] ===
[10/05/26 16:43:55] D2BS 14068: ÿc4=== [MEPHISTO] ===
[10/05/26 16:45:16] D2BS 14068: ÿc4=== [DIABLO] ===
[10/05/26 16:47:24] D2BS 14068: updateStat
[10/05/26 16:47:49] D2BS 14068: Going to town
[10/05/26 16:51:02] D2BS 14068: party has left: fowo-xb
[10/05/26 16:51:02] D2BS 14068:  [12:11] +4.69% / [Level 88] 38.73%
[10/05/26 16:51:02] D2BS 14068: Script threads\autobuildthread.js ended
[10/05/26 16:51:02] D2BS 14068: Script threads\partythread.js ended
[10/05/26 16:51:02] D2BS 14068: Script threads\townchicken.js ended
[10/05/26 16:51:02] D2BS 14068: Script default.dbj ended
[10/05/26 16:51:15] D2BS 14068: joining game pz-151
[10/05/26 16:51:16] D2BS 14068: ÿc2D2BSÿc0 :: Starting default.dbj
[10/05/26 16:51:16] D2BS 14068: ÿc2D2BSÿc0 :: default.dbj running.
[10/05/26 16:51:16] D2BS 14068: Loaded ÿc9[X.nip] [Y.nip] [Z.nip] [V.nip] [N.SUMM.nip]
[10/05/26 16:51:16] D2BS 14068: Loaded ÿc9[N.SUMM.js]
[10/05/26 16:51:16] D2BS 14068: equipped: [Head] 14
[10/05/26 16:51:16] D2BS 14068: equipped: [Neck] 13
[10/05/26 16:51:16] D2BS 14068: equipped: [Body] 19
[10/05/26 16:51:16] D2BS 14068: equipped: [ArmR] 25
[10/05/26 16:51:16] D2BS 14068: equipped: [ArmL] 26
[10/05/26 16:51:16] D2BS 14068: equipped: [RingR] 13
[10/05/26 16:51:16] D2BS 14068: equipped: [RingL] 12
[10/05/26 16:51:16] D2BS 14068: equipped: [Belt] 17
[10/05/26 16:51:16] D2BS 14068: equipped: [Boots] 12
[10/05/26 16:51:16] D2BS 14068: equipped: [Mitts] 12
[10/05/26 16:51:16] D2BS 14068: updateStat
[10/05/26 16:51:16] D2BS 14068: granted: [Head] 14
[10/05/26 16:51:16] D2BS 14068: granted: [Body] 19
[10/05/26 16:51:16] D2BS 14068: granted: [ArmR] 21
[10/05/26 16:51:16] D2BS 14068: Loaded ÿc9[AutoSmurf.js]
[10/05/26 16:51:22] D2BS 14068: farmingON
[10/05/26 16:51:23] D2BS 14068: MiniShopBot: true
[10/05/26 16:51:23] D2BS 14068: UseMerc: true HP: 70
[10/05/26 16:51:41] D2BS 14068: Merc matched: Thorns
[10/05/26 16:51:56] D2BS 14068: Token needed
[10/05/26 16:52:00] D2BS 14068: act5+ BO
[10/05/26 16:52:13] D2BS 14068: ÿc4=== [BAAL] ===
[10/05/26 16:52:25] D2BS 14068: Baal failed: souls found
[10/05/26 16:52:25] D2BS 14068: ÿc4=== [COUNTESS] ===
[10/05/26 16:53:36] D2BS 14068: ÿc4=== [PIT] ===
[10/05/26 16:55:20] D2BS 14068: ÿc4=== [ANDY] ===
[10/05/26 16:56:07] D2BS 14068: ÿc4=== [MEPHISTO] ===
[10/05/26 16:57:25] D2BS 14068: ÿc4=== [DIABLO] ===
[10/05/26 17:03:34] D2BS 14068: party has left: fowo-xb
[10/05/26 17:03:34] D2BS 14068:  [12:18] +3.88% / [Level 88] 42.61%
[10/05/26 17:03:34] D2BS 14068: Script threads\autobuildthread.js ended
[10/05/26 17:03:34] D2BS 14068: Script threads\partythread.js ended
[10/05/26 17:03:34] D2BS 14068: Script threads\townchicken.js ended
[10/05/26 17:03:34] D2BS 14068: Script default.dbj ended
[10/05/26 17:03:45] D2BS 14068: joining game pz-152
[10/05/26 17:03:48] D2BS 14068: ÿc2D2BSÿc0 :: Starting default.dbj
[10/05/26 17:03:48] D2BS 14068: ÿc2D2BSÿc0 :: default.dbj running.
[10/05/26 17:03:48] D2BS 14068: Loaded ÿc9[X.nip] [Y.nip] [Z.nip] [V.nip] [N.SUMM.nip]
[10/05/26 17:03:48] D2BS 14068: Loaded ÿc9[N.SUMM.js]
[10/05/26 17:03:48] D2BS 14068: equipped: [Head] 14
[10/05/26 17:03:48] D2BS 14068: equipped: [Neck] 13
[10/05/26 17:03:48] D2BS 14068: equipped: [Body] 19
[10/05/26 17:03:48] D2BS 14068: equipped: [ArmR] 25
[10/05/26 17:03:48] D2BS 14068: equipped: [ArmL] 26
[10/05/26 17:03:48] D2BS 14068: equipped: [RingR] 13
[10/05/26 17:03:48] D2BS 14068: equipped: [RingL] 12
[10/05/26 17:03:48] D2BS 14068: equipped: [Belt] 17
[10/05/26 17:03:48] D2BS 14068: equipped: [Boots] 12
[10/05/26 17:03:48] D2BS 14068: equipped: [Mitts] 12
[10/05/26 17:03:48] D2BS 14068: Loaded ÿc9[AutoSmurf.js]
[10/05/26 17:03:52] D2BS 14068: MiniShopBot: true
[10/05/26 17:03:52] D2BS 14068: farmingON
[10/05/26 17:03:52] D2BS 14068: UseMerc: true HP: 70
[10/05/26 17:04:08] D2BS 14068: Merc matched: Thorns
[10/05/26 17:04:23] D2BS 14068: Token needed
[10/05/26 17:04:27] D2BS 14068: act5+ BO
[10/05/26 17:04:28] D2BS 14068: updateStat
[10/05/26 17:05:08] D2BS 14068: ÿc4=== [BAAL] ===
[10/05/26 17:08:10] D2BS 14068: ÿc4=== [COUNTESS] ===
[10/05/26 17:09:20] D2BS 14068: ÿc4=== [PIT] ===
[10/05/26 17:11:04] D2BS 14068: ÿc4=== [ANDY] ===
[10/05/26 17:11:55] D2BS 14068: ÿc4=== [MEPHISTO] ===
[10/05/26 17:13:20] D2BS 14068: ÿc4=== [DIABLO] ===
[10/05/26 17:13:26] D2BS 14068: updateStat
[10/05/26 17:13:26] D2BS 14068: granted: [Head] 14
[10/05/26 17:13:26] D2BS 14068: granted: [Body] 19
[10/05/26 17:13:26] D2BS 14068: granted: [ArmR] 21
[10/05/26 17:19:12] D2BS 14068: party has left: fowo-xh
[10/05/26 17:19:13] D2BS 14068:  [15:26] +7.56% / [Level 88] 50.17%
[10/05/26 17:19:13] D2BS 14068: Script threads\autobuildthread.js ended
[10/05/26 17:19:13] D2BS 14068: Script threads\partythread.js ended
[10/05/26 17:19:13] D2BS 14068: Script threads\townchicken.js ended
[10/05/26 17:19:13] D2BS 14068: Script default.dbj ended
[10/05/26 17:19:25] D2BS 14068: joining game pz-153
[10/05/26 17:19:27] D2BS 14068: ÿc2D2BSÿc0 :: Starting default.dbj
[10/05/26 17:19:27] D2BS 14068: ÿc2D2BSÿc0 :: default.dbj running.
[10/05/26 17:19:27] D2BS 14068: Loaded ÿc9[X.nip] [Y.nip] [Z.nip] [V.nip] [N.SUMM.nip]
[10/05/26 17:19:27] D2BS 14068: Loaded ÿc9[N.SUMM.js]
[10/05/26 17:19:27] D2BS 14068: equipped: [Head] 14
[10/05/26 17:19:27] D2BS 14068: equipped: [Neck] 13
[10/05/26 17:19:27] D2BS 14068: equipped: [Body] 19
[10/05/26 17:19:27] D2BS 14068: equipped: [ArmR] 25
[10/05/26 17:19:27] D2BS 14068: equipped: [ArmL] 26
[10/05/26 17:19:27] D2BS 14068: equipped: [RingR] 13
[10/05/26 17:19:27] D2BS 14068: equipped: [RingL] 12
[10/05/26 17:19:27] D2BS 14068: equipped: [Belt] 17
[10/05/26 17:19:27] D2BS 14068: equipped: [Boots] 12
[10/05/26 17:19:27] D2BS 14068: equipped: [Mitts] 12
[10/05/26 17:19:27] D2BS 14068: updateStat
[10/05/26 17:19:27] D2BS 14068: granted: [Head] 14
[10/05/26 17:19:27] D2BS 14068: granted: [Body] 19
[10/05/26 17:19:27] D2BS 14068: granted: [ArmR] 21
[10/05/26 17:19:28] D2BS 14068: Loaded ÿc9[AutoSmurf.js]
[10/05/26 17:19:33] D2BS 14068: MiniShopBot: true
[10/05/26 17:19:33] D2BS 14068: farmingON
[10/05/26 17:19:33] D2BS 14068: UseMerc: true HP: 70
[10/05/26 17:19:48] D2BS 14068: Merc matched: Thorns
[10/05/26 17:20:02] D2BS 14068: Token needed
[10/05/26 17:20:06] D2BS 14068: act5+ BO
[10/05/26 17:20:19] D2BS 14068: ÿc4=== [BAAL] ===
[10/05/26 17:23:44] D2BS 14068: ÿc4=== [COUNTESS] ===
[10/05/26 17:25:11] D2BS 14068: ÿc4=== [PIT] ===
[10/05/26 17:26:30] D2BS 14068: ÿc4=== [ANDY] ===
[10/05/26 17:27:28] D2BS 14068: ÿc4=== [MEPHISTO] ===
[10/05/26 17:28:44] D2BS 14068: ÿc4=== [DIABLO] ===
[10/05/26 17:34:08] D2BS 14068: party has left: fowo-xf
[10/05/26 17:34:08] D2BS 14068:  [14:42] +7.80% / [Level 88] 57.98%
[10/05/26 17:34:08] D2BS 14068: Script threads\autobuildthread.js ended
[10/05/26 17:34:08] D2BS 14068: Script threads\partythread.js ended
[10/05/26 17:34:09] D2BS 14068: Script threads\townchicken.js ended
[10/05/26 17:34:09] D2BS 14068: Script default.dbj ended
[10/05/26 17:34:21] D2BS 14068: joining game pz-154
[10/05/26 17:34:23] D2BS 14068: ÿc2D2BSÿc0 :: Starting default.dbj
[10/05/26 17:34:23] D2BS 14068: ÿc2D2BSÿc0 :: default.dbj running.
[10/05/26 17:34:23] D2BS 14068: Loaded ÿc9[X.nip] [Y.nip] [Z.nip] [V.nip] [N.SUMM.nip]
[10/05/26 17:34:23] D2BS 14068: Loaded ÿc9[N.SUMM.js]
[10/05/26 17:34:23] D2BS 14068: equipped: [Head] 14
[10/05/26 17:34:23] D2BS 14068: equipped: [Neck] 13
[10/05/26 17:34:23] D2BS 14068: equipped: [Body] 19
[10/05/26 17:34:23] D2BS 14068: equipped: [ArmR] 25
[10/05/26 17:34:23] D2BS 14068: equipped: [ArmL] 26
[10/05/26 17:34:23] D2BS 14068: equipped: [RingR] 13
[10/05/26 17:34:23] D2BS 14068: equipped: [RingL] 12
[10/05/26 17:34:23] D2BS 14068: equipped: [Belt] 17
[10/05/26 17:34:23] D2BS 14068: equipped: [Boots] 12
[10/05/26 17:34:23] D2BS 14068: equipped: [Mitts] 12
[10/05/26 17:34:23] D2BS 14068: updateStat
[10/05/26 17:34:23] D2BS 14068: granted: [Head] 14
[10/05/26 17:34:23] D2BS 14068: granted: [Body] 19
[10/05/26 17:34:23] D2BS 14068: granted: [ArmR] 21
[10/05/26 17:34:24] D2BS 14068: Loaded ÿc9[AutoSmurf.js]
[10/05/26 17:34:28] D2BS 14068: farmingON
[10/05/26 17:34:31] D2BS 14068: MiniShopBot: true
[10/05/26 17:34:31] D2BS 14068: UseMerc: true HP: 70
[10/05/26 17:34:48] D2BS 14068: Merc matched: Thorns
[10/05/26 17:34:58] D2BS 14068: Token needed
[10/05/26 17:35:01] D2BS 14068: act5+ BO
[10/05/26 17:35:14] D2BS 14068: ÿc4=== [BAAL] ===
[10/05/26 17:38:40] D2BS 14068: ÿc4=== [COUNTESS] ===
[10/05/26 17:38:48] D2BS 14068: equipped: [Neck] 15
[10/05/26 17:39:47] D2BS 14068: ÿc4=== [PIT] ===
[10/05/26 17:41:25] D2BS 14068: ÿc4=== [ANDY] ===
[10/05/26 17:42:16] D2BS 14068: ÿc4=== [MEPHISTO] ===
[10/05/26 17:43:42] D2BS 14068: ÿc4=== [DIABLO] ===
[10/05/26 17:49:28] D2BS 14068: party has left: fowo-xb
[10/05/26 17:49:28] D2BS 14068:  [15:05] +8.30% / [Level 88] 66.28%
[10/05/26 17:49:28] D2BS 14068: Script threads\autobuildthread.js ended
[10/05/26 17:49:28] D2BS 14068: Script threads\partythread.js ended
[10/05/26 17:49:28] D2BS 14068: Script threads\townchicken.js ended
[10/05/26 17:49:28] D2BS 14068: Script default.dbj ended
[10/05/26 17:49:42] D2BS 14068: joining game pz-155
[10/05/26 17:49:45] D2BS 14068: ÿc2D2BSÿc0 :: Starting default.dbj
[10/05/26 17:49:45] D2BS 14068: ÿc2D2BSÿc0 :: default.dbj running.
[10/05/26 17:49:45] D2BS 14068: Loaded ÿc9[X.nip] [Y.nip] [Z.nip] [V.nip] [N.SUMM.nip]
[10/05/26 17:49:45] D2BS 14068: Loaded ÿc9[N.SUMM.js]
[10/05/26 17:49:45] D2BS 14068: equipped: [Head] 14
[10/05/26 17:49:45] D2BS 14068: equipped: [Neck] 15
[10/05/26 17:49:45] D2BS 14068: equipped: [Body] 19
[10/05/26 17:49:45] D2BS 14068: equipped: [ArmR] 25
[10/05/26 17:49:45] D2BS 14068: equipped: [ArmL] 26
[10/05/26 17:49:45] D2BS 14068: equipped: [RingR] 13
[10/05/26 17:49:45] D2BS 14068: equipped: [RingL] 12
[10/05/26 17:49:45] D2BS 14068: equipped: [Belt] 17
[10/05/26 17:49:45] D2BS 14068: equipped: [Boots] 12
[10/05/26 17:49:45] D2BS 14068: equipped: [Mitts] 12
[10/05/26 17:49:45] D2BS 14068: updateStat
[10/05/26 17:49:45] D2BS 14068: granted: [Head] 14
[10/05/26 17:49:45] D2BS 14068: granted: [Body] 19
[10/05/26 17:49:45] D2BS 14068: granted: [ArmR] 21
[10/05/26 17:49:45] D2BS 14068: Loaded ÿc9[AutoSmurf.js]
[10/05/26 17:49:50] D2BS 14068: farmingON
[10/05/26 17:49:51] D2BS 14068: MiniShopBot: true
[10/05/26 17:49:51] D2BS 14068: UseMerc: true HP: 70
[10/05/26 17:50:11] D2BS 14068: Merc matched: Thorns
[10/05/26 17:50:24] D2BS 14068: Token needed
[10/05/26 17:50:28] D2BS 14068: act5+ BO
[10/05/26 17:50:41] D2BS 14068: ÿc4=== [BAAL] ===
[10/05/26 17:53:29] D2BS 14068: Script default.dbj ended
[10/05/26 17:53:29] D2BS 14068: Script threads\autobuildthread.js ended
[10/05/26 17:53:29] D2BS 14068: Script threads\partythread.js ended
[10/05/26 17:53:29] D2BS 14068: Script threads\toolsthread.js ended
[10/05/26 17:53:29] D2BS 14068: Script threads\townchicken.js ended
[10/05/26 17:53:41] D2BS 14068: joining game pz-156
[10/05/26 17:53:43] D2BS 14068: ÿc2D2BSÿc0 :: Starting default.dbj
[10/05/26 17:53:43] D2BS 14068: ÿc2D2BSÿc0 :: default.dbj running.
[10/05/26 17:53:43] D2BS 14068: Loaded ÿc9[X.nip] [Y.nip] [Z.nip] [V.nip] [N.SUMM.nip]
[10/05/26 17:53:43] D2BS 14068: Loaded ÿc9[N.SUMM.js]
[10/05/26 17:53:43] D2BS 14068: equipped: [Head] 14
[10/05/26 17:53:43] D2BS 14068: equipped: [Neck] 15
[10/05/26 17:53:43] D2BS 14068: equipped: [Body] 19
[10/05/26 17:53:43] D2BS 14068: equipped: [ArmR] 25
[10/05/26 17:53:43] D2BS 14068: equipped: [ArmL] 26
[10/05/26 17:53:43] D2BS 14068: equipped: [RingR] 13
[10/05/26 17:53:43] D2BS 14068: equipped: [RingL] 12
[10/05/26 17:53:43] D2BS 14068: equipped: [Belt] 17
[10/05/26 17:53:43] D2BS 14068: equipped: [Boots] 12
[10/05/26 17:53:43] D2BS 14068: equipped: [Mitts] 12
[10/05/26 17:53:43] D2BS 14068: updateStat
[10/05/26 17:53:43] D2BS 14068: granted: [Head] 14
[10/05/26 17:53:43] D2BS 14068: granted: [Body] 19
[10/05/26 17:53:43] D2BS 14068: granted: [ArmR] 21
[10/05/26 17:53:44] D2BS 14068: Loaded ÿc9[AutoSmurf.js]
[10/05/26 17:53:45] D2BS 14068: farmingON
[10/05/26 17:53:46] D2BS 14068: MiniShopBot: true
[10/05/26 17:53:46] D2BS 14068: UseMerc: true HP: 70
[10/05/26 17:53:59] D2BS 14068: Merc matched: Thorns
[10/05/26 17:54:14] D2BS 14068: Token needed
[10/05/26 17:54:17] D2BS 14068: act5+ BO
[10/05/26 17:54:30] D2BS 14068: ÿc4=== [BAAL] ===
[10/05/26 17:58:26] D2BS 14068: ÿc4=== [COUNTESS] ===
[10/05/26 17:59:55] D2BS 14068: ÿc4=== [PIT] ===
[10/05/26 18:01:49] D2BS 14068: ÿc4=== [ANDY] ===
[10/05/26 18:02:34] D2BS 14068: ÿc4=== [MEPHISTO] ===
[10/05/26 18:03:53] D2BS 14068: ÿc4=== [DIABLO] ===
[10/05/26 18:09:43] D2BS 14068: Script ended
[10/05/26 18:09:43] D2BS 14068:  [15:59] +8.40% / [Level 88] 78.13%
[10/05/26 18:09:43] D2BS 14068: Script threads\autobuildthread.js ended
[10/05/26 18:09:43] D2BS 14068: Script threads\partythread.js ended
[10/05/26 18:09:44] D2BS 14068: Script threads\townchicken.js ended
[10/05/26 18:09:56] D2BS 14068: joining game pz-157
[10/05/26 18:09:57] D2BS 14068: ÿc2D2BSÿc0 :: Starting default.dbj
[10/05/26 18:09:57] D2BS 14068: ÿc2D2BSÿc0 :: default.dbj running.
[10/05/26 18:09:57] D2BS 14068: Loaded ÿc9[X.nip] [Y.nip] [Z.nip] [V.nip] [N.SUMM.nip]
[10/05/26 18:09:57] D2BS 14068: Loaded ÿc9[N.SUMM.js]
[10/05/26 18:09:57] D2BS 14068: equipped: [Head] 14
[10/05/26 18:09:57] D2BS 14068: equipped: [Neck] 15
[10/05/26 18:09:57] D2BS 14068: equipped: [Body] 19
[10/05/26 18:09:57] D2BS 14068: equipped: [ArmR] 25
[10/05/26 18:09:57] D2BS 14068: equipped: [ArmL] 26
[10/05/26 18:09:57] D2BS 14068: equipped: [RingR] 13
[10/05/26 18:09:57] D2BS 14068: equipped: [RingL] 12
[10/05/26 18:09:57] D2BS 14068: equipped: [Belt] 17
[10/05/26 18:09:57] D2BS 14068: equipped: [Boots] 12
[10/05/26 18:09:58] D2BS 14068: equipped: [Mitts] 12
[10/05/26 18:09:58] D2BS 14068: updateStat
[10/05/26 18:09:58] D2BS 14068: granted: [Head] 14
[10/05/26 18:09:58] D2BS 14068: granted: [Body] 19
[10/05/26 18:09:58] D2BS 14068: granted: [ArmR] 21
[10/05/26 18:09:58] D2BS 14068: Loaded ÿc9[AutoSmurf.js]
[10/05/26 18:10:03] D2BS 14068: farmingON
[10/05/26 18:10:05] D2BS 14068: MiniShopBot: true
[10/05/26 18:10:05] D2BS 14068: UseMerc: true HP: 70
[10/05/26 18:10:29] D2BS 14068: equipped: [RingL] 13
[10/05/26 18:10:30] D2BS 14068: Merc matched: Thorns
[10/05/26 18:10:34] D2BS 14068: Token needed
[10/05/26 18:10:38] D2BS 14068: act5+ BO
[10/05/26 18:10:50] D2BS 14068: ÿc4=== [BAAL] ===
[10/05/26 18:14:26] D2BS 14068: ÿc4=== [COUNTESS] ===
[10/05/26 18:15:37] D2BS 14068: ÿc4=== [PIT] ===
[10/05/26 18:17:10] D2BS 14068: ÿc4=== [ANDY] ===
[10/05/26 18:17:59] D2BS 14068: ÿc4=== [MEPHISTO] ===
[10/05/26 18:19:17] D2BS 14068: ÿc4=== [DIABLO] ===
[10/05/26 18:23:22] D2BS 14068: updateStat
[10/05/26 18:25:37] D2BS 14068: party has left: fowo-xa
[10/05/26 18:25:37] D2BS 14068:  [15:40] +7.25% / [Level 88] 85.39%
[10/05/26 18:25:37] D2BS 14068: Script threads\autobuildthread.js ended
[10/05/26 18:25:37] D2BS 14068: Script threads\partythread.js ended
[10/05/26 18:25:38] D2BS 14068: Script threads\townchicken.js ended
[10/05/26 18:25:38] D2BS 14068: Script default.dbj ended
[10/05/26 18:25:50] D2BS 14068: joining game pz-158
[10/05/26 18:25:53] D2BS 14068: ÿc2D2BSÿc0 :: Starting default.dbj
[10/05/26 18:25:53] D2BS 14068: ÿc2D2BSÿc0 :: default.dbj running.
[10/05/26 18:25:53] D2BS 14068: Loaded ÿc9[X.nip] [Y.nip] [Z.nip] [V.nip] [N.SUMM.nip]
[10/05/26 18:25:53] D2BS 14068: Loaded ÿc9[N.SUMM.js]
[10/05/26 18:25:53] D2BS 14068: equipped: [Head] 14
[10/05/26 18:25:53] D2BS 14068: equipped: [Neck] 15
[10/05/26 18:25:53] D2BS 14068: equipped: [Body] 19
[10/05/26 18:25:53] D2BS 14068: equipped: [ArmR] 25
[10/05/26 18:25:53] D2BS 14068: equipped: [ArmL] 26
[10/05/26 18:25:53] D2BS 14068: equipped: [RingR] 13
[10/05/26 18:25:53] D2BS 14068: equipped: [RingL] 13
[10/05/26 18:25:53] D2BS 14068: equipped: [Belt] 17
[10/05/26 18:25:53] D2BS 14068: equipped: [Boots] 12
[10/05/26 18:25:53] D2BS 14068: equipped: [Mitts] 12
[10/05/26 18:25:53] D2BS 14068: updateStat
[10/05/26 18:25:53] D2BS 14068: granted: [Head] 14
[10/05/26 18:25:53] D2BS 14068: granted: [Body] 19
[10/05/26 18:25:53] D2BS 14068: granted: [ArmR] 21
[10/05/26 18:25:53] D2BS 14068: Loaded ÿc9[AutoSmurf.js]
[10/05/26 18:25:57] D2BS 14068: MiniShopBot: true
[10/05/26 18:25:57] D2BS 14068: farmingON
[10/05/26 18:25:57] D2BS 14068: UseMerc: true HP: 70
[10/05/26 18:26:16] D2BS 14068: equipped: [Boots] 15
[10/05/26 18:26:17] D2BS 14068: Merc matched: Thorns
[10/05/26 18:26:38] D2BS 14068: Token needed
[10/05/26 18:26:42] D2BS 14068: act5+ BO
[10/05/26 18:27:08] D2BS 14068: ÿc4=== [BAAL] ===
[10/05/26 18:28:42] D2BS 14068: party has left: fowo-xf
[10/05/26 18:28:42] D2BS 14068:  [02:50] +0.93% / [Level 88] 86.31%
[10/05/26 18:28:42] D2BS 14068: Script threads\autobuildthread.js ended
[10/05/26 18:28:42] D2BS 14068: Script threads\partythread.js ended
[10/05/26 18:28:42] D2BS 14068: Script threads\townchicken.js ended
[10/05/26 18:28:43] D2BS 14068: Script default.dbj ended
[10/05/26 18:28:54] D2BS 14068: joining game pz-159
[10/05/26 18:28:55] D2BS 14068: ÿc2D2BSÿc0 :: Starting default.dbj
[10/05/26 18:28:55] D2BS 14068: ÿc2D2BSÿc0 :: default.dbj running.
[10/05/26 18:28:56] D2BS 14068: Loaded ÿc9[X.nip] [Y.nip] [Z.nip] [V.nip] [N.SUMM.nip]
[10/05/26 18:28:56] D2BS 14068: Loaded ÿc9[N.SUMM.js]
[10/05/26 18:28:56] D2BS 14068: equipped: [Head] 14
[10/05/26 18:28:56] D2BS 14068: equipped: [Neck] 15
[10/05/26 18:28:56] D2BS 14068: equipped: [Body] 19
[10/05/26 18:28:56] D2BS 14068: equipped: [ArmR] 25
[10/05/26 18:28:56] D2BS 14068: equipped: [ArmL] 26
[10/05/26 18:28:56] D2BS 14068: equipped: [RingR] 13
[10/05/26 18:28:56] D2BS 14068: equipped: [RingL] 13
[10/05/26 18:28:56] D2BS 14068: equipped: [Belt] 17
[10/05/26 18:28:56] D2BS 14068: equipped: [Boots] 15
[10/05/26 18:28:56] D2BS 14068: equipped: [Mitts] 12
[10/05/26 18:28:56] D2BS 14068: updateStat
[10/05/26 18:28:56] D2BS 14068: granted: [Head] 14
[10/05/26 18:28:56] D2BS 14068: granted: [Body] 19
[10/05/26 18:28:56] D2BS 14068: granted: [ArmR] 21
[10/05/26 18:28:57] D2BS 14068: Loaded ÿc9[AutoSmurf.js]
[10/05/26 18:28:59] D2BS 14068: MiniShopBot: true
[10/05/26 18:28:59] D2BS 14068: farmingON
[10/05/26 18:28:59] D2BS 14068: UseMerc: true HP: 70
[10/05/26 18:29:16] D2BS 14068: Merc matched: Thorns
[10/05/26 18:29:23] D2BS 14068: Token needed
[10/05/26 18:29:27] D2BS 14068: act5+ BO
[10/05/26 18:29:40] D2BS 14068: ÿc4=== [BAAL] ===
[10/05/26 18:32:55] D2BS 14068: ÿc4=== [COUNTESS] ===
[10/05/26 18:34:06] D2BS 14068: ÿc4=== [PIT] ===
[10/05/26 18:35:50] D2BS 14068: ÿc4=== [ANDY] ===
[10/05/26 18:36:42] D2BS 14068: ÿc4=== [MEPHISTO] ===
[10/05/26 18:37:55] D2BS 14068: ÿc4=== [DIABLO] ===
[10/05/26 18:44:47] D2BS 14068: Script ended
[10/05/26 18:44:47] D2BS 14068:  [15:52] +7.71% / [Level 88] 94.02%
[10/05/26 18:44:47] D2BS 14068: Script threads\autobuildthread.js ended
[10/05/26 18:44:47] D2BS 14068: Script threads\partythread.js ended
[10/05/26 18:44:48] D2BS 14068: Script threads\townchicken.js ended
[10/05/26 18:45:00] D2BS 14068: joining game pz-160
[10/05/26 18:45:03] D2BS 14068: ÿc2D2BSÿc0 :: Starting default.dbj
[10/05/26 18:45:03] D2BS 14068: ÿc2D2BSÿc0 :: default.dbj running.
[10/05/26 18:45:03] D2BS 14068: Loaded ÿc9[X.nip] [Y.nip] [Z.nip] [V.nip] [N.SUMM.nip]
[10/05/26 18:45:03] D2BS 14068: Loaded ÿc9[N.SUMM.js]
[10/05/26 18:45:03] D2BS 14068: equipped: [Head] 14
[10/05/26 18:45:03] D2BS 14068: equipped: [Neck] 15
[10/05/26 18:45:03] D2BS 14068: equipped: [Body] 19
[10/05/26 18:45:03] D2BS 14068: equipped: [ArmR] 25
[10/05/26 18:45:03] D2BS 14068: equipped: [ArmL] 26
[10/05/26 18:45:03] D2BS 14068: equipped: [RingR] 13
[10/05/26 18:45:03] D2BS 14068: equipped: [RingL] 13
[10/05/26 18:45:03] D2BS 14068: equipped: [Belt] 17
[10/05/26 18:45:03] D2BS 14068: equipped: [Boots] 15
[10/05/26 18:45:03] D2BS 14068: equipped: [Mitts] 12
[10/05/26 18:45:03] D2BS 14068: updateStat
[10/05/26 18:45:03] D2BS 14068: granted: [Head] 14
[10/05/26 18:45:03] D2BS 14068: granted: [Body] 19
[10/05/26 18:45:03] D2BS 14068: granted: [ArmR] 21
[10/05/26 18:45:03] D2BS 14068: Loaded ÿc9[AutoSmurf.js]
[10/05/26 18:45:08] D2BS 14068: farmingON
[10/05/26 18:45:10] D2BS 14068: MiniShopBot: true
[10/05/26 18:45:10] D2BS 14068: UseMerc: true HP: 70
[10/05/26 18:45:27] D2BS 14068: Merc matched: Thorns
[10/05/26 18:45:37] D2BS 14068: Token needed
[10/05/26 18:45:42] D2BS 14068: act5+ BO
[10/05/26 18:45:55] D2BS 14068: ÿc4=== [BAAL] ===
[10/05/26 18:46:16] D2BS 14068: Baal failed: souls found
[10/05/26 18:46:16] D2BS 14068: ÿc4=== [COUNTESS] ===
[10/05/26 18:47:28] D2BS 14068: ÿc4=== [PIT] ===
[10/05/26 18:49:13] D2BS 14068: ÿc4=== [ANDY] ===
[10/05/26 18:50:17] D2BS 14068: ÿc4=== [MEPHISTO] ===
[10/05/26 18:51:42] D2BS 14068: ÿc4=== [DIABLO] ===
[10/05/26 18:56:41] D2BS 14068: party has left: fowo-xe
[10/05/26 18:56:41] D2BS 14068:  [11:39] +2.56% / [Level 88] 96.58%
[10/05/26 18:56:41] D2BS 14068: Script threads\autobuildthread.js ended
[10/05/26 18:56:41] D2BS 14068: Script threads\partythread.js ended
[10/05/26 18:56:41] D2BS 14068: Script threads\townchicken.js ended
[10/05/26 18:56:41] D2BS 14068: Script default.dbj ended
[10/05/26 18:56:54] D2BS 14068: joining game pz-161
[10/05/26 18:56:56] D2BS 14068: ÿc2D2BSÿc0 :: Starting default.dbj
[10/05/26 18:56:56] D2BS 14068: ÿc2D2BSÿc0 :: default.dbj running.
[10/05/26 18:56:56] D2BS 14068: Loaded ÿc9[X.nip] [Y.nip] [Z.nip] [V.nip] [N.SUMM.nip]
[10/05/26 18:56:56] D2BS 14068: Loaded ÿc9[N.SUMM.js]
[10/05/26 18:56:56] D2BS 14068: equipped: [Head] 14
[10/05/26 18:56:56] D2BS 14068: equipped: [Neck] 15
[10/05/26 18:56:56] D2BS 14068: equipped: [Body] 19
[10/05/26 18:56:56] D2BS 14068: equipped: [ArmR] 25
[10/05/26 18:56:56] D2BS 14068: equipped: [ArmL] 26
[10/05/26 18:56:56] D2BS 14068: equipped: [RingR] 13
[10/05/26 18:56:56] D2BS 14068: equipped: [RingL] 13
[10/05/26 18:56:56] D2BS 14068: equipped: [Belt] 17
[10/05/26 18:56:56] D2BS 14068: equipped: [Boots] 15
[10/05/26 18:56:56] D2BS 14068: equipped: [Mitts] 12
[10/05/26 18:56:56] D2BS 14068: updateStat
[10/05/26 18:56:56] D2BS 14068: granted: [Head] 14
[10/05/26 18:56:56] D2BS 14068: granted: [Body] 19
[10/05/26 18:56:56] D2BS 14068: granted: [ArmR] 21
[10/05/26 18:56:56] D2BS 14068: Loaded ÿc9[AutoSmurf.js]
[10/05/26 18:57:01] D2BS 14068: farmingON
[10/05/26 18:57:03] D2BS 14068: MiniShopBot: true
[10/05/26 18:57:03] D2BS 14068: UseMerc: true HP: 70
[10/05/26 18:57:20] D2BS 14068: Merc matched: Thorns
[10/05/26 18:57:27] D2BS 14068: Token needed
[10/05/26 18:57:31] D2BS 14068: act5+ BO
[10/05/26 18:57:44] D2BS 14068: ÿc4=== [BAAL] ===
[10/05/26 18:58:00] D2BS 14068: Baal failed: souls found
[10/05/26 18:58:00] D2BS 14068: ÿc4=== [COUNTESS] ===
[10/05/26 18:59:04] D2BS 14068: ÿc4=== [PIT] ===
[10/05/26 19:01:02] D2BS 14068: ÿc4=== [ANDY] ===
[10/05/26 19:01:57] D2BS 14068: ÿc4=== [MEPHISTO] ===
[10/05/26 19:03:15] D2BS 14068: ÿc4=== [DIABLO] ===
[10/05/26 19:08:43] D2BS 14068: party has left: fowo-xd
[10/05/26 19:08:43] D2BS 14068:  [11:48] +3.94% / [Level 89] 0.80%
[10/05/26 19:08:43] D2BS 14068: Script threads\autobuildthread.js ended
[10/05/26 19:08:43] D2BS 14068: Script threads\partythread.js ended
[10/05/26 19:08:44] D2BS 14068: Script threads\townchicken.js ended
[10/05/26 19:08:44] D2BS 14068: Script default.dbj ended
[10/05/26 19:08:56] D2BS 14068: joining game pz-162
[10/05/26 19:08:57] D2BS 14068: ÿc2D2BSÿc0 :: Starting default.dbj
[10/05/26 19:08:57] D2BS 14068: ÿc2D2BSÿc0 :: default.dbj running.
[10/05/26 19:08:58] D2BS 14068: Loaded ÿc9[X.nip] [Y.nip] [Z.nip] [V.nip] [N.SUMM.nip]
[10/05/26 19:08:58] D2BS 14068: Loaded ÿc9[N.SUMM.js]
[10/05/26 19:08:58] D2BS 14068: equipped: [Head] 14
[10/05/26 19:08:58] D2BS 14068: equipped: [Neck] 15
[10/05/26 19:08:58] D2BS 14068: equipped: [Body] 19
[10/05/26 19:08:58] D2BS 14068: equipped: [ArmR] 25
[10/05/26 19:08:58] D2BS 14068: equipped: [ArmL] 26
[10/05/26 19:08:58] D2BS 14068: equipped: [RingR] 13
[10/05/26 19:08:58] D2BS 14068: equipped: [RingL] 13
[10/05/26 19:08:58] D2BS 14068: equipped: [Belt] 17
[10/05/26 19:08:58] D2BS 14068: equipped: [Boots] 15
[10/05/26 19:08:58] D2BS 14068: equipped: [Mitts] 12
[10/05/26 19:08:58] D2BS 14068: updateStat
[10/05/26 19:08:58] D2BS 14068: granted: [Head] 14
[10/05/26 19:08:58] D2BS 14068: granted: [Body] 19
[10/05/26 19:08:58] D2BS 14068: granted: [ArmR] 21
[10/05/26 19:08:58] D2BS 14068: Loaded ÿc9[AutoSmurf.js]
[10/05/26 19:09:04] D2BS 14068: farmingON
[10/05/26 19:09:05] D2BS 14068: MiniShopBot: true
[10/05/26 19:09:05] D2BS 14068: UseMerc: true HP: 70
[10/05/26 19:09:27] D2BS 14068: Merc matched: Thorns
[10/05/26 19:09:37] D2BS 14068: Token needed
[10/05/26 19:09:40] D2BS 14068: act5+ BO
[10/05/26 19:09:54] D2BS 14068: ÿc4=== [BAAL] ===
[10/05/26 19:10:04] D2BS 14068: Baal failed: souls found
[10/05/26 19:10:04] D2BS 14068: ÿc4=== [COUNTESS] ===
[10/05/26 19:11:08] D2BS 14068: ÿc4=== [PIT] ===
[10/05/26 19:12:53] D2BS 14068: ÿc4=== [ANDY] ===
[10/05/26 19:13:56] D2BS 14068: ÿc4=== [MEPHISTO] ===
[10/05/26 19:15:17] D2BS 14068: ÿc4=== [DIABLO] ===
[10/05/26 19:20:36] D2BS 14068: party has left: fowo-xa
[10/05/26 19:20:36] D2BS 14068:  [11:39] +2.56% / [Level 89] 3.36%
[10/05/26 19:20:36] D2BS 14068: Script threads\autobuildthread.js ended
[10/05/26 19:20:36] D2BS 14068: Script threads\partythread.js ended
[10/05/26 19:20:36] D2BS 14068: Script threads\townchicken.js ended
[10/05/26 19:20:36] D2BS 14068: Script default.dbj ended
[10/05/26 19:20:48] D2BS 14068: joining game pz-163
[10/05/26 19:20:50] D2BS 14068: ÿc2D2BSÿc0 :: Starting default.dbj
[10/05/26 19:20:50] D2BS 14068: ÿc2D2BSÿc0 :: default.dbj running.
[10/05/26 19:20:50] D2BS 14068: Loaded ÿc9[X.nip] [Y.nip] [Z.nip] [V.nip] [N.SUMM.nip]
[10/05/26 19:20:50] D2BS 14068: Loaded ÿc9[N.SUMM.js]
[10/05/26 19:20:50] D2BS 14068: equipped: [Head] 14
[10/05/26 19:20:50] D2BS 14068: equipped: [Neck] 15
[10/05/26 19:20:50] D2BS 14068: equipped: [Body] 19
[10/05/26 19:20:50] D2BS 14068: equipped: [ArmR] 25
[10/05/26 19:20:50] D2BS 14068: equipped: [ArmL] 26
[10/05/26 19:20:50] D2BS 14068: equipped: [RingR] 13
[10/05/26 19:20:50] D2BS 14068: equipped: [RingL] 13
[10/05/26 19:20:50] D2BS 14068: equipped: [Belt] 17
[10/05/26 19:20:50] D2BS 14068: equipped: [Boots] 15
[10/05/26 19:20:51] D2BS 14068: equipped: [Mitts] 12
[10/05/26 19:20:51] D2BS 14068: updateStat
[10/05/26 19:20:51] D2BS 14068: granted: [Head] 14
[10/05/26 19:20:51] D2BS 14068: granted: [Body] 19
[10/05/26 19:20:51] D2BS 14068: granted: [ArmR] 21
[10/05/26 19:20:51] D2BS 14068: Loaded ÿc9[AutoSmurf.js]
[10/05/26 19:20:56] D2BS 14068: farmingON
[10/05/26 19:20:58] D2BS 14068: MiniShopBot: true
[10/05/26 19:20:58] D2BS 14068: UseMerc: true HP: 70
[10/05/26 19:21:16] D2BS 14068: granted: [ArmR] 22
[10/05/26 19:21:17] D2BS 14068: Merc matched: Thorns
[10/05/26 19:21:28] D2BS 14068: Token needed
[10/05/26 19:21:31] D2BS 14068: act5+ BO
[10/05/26 19:21:45] D2BS 14068: ÿc4=== [BAAL] ===
[10/05/26 19:25:40] D2BS 14068: ÿc4=== [COUNTESS] ===
[10/05/26 19:26:45] D2BS 14068: ÿc4=== [PIT] ===
[10/05/26 19:28:23] D2BS 14068: ÿc4=== [ANDY] ===
[10/05/26 19:29:11] D2BS 14068: ÿc4=== [MEPHISTO] ===
[10/05/26 19:30:26] D2BS 14068: ÿc4=== [DIABLO] ===
[10/05/26 19:31:22] D2BS 14068: updateStat
[10/05/26 19:36:32] D2BS 14068: party has left: fowo-xb
[10/05/26 19:36:32] D2BS 14068:  [15:42] +5.55% / [Level 89] 8.91%
[10/05/26 19:36:32] D2BS 14068: Script threads\autobuildthread.js ended
[10/05/26 19:36:32] D2BS 14068: Script threads\partythread.js ended
[10/05/26 19:36:32] D2BS 14068: Script threads\townchicken.js ended
[10/05/26 19:36:32] D2BS 14068: Script default.dbj ended
[10/05/26 19:36:45] D2BS 14068: joining game pz-164
[10/05/26 19:36:46] D2BS 14068: ÿc2D2BSÿc0 :: Starting default.dbj
[10/05/26 19:36:46] D2BS 14068: ÿc2D2BSÿc0 :: default.dbj running.
[10/05/26 19:36:46] D2BS 14068: Loaded ÿc9[X.nip] [Y.nip] [Z.nip] [V.nip] [N.SUMM.nip]
[10/05/26 19:36:46] D2BS 14068: Loaded ÿc9[N.SUMM.js]
[10/05/26 19:36:46] D2BS 14068: equipped: [Head] 14
[10/05/26 19:36:46] D2BS 14068: equipped: [Neck] 15
[10/05/26 19:36:46] D2BS 14068: equipped: [Body] 19
[10/05/26 19:36:47] D2BS 14068: equipped: [ArmR] 25
[10/05/26 19:36:47] D2BS 14068: equipped: [ArmL] 26
[10/05/26 19:36:47] D2BS 14068: equipped: [RingR] 13
[10/05/26 19:36:47] D2BS 14068: equipped: [RingL] 13
[10/05/26 19:36:47] D2BS 14068: equipped: [Belt] 17
[10/05/26 19:36:47] D2BS 14068: equipped: [Boots] 15
[10/05/26 19:36:47] D2BS 14068: equipped: [Mitts] 12
[10/05/26 19:36:47] D2BS 14068: updateStat
[10/05/26 19:36:47] D2BS 14068: granted: [Head] 14
[10/05/26 19:36:47] D2BS 14068: granted: [Body] 19
[10/05/26 19:36:47] D2BS 14068: granted: [ArmR] 22
[10/05/26 19:36:47] D2BS 14068: Loaded ÿc9[AutoSmurf.js]
[10/05/26 19:36:52] D2BS 14068: farmingON
[10/05/26 19:36:54] D2BS 14068: MiniShopBot: true
[10/05/26 19:36:54] D2BS 14068: UseMerc: true HP: 70
[10/05/26 19:37:14] D2BS 14068: Merc matched: Thorns
[10/05/26 19:37:29] D2BS 14068: Token needed
[10/05/26 19:37:32] D2BS 14068: act5+ BO
[10/05/26 19:39:39] D2BS 14068: party has left: fowo-xd
[10/05/26 19:39:39] D2BS 14068: no exp [02:53]
[10/05/26 19:39:39] D2BS 14068: Script threads\autobuildthread.js ended
[10/05/26 19:39:40] D2BS 14068: Script threads\partythread.js ended
[10/05/26 19:39:40] D2BS 14068: Script threads\townchicken.js ended
[10/05/26 19:39:40] D2BS 14068: Script default.dbj ended
[10/05/26 19:39:51] D2BS 14068: joining game pz-165
[10/05/26 19:39:53] D2BS 14068: ÿc2D2BSÿc0 :: Starting default.dbj
[10/05/26 19:39:53] D2BS 14068: ÿc2D2BSÿc0 :: default.dbj running.
[10/05/26 19:39:53] D2BS 14068: Loaded ÿc9[X.nip] [Y.nip] [Z.nip] [V.nip] [N.SUMM.nip]
[10/05/26 19:39:53] D2BS 14068: Loaded ÿc9[N.SUMM.js]
[10/05/26 19:39:53] D2BS 14068: equipped: [Head] 14
[10/05/26 19:39:53] D2BS 14068: equipped: [Neck] 15
[10/05/26 19:39:53] D2BS 14068: equipped: [Body] 19
[10/05/26 19:39:53] D2BS 14068: equipped: [ArmR] 25
[10/05/26 19:39:53] D2BS 14068: equipped: [ArmL] 26
[10/05/26 19:39:53] D2BS 14068: equipped: [RingR] 13
[10/05/26 19:39:53] D2BS 14068: equipped: [RingL] 13
[10/05/26 19:39:53] D2BS 14068: equipped: [Belt] 17
[10/05/26 19:39:53] D2BS 14068: equipped: [Boots] 15
[10/05/26 19:39:53] D2BS 14068: equipped: [Mitts] 12
[10/05/26 19:39:53] D2BS 14068: updateStat
[10/05/26 19:39:53] D2BS 14068: granted: [Head] 14
[10/05/26 19:39:53] D2BS 14068: granted: [Body] 19
[10/05/26 19:39:53] D2BS 14068: granted: [ArmR] 22
[10/05/26 19:39:53] D2BS 14068: Loaded ÿc9[AutoSmurf.js]
[10/05/26 19:39:56] D2BS 14068: farmingON
[10/05/26 19:39:58] D2BS 14068: MiniShopBot: true
[10/05/26 19:39:58] D2BS 14068: UseMerc: true HP: 70
[10/05/26 19:39:59] D2BS 14068: equipped: [Head] 15
[10/05/26 19:40:14] D2BS 14068: Merc matched: Thorns
[10/05/26 19:40:19] D2BS 14068: Token needed
[10/05/26 19:40:23] D2BS 14068: act5+ BO
[10/05/26 19:40:36] D2BS 14068: ÿc4=== [BAAL] ===
[10/05/26 19:40:47] D2BS 14068: Baal failed: souls found
[10/05/26 19:40:47] D2BS 14068: ÿc4=== [COUNTESS] ===
[10/05/26 19:41:48] D2BS 14068: ÿc4=== [PIT] ===
[10/05/26 19:43:32] D2BS 14068: ÿc4=== [ANDY] ===
[10/05/26 19:44:19] D2BS 14068: ÿc4=== [MEPHISTO] ===
[10/05/26 19:45:35] D2BS 14068: ÿc4=== [DIABLO] ===
[10/05/26 19:51:23] D2BS 14068: party has left: fowo-xa
[10/05/26 19:51:23] D2BS 14068:  [11:31] +3.08% / [Level 89] 11.99%
[10/05/26 19:51:23] D2BS 14068: Script threads\autobuildthread.js ended
[10/05/26 19:51:23] D2BS 14068: Script threads\partythread.js ended
[10/05/26 19:51:23] D2BS 14068: Script threads\townchicken.js ended
[10/05/26 19:51:24] D2BS 14068: Script default.dbj ended
[10/05/26 19:51:37] D2BS 14068: joining game pz-166
[10/05/26 19:51:38] D2BS 14068: ÿc2D2BSÿc0 :: Starting default.dbj
[10/05/26 19:51:38] D2BS 14068: ÿc2D2BSÿc0 :: default.dbj running.
[10/05/26 19:51:39] D2BS 14068: Loaded ÿc9[X.nip] [Y.nip] [Z.nip] [V.nip] [N.SUMM.nip]
[10/05/26 19:51:39] D2BS 14068: Loaded ÿc9[N.SUMM.js]
[10/05/26 19:51:39] D2BS 14068: equipped: [Head] 15
[10/05/26 19:51:39] D2BS 14068: equipped: [Neck] 15
[10/05/26 19:51:39] D2BS 14068: equipped: [Body] 19
[10/05/26 19:51:39] D2BS 14068: equipped: [ArmR] 25
[10/05/26 19:51:39] D2BS 14068: equipped: [ArmL] 26
[10/05/26 19:51:39] D2BS 14068: equipped: [RingR] 13
[10/05/26 19:51:39] D2BS 14068: equipped: [RingL] 13
[10/05/26 19:51:39] D2BS 14068: equipped: [Belt] 17
[10/05/26 19:51:39] D2BS 14068: equipped: [Boots] 15
[10/05/26 19:51:39] D2BS 14068: equipped: [Mitts] 12
[10/05/26 19:51:39] D2BS 14068: updateStat
[10/05/26 19:51:39] D2BS 14068: granted: [Head] 14
[10/05/26 19:51:39] D2BS 14068: granted: [Body] 19
[10/05/26 19:51:39] D2BS 14068: granted: [ArmR] 22
[10/05/26 19:51:39] D2BS 14068: Loaded ÿc9[AutoSmurf.js]
[10/05/26 19:51:44] D2BS 14068: farmingON
[10/05/26 19:51:46] D2BS 14068: MiniShopBot: true
[10/05/26 19:51:46] D2BS 14068: UseMerc: true HP: 70
[10/05/26 19:52:03] D2BS 14068: Merc matched: Thorns
[10/05/26 19:52:18] D2BS 14068: Token needed
[10/05/26 19:52:22] D2BS 14068: act5+ BO
[10/05/26 19:52:36] D2BS 14068: ÿc4=== [BAAL] ===
[10/05/26 19:53:04] D2BS 14068: Baal failed: souls found
[10/05/26 19:53:04] D2BS 14068: ÿc4=== [COUNTESS] ===
[10/05/26 19:54:10] D2BS 14068: ÿc4=== [PIT] ===
[10/05/26 19:55:51] D2BS 14068: ÿc4=== [ANDY] ===
[10/05/26 19:56:52] D2BS 14068: ÿc4=== [MEPHISTO] ===
[10/05/26 19:58:11] D2BS 14068: ÿc4=== [DIABLO] ===
[10/05/26 20:03:17] D2BS 14068: Script ended
[10/05/26 20:03:17] D2BS 14068:  [11:39] +2.75% / [Level 89] 14.74%
[10/05/26 20:03:17] D2BS 14068: Script threads\autobuildthread.js ended
[10/05/26 20:03:18] D2BS 14068: Script threads\partythread.js ended
[10/05/26 20:03:18] D2BS 14068: Script threads\townchicken.js ended
[10/05/26 20:03:31] D2BS 14068: joining game pz-167
[10/05/26 20:03:32] D2BS 14068: ÿc2D2BSÿc0 :: Starting default.dbj
[10/05/26 20:03:32] D2BS 14068: ÿc2D2BSÿc0 :: default.dbj running.
[10/05/26 20:03:33] D2BS 14068: Loaded ÿc9[X.nip] [Y.nip] [Z.nip] [V.nip] [N.SUMM.nip]
[10/05/26 20:03:33] D2BS 14068: Loaded ÿc9[N.SUMM.js]
[10/05/26 20:03:33] D2BS 14068: equipped: [Head] 15
[10/05/26 20:03:33] D2BS 14068: equipped: [Neck] 15
[10/05/26 20:03:33] D2BS 14068: equipped: [Body] 19
[10/05/26 20:03:33] D2BS 14068: equipped: [ArmR] 25
[10/05/26 20:03:33] D2BS 14068: equipped: [ArmL] 26
[10/05/26 20:03:33] D2BS 14068: equipped: [RingR] 13
[10/05/26 20:03:33] D2BS 14068: equipped: [RingL] 13
[10/05/26 20:03:33] D2BS 14068: equipped: [Belt] 17
[10/05/26 20:03:33] D2BS 14068: equipped: [Boots] 15
[10/05/26 20:03:33] D2BS 14068: equipped: [Mitts] 12
[10/05/26 20:03:33] D2BS 14068: updateStat
[10/05/26 20:03:33] D2BS 14068: granted: [Head] 14
[10/05/26 20:03:33] D2BS 14068: granted: [Body] 19
[10/05/26 20:03:33] D2BS 14068: granted: [ArmR] 22
[10/05/26 20:03:33] D2BS 14068: Loaded ÿc9[AutoSmurf.js]
[10/05/26 20:03:39] D2BS 14068: MiniShopBot: true
[10/05/26 20:03:39] D2BS 14068: farmingON
[10/05/26 20:03:39] D2BS 14068: UseMerc: true HP: 70
[10/05/26 20:04:02] D2BS 14068: Merc matched: Thorns
[10/05/26 20:04:17] D2BS 14068: Token needed
[10/05/26 20:04:21] D2BS 14068: act5+ BO
[10/05/26 20:04:33] D2BS 14068: ÿc4=== [BAAL] ===
[10/05/26 20:04:46] D2BS 14068: Baal failed: souls found
[10/05/26 20:04:46] D2BS 14068: ÿc4=== [COUNTESS] ===
[10/05/26 20:05:56] D2BS 14068: ÿc4=== [PIT] ===
[10/05/26 20:07:37] D2BS 14068: ÿc4=== [ANDY] ===
[10/05/26 20:08:28] D2BS 14068: ÿc4=== [MEPHISTO] ===
[10/05/26 20:09:45] D2BS 14068: ÿc4=== [DIABLO] ===
[10/05/26 20:15:09] D2BS 14068: party has left: fowo-xb
[10/05/26 20:15:09] D2BS 14068:  [11:37] +2.89% / [Level 89] 17.62%
[10/05/26 20:15:09] D2BS 14068: Script threads\autobuildthread.js ended
[10/05/26 20:15:10] D2BS 14068: Script threads\partythread.js ended
[10/05/26 20:15:10] D2BS 14068: Script threads\townchicken.js ended
[10/05/26 20:15:10] D2BS 14068: Script default.dbj ended
[10/05/26 20:15:21] D2BS 14068: joining game pz-168
[10/05/26 20:15:24] D2BS 14068: ÿc2D2BSÿc0 :: Starting default.dbj
[10/05/26 20:15:24] D2BS 14068: ÿc2D2BSÿc0 :: default.dbj running.
[10/05/26 20:15:24] D2BS 14068: Loaded ÿc9[X.nip] [Y.nip] [Z.nip] [V.nip] [N.SUMM.nip]
[10/05/26 20:15:24] D2BS 14068: Loaded ÿc9[N.SUMM.js]
[10/05/26 20:15:24] D2BS 14068: equipped: [Head] 15
[10/05/26 20:15:24] D2BS 14068: equipped: [Neck] 15
[10/05/26 20:15:24] D2BS 14068: equipped: [Body] 19
[10/05/26 20:15:24] D2BS 14068: equipped: [ArmR] 25
[10/05/26 20:15:24] D2BS 14068: equipped: [ArmL] 26
[10/05/26 20:15:24] D2BS 14068: equipped: [RingR] 13
[10/05/26 20:15:24] D2BS 14068: equipped: [RingL] 13
[10/05/26 20:15:24] D2BS 14068: equipped: [Belt] 17
[10/05/26 20:15:24] D2BS 14068: equipped: [Boots] 15
[10/05/26 20:15:24] D2BS 14068: equipped: [Mitts] 12
[10/05/26 20:15:24] D2BS 14068: Loaded ÿc9[AutoSmurf.js]
[10/05/26 20:15:29] D2BS 14068: MiniShopBot: true
[10/05/26 20:15:29] D2BS 14068: farmingON
[10/05/26 20:15:29] D2BS 14068: UseMerc: true HP: 70
[10/05/26 20:15:45] D2BS 14068: Merc matched: Thorns
[10/05/26 20:15:59] D2BS 14068: Token needed
[10/05/26 20:16:03] D2BS 14068: act5+ BO
[10/05/26 20:16:05] D2BS 14068: updateStat
[10/05/26 20:16:15] D2BS 14068: ÿc4=== [BAAL] ===
[10/05/26 20:19:44] D2BS 14068: ÿc4=== [COUNTESS] ===
[10/05/26 20:21:08] D2BS 14068: ÿc4=== [PIT] ===
[10/05/26 20:22:37] D2BS 14068: ÿc4=== [ANDY] ===
[10/05/26 20:23:32] D2BS 14068: ÿc4=== [MEPHISTO] ===
[10/05/26 20:24:55] D2BS 14068: ÿc4=== [DIABLO] ===
[10/05/26 20:25:02] D2BS 14068: [Token Of Absolution]
[10/05/26 20:31:07] D2BS 14068: party has left: fowo-xh
[10/05/26 20:31:07] D2BS 14068:  [15:44] +5.60% / [Level 89] 23.22%
[10/05/26 20:31:07] D2BS 14068: Script threads\autobuildthread.js ended
[10/05/26 20:31:07] D2BS 14068: Script threads\partythread.js ended
[10/05/26 20:31:08] D2BS 14068: Script threads\townchicken.js ended
[10/05/26 20:31:08] D2BS 14068: Script ended
[10/05/26 20:31:21] D2BS 14068: joining game pz-169
[10/05/26 20:31:23] D2BS 14068: ÿc2D2BSÿc0 :: Starting default.dbj
[10/05/26 20:31:23] D2BS 14068: ÿc2D2BSÿc0 :: default.dbj running.
[10/05/26 20:31:23] D2BS 14068: Loaded ÿc9[X.nip] [Y.nip] [Z.nip] [V.nip] [N.SUMM.nip]
[10/05/26 20:31:23] D2BS 14068: Loaded ÿc9[N.SUMM.js]
[10/05/26 20:31:23] D2BS 14068: equipped: [Head] 15
[10/05/26 20:31:23] D2BS 14068: equipped: [Neck] 15
[10/05/26 20:31:23] D2BS 14068: equipped: [Body] 19
[10/05/26 20:31:23] D2BS 14068: equipped: [ArmR] 25
[10/05/26 20:31:23] D2BS 14068: equipped: [ArmL] 26
[10/05/26 20:31:23] D2BS 14068: equipped: [RingR] 13
[10/05/26 20:31:23] D2BS 14068: equipped: [RingL] 13
[10/05/26 20:31:23] D2BS 14068: equipped: [Belt] 17
[10/05/26 20:31:23] D2BS 14068: equipped: [Boots] 15
[10/05/26 20:31:23] D2BS 14068: equipped: [Mitts] 12
[10/05/26 20:31:23] D2BS 14068: updateStat
[10/05/26 20:31:23] D2BS 14068: granted: [Head] 14
[10/05/26 20:31:23] D2BS 14068: granted: [Body] 19
[10/05/26 20:31:23] D2BS 14068: granted: [ArmR] 22
[10/05/26 20:31:23] D2BS 14068: Loaded ÿc9[AutoSmurf.js]
[10/05/26 20:31:28] D2BS 14068: farmingON
[10/05/26 20:31:30] D2BS 14068: MiniShopBot: true
[10/05/26 20:31:30] D2BS 14068: UseMerc: true HP: 70
[10/05/26 20:31:52] D2BS 14068: Merc matched: Thorns
[10/05/26 20:32:02] D2BS 14068: act5+ BO
[10/05/26 20:32:14] D2BS 14068: ÿc4=== [BAAL] ===
[10/05/26 20:32:33] D2BS 14068: Baal failed: souls found
[10/05/26 20:32:33] D2BS 14068: ÿc4=== [COUNTESS] ===
[10/05/26 20:33:39] D2BS 14068: ÿc4=== [PIT] ===
[10/05/26 20:35:17] D2BS 14068: ÿc4=== [ANDY] ===
[10/05/26 20:36:26] D2BS 14068: ÿc4=== [MEPHISTO] ===
[10/05/26 20:37:46] D2BS 14068: ÿc4=== [DIABLO] ===
[10/05/26 20:43:23] D2BS 14068: Script ended
[10/05/26 20:43:23] D2BS 14068:  [12:01] +2.78% / [Level 89] 26.01%
[10/05/26 20:43:23] D2BS 14068: Script threads\autobuildthread.js ended
[10/05/26 20:43:23] D2BS 14068: Script threads\partythread.js ended
[10/05/26 20:43:23] D2BS 14068: Script threads\townchicken.js ended
[10/05/26 20:43:36] D2BS 14068: joining game pz-170
[10/05/26 20:43:37] D2BS 14068: ÿc2D2BSÿc0 :: Starting default.dbj
[10/05/26 20:43:37] D2BS 14068: ÿc2D2BSÿc0 :: default.dbj running.
[10/05/26 20:43:38] D2BS 14068: Loaded ÿc9[X.nip] [Y.nip] [Z.nip] [V.nip] [N.SUMM.nip]
[10/05/26 20:43:38] D2BS 14068: Loaded ÿc9[N.SUMM.js]
[10/05/26 20:43:38] D2BS 14068: equipped: [Head] 15
[10/05/26 20:43:38] D2BS 14068: equipped: [Neck] 15
[10/05/26 20:43:38] D2BS 14068: equipped: [Body] 19
[10/05/26 20:43:38] D2BS 14068: equipped: [ArmR] 25
[10/05/26 20:43:38] D2BS 14068: equipped: [ArmL] 26
[10/05/26 20:43:38] D2BS 14068: equipped: [RingR] 13
[10/05/26 20:43:38] D2BS 14068: equipped: [RingL] 13
[10/05/26 20:43:38] D2BS 14068: equipped: [Belt] 17
[10/05/26 20:43:38] D2BS 14068: equipped: [Boots] 15
[10/05/26 20:43:38] D2BS 14068: equipped: [Mitts] 12
[10/05/26 20:43:38] D2BS 14068: updateStat
[10/05/26 20:43:38] D2BS 14068: granted: [Head] 14
[10/05/26 20:43:38] D2BS 14068: granted: [Body] 19
[10/05/26 20:43:38] D2BS 14068: granted: [ArmR] 22
[10/05/26 20:43:38] D2BS 14068: Loaded ÿc9[AutoSmurf.js]
[10/05/26 20:43:42] D2BS 14068: farmingON
[10/05/26 20:43:43] D2BS 14068: MiniShopBot: true
[10/05/26 20:43:43] D2BS 14068: UseMerc: true HP: 70
[10/05/26 20:44:07] D2BS 14068: Merc matched: Thorns
[10/05/26 20:44:14] D2BS 14068: Token needed
[10/05/26 20:44:18] D2BS 14068: act5+ BO
[10/05/26 20:44:32] D2BS 14068: ÿc4=== [BAAL] ===
[10/05/26 20:47:28] D2BS 14068: ÿc4=== [COUNTESS] ===
[10/05/26 20:48:51] D2BS 14068: ÿc4=== [PIT] ===
[10/05/26 20:50:26] D2BS 14068: ÿc4=== [ANDY] ===
[10/05/26 20:51:16] D2BS 14068: ÿc4=== [MEPHISTO] ===
[10/05/26 20:52:44] D2BS 14068: ÿc4=== [DIABLO] ===
[10/05/26 20:58:20] D2BS 14068: party has left: fowo-xh
[10/05/26 20:58:21] D2BS 14068:  [14:43] +5.38% / [Level 89] 31.38%
[10/05/26 20:58:21] D2BS 14068: Script threads\autobuildthread.js ended
[10/05/26 20:58:21] D2BS 14068: Script threads\partythread.js ended
[10/05/26 20:58:21] D2BS 14068: Script threads\townchicken.js ended
[10/05/26 20:58:21] D2BS 14068: Script default.dbj ended
[10/05/26 20:58:32] D2BS 14068: joining game pz-171
[10/05/26 20:58:35] D2BS 14068: ÿc2D2BSÿc0 :: Starting default.dbj
[10/05/26 20:58:35] D2BS 14068: ÿc2D2BSÿc0 :: default.dbj running.
[10/05/26 20:58:35] D2BS 14068: Loaded ÿc9[X.nip] [Y.nip] [Z.nip] [V.nip] [N.SUMM.nip]
[10/05/26 20:58:35] D2BS 14068: Loaded ÿc9[N.SUMM.js]
[10/05/26 20:58:35] D2BS 14068: equipped: [Head] 15
[10/05/26 20:58:35] D2BS 14068: equipped: [Neck] 15
[10/05/26 20:58:35] D2BS 14068: equipped: [Body] 19
[10/05/26 20:58:35] D2BS 14068: equipped: [ArmR] 25
[10/05/26 20:58:35] D2BS 14068: equipped: [ArmL] 26
[10/05/26 20:58:35] D2BS 14068: equipped: [RingR] 13
[10/05/26 20:58:35] D2BS 14068: equipped: [RingL] 13
[10/05/26 20:58:35] D2BS 14068: equipped: [Belt] 17
[10/05/26 20:58:35] D2BS 14068: equipped: [Boots] 15
[10/05/26 20:58:35] D2BS 14068: equipped: [Mitts] 12
[10/05/26 20:58:35] D2BS 14068: updateStat
[10/05/26 20:58:35] D2BS 14068: granted: [Head] 14
[10/05/26 20:58:35] D2BS 14068: granted: [Body] 19
[10/05/26 20:58:35] D2BS 14068: granted: [ArmR] 22
[10/05/26 20:58:35] D2BS 14068: Loaded ÿc9[AutoSmurf.js]
[10/05/26 20:58:39] D2BS 14068: farmingON
[10/05/26 20:58:40] D2BS 14068: MiniShopBot: true
[10/05/26 20:58:40] D2BS 14068: UseMerc: true HP: 70
[10/05/26 20:58:57] D2BS 14068: Merc matched: Thorns
[10/05/26 20:59:11] D2BS 14068: Token needed
[10/05/26 20:59:14] D2BS 14068: act5+ BO
[10/05/26 20:59:27] D2BS 14068: ÿc4=== [BAAL] ===
[10/05/26 20:59:40] D2BS 14068: Baal failed: souls found
[10/05/26 20:59:40] D2BS 14068: ÿc4=== [COUNTESS] ===
[10/05/26 21:00:52] D2BS 14068: ÿc4=== [PIT] ===
[10/05/26 21:02:34] D2BS 14068: ÿc4=== [ANDY] ===
[10/05/26 21:03:26] D2BS 14068: ÿc4=== [MEPHISTO] ===
[10/05/26 21:04:29] D2BS 14068: ÿc4=== [DIABLO] ===
[10/05/26 21:09:27] D2BS 14068: Script ended
[10/05/26 21:09:27] D2BS 14068:  [10:53] +2.22% / [Level 89] 33.60%
[10/05/26 21:09:27] D2BS 14068: Script threads\autobuildthread.js ended
[10/05/26 21:09:27] D2BS 14068: Script threads\partythread.js ended
[10/05/26 21:09:28] D2BS 14068: Script threads\townchicken.js ended
[10/05/26 21:09:40] D2BS 14068: joining game pz-172
[10/05/26 21:09:41] D2BS 14068: ÿc2D2BSÿc0 :: Starting default.dbj
[10/05/26 21:09:41] D2BS 14068: ÿc2D2BSÿc0 :: default.dbj running.
[10/05/26 21:09:41] D2BS 14068: Loaded ÿc9[X.nip] [Y.nip] [Z.nip] [V.nip] [N.SUMM.nip]
[10/05/26 21:09:41] D2BS 14068: Loaded ÿc9[N.SUMM.js]
[10/05/26 21:09:41] D2BS 14068: equipped: [Head] 15
[10/05/26 21:09:41] D2BS 14068: equipped: [Neck] 15
[10/05/26 21:09:41] D2BS 14068: equipped: [Body] 19
[10/05/26 21:09:41] D2BS 14068: equipped: [ArmR] 25
[10/05/26 21:09:41] D2BS 14068: equipped: [ArmL] 26
[10/05/26 21:09:41] D2BS 14068: equipped: [RingR] 13
[10/05/26 21:09:41] D2BS 14068: equipped: [RingL] 13
[10/05/26 21:09:41] D2BS 14068: equipped: [Belt] 17
[10/05/26 21:09:41] D2BS 14068: equipped: [Boots] 15
[10/05/26 21:09:42] D2BS 14068: equipped: [Mitts] 12
[10/05/26 21:09:42] D2BS 14068: updateStat
[10/05/26 21:09:42] D2BS 14068: granted: [Head] 14
[10/05/26 21:09:42] D2BS 14068: granted: [Body] 19
[10/05/26 21:09:42] D2BS 14068: granted: [ArmR] 22
[10/05/26 21:09:42] D2BS 14068: Loaded ÿc9[AutoSmurf.js]
[10/05/26 21:09:48] D2BS 14068: farmingON
[10/05/26 21:09:51] D2BS 14068: MiniShopBot: true
[10/05/26 21:09:51] D2BS 14068: UseMerc: true HP: 70
[10/05/26 21:10:10] D2BS 14068: Merc matched: Thorns
[10/05/26 21:10:17] D2BS 14068: Token needed
[10/05/26 21:10:21] D2BS 14068: act5+ BO
[10/05/26 21:10:33] D2BS 14068: ÿc4=== [BAAL] ===
[10/05/26 21:10:47] D2BS 14068: Baal failed: souls found
[10/05/26 21:10:47] D2BS 14068: ÿc4=== [COUNTESS] ===
[10/05/26 21:11:52] D2BS 14068: ÿc4=== [PIT] ===
[10/05/26 21:13:39] D2BS 14068: ÿc4=== [ANDY] ===
[10/05/26 21:14:37] D2BS 14068: ÿc4=== [MEPHISTO] ===
[10/05/26 21:16:07] D2BS 14068: ÿc4=== [DIABLO] ===
[10/05/26 21:21:34] D2BS 14068: party has left: fowo-xa
[10/05/26 21:21:34] D2BS 14068:  [11:53] +3.15% / [Level 89] 36.75%
[10/05/26 21:21:34] D2BS 14068: Script threads\autobuildthread.js ended
[10/05/26 21:21:34] D2BS 14068: Script threads\partythread.js ended
[10/05/26 21:21:34] D2BS 14068: Script threads\townchicken.js ended
[10/05/26 21:21:34] D2BS 14068: Script default.dbj ended
[10/05/26 21:21:47] D2BS 14068: joining game pz-173
[10/05/26 21:21:48] D2BS 14068: ÿc2D2BSÿc0 :: Starting default.dbj
[10/05/26 21:21:48] D2BS 14068: ÿc2D2BSÿc0 :: default.dbj running.
[10/05/26 21:21:49] D2BS 14068: Loaded ÿc9[X.nip] [Y.nip] [Z.nip] [V.nip] [N.SUMM.nip]
[10/05/26 21:21:49] D2BS 14068: Loaded ÿc9[N.SUMM.js]
[10/05/26 21:21:49] D2BS 14068: equipped: [Head] 15
[10/05/26 21:21:49] D2BS 14068: equipped: [Neck] 15
[10/05/26 21:21:49] D2BS 14068: equipped: [Body] 19
[10/05/26 21:21:49] D2BS 14068: equipped: [ArmR] 25
[10/05/26 21:21:49] D2BS 14068: equipped: [ArmL] 26
[10/05/26 21:21:49] D2BS 14068: equipped: [RingR] 13
[10/05/26 21:21:49] D2BS 14068: equipped: [RingL] 13
[10/05/26 21:21:49] D2BS 14068: equipped: [Belt] 17
[10/05/26 21:21:49] D2BS 14068: equipped: [Boots] 15
[10/05/26 21:21:49] D2BS 14068: equipped: [Mitts] 12
[10/05/26 21:21:49] D2BS 14068: updateStat
[10/05/26 21:21:49] D2BS 14068: granted: [Head] 14
[10/05/26 21:21:49] D2BS 14068: granted: [Body] 19
[10/05/26 21:21:49] D2BS 14068: granted: [ArmR] 22
[10/05/26 21:21:49] D2BS 14068: Loaded ÿc9[AutoSmurf.js]
[10/05/26 21:21:55] D2BS 14068: farmingON
[10/05/26 21:21:57] D2BS 14068: MiniShopBot: true
[10/05/26 21:21:57] D2BS 14068: UseMerc: true HP: 70
[10/05/26 21:22:22] D2BS 14068: Merc matched: Thorns
[10/05/26 21:22:29] D2BS 14068: act5+ BO
[10/05/26 21:22:42] D2BS 14068: ÿc4=== [BAAL] ===
[10/05/26 21:23:04] D2BS 14068: Baal failed: souls found
[10/05/26 21:23:04] D2BS 14068: ÿc4=== [COUNTESS] ===
[10/05/26 21:24:13] D2BS 14068: ÿc4=== [PIT] ===
[10/05/26 21:27:45] D2BS 14068: party has left: fowo-xf
[10/05/26 21:27:45] D2BS 14068:  [05:57] +0.31% / [Level 89] 37.06%
[10/05/26 21:27:45] D2BS 14068: Script threads\autobuildthread.js ended
[10/05/26 21:27:45] D2BS 14068: Script threads\partythread.js ended
[10/05/26 21:27:45] D2BS 14068: Script threads\townchicken.js ended
[10/05/26 21:27:45] D2BS 14068: Script default.dbj ended
[10/05/26 21:27:58] D2BS 14068: joining game pz-174
[10/05/26 21:27:59] D2BS 14068: ÿc2D2BSÿc0 :: Starting default.dbj
[10/05/26 21:27:59] D2BS 14068: ÿc2D2BSÿc0 :: default.dbj running.
[10/05/26 21:27:59] D2BS 14068: Loaded ÿc9[X.nip] [Y.nip] [Z.nip] [V.nip] [N.SUMM.nip]
[10/05/26 21:27:59] D2BS 14068: Loaded ÿc9[N.SUMM.js]
[10/05/26 21:27:59] D2BS 14068: equipped: [Head] 15
[10/05/26 21:27:59] D2BS 14068: equipped: [Neck] 15
[10/05/26 21:27:59] D2BS 14068: equipped: [Body] 19
[10/05/26 21:27:59] D2BS 14068: equipped: [ArmR] 25
[10/05/26 21:28:00] D2BS 14068: equipped: [ArmL] 26
[10/05/26 21:28:00] D2BS 14068: equipped: [RingR] 13
[10/05/26 21:28:00] D2BS 14068: equipped: [RingL] 13
[10/05/26 21:28:00] D2BS 14068: equipped: [Belt] 17
[10/05/26 21:28:00] D2BS 14068: equipped: [Boots] 15
[10/05/26 21:28:00] D2BS 14068: equipped: [Mitts] 12
[10/05/26 21:28:00] D2BS 14068: updateStat
[10/05/26 21:28:00] D2BS 14068: granted: [Head] 14
[10/05/26 21:28:00] D2BS 14068: granted: [Body] 19
[10/05/26 21:28:00] D2BS 14068: granted: [ArmR] 22
[10/05/26 21:28:00] D2BS 14068: Loaded ÿc9[AutoSmurf.js]
[10/05/26 21:28:06] D2BS 14068: MiniShopBot: true
[10/05/26 21:28:06] D2BS 14068: farmingON
[10/05/26 21:28:06] D2BS 14068: UseMerc: true HP: 70
[10/05/26 21:28:24] D2BS 14068: Merc matched: Thorns
[10/05/26 21:28:34] D2BS 14068: Token needed
[10/05/26 21:28:38] D2BS 14068: act5+ BO
[10/05/26 21:28:51] D2BS 14068: ÿc4=== [BAAL] ===
[10/05/26 21:29:02] D2BS 14068: Baal failed: souls found
[10/05/26 21:29:02] D2BS 14068: ÿc4=== [COUNTESS] ===
[10/05/26 21:30:33] D2BS 14068: ÿc4=== [PIT] ===
[10/05/26 21:32:09] D2BS 14068: ÿc4=== [ANDY] ===
[10/05/26 21:32:57] D2BS 14068: ÿc4=== [MEPHISTO] ===
[10/05/26 21:34:18] D2BS 14068: ÿc4=== [DIABLO] ===
[10/05/26 21:36:00] D2BS 14068: updateStat
[10/05/26 21:40:14] D2BS 14068: party has left: fowo-xa
[10/05/26 21:40:14] D2BS 14068:  [12:15] +2.95% / [Level 89] 40.01%
[10/05/26 21:40:14] D2BS 14068: Script threads\autobuildthread.js ended
[10/05/26 21:40:14] D2BS 14068: Script threads\partythread.js ended
[10/05/26 21:40:14] D2BS 14068: Script threads\townchicken.js ended
[10/05/26 21:40:15] D2BS 14068: Script default.dbj ended
[10/05/26 21:40:27] D2BS 14068: joining game pz-175
[10/05/26 21:40:29] D2BS 14068: ÿc2D2BSÿc0 :: Starting default.dbj
[10/05/26 21:40:29] D2BS 14068: ÿc2D2BSÿc0 :: default.dbj running.
[10/05/26 21:40:29] D2BS 14068: Loaded ÿc9[X.nip] [Y.nip] [Z.nip] [V.nip] [N.SUMM.nip]
[10/05/26 21:40:29] D2BS 14068: Loaded ÿc9[N.SUMM.js]
[10/05/26 21:40:29] D2BS 14068: equipped: [Head] 15
[10/05/26 21:40:29] D2BS 14068: equipped: [Neck] 15
[10/05/26 21:40:29] D2BS 14068: equipped: [Body] 19
[10/05/26 21:40:30] D2BS 14068: equipped: [ArmR] 25
[10/05/26 21:40:30] D2BS 14068: equipped: [ArmL] 26
[10/05/26 21:40:30] D2BS 14068: equipped: [RingR] 13
[10/05/26 21:40:30] D2BS 14068: equipped: [RingL] 13
[10/05/26 21:40:30] D2BS 14068: equipped: [Belt] 17
[10/05/26 21:40:30] D2BS 14068: equipped: [Boots] 15
[10/05/26 21:40:30] D2BS 14068: equipped: [Mitts] 12
[10/05/26 21:40:30] D2BS 14068: updateStat
[10/05/26 21:40:30] D2BS 14068: granted: [Head] 14
[10/05/26 21:40:30] D2BS 14068: granted: [Body] 19
[10/05/26 21:40:30] D2BS 14068: granted: [ArmR] 22
[10/05/26 21:40:30] D2BS 14068: Loaded ÿc9[AutoSmurf.js]
[10/05/26 21:40:35] D2BS 14068: MiniShopBot: true
[10/05/26 21:40:35] D2BS 14068: farmingON
[10/05/26 21:40:35] D2BS 14068: UseMerc: true HP: 70
[10/05/26 21:40:55] D2BS 14068: Merc matched: Thorns
[10/05/26 21:41:09] D2BS 14068: Token needed
[10/05/26 21:41:14] D2BS 14068: act5+ BO
[10/05/26 21:41:27] D2BS 14068: ÿc4=== [BAAL] ===
[10/05/26 21:41:44] D2BS 14068: Baal failed: souls found
[10/05/26 21:41:44] D2BS 14068: ÿc4=== [COUNTESS] ===
[10/05/26 21:42:42] D2BS 14068: ÿc4=== [PIT] ===
[10/05/26 21:44:21] D2BS 14068: ÿc4=== [ANDY] ===
[10/05/26 21:45:45] D2BS 14068: ÿc4=== [MEPHISTO] ===
[10/05/26 21:46:53] D2BS 14068: ÿc4=== [DIABLO] ===
[10/05/26 21:52:15] D2BS 14068: party has left: fowo-xf
[10/05/26 21:52:15] D2BS 14068:  [11:46] +3.11% / [Level 89] 43.12%
[10/05/26 21:52:15] D2BS 14068: Script threads\autobuildthread.js ended
[10/05/26 21:52:15] D2BS 14068: Script threads\partythread.js ended
[10/05/26 21:52:15] D2BS 14068: Script threads\townchicken.js ended
[10/05/26 21:52:16] D2BS 14068: Script default.dbj ended
[10/05/26 21:52:29] D2BS 14068: joining game pz-176
[10/05/26 21:52:30] D2BS 14068: ÿc2D2BSÿc0 :: Starting default.dbj
[10/05/26 21:52:30] D2BS 14068: ÿc2D2BSÿc0 :: default.dbj running.
[10/05/26 21:52:31] D2BS 14068: Loaded ÿc9[X.nip] [Y.nip] [Z.nip] [V.nip] [N.SUMM.nip]
[10/05/26 21:52:31] D2BS 14068: Loaded ÿc9[N.SUMM.js]
[10/05/26 21:52:31] D2BS 14068: equipped: [Head] 15
[10/05/26 21:52:31] D2BS 14068: equipped: [Neck] 15
[10/05/26 21:52:31] D2BS 14068: equipped: [Body] 19
[10/05/26 21:52:31] D2BS 14068: equipped: [ArmR] 25
[10/05/26 21:52:31] D2BS 14068: equipped: [ArmL] 26
[10/05/26 21:52:31] D2BS 14068: equipped: [RingR] 13
[10/05/26 21:52:31] D2BS 14068: equipped: [RingL] 13
[10/05/26 21:52:31] D2BS 14068: equipped: [Belt] 17
[10/05/26 21:52:31] D2BS 14068: equipped: [Boots] 15
[10/05/26 21:52:31] D2BS 14068: equipped: [Mitts] 12
[10/05/26 21:52:31] D2BS 14068: updateStat
[10/05/26 21:52:31] D2BS 14068: granted: [Head] 14
[10/05/26 21:52:31] D2BS 14068: granted: [Body] 19
[10/05/26 21:52:31] D2BS 14068: granted: [ArmR] 22
[10/05/26 21:52:31] D2BS 14068: Loaded ÿc9[AutoSmurf.js]
[10/05/26 21:52:37] D2BS 14068: farmingON
[10/05/26 21:52:39] D2BS 14068: MiniShopBot: true
[10/05/26 21:52:39] D2BS 14068: UseMerc: true HP: 70
[10/05/26 21:52:58] D2BS 14068: Merc matched: Thorns
[10/05/26 21:53:06] D2BS 14068: Token needed
[10/05/26 21:53:10] D2BS 14068: act5+ BO
[10/05/26 21:55:17] D2BS 14068: party has left: fowo-xe
[10/05/26 21:55:17] D2BS 14068: no exp [02:47]
[10/05/26 21:55:17] D2BS 14068: Script threads\autobuildthread.js ended
[10/05/26 21:55:17] D2BS 14068: Script threads\partythread.js ended
[10/05/26 21:55:17] D2BS 14068: Script threads\townchicken.js ended
[10/05/26 21:55:17] D2BS 14068: Script default.dbj ended
[10/05/26 21:55:30] D2BS 14068: joining game pz-177
[10/05/26 21:55:32] D2BS 14068: ÿc2D2BSÿc0 :: Starting default.dbj
[10/05/26 21:55:32] D2BS 14068: ÿc2D2BSÿc0 :: default.dbj running.
[10/05/26 21:55:32] D2BS 14068: Loaded ÿc9[X.nip] [Y.nip] [Z.nip] [V.nip] [N.SUMM.nip]
[10/05/26 21:55:32] D2BS 14068: Loaded ÿc9[N.SUMM.js]
[10/05/26 21:55:32] D2BS 14068: equipped: [Head] 15
[10/05/26 21:55:32] D2BS 14068: equipped: [Neck] 15
[10/05/26 21:55:32] D2BS 14068: equipped: [Body] 19
[10/05/26 21:55:32] D2BS 14068: equipped: [ArmR] 25
[10/05/26 21:55:32] D2BS 14068: equipped: [ArmL] 26
[10/05/26 21:55:32] D2BS 14068: equipped: [RingR] 13
[10/05/26 21:55:32] D2BS 14068: equipped: [RingL] 13
[10/05/26 21:55:32] D2BS 14068: equipped: [Belt] 17
[10/05/26 21:55:32] D2BS 14068: equipped: [Boots] 15
[10/05/26 21:55:32] D2BS 14068: equipped: [Mitts] 12
[10/05/26 21:55:32] D2BS 14068: updateStat
[10/05/26 21:55:32] D2BS 14068: granted: [Head] 14
[10/05/26 21:55:32] D2BS 14068: granted: [Body] 19
[10/05/26 21:55:33] D2BS 14068: granted: [ArmR] 22
[10/05/26 21:55:33] D2BS 14068: Loaded ÿc9[AutoSmurf.js]
[10/05/26 21:55:35] D2BS 14068: MiniShopBot: true
[10/05/26 21:55:35] D2BS 14068: farmingON
[10/05/26 21:55:35] D2BS 14068: UseMerc: true HP: 70
[10/05/26 21:55:51] D2BS 14068: Merc matched: Thorns
[10/05/26 21:55:58] D2BS 14068: Token needed
[10/05/26 21:56:01] D2BS 14068: act5+ BO
[10/05/26 21:56:14] D2BS 14068: ÿc4=== [BAAL] ===
[10/05/26 22:00:33] D2BS 14068: party has left: fowo-xe
[10/05/26 22:00:33] D2BS 14068:  [05:01] +2.99% / [Level 89] 46.12%
[10/05/26 22:00:33] D2BS 14068: Script threads\autobuildthread.js ended
[10/05/26 22:00:33] D2BS 14068: Script threads\partythread.js ended
[10/05/26 22:00:33] D2BS 14068: Script threads\townchicken.js ended
[10/05/26 22:00:33] D2BS 14068: Script default.dbj ended
[10/05/26 22:00:48] D2BS 14068: joining game pz-178
[10/05/26 22:00:50] D2BS 14068: ÿc2D2BSÿc0 :: Starting default.dbj
[10/05/26 22:00:50] D2BS 14068: ÿc2D2BSÿc0 :: default.dbj running.
[10/05/26 22:00:50] D2BS 14068: Loaded ÿc9[X.nip] [Y.nip] [Z.nip] [V.nip] [N.SUMM.nip]
[10/05/26 22:00:50] D2BS 14068: Loaded ÿc9[N.SUMM.js]
[10/05/26 22:00:50] D2BS 14068: equipped: [Head] 15
[10/05/26 22:00:50] D2BS 14068: equipped: [Neck] 15
[10/05/26 22:00:50] D2BS 14068: equipped: [Body] 19
[10/05/26 22:00:50] D2BS 14068: equipped: [ArmR] 25
[10/05/26 22:00:50] D2BS 14068: equipped: [ArmL] 26
[10/05/26 22:00:50] D2BS 14068: equipped: [RingR] 13
[10/05/26 22:00:50] D2BS 14068: equipped: [RingL] 13
[10/05/26 22:00:50] D2BS 14068: equipped: [Belt] 17
[10/05/26 22:00:50] D2BS 14068: equipped: [Boots] 15
[10/05/26 22:00:50] D2BS 14068: equipped: [Mitts] 12
[10/05/26 22:00:50] D2BS 14068: updateStat
[10/05/26 22:00:50] D2BS 14068: granted: [Head] 14
[10/05/26 22:00:50] D2BS 14068: granted: [Body] 19
[10/05/26 22:00:50] D2BS 14068: granted: [ArmR] 22
[10/05/26 22:00:50] D2BS 14068: Loaded ÿc9[AutoSmurf.js]
[10/05/26 22:00:52] D2BS 14068: farmingON
[10/05/26 22:00:53] D2BS 14068: MiniShopBot: true
[10/05/26 22:00:53] D2BS 14068: UseMerc: true HP: 70
[10/05/26 22:01:08] D2BS 14068: Merc matched: Thorns
[10/05/26 22:01:20] D2BS 14068: Token needed
[10/05/26 22:01:24] D2BS 14068: act5+ BO
[10/05/26 22:01:36] D2BS 14068: ÿc4=== [BAAL] ===
[10/05/26 22:05:13] D2BS 14068: ÿc4=== [COUNTESS] ===
[10/05/26 22:06:28] D2BS 14068: ÿc4=== [PIT] ===
[10/05/26 22:07:56] D2BS 14068: ÿc4=== [ANDY] ===
[10/05/26 22:08:51] D2BS 14068: ÿc4=== [MEPHISTO] ===
[10/05/26 22:09:58] D2BS 14068: ÿc4=== [DIABLO] ===
[10/05/26 22:15:33] D2BS 14068: party has left: fowo-xb
[10/05/26 22:15:33] D2BS 14068:  [14:43] +5.49% / [Level 89] 51.61%
[10/05/26 22:15:33] D2BS 14068: Script threads\autobuildthread.js ended
[10/05/26 22:15:33] D2BS 14068: Script threads\partythread.js ended
[10/05/26 22:15:33] D2BS 14068: Script threads\townchicken.js ended
[10/05/26 22:15:33] D2BS 14068: Script default.dbj ended
[10/05/26 22:15:46] D2BS 14068: joining game pz-179
[10/05/26 22:15:47] D2BS 14068: ÿc2D2BSÿc0 :: Starting default.dbj
[10/05/26 22:15:47] D2BS 14068: ÿc2D2BSÿc0 :: default.dbj running.
[10/05/26 22:15:47] D2BS 14068: Loaded ÿc9[X.nip] [Y.nip] [Z.nip] [V.nip] [N.SUMM.nip]
[10/05/26 22:15:47] D2BS 14068: Loaded ÿc9[N.SUMM.js]
[10/05/26 22:15:47] D2BS 14068: equipped: [Head] 15
[10/05/26 22:15:47] D2BS 14068: equipped: [Neck] 15
[10/05/26 22:15:47] D2BS 14068: equipped: [Body] 19
[10/05/26 22:15:48] D2BS 14068: equipped: [ArmR] 25
[10/05/26 22:15:48] D2BS 14068: equipped: [ArmL] 26
[10/05/26 22:15:48] D2BS 14068: equipped: [RingR] 13
[10/05/26 22:15:48] D2BS 14068: equipped: [RingL] 13
[10/05/26 22:15:48] D2BS 14068: equipped: [Belt] 17
[10/05/26 22:15:48] D2BS 14068: equipped: [Boots] 15
[10/05/26 22:15:48] D2BS 14068: equipped: [Mitts] 12
[10/05/26 22:15:48] D2BS 14068: updateStat
[10/05/26 22:15:48] D2BS 14068: granted: [Head] 14
[10/05/26 22:15:48] D2BS 14068: granted: [Body] 19
[10/05/26 22:15:48] D2BS 14068: granted: [ArmR] 22
[10/05/26 22:15:48] D2BS 14068: Loaded ÿc9[AutoSmurf.js]
[10/05/26 22:15:54] D2BS 14068: farmingON
[10/05/26 22:15:56] D2BS 14068: MiniShopBot: true
[10/05/26 22:15:56] D2BS 14068: UseMerc: true HP: 70
[10/05/26 22:16:13] D2BS 14068: Merc matched: Thorns
[10/05/26 22:16:25] D2BS 14068: act5+ BO
[10/05/26 22:16:38] D2BS 14068: ÿc4=== [BAAL] ===
[10/05/26 22:16:53] D2BS 14068: Baal failed: souls found
[10/05/26 22:16:53] D2BS 14068: ÿc4=== [COUNTESS] ===
[10/05/26 22:17:58] D2BS 14068: ÿc4=== [PIT] ===
[10/05/26 22:19:37] D2BS 14068: ÿc4=== [ANDY] ===
[10/05/26 22:20:34] D2BS 14068: ÿc4=== [MEPHISTO] ===
[10/05/26 22:22:03] D2BS 14068: ÿc4=== [DIABLO] ===
