[10/05/26 00:00:58] D2BS 3256: ÿc4=== [POA] ===
[10/05/26 00:03:51] D2BS 3256: ÿc4=== [INFERNAL] ===
[10/05/26 00:06:54] D2BS 3256: ÿc4=== [DIABLO] ===
[10/05/26 00:12:54] D2BS 3256: party has left: fowo-xg
[10/05/26 00:12:54] D2BS 3256:  [17:47] +338.57% / [Level 57] 73.35%
[10/05/26 00:12:54] D2BS 3256: Script threads\autobuildthread.js ended
[10/05/26 00:12:54] D2BS 3256: Script threads\partythread.js ended
[10/05/26 00:12:54] D2BS 3256: Script threads\townchicken.js ended
[10/05/26 00:12:55] D2BS 3256: Script default.dbj ended
[10/05/26 00:13:03] D2BS 3256: Creating Game: pz-53
[10/05/26 00:13:05] D2BS 3256: ÿc2D2BSÿc0 :: Starting default.dbj
[10/05/26 00:13:05] D2BS 3256: ÿc2D2BSÿc0 :: default.dbj running.
[10/05/26 00:13:05] D2BS 3256: Loaded ÿc9[X.nip] [Y.nip] [Z.nip] [V.nip] [S.SFFW.nip]
[10/05/26 00:13:05] D2BS 3256: Loaded ÿc9[S.SFFW.js]
[10/05/26 00:13:05] D2BS 3256: equipped: [Head] 12
[10/05/26 00:13:05] D2BS 3256: equipped: [Neck] 13
[10/05/26 00:13:05] D2BS 3256: equipped: [Body] 12
[10/05/26 00:13:05] D2BS 3256: equipped: [ArmR] 15
[10/05/26 00:13:05] D2BS 3256: equipped: [ArmL] 12
[10/05/26 00:13:05] D2BS 3256: equipped: [RingR] 11
[10/05/26 00:13:05] D2BS 3256: equipped: [RingL] 11
[10/05/26 00:13:05] D2BS 3256: equipped: [Belt] 15
[10/05/26 00:13:05] D2BS 3256: equipped: [Boots] 1
[10/05/26 00:13:05] D2BS 3256: equipped: [Mitts] 12
[10/05/26 00:13:05] D2BS 3256: Loaded ÿc9[AutoSmurf.js]
[10/05/26 00:13:16] D2BS 3256: MiniShopBot: true
[10/05/26 00:13:54] D2BS 3256: act5+ BO
[10/05/26 00:14:06] D2BS 3256: ÿc4=== [BAAL] ===
[10/05/26 00:16:39] D2BS 3256: Not ready to kill Baal
[10/05/26 00:16:39] D2BS 3256: ÿc4=== [ABADDON] ===
[10/05/26 00:19:03] D2BS 3256: ÿc4=== [POA] ===
[10/05/26 00:21:52] D2BS 3256: ÿc4=== [INFERNAL] ===
[10/05/26 00:24:05] D2BS 3256: ÿc4=== [DIABLO] ===
[10/05/26 00:29:30] D2BS 3256: party has left: fowo-xf
[10/05/26 00:29:30] D2BS 3256:  [16:25] +220.00% / [Level 60] 23.51%
[10/05/26 00:29:30] D2BS 3256: Script threads\autobuildthread.js ended
[10/05/26 00:29:30] D2BS 3256: Script threads\partythread.js ended
[10/05/26 00:29:30] D2BS 3256: Script threads\townchicken.js ended
[10/05/26 00:29:30] D2BS 3256: Script default.dbj ended
[10/05/26 00:29:40] D2BS 3256: Creating Game: pz-54
[10/05/26 00:29:42] D2BS 3256: ÿc2D2BSÿc0 :: Starting default.dbj
[10/05/26 00:29:42] D2BS 3256: ÿc2D2BSÿc0 :: default.dbj running.
[10/05/26 00:29:42] D2BS 3256: Loaded ÿc9[X.nip] [Y.nip] [Z.nip] [V.nip] [S.SFFW.nip]
[10/05/26 00:29:42] D2BS 3256: Loaded ÿc9[S.SFFW.js]
[10/05/26 00:29:42] D2BS 3256: equipped: [Head] 12
[10/05/26 00:29:42] D2BS 3256: equipped: [Neck] 13
[10/05/26 00:29:42] D2BS 3256: equipped: [Body] 12
[10/05/26 00:29:42] D2BS 3256: equipped: [ArmR] 15
[10/05/26 00:29:42] D2BS 3256: equipped: [ArmL] 12
[10/05/26 00:29:42] D2BS 3256: equipped: [RingR] 11
[10/05/26 00:29:42] D2BS 3256: equipped: [RingL] 11
[10/05/26 00:29:42] D2BS 3256: equipped: [Belt] 15
[10/05/26 00:29:42] D2BS 3256: equipped: [Boots] 1
[10/05/26 00:29:42] D2BS 3256: equipped: [Mitts] 12
[10/05/26 00:29:42] D2BS 3256: Loaded ÿc9[AutoSmurf.js]
[10/05/26 00:29:53] D2BS 3256: MiniShopBot: true
[10/05/26 00:30:13] D2BS 3256: equipped: [Neck] 16
[10/05/26 00:30:30] D2BS 3256: act5+ BO
[10/05/26 00:30:43] D2BS 3256: ÿc4=== [BAAL] ===
[10/05/26 00:33:01] D2BS 3256: Not ready to kill Baal
[10/05/26 00:33:01] D2BS 3256: ÿc4=== [ABADDON] ===
[10/05/26 00:36:43] D2BS 3256: ÿc4=== [POA] ===
[10/05/26 00:39:48] D2BS 3256: ÿc4=== [INFERNAL] ===
[10/05/26 00:42:53] D2BS 3256: ÿc4=== [DIABLO] ===
[10/05/26 00:43:15] D2BS 3256: equipped: [Boots] 13
[10/05/26 00:47:55] D2BS 3256: party has left: fowo-xb
[10/05/26 00:47:55] D2BS 3256:  [18:12] +220.06% / [Level 62] 63.93%
[10/05/26 00:47:55] D2BS 3256: Script threads\autobuildthread.js ended
[10/05/26 00:47:55] D2BS 3256: Script threads\partythread.js ended
[10/05/26 00:47:55] D2BS 3256: Script threads\townchicken.js ended
[10/05/26 00:47:55] D2BS 3256: Script default.dbj ended
[10/05/26 00:48:04] D2BS 3256: Creating Game: pz-55
[10/05/26 00:48:05] D2BS 3256: ÿc2D2BSÿc0 :: Starting default.dbj
[10/05/26 00:48:05] D2BS 3256: ÿc2D2BSÿc0 :: default.dbj running.
[10/05/26 00:48:05] D2BS 3256: Loaded ÿc9[X.nip] [Y.nip] [Z.nip] [V.nip] [S.SFFW.nip]
[10/05/26 00:48:05] D2BS 3256: Loaded ÿc9[S.SFFW.js]
[10/05/26 00:48:05] D2BS 3256: equipped: [Head] 12
[10/05/26 00:48:05] D2BS 3256: equipped: [Neck] 16
[10/05/26 00:48:05] D2BS 3256: equipped: [Body] 12
[10/05/26 00:48:05] D2BS 3256: equipped: [ArmR] 15
[10/05/26 00:48:05] D2BS 3256: equipped: [ArmL] 12
[10/05/26 00:48:05] D2BS 3256: equipped: [RingR] 11
[10/05/26 00:48:05] D2BS 3256: equipped: [RingL] 11
[10/05/26 00:48:05] D2BS 3256: equipped: [Belt] 15
[10/05/26 00:48:05] D2BS 3256: equipped: [Boots] 13
[10/05/26 00:48:05] D2BS 3256: equipped: [Mitts] 12
[10/05/26 00:48:05] D2BS 3256: Loaded ÿc9[AutoSmurf.js]
[10/05/26 00:48:17] D2BS 3256: MiniShopBot: true
[10/05/26 00:48:43] D2BS 3256: equipped: [Body] 17
[10/05/26 00:48:51] D2BS 3256: act5+ BO
[10/05/26 00:49:03] D2BS 3256: ÿc4=== [BAAL] ===
[10/05/26 00:51:29] D2BS 3256: Not ready to kill Baal
[10/05/26 00:51:29] D2BS 3256: ÿc4=== [ABADDON] ===
[10/05/26 00:54:38] D2BS 3256: ÿc4=== [POA] ===
[10/05/26 00:57:08] D2BS 3256: ÿc4=== [INFERNAL] ===
[10/05/26 01:00:08] D2BS 3256: ÿc4=== [DIABLO] ===
[10/05/26 01:05:52] D2BS 3256: party has left: fowo-xe
[10/05/26 01:05:52] D2BS 3256:  [17:48] +190.53% / [Level 64] 68.43%
[10/05/26 01:05:52] D2BS 3256: Script threads\autobuildthread.js ended
[10/05/26 01:05:52] D2BS 3256: Script threads\partythread.js ended
[10/05/26 01:05:53] D2BS 3256: Script threads\townchicken.js ended
[10/05/26 01:05:53] D2BS 3256: Script default.dbj ended
[10/05/26 01:06:03] D2BS 3256: Creating Game: pz-56
[10/05/26 01:06:04] D2BS 3256: ÿc2D2BSÿc0 :: Starting default.dbj
[10/05/26 01:06:04] D2BS 3256: ÿc2D2BSÿc0 :: default.dbj running.
[10/05/26 01:06:04] D2BS 3256: Loaded ÿc9[X.nip] [Y.nip] [Z.nip] [V.nip] [S.SFFW.nip]
[10/05/26 01:06:04] D2BS 3256: Loaded ÿc9[S.SFFW.js]
[10/05/26 01:06:05] D2BS 3256: equipped: [Head] 12
[10/05/26 01:06:05] D2BS 3256: equipped: [Neck] 16
[10/05/26 01:06:05] D2BS 3256: equipped: [Body] 17
[10/05/26 01:06:05] D2BS 3256: equipped: [ArmR] 15
[10/05/26 01:06:05] D2BS 3256: equipped: [ArmL] 12
[10/05/26 01:06:05] D2BS 3256: equipped: [RingR] 11
[10/05/26 01:06:05] D2BS 3256: equipped: [RingL] 11
[10/05/26 01:06:05] D2BS 3256: equipped: [Belt] 15
[10/05/26 01:06:05] D2BS 3256: equipped: [Boots] 13
[10/05/26 01:06:05] D2BS 3256: equipped: [Mitts] 12
[10/05/26 01:06:05] D2BS 3256: Loaded ÿc9[AutoSmurf.js]
[10/05/26 01:06:15] D2BS 3256: MiniShopBot: true
[10/05/26 01:06:36] D2BS 3256: equipped: [ArmL] 14
[10/05/26 01:06:50] D2BS 3256: act5+ BO
[10/05/26 01:07:02] D2BS 3256: ÿc4=== [BAAL] ===
[10/05/26 01:09:26] D2BS 3256: Not ready to kill Baal
[10/05/26 01:09:26] D2BS 3256: ÿc4=== [ABADDON] ===
[10/05/26 01:11:50] D2BS 3256: ÿc4=== [POA] ===
[10/05/26 01:14:16] D2BS 3256: ÿc4=== [INFERNAL] ===
[10/05/26 01:16:50] D2BS 3256: ÿc4=== [DIABLO] ===
[10/05/26 01:22:09] D2BS 3256: party has left: fowo-xb
[10/05/26 01:22:09] D2BS 3256:  [16:04] +148.82% / [Level 66] 30.50%
[10/05/26 01:22:09] D2BS 3256: Script threads\autobuildthread.js ended
[10/05/26 01:22:09] D2BS 3256: Script threads\partythread.js ended
[10/05/26 01:22:09] D2BS 3256: Script threads\townchicken.js ended
[10/05/26 01:22:09] D2BS 3256: Script default.dbj ended
[10/05/26 01:22:19] D2BS 3256: Creating Game: pz-57
[10/05/26 01:22:21] D2BS 3256: ÿc2D2BSÿc0 :: Starting default.dbj
[10/05/26 01:22:21] D2BS 3256: ÿc2D2BSÿc0 :: default.dbj running.
[10/05/26 01:22:21] D2BS 3256: Loaded ÿc9[X.nip] [Y.nip] [Z.nip] [V.nip] [S.SFFW.nip]
[10/05/26 01:22:21] D2BS 3256: Loaded ÿc9[S.SFFW.js]
[10/05/26 01:22:21] D2BS 3256: equipped: [Head] 12
[10/05/26 01:22:21] D2BS 3256: equipped: [Neck] 16
[10/05/26 01:22:21] D2BS 3256: equipped: [Body] 0
[10/05/26 01:22:21] D2BS 3256: equipped: [ArmR] 15
[10/05/26 01:22:21] D2BS 3256: equipped: [ArmL] 14
[10/05/26 01:22:21] D2BS 3256: equipped: [RingR] 11
[10/05/26 01:22:21] D2BS 3256: equipped: [RingL] 11
[10/05/26 01:22:21] D2BS 3256: equipped: [Belt] 15
[10/05/26 01:22:21] D2BS 3256: equipped: [Boots] 13
[10/05/26 01:22:21] D2BS 3256: equipped: [Mitts] 12
[10/05/26 01:22:21] D2BS 3256: Loaded ÿc9[AutoSmurf.js]
[10/05/26 01:22:30] D2BS 3256: MiniShopBot: true
[10/05/26 01:22:47] D2BS 3256: equipped: [Body] 1
[10/05/26 01:23:06] D2BS 3256: act5+ BO
[10/05/26 01:23:18] D2BS 3256: ÿc4=== [BAAL] ===
[10/05/26 01:25:22] D2BS 3256: Not ready to kill Baal
[10/05/26 01:25:22] D2BS 3256: ÿc4=== [ABADDON] ===
[10/05/26 01:28:08] D2BS 3256: ÿc4=== [POA] ===
[10/05/26 01:30:59] D2BS 3256: ÿc4=== [INFERNAL] ===
[10/05/26 01:33:21] D2BS 3256: Script ended
[10/05/26 01:33:21] D2BS 3256:  [11:00] +89.42% / [Level 67] 25.66%
[10/05/26 01:33:21] D2BS 3256: Script threads\autobuildthread.js ended
[10/05/26 01:33:21] D2BS 3256: Script threads\partythread.js ended
[10/05/26 01:33:21] D2BS 3256: Script threads\townchicken.js ended
[10/05/26 01:33:32] D2BS 3256: Creating Game: pz-58
[10/05/26 01:33:33] D2BS 3256: ÿc2D2BSÿc0 :: Starting default.dbj
[10/05/26 01:33:33] D2BS 3256: ÿc2D2BSÿc0 :: default.dbj running.
[10/05/26 01:33:34] D2BS 3256: Loaded ÿc9[X.nip] [Y.nip] [Z.nip] [V.nip] [S.SFFW.nip]
[10/05/26 01:33:34] D2BS 3256: Loaded ÿc9[S.SFFW.js]
[10/05/26 01:33:34] D2BS 3256: equipped: [Head] 12
[10/05/26 01:33:34] D2BS 3256: equipped: [Neck] 16
[10/05/26 01:33:34] D2BS 3256: equipped: [Body] 1
[10/05/26 01:33:34] D2BS 3256: equipped: [ArmR] 15
[10/05/26 01:33:34] D2BS 3256: equipped: [ArmL] 14
[10/05/26 01:33:34] D2BS 3256: equipped: [RingR] 11
[10/05/26 01:33:34] D2BS 3256: equipped: [RingL] 11
[10/05/26 01:33:34] D2BS 3256: equipped: [Belt] 15
[10/05/26 01:33:34] D2BS 3256: equipped: [Boots] 13
[10/05/26 01:33:34] D2BS 3256: equipped: [Mitts] 12
[10/05/26 01:33:34] D2BS 3256: Loaded ÿc9[AutoSmurf.js]
[10/05/26 01:33:39] D2BS 3256: MiniShopBot: true
[10/05/26 01:34:12] D2BS 3256: act5+ BO
[10/05/26 01:34:26] D2BS 3256: ÿc4=== [BAAL] ===
[10/05/26 01:36:39] D2BS 3256: Not ready to kill Baal
[10/05/26 01:36:39] D2BS 3256: ÿc4=== [ABADDON] ===
[10/05/26 01:39:34] D2BS 3256: ÿc4=== [POA] ===
[10/05/26 01:41:51] D2BS 3256: ÿc4=== [INFERNAL] ===
[10/05/26 01:41:57] D2BS 3256: equipped: [ArmR] 23
[10/05/26 01:44:23] D2BS 3256: Script ended
[10/05/26 01:44:23] D2BS 3256:  [10:49] +91.57% / [Level 68] 23.37%
[10/05/26 01:44:23] D2BS 3256: Script threads\autobuildthread.js ended
[10/05/26 01:44:23] D2BS 3256: Script threads\partythread.js ended
[10/05/26 01:44:23] D2BS 3256: Script threads\townchicken.js ended
[10/05/26 01:44:32] D2BS 3256: Creating Game: pz-59
[10/05/26 01:44:33] D2BS 3256: ÿc2D2BSÿc0 :: Starting default.dbj
[10/05/26 01:44:33] D2BS 3256: ÿc2D2BSÿc0 :: default.dbj running.
[10/05/26 01:44:34] D2BS 3256: Loaded ÿc9[X.nip] [Y.nip] [Z.nip] [V.nip] [S.SFFW.nip]
[10/05/26 01:44:34] D2BS 3256: Loaded ÿc9[S.SFFW.js]
[10/05/26 01:44:34] D2BS 3256: equipped: [Head] 12
[10/05/26 01:44:34] D2BS 3256: equipped: [Neck] 16
[10/05/26 01:44:34] D2BS 3256: equipped: [Body] 1
[10/05/26 01:44:34] D2BS 3256: equipped: [ArmR] 23
[10/05/26 01:44:34] D2BS 3256: equipped: [ArmL] 14
[10/05/26 01:44:34] D2BS 3256: equipped: [RingR] 11
[10/05/26 01:44:34] D2BS 3256: equipped: [RingL] 11
[10/05/26 01:44:34] D2BS 3256: equipped: [Belt] 15
[10/05/26 01:44:34] D2BS 3256: equipped: [Boots] 13
[10/05/26 01:44:34] D2BS 3256: equipped: [Mitts] 12
[10/05/26 01:44:34] D2BS 3256: Loaded ÿc9[AutoSmurf.js]
[10/05/26 01:44:40] D2BS 3256: MiniShopBot: true
[10/05/26 01:45:10] D2BS 3256: act5+ BO
[10/05/26 01:45:23] D2BS 3256: ÿc4=== [BAAL] ===
[10/05/26 01:47:44] D2BS 3256: Not ready to kill Baal
[10/05/26 01:47:44] D2BS 3256: ÿc4=== [ABADDON] ===
[10/05/26 01:50:29] D2BS 3256: ÿc4=== [POA] ===
[10/05/26 01:53:02] D2BS 3256: ÿc4=== [INFERNAL] ===
[10/05/26 01:55:17] D2BS 3256: party has left: fowo-xg
[10/05/26 01:55:17] D2BS 3256:  [10:44] +80.03% / [Level 69] 9.73%
[10/05/26 01:55:17] D2BS 3256: Script threads\autobuildthread.js ended
[10/05/26 01:55:17] D2BS 3256: Script threads\partythread.js ended
[10/05/26 01:55:17] D2BS 3256: Script threads\townchicken.js ended
[10/05/26 01:55:17] D2BS 3256: Script default.dbj ended
[10/05/26 01:55:26] D2BS 3256: Creating Game: pz-60
[10/05/26 01:55:27] D2BS 3256: ÿc2D2BSÿc0 :: Starting default.dbj
[10/05/26 01:55:27] D2BS 3256: ÿc2D2BSÿc0 :: default.dbj running.
[10/05/26 01:55:28] D2BS 3256: Loaded ÿc9[X.nip] [Y.nip] [Z.nip] [V.nip] [S.SFFW.nip]
[10/05/26 01:55:28] D2BS 3256: Loaded ÿc9[S.SFFW.js]
[10/05/26 01:55:28] D2BS 3256: equipped: [Head] 12
[10/05/26 01:55:28] D2BS 3256: equipped: [Neck] 16
[10/05/26 01:55:28] D2BS 3256: equipped: [Body] 1
[10/05/26 01:55:28] D2BS 3256: equipped: [ArmR] 23
[10/05/26 01:55:28] D2BS 3256: equipped: [ArmL] 14
[10/05/26 01:55:28] D2BS 3256: equipped: [RingR] 11
[10/05/26 01:55:28] D2BS 3256: equipped: [RingL] 11
[10/05/26 01:55:28] D2BS 3256: equipped: [Belt] 15
[10/05/26 01:55:28] D2BS 3256: equipped: [Boots] 13
[10/05/26 01:55:28] D2BS 3256: equipped: [Mitts] 12
[10/05/26 01:55:28] D2BS 3256: Loaded ÿc9[AutoSmurf.js]
[10/05/26 01:55:34] D2BS 3256: MiniShopBot: true
[10/05/26 01:55:34] D2BS 3256: UseMerc: true HP: 70
[10/05/26 01:55:51] D2BS 3256: equipped: [Body] 11
[10/05/26 01:55:51] D2BS 3256: Merc unmatched
[10/05/26 01:56:00] D2BS 3256: [Hired] Level 65 Holy Freeze
[10/05/26 01:56:00] D2BS 3256: updateStat
[10/05/26 01:56:00] D2BS 3256: granted: [Head] -1
[10/05/26 01:56:00] D2BS 3256: granted: [Body] -1
[10/05/26 01:56:00] D2BS 3256: granted: [ArmR] -1
[10/05/26 01:56:23] D2BS 3256: act5+ BO
[10/05/26 01:56:24] D2BS 3256: updateStat
[10/05/26 01:56:36] D2BS 3256: ÿc4=== [BAAL] ===
[10/05/26 01:58:59] D2BS 3256: Not ready to kill Baal
[10/05/26 01:58:59] D2BS 3256: ÿc4=== [ABADDON] ===
[10/05/26 02:01:52] D2BS 3256: ÿc4=== [POA] ===
[10/05/26 02:01:53] D2BS 3256: granted: [ArmR] 2
[10/05/26 02:04:32] D2BS 3256: ÿc4=== [INFERNAL] ===
[10/05/26 02:07:12] D2BS 3256: Script ended
[10/05/26 02:07:12] D2BS 3256:  [11:44] +88.31% / [Level 70] 5.49%
[10/05/26 02:07:12] D2BS 3256: Script threads\autobuildthread.js ended
[10/05/26 02:07:12] D2BS 3256: Script threads\partythread.js ended
[10/05/26 02:07:12] D2BS 3256: Script threads\townchicken.js ended
[10/05/26 02:07:23] D2BS 3256: Creating Game: pz-61
[10/05/26 02:07:24] D2BS 3256: ÿc2D2BSÿc0 :: Starting default.dbj
[10/05/26 02:07:24] D2BS 3256: ÿc2D2BSÿc0 :: default.dbj running.
[10/05/26 02:07:24] D2BS 3256: Loaded ÿc9[X.nip] [Y.nip] [Z.nip] [V.nip] [S.SFFW.nip]
[10/05/26 02:07:24] D2BS 3256: Loaded ÿc9[S.SFFW.js]
[10/05/26 02:07:24] D2BS 3256: equipped: [Head] 12
[10/05/26 02:07:24] D2BS 3256: equipped: [Neck] 16
[10/05/26 02:07:24] D2BS 3256: equipped: [Body] 11
[10/05/26 02:07:24] D2BS 3256: equipped: [ArmR] 23
[10/05/26 02:07:24] D2BS 3256: equipped: [ArmL] 14
[10/05/26 02:07:24] D2BS 3256: equipped: [RingR] 11
[10/05/26 02:07:24] D2BS 3256: equipped: [RingL] 11
[10/05/26 02:07:24] D2BS 3256: equipped: [Belt] 15
[10/05/26 02:07:24] D2BS 3256: equipped: [Boots] 13
[10/05/26 02:07:24] D2BS 3256: equipped: [Mitts] 12
[10/05/26 02:07:24] D2BS 3256: updateStat
[10/05/26 02:07:24] D2BS 3256: granted: [Head] -1
[10/05/26 02:07:24] D2BS 3256: granted: [Body] -1
[10/05/26 02:07:24] D2BS 3256: granted: [ArmR] 2
[10/05/26 02:07:24] D2BS 3256: Loaded ÿc9[AutoSmurf.js]
[10/05/26 02:07:30] D2BS 3256: MiniShopBot: true
[10/05/26 02:07:30] D2BS 3256: UseMerc: true HP: 70
[10/05/26 02:07:47] D2BS 3256: granted: [Body] 19
[10/05/26 02:07:47] D2BS 3256: Merc matched: Holy Freeze
[10/05/26 02:08:09] D2BS 3256: act5+ BO
[10/05/26 02:08:21] D2BS 3256: ÿc4=== [BAAL] ===
[10/05/26 02:10:29] D2BS 3256: Not ready to kill Baal
[10/05/26 02:10:29] D2BS 3256: ÿc4=== [ABADDON] ===
[10/05/26 02:12:31] D2BS 3256: updateStat
[10/05/26 02:12:51] D2BS 3256: ÿc4=== [POA] ===
[10/05/26 02:12:58] D2BS 3256: granted: [ArmR] 4
[10/05/26 02:15:45] D2BS 3256: ÿc4=== [INFERNAL] ===
[10/05/26 02:18:03] D2BS 3256: granted: [ArmR] 14
[10/05/26 02:18:15] D2BS 3256: Script ended
[10/05/26 02:18:15] D2BS 3256:  [10:51] +66.75% / [Level 70] 72.24%
[10/05/26 02:18:15] D2BS 3256: Script threads\autobuildthread.js ended
[10/05/26 02:18:15] D2BS 3256: Script threads\partythread.js ended
[10/05/26 02:18:15] D2BS 3256: Script threads\townchicken.js ended
[10/05/26 02:18:26] D2BS 3256: Creating Game: pz-62
[10/05/26 02:18:27] D2BS 3256: ÿc2D2BSÿc0 :: Starting default.dbj
[10/05/26 02:18:27] D2BS 3256: ÿc2D2BSÿc0 :: default.dbj running.
[10/05/26 02:18:27] D2BS 3256: Loaded ÿc9[X.nip] [Y.nip] [Z.nip] [V.nip] [S.SFFW.nip]
[10/05/26 02:18:27] D2BS 3256: Loaded ÿc9[S.SFFW.js]
[10/05/26 02:18:27] D2BS 3256: equipped: [Head] 12
[10/05/26 02:18:27] D2BS 3256: equipped: [Neck] 16
[10/05/26 02:18:27] D2BS 3256: equipped: [Body] 11
[10/05/26 02:18:27] D2BS 3256: equipped: [ArmR] 23
[10/05/26 02:18:27] D2BS 3256: equipped: [ArmL] 14
[10/05/26 02:18:27] D2BS 3256: equipped: [RingR] 11
[10/05/26 02:18:27] D2BS 3256: equipped: [RingL] 11
[10/05/26 02:18:27] D2BS 3256: equipped: [Belt] 15
[10/05/26 02:18:27] D2BS 3256: equipped: [Boots] 13
[10/05/26 02:18:27] D2BS 3256: equipped: [Mitts] 12
[10/05/26 02:18:27] D2BS 3256: updateStat
[10/05/26 02:18:27] D2BS 3256: granted: [Head] -1
[10/05/26 02:18:27] D2BS 3256: granted: [Body] 19
[10/05/26 02:18:27] D2BS 3256: granted: [ArmR] 14
[10/05/26 02:18:27] D2BS 3256: Loaded ÿc9[AutoSmurf.js]
[10/05/26 02:18:32] D2BS 3256: MiniShopBot: true
[10/05/26 02:18:32] D2BS 3256: UseMerc: true HP: 70
[10/05/26 02:18:48] D2BS 3256: granted: [Head] 11
[10/05/26 02:18:50] D2BS 3256: Merc matched: Holy Freeze
[10/05/26 02:19:26] D2BS 3256: act5+ BO
[10/05/26 02:19:38] D2BS 3256: ÿc4=== [BAAL] ===
[10/05/26 02:22:22] D2BS 3256: Config.LifeChicken: 0
[10/05/26 02:22:49] D2BS 3256: Config.LifeChicken: 20
[10/05/26 02:22:56] D2BS 3256: ÿc4=== [COWS] ===
[10/05/26 02:33:31] D2BS 3256: Cow King found
[10/05/26 02:33:31] D2BS 3256: Cows failed: clearCowLevel
[10/05/26 02:33:34] D2BS 3256: Script ended
[10/05/26 02:33:34] D2BS 3256:  [15:07] +74.65% / [Level 71] 49.18%
[10/05/26 02:33:34] D2BS 3256: Script threads\autobuildthread.js ended
[10/05/26 02:33:34] D2BS 3256: Script threads\partythread.js ended
[10/05/26 02:33:34] D2BS 3256: Script threads\townchicken.js ended
[10/05/26 02:33:44] D2BS 3256: Creating Game: pz-63
[10/05/26 02:33:46] D2BS 3256: ÿc2D2BSÿc0 :: Starting default.dbj
[10/05/26 02:33:46] D2BS 3256: ÿc2D2BSÿc0 :: default.dbj running.
[10/05/26 02:33:46] D2BS 3256: Loaded ÿc9[X.nip] [Y.nip] [Z.nip] [V.nip] [S.SFFW.nip]
[10/05/26 02:33:46] D2BS 3256: Loaded ÿc9[S.SFFW.js]
[10/05/26 02:33:46] D2BS 3256: equipped: [Head] 12
[10/05/26 02:33:46] D2BS 3256: equipped: [Neck] 16
[10/05/26 02:33:46] D2BS 3256: equipped: [Body] 11
[10/05/26 02:33:46] D2BS 3256: equipped: [ArmR] 23
[10/05/26 02:33:46] D2BS 3256: equipped: [ArmL] 14
[10/05/26 02:33:46] D2BS 3256: equipped: [RingR] 11
[10/05/26 02:33:46] D2BS 3256: equipped: [RingL] 11
[10/05/26 02:33:46] D2BS 3256: equipped: [Belt] 15
[10/05/26 02:33:46] D2BS 3256: equipped: [Boots] 13
[10/05/26 02:33:46] D2BS 3256: equipped: [Mitts] 12
[10/05/26 02:33:46] D2BS 3256: updateStat
[10/05/26 02:33:46] D2BS 3256: granted: [Head] 11
[10/05/26 02:33:46] D2BS 3256: granted: [Body] 19
[10/05/26 02:33:46] D2BS 3256: granted: [ArmR] 14
[10/05/26 02:33:46] D2BS 3256: Loaded ÿc9[AutoSmurf.js]
[10/05/26 02:33:51] D2BS 3256: farmingON
[10/05/26 02:33:53] D2BS 3256: MiniShopBot: true
[10/05/26 02:33:53] D2BS 3256: UseMerc: true HP: 70
[10/05/26 02:34:04] D2BS 3256: [Socket] Broad Sword
[10/05/26 02:34:09] D2BS 3256: hireMerc
[10/05/26 02:34:43] D2BS 3256: Merc matched: Holy Freeze
[10/05/26 02:34:54] D2BS 3256: Token needed
[10/05/26 02:34:58] D2BS 3256: act0 BO
[10/05/26 02:35:20] D2BS 3256: ÿc4=== [DEN] ===
[10/05/26 02:38:32] D2BS 3256: ÿc4=== [CAIN] ===
[10/05/26 02:38:42] D2BS 3256: Traveling to Dark Wood
[10/05/26 02:40:51] D2BS 3256: updateStat
[10/05/26 02:41:17] D2BS 3256: Going to town
[10/05/26 02:42:42] D2BS 3256: ÿc4=== [ANDY] ===
[10/05/26 02:42:43] D2BS 3256: equipped: [RingR] 15
[10/05/26 02:42:46] D2BS 3256: Traveling to Catacombs Level 2
[10/05/26 02:44:31] D2BS 3256: party has left: fowo-xe
[10/05/26 02:44:31] D2BS 3256:  [10:44] +45.56% / [Level 71] 94.74%
[10/05/26 02:44:31] D2BS 3256: Script threads\autobuildthread.js ended
[10/05/26 02:44:31] D2BS 3256: Script threads\partythread.js ended
[10/05/26 02:44:31] D2BS 3256: Script threads\townchicken.js ended
[10/05/26 02:44:31] D2BS 3256: Script default.dbj ended
[10/05/26 02:44:42] D2BS 3256: Creating Game: pz-64
[10/05/26 02:44:43] D2BS 3256: ÿc2D2BSÿc0 :: Starting default.dbj
[10/05/26 02:44:43] D2BS 3256: ÿc2D2BSÿc0 :: default.dbj running.
[10/05/26 02:44:43] D2BS 3256: Loaded ÿc9[X.nip] [Y.nip] [Z.nip] [V.nip] [S.SFFW.nip]
[10/05/26 02:44:43] D2BS 3256: Loaded ÿc9[S.SFFW.js]
[10/05/26 02:44:43] D2BS 3256: equipped: [Head] 12
[10/05/26 02:44:43] D2BS 3256: equipped: [Neck] 16
[10/05/26 02:44:43] D2BS 3256: equipped: [Body] 11
[10/05/26 02:44:43] D2BS 3256: equipped: [ArmR] 23
[10/05/26 02:44:43] D2BS 3256: equipped: [ArmL] 14
[10/05/26 02:44:43] D2BS 3256: equipped: [RingR] 15
[10/05/26 02:44:43] D2BS 3256: equipped: [RingL] 11
[10/05/26 02:44:43] D2BS 3256: equipped: [Belt] 15
[10/05/26 02:44:43] D2BS 3256: equipped: [Boots] 13
[10/05/26 02:44:43] D2BS 3256: equipped: [Mitts] 12
[10/05/26 02:44:43] D2BS 3256: updateStat
[10/05/26 02:44:43] D2BS 3256: granted: [Head] 11
[10/05/26 02:44:43] D2BS 3256: granted: [Body] 19
[10/05/26 02:44:43] D2BS 3256: granted: [ArmR] 14
[10/05/26 02:44:43] D2BS 3256: Loaded ÿc9[AutoSmurf.js]
[10/05/26 02:44:48] D2BS 3256: farmingON
[10/05/26 02:44:49] D2BS 3256: MiniShopBot: true
[10/05/26 02:44:49] D2BS 3256: UseMerc: true HP: 70
[10/05/26 02:44:56] D2BS 3256: hireMerc
[10/05/26 02:45:00] D2BS 3256: Merc matched: Holy Freeze
[10/05/26 02:45:11] D2BS 3256: Token needed
[10/05/26 02:45:16] D2BS 3256: act0 BO
[10/05/26 02:45:42] D2BS 3256: ÿc4=== [ANDY] ===
[10/05/26 02:45:43] D2BS 3256: Traveling to Catacombs Level 2
[10/05/26 02:46:23] D2BS 3256: Config.LifeChicken: 0
[10/05/26 02:46:51] D2BS 3256: Config.LifeChicken: 35
[10/05/26 02:47:16] D2BS 3256: Merc matched: Holy Freeze
[10/05/26 02:47:18] D2BS 3256: ÿc4=== [AMULET] ===
[10/05/26 02:47:19] D2BS 3256: Traveling to Lost City
[10/05/26 02:48:55] D2BS 3256: ÿc4=== [SUMMONER] ===
[10/05/26 02:49:09] D2BS 3256: Traveling to Arcane Sanctuary
[10/05/26 03:14:43] D2BS 3256: Script default.dbj ended
[10/05/26 03:14:43] D2BS 3256: Script threads\autobuildthread.js ended
[10/05/26 03:14:43] D2BS 3256: Script threads\partythread.js ended
[10/05/26 03:14:43] D2BS 3256: Script threads\toolsthread.js ended
[10/05/26 03:14:43] D2BS 3256: Script threads\townchicken.js ended
[10/05/26 03:14:53] D2BS 3256: Creating Game: pz-65
[10/05/26 03:14:54] D2BS 3256: ÿc2D2BSÿc0 :: Starting default.dbj
[10/05/26 03:14:54] D2BS 3256: ÿc2D2BSÿc0 :: default.dbj running.
[10/05/26 03:14:55] D2BS 3256: Loaded ÿc9[X.nip] [Y.nip] [Z.nip] [V.nip] [S.SFFW.nip]
[10/05/26 03:14:55] D2BS 3256: Loaded ÿc9[S.SFFW.js]
[10/05/26 03:14:55] D2BS 3256: equipped: [Head] 12
[10/05/26 03:14:55] D2BS 3256: equipped: [Neck] 16
[10/05/26 03:14:55] D2BS 3256: equipped: [Body] 11
[10/05/26 03:14:55] D2BS 3256: equipped: [ArmR] 23
[10/05/26 03:14:55] D2BS 3256: equipped: [ArmL] 14
[10/05/26 03:14:55] D2BS 3256: equipped: [RingR] 15
[10/05/26 03:14:55] D2BS 3256: equipped: [RingL] 11
[10/05/26 03:14:55] D2BS 3256: equipped: [Belt] 15
[10/05/26 03:14:55] D2BS 3256: equipped: [Boots] 13
[10/05/26 03:14:55] D2BS 3256: equipped: [Mitts] 12
[10/05/26 03:14:55] D2BS 3256: updateStat
[10/05/26 03:14:55] D2BS 3256: granted: [Head] 11
[10/05/26 03:14:55] D2BS 3256: granted: [Body] 19
[10/05/26 03:14:55] D2BS 3256: granted: [ArmR] 14
[10/05/26 03:14:55] D2BS 3256: Loaded ÿc9[AutoSmurf.js]
[10/05/26 03:15:00] D2BS 3256: farmingON
[10/05/26 03:15:01] D2BS 3256: MiniShopBot: true
[10/05/26 03:15:01] D2BS 3256: UseMerc: true HP: 70
[10/05/26 03:15:01] D2BS 3256: Merc matched: Holy Freeze
[10/05/26 03:15:19] D2BS 3256: Token needed
[10/05/26 03:15:21] D2BS 3256: Merc matched: Holy Freeze
[10/05/26 03:15:22] D2BS 3256: act1 WP
[10/05/26 03:15:33] D2BS 3256: act2 BO
[10/05/26 03:15:45] D2BS 3256: ÿc4=== [SUMMONER] ===
[10/05/26 03:16:24] D2BS 3256: Config.LifeChicken: 0
[10/05/26 03:16:41] D2BS 3256: Config.LifeChicken: 35
[10/05/26 03:16:50] D2BS 3256: going to nearest WP
[10/05/26 03:17:03] D2BS 3256: ÿc4=== [STAFF] ===
[10/05/26 03:17:42] D2BS 3256: ÿc4=== [RADAMENT] ===
[10/05/26 03:18:54] D2BS 3256: Config.LifeChicken: 0
[10/05/26 03:19:08] D2BS 3256: Config.LifeChicken: 35
[10/05/26 03:19:13] D2BS 3256: ÿc8!!! [BOOK] !!!
[10/05/26 03:19:21] D2BS 3256: ÿc4=== [DURIEL] ===
[10/05/26 03:20:24] D2BS 3256: Going to town
[10/05/26 03:21:10] D2BS 3256: Going to town
[10/05/26 03:21:54] D2BS 3256: Going to town
[10/05/26 03:22:22] D2BS 3256: Going to town
[10/05/26 03:22:22] D2BS 3256: [Chicken] Life (179/720) area:68 (22790,8339)
[10/05/26 03:22:22] D2BS 3256:  [07:27] +14.87% / [Level 72] 21.47%
[10/05/26 03:22:22] D2BS 3256: Script threads\autobuildthread.js ended
[10/05/26 03:22:22] D2BS 3256: Script threads\partythread.js ended
[10/05/26 03:22:22] D2BS 3256: Script threads\townchicken.js ended
[10/05/26 03:22:22] D2BS 3256: Script default.dbj ended
[10/05/26 03:22:31] D2BS 3256: Creating Game: pz-66
[10/05/26 03:22:33] D2BS 3256: ÿc2D2BSÿc0 :: Starting default.dbj
[10/05/26 03:22:33] D2BS 3256: ÿc2D2BSÿc0 :: default.dbj running.
[10/05/26 03:22:33] D2BS 3256: Loaded ÿc9[X.nip] [Y.nip] [Z.nip] [V.nip] [S.SFFW.nip]
[10/05/26 03:22:33] D2BS 3256: Loaded ÿc9[S.SFFW.js]
[10/05/26 03:22:33] D2BS 3256: equipped: [Head] 12
[10/05/26 03:22:33] D2BS 3256: equipped: [Neck] 16
[10/05/26 03:22:33] D2BS 3256: equipped: [Body] 11
[10/05/26 03:22:33] D2BS 3256: equipped: [ArmR] 23
[10/05/26 03:22:33] D2BS 3256: equipped: [ArmL] 14
[10/05/26 03:22:33] D2BS 3256: equipped: [RingR] 15
[10/05/26 03:22:33] D2BS 3256: equipped: [RingL] 11
[10/05/26 03:22:33] D2BS 3256: equipped: [Belt] 15
[10/05/26 03:22:33] D2BS 3256: equipped: [Boots] 13
[10/05/26 03:22:33] D2BS 3256: equipped: [Mitts] 12
[10/05/26 03:22:33] D2BS 3256: Loaded ÿc9[AutoSmurf.js]
[10/05/26 03:22:38] D2BS 3256: farmingON
[10/05/26 03:22:39] D2BS 3256: MiniShopBot: true
[10/05/26 03:22:39] D2BS 3256: UseMerc: true HP: 70
[10/05/26 03:22:54] D2BS 3256: Revive needed
[10/05/26 03:23:24] D2BS 3256: Token needed
[10/05/26 03:23:24] D2BS 3256: Revive needed
[10/05/26 03:23:29] D2BS 3256: act2 BO
[10/05/26 03:23:42] D2BS 3256: ÿc4=== [DURIEL] ===
[10/05/26 03:26:28] D2BS 3256: Traveling to Travincal
[10/05/26 03:28:53] D2BS 3256: ÿc4=== [TOME] ===
[10/05/26 03:29:33] D2BS 3256: ÿc4=== [EYE] ===
[10/05/26 03:30:06] D2BS 3256: act3 BO
[10/05/26 03:30:22] D2BS 3256: ÿc4=== [HEART] ===
[10/05/26 03:30:49] D2BS 3256: Going to town
[10/05/26 03:30:49] D2BS 3256: [Chicken] Life (426/1490) area:93 (12543,6514)
[10/05/26 03:30:49] D2BS 3256:  [08:16] +10.85% / [Level 72] 32.32%
[10/05/26 03:30:49] D2BS 3256: Script threads\autobuildthread.js ended
[10/05/26 03:30:49] D2BS 3256: Script threads\partythread.js ended
[10/05/26 03:30:49] D2BS 3256: Script threads\townchicken.js ended
[10/05/26 03:30:49] D2BS 3256: Script default.dbj ended
[10/05/26 03:31:00] D2BS 3256: Creating Game: pz-67
[10/05/26 03:31:01] D2BS 3256: ÿc2D2BSÿc0 :: Starting default.dbj
[10/05/26 03:31:01] D2BS 3256: ÿc2D2BSÿc0 :: default.dbj running.
[10/05/26 03:31:01] D2BS 3256: Loaded ÿc9[X.nip] [Y.nip] [Z.nip] [V.nip] [S.SFFW.nip]
[10/05/26 03:31:01] D2BS 3256: Loaded ÿc9[S.SFFW.js]
[10/05/26 03:31:01] D2BS 3256: equipped: [Head] 12
[10/05/26 03:31:01] D2BS 3256: equipped: [Neck] 16
[10/05/26 03:31:01] D2BS 3256: equipped: [Body] 11
[10/05/26 03:31:01] D2BS 3256: equipped: [ArmR] 23
[10/05/26 03:31:01] D2BS 3256: equipped: [ArmL] 14
[10/05/26 03:31:01] D2BS 3256: equipped: [RingR] 15
[10/05/26 03:31:01] D2BS 3256: equipped: [RingL] 11
[10/05/26 03:31:01] D2BS 3256: equipped: [Belt] 15
[10/05/26 03:31:01] D2BS 3256: equipped: [Boots] 13
[10/05/26 03:31:01] D2BS 3256: equipped: [Mitts] 12
[10/05/26 03:31:02] D2BS 3256: Loaded ÿc9[AutoSmurf.js]
[10/05/26 03:31:07] D2BS 3256: farmingON
[10/05/26 03:31:07] D2BS 3256: MiniShopBot: true
[10/05/26 03:31:07] D2BS 3256: UseMerc: true HP: 70
[10/05/26 03:31:20] D2BS 3256: Revive needed
[10/05/26 03:31:30] D2BS 3256: Token needed
[10/05/26 03:31:37] D2BS 3256: act3 BO
[10/05/26 03:31:53] D2BS 3256: Traveling to Travincal
[10/05/26 03:31:56] D2BS 3256: ÿc4=== [BRAIN] ===
[10/05/26 03:32:32] D2BS 3256: ÿc4=== [TRAVINCAL] ===
[10/05/26 03:33:41] D2BS 3256: equipped: [ArmR] 23
[10/05/26 03:33:44] D2BS 3256: Traveling to Durance Of Hate Level 2
[10/05/26 03:33:44] D2BS 3256:  [02:43] +17.91% / [Level 72] 40.23%
[10/05/26 03:33:44] D2BS 3256: Script threads\autobuildthread.js ended
[10/05/26 03:33:44] D2BS 3256: Script threads\partythread.js ended
[10/05/26 03:33:44] D2BS 3256: Script threads\townchicken.js ended
[10/05/26 03:33:44] D2BS 3256: Script default.dbj ended
[10/05/26 03:33:53] D2BS 3256: Creating Game: pz-68
[10/05/26 03:33:55] D2BS 3256: ÿc2D2BSÿc0 :: Starting default.dbj
[10/05/26 03:33:55] D2BS 3256: ÿc2D2BSÿc0 :: default.dbj running.
[10/05/26 03:33:55] D2BS 3256: Loaded ÿc9[X.nip] [Y.nip] [Z.nip] [V.nip] [S.SFFW.nip]
[10/05/26 03:33:55] D2BS 3256: Loaded ÿc9[S.SFFW.js]
[10/05/26 03:33:55] D2BS 3256: equipped: [Head] 12
[10/05/26 03:33:55] D2BS 3256: equipped: [Neck] 16
[10/05/26 03:33:55] D2BS 3256: equipped: [Body] 11
[10/05/26 03:33:55] D2BS 3256: equipped: [ArmR] 23
[10/05/26 03:33:55] D2BS 3256: equipped: [ArmL] 14
[10/05/26 03:33:55] D2BS 3256: equipped: [RingR] 15
[10/05/26 03:33:55] D2BS 3256: equipped: [RingL] 11
[10/05/26 03:33:55] D2BS 3256: equipped: [Belt] 15
[10/05/26 03:33:55] D2BS 3256: equipped: [Boots] 13
[10/05/26 03:33:55] D2BS 3256: equipped: [Mitts] 12
[10/05/26 03:33:55] D2BS 3256: Loaded ÿc9[AutoSmurf.js]
[10/05/26 03:33:59] D2BS 3256: farmingON
[10/05/26 03:34:00] D2BS 3256: MiniShopBot: true
[10/05/26 03:34:00] D2BS 3256: UseMerc: true HP: 70
[10/05/26 03:34:00] D2BS 3256: Revive needed
[10/05/26 03:34:26] D2BS 3256: Token needed
[10/05/26 03:34:33] D2BS 3256: act3 BO
[10/05/26 03:34:51] D2BS 3256: Traveling to Travincal
[10/05/26 03:34:52] D2BS 3256: ÿc4=== [TRAVINCAL] ===
[10/05/26 03:35:30] D2BS 3256: party has left: fowo-xe
[10/05/26 03:35:30] D2BS 3256:  [01:35] +9.63% / [Level 72] 49.86%
[10/05/26 03:35:30] D2BS 3256: Script threads\autobuildthread.js ended
[10/05/26 03:35:30] D2BS 3256: Script threads\partythread.js ended
[10/05/26 03:35:30] D2BS 3256: Script threads\townchicken.js ended
[10/05/26 03:35:30] D2BS 3256: Script default.dbj ended
[10/05/26 03:35:40] D2BS 3256: Creating Game: pz-69
[10/05/26 03:35:42] D2BS 3256: ÿc2D2BSÿc0 :: Starting default.dbj
[10/05/26 03:35:42] D2BS 3256: ÿc2D2BSÿc0 :: default.dbj running.
[10/05/26 03:35:42] D2BS 3256: Loaded ÿc9[X.nip] [Y.nip] [Z.nip] [V.nip] [S.SFFW.nip]
[10/05/26 03:35:42] D2BS 3256: Loaded ÿc9[S.SFFW.js]
[10/05/26 03:35:42] D2BS 3256: equipped: [Head] 12
[10/05/26 03:35:42] D2BS 3256: equipped: [Neck] 16
[10/05/26 03:35:42] D2BS 3256: equipped: [Body] 11
[10/05/26 03:35:42] D2BS 3256: equipped: [ArmR] 23
[10/05/26 03:35:42] D2BS 3256: equipped: [ArmL] 14
[10/05/26 03:35:42] D2BS 3256: equipped: [RingR] 15
[10/05/26 03:35:42] D2BS 3256: equipped: [RingL] 11
[10/05/26 03:35:42] D2BS 3256: equipped: [Belt] 15
[10/05/26 03:35:42] D2BS 3256: equipped: [Boots] 13
[10/05/26 03:35:42] D2BS 3256: equipped: [Mitts] 12
[10/05/26 03:35:42] D2BS 3256: Loaded ÿc9[AutoSmurf.js]
[10/05/26 03:35:48] D2BS 3256: farmingON
[10/05/26 03:35:49] D2BS 3256: MiniShopBot: true
[10/05/26 03:35:49] D2BS 3256: UseMerc: true HP: 70
[10/05/26 03:36:02] D2BS 3256: Revive needed
[10/05/26 03:36:09] D2BS 3256: Token needed
[10/05/26 03:36:17] D2BS 3256: act3 BO
[10/05/26 03:36:36] D2BS 3256: Traveling to Travincal
[10/05/26 03:36:37] D2BS 3256: ÿc4=== [TRAVINCAL] ===
[10/05/26 03:37:36] D2BS 3256: Traveling to Durance Of Hate Level 2
[10/05/26 03:37:37] D2BS 3256:  [01:55] +17.65% / [Level 72] 67.51%
[10/05/26 03:37:37] D2BS 3256: Script threads\autobuildthread.js ended
[10/05/26 03:37:37] D2BS 3256: Script threads\partythread.js ended
[10/05/26 03:37:37] D2BS 3256: Script threads\townchicken.js ended
[10/05/26 03:37:37] D2BS 3256: Script default.dbj ended
[10/05/26 03:37:46] D2BS 3256: Creating Game: pz-70
[10/05/26 03:37:47] D2BS 3256: ÿc2D2BSÿc0 :: Starting default.dbj
[10/05/26 03:37:47] D2BS 3256: ÿc2D2BSÿc0 :: default.dbj running.
[10/05/26 03:37:47] D2BS 3256: Loaded ÿc9[X.nip] [Y.nip] [Z.nip] [V.nip] [S.SFFW.nip]
[10/05/26 03:37:47] D2BS 3256: Loaded ÿc9[S.SFFW.js]
[10/05/26 03:37:47] D2BS 3256: equipped: [Head] 12
[10/05/26 03:37:47] D2BS 3256: equipped: [Neck] 16
[10/05/26 03:37:47] D2BS 3256: equipped: [Body] 11
[10/05/26 03:37:47] D2BS 3256: equipped: [ArmR] 23
[10/05/26 03:37:47] D2BS 3256: equipped: [ArmL] 14
[10/05/26 03:37:47] D2BS 3256: equipped: [RingR] 15
[10/05/26 03:37:47] D2BS 3256: equipped: [RingL] 11
[10/05/26 03:37:47] D2BS 3256: equipped: [Belt] 15
[10/05/26 03:37:47] D2BS 3256: equipped: [Boots] 13
[10/05/26 03:37:47] D2BS 3256: equipped: [Mitts] 12
[10/05/26 03:37:47] D2BS 3256: Loaded ÿc9[AutoSmurf.js]
[10/05/26 03:37:53] D2BS 3256: farmingON
[10/05/26 03:37:54] D2BS 3256: MiniShopBot: true
[10/05/26 03:37:54] D2BS 3256: UseMerc: true HP: 70
[10/05/26 03:38:05] D2BS 3256: Revive needed
[10/05/26 03:38:17] D2BS 3256: Token needed
[10/05/26 03:38:24] D2BS 3256: act3 BO
[10/05/26 03:38:40] D2BS 3256: Traveling to Travincal
[10/05/26 03:38:41] D2BS 3256: ÿc4=== [TRAVINCAL] ===
[10/05/26 03:39:21] D2BS 3256: party has left: fowo-xb
[10/05/26 03:39:21] D2BS 3256:  [01:34] +9.63% / [Level 72] 77.14%
[10/05/26 03:39:21] D2BS 3256: Script threads\autobuildthread.js ended
[10/05/26 03:39:21] D2BS 3256: Script threads\partythread.js ended
[10/05/26 03:39:21] D2BS 3256: Script threads\townchicken.js ended
[10/05/26 03:39:21] D2BS 3256: Script default.dbj ended
[10/05/26 03:39:30] D2BS 3256: Creating Game: pz-71
[10/05/26 03:39:32] D2BS 3256: ÿc2D2BSÿc0 :: Starting default.dbj
[10/05/26 03:39:32] D2BS 3256: ÿc2D2BSÿc0 :: default.dbj running.
[10/05/26 03:39:32] D2BS 3256: Loaded ÿc9[X.nip] [Y.nip] [Z.nip] [V.nip] [S.SFFW.nip]
[10/05/26 03:39:32] D2BS 3256: Loaded ÿc9[S.SFFW.js]
[10/05/26 03:39:32] D2BS 3256: equipped: [Head] 12
[10/05/26 03:39:32] D2BS 3256: equipped: [Neck] 16
[10/05/26 03:39:32] D2BS 3256: equipped: [Body] 11
[10/05/26 03:39:32] D2BS 3256: equipped: [ArmR] 23
[10/05/26 03:39:32] D2BS 3256: equipped: [ArmL] 14
[10/05/26 03:39:32] D2BS 3256: equipped: [RingR] 15
[10/05/26 03:39:32] D2BS 3256: equipped: [RingL] 11
[10/05/26 03:39:32] D2BS 3256: equipped: [Belt] 15
[10/05/26 03:39:32] D2BS 3256: equipped: [Boots] 13
[10/05/26 03:39:32] D2BS 3256: equipped: [Mitts] 12
[10/05/26 03:39:32] D2BS 3256: Loaded ÿc9[AutoSmurf.js]
[10/05/26 03:39:37] D2BS 3256: farmingON
[10/05/26 03:39:38] D2BS 3256: MiniShopBot: true
[10/05/26 03:39:38] D2BS 3256: UseMerc: true HP: 70
[10/05/26 03:39:49] D2BS 3256: Revive needed
[10/05/26 03:39:58] D2BS 3256: Token needed
[10/05/26 03:40:05] D2BS 3256: act3 BO
[10/05/26 03:40:20] D2BS 3256: Traveling to Travincal
[10/05/26 03:40:21] D2BS 3256: ÿc4=== [TRAVINCAL] ===
[10/05/26 03:41:18] D2BS 3256: Going to town
[10/05/26 03:41:18] D2BS 3256: [Chicken] Life (684/2534) area:83 (4838,1193)
[10/05/26 03:41:18] D2BS 3256:  [01:47] +14.56% / [Level 72] 91.70%
[10/05/26 03:41:18] D2BS 3256: Script threads\autobuildthread.js ended
[10/05/26 03:41:19] D2BS 3256: Script threads\partythread.js ended
[10/05/26 03:41:19] D2BS 3256: Script threads\townchicken.js ended
[10/05/26 03:41:19] D2BS 3256: Script default.dbj ended
[10/05/26 03:41:29] D2BS 3256: Creating Game: pz-72
[10/05/26 03:41:30] D2BS 3256: ÿc2D2BSÿc0 :: Starting default.dbj
[10/05/26 03:41:30] D2BS 3256: ÿc2D2BSÿc0 :: default.dbj running.
[10/05/26 03:41:30] D2BS 3256: Loaded ÿc9[X.nip] [Y.nip] [Z.nip] [V.nip] [S.SFFW.nip]
[10/05/26 03:41:30] D2BS 3256: Loaded ÿc9[S.SFFW.js]
[10/05/26 03:41:30] D2BS 3256: equipped: [Head] 12
[10/05/26 03:41:30] D2BS 3256: equipped: [Neck] 16
[10/05/26 03:41:30] D2BS 3256: equipped: [Body] 11
[10/05/26 03:41:30] D2BS 3256: equipped: [ArmR] 23
[10/05/26 03:41:30] D2BS 3256: equipped: [ArmL] 14
[10/05/26 03:41:30] D2BS 3256: equipped: [RingR] 15
[10/05/26 03:41:30] D2BS 3256: equipped: [RingL] 11
[10/05/26 03:41:30] D2BS 3256: equipped: [Belt] 15
[10/05/26 03:41:30] D2BS 3256: equipped: [Boots] 13
[10/05/26 03:41:30] D2BS 3256: equipped: [Mitts] 12
[10/05/26 03:41:30] D2BS 3256: Loaded ÿc9[AutoSmurf.js]
[10/05/26 03:41:36] D2BS 3256: farmingON
[10/05/26 03:41:36] D2BS 3256: MiniShopBot: true
[10/05/26 03:41:36] D2BS 3256: UseMerc: true HP: 70
[10/05/26 03:41:49] D2BS 3256: Revive needed
[10/05/26 03:42:03] D2BS 3256: Token needed
[10/05/26 03:42:07] D2BS 3256: ÿc4=== [FIGURINE] ===
[10/05/26 03:43:24] D2BS 3256: ÿc8!!! [POTION] !!!
[10/05/26 03:43:48] D2BS 3256: act3 BO
[10/05/26 03:44:05] D2BS 3256: Traveling to Travincal
[10/05/26 03:44:06] D2BS 3256: Traveling to Durance Of Hate Level 2
[10/05/26 03:44:31] D2BS 3256: ÿc4=== [MEPHISTO] ===
[10/05/26 03:44:52] D2BS 3256: Config.LifeChicken: 0
[10/05/26 03:44:56] D2BS 3256: Config.LifeChicken: 35
[10/05/26 03:45:32] D2BS 3256: Traveling to River Of Flame
[10/05/26 03:46:32] D2BS 3256: ÿc4=== [IZUAL] ===
[10/05/26 03:47:19] D2BS 3256: Config.LifeChicken: 0
[10/05/26 03:47:29] D2BS 3256: Config.LifeChicken: 35
[10/05/26 03:47:45] D2BS 3256: ÿc4=== [DIABLO] ===
[10/05/26 03:53:06] D2BS 3256: party has left: fowo-xh
[10/05/26 03:53:06] D2BS 3256:  [11:36] +34.70% / [Level 73] 27.08%
[10/05/26 03:53:06] D2BS 3256: Script threads\autobuildthread.js ended
[10/05/26 03:53:07] D2BS 3256: Script threads\partythread.js ended
[10/05/26 03:53:07] D2BS 3256: Script threads\townchicken.js ended
[10/05/26 03:53:07] D2BS 3256: Script default.dbj ended
[10/05/26 03:53:16] D2BS 3256: Creating Game: pz-73
[10/05/26 03:53:17] D2BS 3256: ÿc2D2BSÿc0 :: Starting default.dbj
[10/05/26 03:53:17] D2BS 3256: ÿc2D2BSÿc0 :: default.dbj running.
[10/05/26 03:53:18] D2BS 3256: Loaded ÿc9[X.nip] [Y.nip] [Z.nip] [V.nip] [S.SFFW.nip]
[10/05/26 03:53:18] D2BS 3256: Loaded ÿc9[S.SFFW.js]
[10/05/26 03:53:18] D2BS 3256: equipped: [Head] 12
[10/05/26 03:53:18] D2BS 3256: equipped: [Neck] 16
[10/05/26 03:53:18] D2BS 3256: equipped: [Body] 11
[10/05/26 03:53:18] D2BS 3256: equipped: [ArmR] 23
[10/05/26 03:53:18] D2BS 3256: equipped: [ArmL] 14
[10/05/26 03:53:18] D2BS 3256: equipped: [RingR] 15
[10/05/26 03:53:18] D2BS 3256: equipped: [RingL] 11
[10/05/26 03:53:18] D2BS 3256: equipped: [Belt] 15
[10/05/26 03:53:18] D2BS 3256: equipped: [Boots] 13
[10/05/26 03:53:18] D2BS 3256: equipped: [Mitts] 12
[10/05/26 03:53:18] D2BS 3256: Loaded ÿc9[AutoSmurf.js]
[10/05/26 03:53:24] D2BS 3256: farmingON
[10/05/26 03:53:24] D2BS 3256: MiniShopBot: true
[10/05/26 03:53:24] D2BS 3256: UseMerc: true HP: 70
[10/05/26 03:53:40] D2BS 3256: equipped: [Body] 12
[10/05/26 03:53:46] D2BS 3256: Revive needed
[10/05/26 03:53:52] D2BS 3256: Token needed
[10/05/26 03:53:56] D2BS 3256: act4+ WP
[10/05/26 03:54:02] D2BS 3256: act4+ BO
[10/05/26 03:54:15] D2BS 3256: ÿc4=== [DIABLO] ===
[10/05/26 03:54:34] D2BS 3256: Going to town
[10/05/26 03:54:34] D2BS 3256: [Chicken] Life (545/1600) area:108 (7802,5536)
[10/05/26 03:54:34] D2BS 3256: no exp [01:17]
[10/05/26 03:54:34] D2BS 3256: Script threads\autobuildthread.js ended
[10/05/26 03:54:37] D2BS 3256: Script threads\partythread.js ended
[10/05/26 03:54:37] D2BS 3256: Script threads\townchicken.js ended
[10/05/26 03:54:37] D2BS 3256: Script default.dbj ended
[10/05/26 03:54:44] D2BS 3256: Creating Game: pz-74
[10/05/26 03:54:45] D2BS 3256: ÿc2D2BSÿc0 :: Starting default.dbj
[10/05/26 03:54:45] D2BS 3256: ÿc2D2BSÿc0 :: default.dbj running.
[10/05/26 03:54:46] D2BS 3256: Loaded ÿc9[X.nip] [Y.nip] [Z.nip] [V.nip] [S.SFFW.nip]
[10/05/26 03:54:46] D2BS 3256: Loaded ÿc9[S.SFFW.js]
[10/05/26 03:54:46] D2BS 3256: equipped: [Head] 12
[10/05/26 03:54:46] D2BS 3256: equipped: [Neck] 16
[10/05/26 03:54:46] D2BS 3256: equipped: [Body] 12
[10/05/26 03:54:46] D2BS 3256: equipped: [ArmR] 23
[10/05/26 03:54:46] D2BS 3256: equipped: [ArmL] 14
[10/05/26 03:54:46] D2BS 3256: equipped: [RingR] 15
[10/05/26 03:54:46] D2BS 3256: equipped: [RingL] 11
[10/05/26 03:54:46] D2BS 3256: equipped: [Belt] 15
[10/05/26 03:54:46] D2BS 3256: equipped: [Boots] 13
[10/05/26 03:54:46] D2BS 3256: equipped: [Mitts] 12
[10/05/26 03:54:46] D2BS 3256: Loaded ÿc9[AutoSmurf.js]
[10/05/26 03:54:51] D2BS 3256: farmingON
[10/05/26 03:54:51] D2BS 3256: MiniShopBot: true
[10/05/26 03:54:51] D2BS 3256: UseMerc: true HP: 70
[10/05/26 03:55:08] D2BS 3256: Revive needed
[10/05/26 03:55:13] D2BS 3256: Token needed
[10/05/26 03:55:21] D2BS 3256: act4+ BO
[10/05/26 03:55:34] D2BS 3256: ÿc4=== [DIABLO] ===
[10/05/26 03:56:20] D2BS 3256: party has left: fowo-xd
[10/05/26 03:56:20] D2BS 3256:  [01:35] +2.82% / [Level 73] 29.90%
[10/05/26 03:56:20] D2BS 3256: Script threads\autobuildthread.js ended
[10/05/26 03:56:20] D2BS 3256: Script threads\partythread.js ended
[10/05/26 03:56:20] D2BS 3256: Script threads\townchicken.js ended
[10/05/26 03:56:20] D2BS 3256: Script default.dbj ended
[10/05/26 03:56:30] D2BS 3256: Creating Game: pz-75
[10/05/26 03:56:32] D2BS 3256: ÿc2D2BSÿc0 :: Starting default.dbj
[10/05/26 03:56:32] D2BS 3256: ÿc2D2BSÿc0 :: default.dbj running.
[10/05/26 03:56:32] D2BS 3256: Loaded ÿc9[X.nip] [Y.nip] [Z.nip] [V.nip] [S.SFFW.nip]
[10/05/26 03:56:32] D2BS 3256: Loaded ÿc9[S.SFFW.js]
[10/05/26 03:56:32] D2BS 3256: equipped: [Head] 12
[10/05/26 03:56:32] D2BS 3256: equipped: [Neck] 16
[10/05/26 03:56:32] D2BS 3256: equipped: [Body] 12
[10/05/26 03:56:32] D2BS 3256: equipped: [ArmR] 23
[10/05/26 03:56:32] D2BS 3256: equipped: [ArmL] 14
[10/05/26 03:56:32] D2BS 3256: equipped: [RingR] 15
[10/05/26 03:56:32] D2BS 3256: equipped: [RingL] 11
[10/05/26 03:56:32] D2BS 3256: equipped: [Belt] 15
[10/05/26 03:56:32] D2BS 3256: equipped: [Boots] 13
[10/05/26 03:56:32] D2BS 3256: equipped: [Mitts] 12
[10/05/26 03:56:32] D2BS 3256: Loaded ÿc9[AutoSmurf.js]
[10/05/26 03:56:36] D2BS 3256: farmingON
[10/05/26 03:56:37] D2BS 3256: MiniShopBot: true
[10/05/26 03:56:37] D2BS 3256: UseMerc: true HP: 70
[10/05/26 03:56:52] D2BS 3256: Revive needed
[10/05/26 03:57:00] D2BS 3256: Token needed
[10/05/26 03:57:07] D2BS 3256: act4+ BO
[10/05/26 03:57:19] D2BS 3256: ÿc4=== [DIABLO] ===
[10/05/26 03:58:13] D2BS 3256: party has left: fowo-xe
[10/05/26 03:58:13] D2BS 3256:  [01:41] +7.64% / [Level 73] 37.81%
[10/05/26 03:58:13] D2BS 3256: Script threads\autobuildthread.js ended
[10/05/26 03:58:13] D2BS 3256: Script threads\partythread.js ended
[10/05/26 03:58:13] D2BS 3256: Script threads\townchicken.js ended
[10/05/26 03:58:13] D2BS 3256: Script default.dbj ended
[10/05/26 03:58:23] D2BS 3256: Creating Game: pz-76
[10/05/26 03:58:24] D2BS 3256: ÿc2D2BSÿc0 :: Starting default.dbj
[10/05/26 03:58:24] D2BS 3256: ÿc2D2BSÿc0 :: default.dbj running.
[10/05/26 03:58:24] D2BS 3256: Loaded ÿc9[X.nip] [Y.nip] [Z.nip] [V.nip] [S.SFFW.nip]
[10/05/26 03:58:24] D2BS 3256: Loaded ÿc9[S.SFFW.js]
[10/05/26 03:58:24] D2BS 3256: equipped: [Head] 12
[10/05/26 03:58:24] D2BS 3256: equipped: [Neck] 16
[10/05/26 03:58:24] D2BS 3256: equipped: [Body] 12
[10/05/26 03:58:24] D2BS 3256: equipped: [ArmR] 23
[10/05/26 03:58:24] D2BS 3256: equipped: [ArmL] 14
[10/05/26 03:58:24] D2BS 3256: equipped: [RingR] 15
[10/05/26 03:58:24] D2BS 3256: equipped: [RingL] 11
[10/05/26 03:58:24] D2BS 3256: equipped: [Belt] 15
[10/05/26 03:58:24] D2BS 3256: equipped: [Boots] 13
[10/05/26 03:58:24] D2BS 3256: equipped: [Mitts] 12
[10/05/26 03:58:24] D2BS 3256: Loaded ÿc9[AutoSmurf.js]
[10/05/26 03:58:29] D2BS 3256: farmingON
[10/05/26 03:58:30] D2BS 3256: MiniShopBot: true
[10/05/26 03:58:30] D2BS 3256: UseMerc: true HP: 70
[10/05/26 03:58:41] D2BS 3256: Revive needed
[10/05/26 03:58:53] D2BS 3256: Token needed
[10/05/26 03:59:01] D2BS 3256: act4+ BO
[10/05/26 03:59:13] D2BS 3256: ÿc4=== [DIABLO] ===
[10/05/26 04:06:16] D2BS 3256: Config.LifeChicken: 0
[10/05/26 04:06:21] D2BS 3256: Config.LifeChicken: 35
[10/05/26 04:06:39] D2BS 3256: Traveling to Ancient's Way
[10/05/26 04:06:41] D2BS 3256: party has left: fowo-xb
[10/05/26 04:06:41] D2BS 3256:  [08:17] +69.97% / [Level 74] 12.91%
[10/05/26 04:06:41] D2BS 3256: Script threads\autobuildthread.js ended
[10/05/26 04:06:41] D2BS 3256: Script threads\partythread.js ended
[10/05/26 04:06:41] D2BS 3256: Script threads\townchicken.js ended
[10/05/26 04:06:41] D2BS 3256: Script default.dbj ended
[10/05/26 04:07:00] D2BS 3256: Creating Game: pz-77
[10/05/26 04:07:02] D2BS 3256: ÿc2D2BSÿc0 :: Starting default.dbj
[10/05/26 04:07:02] D2BS 3256: ÿc2D2BSÿc0 :: default.dbj running.
[10/05/26 04:07:02] D2BS 3256: Loaded ÿc9[X.nip] [Y.nip] [Z.nip] [V.nip] [S.SFFW.nip]
[10/05/26 04:07:02] D2BS 3256: Loaded ÿc9[S.SFFW.js]
[10/05/26 04:07:02] D2BS 3256: equipped: [Head] 12
[10/05/26 04:07:02] D2BS 3256: equipped: [Neck] 16
[10/05/26 04:07:02] D2BS 3256: equipped: [Body] 12
[10/05/26 04:07:02] D2BS 3256: equipped: [ArmR] 23
[10/05/26 04:07:02] D2BS 3256: equipped: [ArmL] 14
[10/05/26 04:07:02] D2BS 3256: equipped: [RingR] 15
[10/05/26 04:07:02] D2BS 3256: equipped: [RingL] 11
[10/05/26 04:07:02] D2BS 3256: equipped: [Belt] 15
[10/05/26 04:07:02] D2BS 3256: equipped: [Boots] 13
[10/05/26 04:07:02] D2BS 3256: equipped: [Mitts] 12
[10/05/26 04:07:02] D2BS 3256: Loaded ÿc9[AutoSmurf.js]
[10/05/26 04:07:07] D2BS 3256: farmingON
[10/05/26 04:07:07] D2BS 3256: MiniShopBot: true
[10/05/26 04:07:07] D2BS 3256: UseMerc: true HP: 70
[10/05/26 04:07:27] D2BS 3256: Revive needed
[10/05/26 04:07:37] D2BS 3256: Token needed
[10/05/26 04:07:42] D2BS 3256: act5 BO
[10/05/26 04:07:54] D2BS 3256: Traveling to Ancient's Way
[10/05/26 04:10:11] D2BS 3256: ÿc4=== [SHENK] ===
[10/05/26 04:10:17] D2BS 3256: Config.LifeChicken: 0
[10/05/26 04:10:27] D2BS 3256: Going to town
[10/05/26 04:11:25] D2BS 3256: Config.LifeChicken: 35
[10/05/26 04:11:28] D2BS 3256: ÿc4=== [ANYA] ===
[10/05/26 04:12:11] D2BS 3256:  [05:10] +3.96% / [Level 74] 16.87%
[10/05/26 04:12:11] D2BS 3256: Script threads\autobuildthread.js ended
[10/05/26 04:12:11] D2BS 3256: Script threads\partythread.js ended
[10/05/26 04:12:12] D2BS 3256: Script threads\townchicken.js ended
[10/05/26 04:12:12] D2BS 3256: Script default.dbj ended
[10/05/26 04:12:23] D2BS 3256: Creating Game: pz-78
[10/05/26 04:12:24] D2BS 3256: ÿc2D2BSÿc0 :: Starting default.dbj
[10/05/26 04:12:24] D2BS 3256: ÿc2D2BSÿc0 :: default.dbj running.
[10/05/26 04:12:24] D2BS 3256: Loaded ÿc9[X.nip] [Y.nip] [Z.nip] [V.nip] [S.SFFW.nip]
[10/05/26 04:12:24] D2BS 3256: Loaded ÿc9[S.SFFW.js]
[10/05/26 04:12:24] D2BS 3256: equipped: [Head] 12
[10/05/26 04:12:24] D2BS 3256: equipped: [Neck] 16
[10/05/26 04:12:24] D2BS 3256: equipped: [Body] 12
[10/05/26 04:12:24] D2BS 3256: equipped: [ArmR] 23
[10/05/26 04:12:24] D2BS 3256: equipped: [ArmL] 14
[10/05/26 04:12:24] D2BS 3256: equipped: [RingR] 15
[10/05/26 04:12:24] D2BS 3256: equipped: [RingL] 11
[10/05/26 04:12:24] D2BS 3256: equipped: [Belt] 15
[10/05/26 04:12:24] D2BS 3256: equipped: [Boots] 13
[10/05/26 04:12:24] D2BS 3256: equipped: [Mitts] 12
[10/05/26 04:12:24] D2BS 3256: Loaded ÿc9[AutoSmurf.js]
[10/05/26 04:12:29] D2BS 3256: farmingON
[10/05/26 04:12:29] D2BS 3256: MiniShopBot: true
[10/05/26 04:12:29] D2BS 3256: UseMerc: true HP: 70
[10/05/26 04:12:44] D2BS 3256: Revive needed
[10/05/26 04:14:01] D2BS 3256: Token needed
[10/05/26 04:14:03] D2BS 3256: act5+ WP
[10/05/26 04:14:20] D2BS 3256: act5+ BO
[10/05/26 04:14:23] D2BS 3256: party has left: fowo-xd
[10/05/26 04:14:23] D2BS 3256: no exp [01:59]
[10/05/26 04:14:23] D2BS 3256: Script threads\autobuildthread.js ended
[10/05/26 04:14:23] D2BS 3256: Script threads\partythread.js ended
[10/05/26 04:14:23] D2BS 3256: Script threads\townchicken.js ended
[10/05/26 04:14:23] D2BS 3256: Script default.dbj ended
[10/05/26 04:14:34] D2BS 3256: Creating Game: pz-79
[10/05/26 04:14:35] D2BS 3256: ÿc2D2BSÿc0 :: Starting default.dbj
[10/05/26 04:14:35] D2BS 3256: ÿc2D2BSÿc0 :: default.dbj running.
[10/05/26 04:14:35] D2BS 3256: Loaded ÿc9[X.nip] [Y.nip] [Z.nip] [V.nip] [S.SFFW.nip]
[10/05/26 04:14:35] D2BS 3256: Loaded ÿc9[S.SFFW.js]
[10/05/26 04:14:35] D2BS 3256: equipped: [Head] 12
[10/05/26 04:14:35] D2BS 3256: equipped: [Neck] 16
[10/05/26 04:14:35] D2BS 3256: equipped: [Body] 12
[10/05/26 04:14:35] D2BS 3256: equipped: [ArmR] 23
[10/05/26 04:14:35] D2BS 3256: equipped: [ArmL] 14
[10/05/26 04:14:35] D2BS 3256: equipped: [RingR] 15
[10/05/26 04:14:35] D2BS 3256: equipped: [RingL] 11
[10/05/26 04:14:35] D2BS 3256: equipped: [Belt] 15
[10/05/26 04:14:35] D2BS 3256: equipped: [Boots] 13
[10/05/26 04:14:35] D2BS 3256: equipped: [Mitts] 12
[10/05/26 04:14:36] D2BS 3256: Loaded ÿc9[AutoSmurf.js]
[10/05/26 04:14:41] D2BS 3256: farmingON
[10/05/26 04:14:41] D2BS 3256: MiniShopBot: true
[10/05/26 04:14:41] D2BS 3256: UseMerc: true HP: 70
[10/05/26 04:14:57] D2BS 3256: Revive needed
[10/05/26 04:15:22] D2BS 3256: Token needed
[10/05/26 04:15:26] D2BS 3256: act5+ BO
[10/05/26 04:15:40] D2BS 3256: ÿc4=== [ANYA] ===
[10/05/26 04:17:16] D2BS 3256: ÿc8!!! [SCROLL] !!!
[10/05/26 04:17:32] D2BS 3256: ÿc4=== [ANCIENTS] ===
[10/05/26 04:18:27] D2BS 3256: party has left: fowo-xd
[10/05/26 04:18:27] D2BS 3256:  [03:52] +9.53% / [Level 74] 26.39%
[10/05/26 04:18:27] D2BS 3256: Script threads\autobuildthread.js ended
[10/05/26 04:18:28] D2BS 3256: Script threads\partythread.js ended
[10/05/26 04:18:28] D2BS 3256: Script threads\townchicken.js ended
[10/05/26 04:18:28] D2BS 3256: Script default.dbj ended
[10/05/26 04:18:37] D2BS 3256: Creating Game: pz-80
[10/05/26 04:18:38] D2BS 3256: ÿc2D2BSÿc0 :: Starting default.dbj
[10/05/26 04:18:38] D2BS 3256: ÿc2D2BSÿc0 :: default.dbj running.
[10/05/26 04:18:39] D2BS 3256: Loaded ÿc9[X.nip] [Y.nip] [Z.nip] [V.nip] [S.SFFW.nip]
[10/05/26 04:18:39] D2BS 3256: Loaded ÿc9[S.SFFW.js]
[10/05/26 04:18:39] D2BS 3256: equipped: [Head] 12
[10/05/26 04:18:39] D2BS 3256: equipped: [Neck] 16
[10/05/26 04:18:39] D2BS 3256: equipped: [Body] 12
[10/05/26 04:18:39] D2BS 3256: equipped: [ArmR] 23
[10/05/26 04:18:39] D2BS 3256: equipped: [ArmL] 14
[10/05/26 04:18:39] D2BS 3256: equipped: [RingR] 15
[10/05/26 04:18:39] D2BS 3256: equipped: [RingL] 11
[10/05/26 04:18:39] D2BS 3256: equipped: [Belt] 15
[10/05/26 04:18:39] D2BS 3256: equipped: [Boots] 13
[10/05/26 04:18:39] D2BS 3256: equipped: [Mitts] 12
[10/05/26 04:18:39] D2BS 3256: Loaded ÿc9[AutoSmurf.js]
[10/05/26 04:18:44] D2BS 3256: farmingON
[10/05/26 04:18:44] D2BS 3256: MiniShopBot: true
[10/05/26 04:18:44] D2BS 3256: UseMerc: true HP: 70
[10/05/26 04:19:00] D2BS 3256: Revive needed
[10/05/26 04:19:11] D2BS 3256: Token needed
[10/05/26 04:19:15] D2BS 3256: act5+ BO
[10/05/26 04:19:28] D2BS 3256: ÿc4=== [ANCIENTS] ===
[10/05/26 04:20:35] D2BS 3256: Config.LifeChicken: 0
[10/05/26 04:20:49] D2BS 3256: Config.LifeChicken: 35
[10/05/26 04:21:14] D2BS 3256: ÿc4=== [BAAL] ===
[10/05/26 04:25:17] D2BS 3256: Config.LifeChicken: 0
[10/05/26 04:25:26] D2BS 3256: Config.LifeChicken: 35
[10/05/26 04:25:34] D2BS 3256: ÿc4=== [COUNTESS] ===
[10/05/26 04:26:53] D2BS 3256: ÿc4=== [PIT] ===
[10/05/26 04:28:51] D2BS 3256: ÿc4=== [ANDY] ===
[10/05/26 04:30:01] D2BS 3256: ÿc4=== [MEPHISTO] ===
[10/05/26 04:31:20] D2BS 3256: ÿc4=== [DIABLO] ===
[10/05/26 04:31:33] D2BS 3256: equipped: [Body] 13
[10/05/26 04:34:42] D2BS 3256: party has left: fowo-xd
[10/05/26 04:34:42] D2BS 3256:  [16:04] +188.89% / [Level 76] 35.19%
[10/05/26 04:34:42] D2BS 3256: Script threads\autobuildthread.js ended
[10/05/26 04:34:42] D2BS 3256: Script threads\partythread.js ended
[10/05/26 04:34:42] D2BS 3256: Script threads\townchicken.js ended
[10/05/26 04:34:42] D2BS 3256: Script default.dbj ended
[10/05/26 04:39:38] D2BS 3256: Creating Game: pz-81
[10/05/26 04:39:40] D2BS 3256: ÿc2D2BSÿc0 :: Starting default.dbj
[10/05/26 04:39:40] D2BS 3256: ÿc2D2BSÿc0 :: default.dbj running.
[10/05/26 04:39:40] D2BS 3256: Loaded ÿc9[X.nip] [Y.nip] [Z.nip] [V.nip] [S.SFFW.nip]
[10/05/26 04:39:40] D2BS 3256: Loaded ÿc9[S.SFFW.js]
[10/05/26 04:39:40] D2BS 3256: equipped: [Head] 12
[10/05/26 04:39:40] D2BS 3256: equipped: [Neck] 16
[10/05/26 04:39:40] D2BS 3256: equipped: [Body] 13
[10/05/26 04:39:40] D2BS 3256: equipped: [ArmR] 23
[10/05/26 04:39:40] D2BS 3256: equipped: [ArmL] 14
[10/05/26 04:39:40] D2BS 3256: equipped: [RingR] 15
[10/05/26 04:39:40] D2BS 3256: equipped: [RingL] 11
[10/05/26 04:39:40] D2BS 3256: equipped: [Belt] 15
[10/05/26 04:39:40] D2BS 3256: equipped: [Boots] 13
[10/05/26 04:39:40] D2BS 3256: equipped: [Mitts] 12
[10/05/26 04:39:40] D2BS 3256: Loaded ÿc9[AutoSmurf.js]
[10/05/26 04:39:50] D2BS 3256: farmingON
[10/05/26 04:39:52] D2BS 3256: MiniShopBot: true
[10/05/26 04:39:52] D2BS 3256: UseMerc: true HP: 70
[10/05/26 04:40:16] D2BS 3256: equipped: [Body] 15
[10/05/26 04:40:16] D2BS 3256: Revive needed
[10/05/26 04:40:22] D2BS 3256: Token needed
[10/05/26 04:40:27] D2BS 3256: act5+ BO
[10/05/26 04:40:39] D2BS 3256: ÿc4=== [BAAL] ===
[10/05/26 04:40:54] D2BS 3256: Going to town
[10/05/26 04:40:54] D2BS 3256: [Chicken] Life (572/1745) area:129 (12804,12117)
[10/05/26 04:40:54] D2BS 3256: no exp [01:14]
[10/05/26 04:40:54] D2BS 3256: Script threads\autobuildthread.js ended
[10/05/26 04:40:54] D2BS 3256: Script threads\partythread.js ended
[10/05/26 04:40:55] D2BS 3256: Script threads\townchicken.js ended
[10/05/26 04:40:55] D2BS 3256: Script default.dbj ended
[10/05/26 04:41:03] D2BS 3256: Creating Game: pz-82
[10/05/26 04:41:05] D2BS 3256: ÿc2D2BSÿc0 :: Starting default.dbj
[10/05/26 04:41:05] D2BS 3256: ÿc2D2BSÿc0 :: default.dbj running.
[10/05/26 04:41:05] D2BS 3256: Loaded ÿc9[X.nip] [Y.nip] [Z.nip] [V.nip] [S.SFFW.nip]
[10/05/26 04:41:05] D2BS 3256: Loaded ÿc9[S.SFFW.js]
[10/05/26 04:41:05] D2BS 3256: equipped: [Head] 12
[10/05/26 04:41:05] D2BS 3256: equipped: [Neck] 16
[10/05/26 04:41:05] D2BS 3256: equipped: [Body] 15
[10/05/26 04:41:05] D2BS 3256: equipped: [ArmR] 23
[10/05/26 04:41:05] D2BS 3256: equipped: [ArmL] 14
[10/05/26 04:41:05] D2BS 3256: equipped: [RingR] 15
[10/05/26 04:41:05] D2BS 3256: equipped: [RingL] 11
[10/05/26 04:41:05] D2BS 3256: equipped: [Belt] 15
[10/05/26 04:41:05] D2BS 3256: equipped: [Boots] 13
[10/05/26 04:41:05] D2BS 3256: equipped: [Mitts] 12
[10/05/26 04:41:05] D2BS 3256: Loaded ÿc9[AutoSmurf.js]
[10/05/26 04:41:10] D2BS 3256: farmingON
[10/05/26 04:41:10] D2BS 3256: MiniShopBot: true
[10/05/26 04:41:10] D2BS 3256: UseMerc: true HP: 70
[10/05/26 04:41:29] D2BS 3256: Revive needed
[10/05/26 04:41:34] D2BS 3256: Token needed
[10/05/26 04:41:39] D2BS 3256: act5+ BO
[10/05/26 04:41:52] D2BS 3256: ÿc4=== [BAAL] ===
[10/05/26 04:45:49] D2BS 3256: ÿc4=== [COUNTESS] ===
[10/05/26 04:46:58] D2BS 3256: ÿc4=== [PIT] ===
[10/05/26 04:48:51] D2BS 3256: ÿc4=== [ANDY] ===
[10/05/26 04:49:51] D2BS 3256: ÿc4=== [MEPHISTO] ===
[10/05/26 04:51:24] D2BS 3256: ÿc4=== [DIABLO] ===
[10/05/26 04:56:58] D2BS 3256: party has left: fowo-xf
[10/05/26 04:56:58] D2BS 3256:  [15:53] +95.60% / [Level 77] 36.28%
[10/05/26 04:56:58] D2BS 3256: Script threads\autobuildthread.js ended
[10/05/26 04:56:58] D2BS 3256: Script threads\partythread.js ended
[10/05/26 04:56:58] D2BS 3256: Script threads\townchicken.js ended
[10/05/26 04:56:58] D2BS 3256: Script default.dbj ended
[10/05/26 04:57:08] D2BS 3256: Creating Game: pz-83
[10/05/26 04:57:10] D2BS 3256: ÿc2D2BSÿc0 :: Starting default.dbj
[10/05/26 04:57:10] D2BS 3256: ÿc2D2BSÿc0 :: default.dbj running.
[10/05/26 04:57:10] D2BS 3256: Loaded ÿc9[X.nip] [Y.nip] [Z.nip] [V.nip] [S.SFFW.nip]
[10/05/26 04:57:10] D2BS 3256: Loaded ÿc9[S.SFFW.js]
[10/05/26 04:57:10] D2BS 3256: equipped: [Head] 12
[10/05/26 04:57:10] D2BS 3256: equipped: [Neck] 16
[10/05/26 04:57:10] D2BS 3256: equipped: [Body] 15
[10/05/26 04:57:10] D2BS 3256: equipped: [ArmR] 23
[10/05/26 04:57:10] D2BS 3256: equipped: [ArmL] 14
[10/05/26 04:57:10] D2BS 3256: equipped: [RingR] 15
[10/05/26 04:57:10] D2BS 3256: equipped: [RingL] 11
[10/05/26 04:57:10] D2BS 3256: equipped: [Belt] 15
[10/05/26 04:57:10] D2BS 3256: equipped: [Boots] 13
[10/05/26 04:57:10] D2BS 3256: equipped: [Mitts] 12
[10/05/26 04:57:10] D2BS 3256: Loaded ÿc9[AutoSmurf.js]
[10/05/26 04:57:18] D2BS 3256: farmingON
[10/05/26 04:57:24] D2BS 3256: MiniShopBot: true
[10/05/26 04:57:24] D2BS 3256: UseMerc: true HP: 70
[10/05/26 04:57:43] D2BS 3256: Revive needed
[10/05/26 04:57:48] D2BS 3256: Token needed
[10/05/26 04:57:53] D2BS 3256: act5+ BO
[10/05/26 04:58:04] D2BS 3256: ÿc4=== [BAAL] ===
[10/05/26 05:01:38] D2BS 3256: ÿc4=== [COUNTESS] ===
[10/05/26 05:03:10] D2BS 3256: ÿc4=== [PIT] ===
[10/05/26 05:05:13] D2BS 3256: ÿc4=== [ANDY] ===
[10/05/26 05:06:18] D2BS 3256: ÿc4=== [MEPHISTO] ===
[10/05/26 05:07:42] D2BS 3256: ÿc4=== [DIABLO] ===
[10/05/26 05:07:57] D2BS 3256: equipped: [RingL] 12
[10/05/26 05:12:31] D2BS 3256: party has left: fowo-xe
[10/05/26 05:12:31] D2BS 3256:  [15:22] +75.48% / [Level 78] 17.02%
[10/05/26 05:12:31] D2BS 3256: Script threads\autobuildthread.js ended
[10/05/26 05:12:31] D2BS 3256: Script threads\partythread.js ended
[10/05/26 05:12:31] D2BS 3256: Script threads\townchicken.js ended
[10/05/26 05:12:31] D2BS 3256: Script default.dbj ended
[10/05/26 05:12:42] D2BS 3256: Creating Game: pz-84
[10/05/26 05:12:44] D2BS 3256: ÿc2D2BSÿc0 :: Starting default.dbj
[10/05/26 05:12:44] D2BS 3256: ÿc2D2BSÿc0 :: default.dbj running.
[10/05/26 05:12:44] D2BS 3256: Loaded ÿc9[X.nip] [Y.nip] [Z.nip] [V.nip] [S.SFFW.nip]
[10/05/26 05:12:44] D2BS 3256: Loaded ÿc9[S.SFFW.js]
[10/05/26 05:12:44] D2BS 3256: equipped: [Head] 12
[10/05/26 05:12:44] D2BS 3256: equipped: [Neck] 16
[10/05/26 05:12:44] D2BS 3256: equipped: [Body] 15
[10/05/26 05:12:44] D2BS 3256: equipped: [ArmR] 23
[10/05/26 05:12:44] D2BS 3256: equipped: [ArmL] 14
[10/05/26 05:12:44] D2BS 3256: equipped: [RingR] 15
[10/05/26 05:12:44] D2BS 3256: equipped: [RingL] 12
[10/05/26 05:12:44] D2BS 3256: equipped: [Belt] 15
[10/05/26 05:12:44] D2BS 3256: equipped: [Boots] 13
[10/05/26 05:12:44] D2BS 3256: equipped: [Mitts] 12
[10/05/26 05:12:44] D2BS 3256: Loaded ÿc9[AutoSmurf.js]
[10/05/26 05:12:51] D2BS 3256: farmingON
[10/05/26 05:12:56] D2BS 3256: MiniShopBot: true
[10/05/26 05:12:56] D2BS 3256: UseMerc: true HP: 70
[10/05/26 05:13:13] D2BS 3256: Revive needed
[10/05/26 05:13:23] D2BS 3256: Token needed
[10/05/26 05:13:28] D2BS 3256: act5+ BO
[10/05/26 05:13:41] D2BS 3256: ÿc4=== [BAAL] ===
[10/05/26 05:17:18] D2BS 3256: ÿc4=== [COUNTESS] ===
[10/05/26 05:18:35] D2BS 3256: ÿc4=== [PIT] ===
[10/05/26 05:20:24] D2BS 3256: ÿc4=== [ANDY] ===
[10/05/26 05:21:20] D2BS 3256: ÿc4=== [MEPHISTO] ===
[10/05/26 05:23:00] D2BS 3256: ÿc4=== [DIABLO] ===
[10/05/26 05:25:01] D2BS 3256: party has left: fowo-xe, fowo-xh
[10/05/26 05:25:01] D2BS 3256:  [12:17] +73.40% / [Level 78] 90.42%
[10/05/26 05:25:01] D2BS 3256: Script threads\autobuildthread.js ended
[10/05/26 05:25:01] D2BS 3256: Script threads\partythread.js ended
[10/05/26 05:25:01] D2BS 3256: Script threads\townchicken.js ended
[10/05/26 05:25:01] D2BS 3256: Script default.dbj ended
[10/05/26 05:25:10] D2BS 3256: Creating Game: pz-85
[10/05/26 05:25:11] D2BS 3256: ÿc2D2BSÿc0 :: Starting default.dbj
[10/05/26 05:25:11] D2BS 3256: ÿc2D2BSÿc0 :: default.dbj running.
[10/05/26 05:25:11] D2BS 3256: Loaded ÿc9[X.nip] [Y.nip] [Z.nip] [V.nip] [S.SFFW.nip]
[10/05/26 05:25:11] D2BS 3256: Loaded ÿc9[S.SFFW.js]
[10/05/26 05:25:11] D2BS 3256: equipped: [Head] 12
[10/05/26 05:25:11] D2BS 3256: equipped: [Neck] 16
[10/05/26 05:25:11] D2BS 3256: equipped: [Body] 15
[10/05/26 05:25:11] D2BS 3256: equipped: [ArmR] 23
[10/05/26 05:25:11] D2BS 3256: equipped: [ArmL] 14
[10/05/26 05:25:11] D2BS 3256: equipped: [RingR] 15
[10/05/26 05:25:11] D2BS 3256: equipped: [RingL] 12
[10/05/26 05:25:11] D2BS 3256: equipped: [Belt] 15
[10/05/26 05:25:11] D2BS 3256: equipped: [Boots] 13
[10/05/26 05:25:11] D2BS 3256: equipped: [Mitts] 12
[10/05/26 05:25:11] D2BS 3256: Loaded ÿc9[AutoSmurf.js]
[10/05/26 05:25:19] D2BS 3256: farmingON
[10/05/26 05:25:23] D2BS 3256: MiniShopBot: true
[10/05/26 05:25:23] D2BS 3256: UseMerc: true HP: 70
[10/05/26 05:25:43] D2BS 3256: Revive needed
[10/05/26 05:25:49] D2BS 3256: Token needed
[10/05/26 05:25:53] D2BS 3256: act5+ BO
[10/05/26 05:28:01] D2BS 3256: party has left: fowo-xe
[10/05/26 05:28:01] D2BS 3256: no exp [02:49]
[10/05/26 05:28:01] D2BS 3256: Script threads\autobuildthread.js ended
[10/05/26 05:28:01] D2BS 3256: Script threads\partythread.js ended
[10/05/26 05:28:01] D2BS 3256: Script threads\townchicken.js ended
[10/05/26 05:28:01] D2BS 3256: Script default.dbj ended
[10/05/26 05:28:10] D2BS 3256: Creating Game: pz-86
[10/05/26 05:28:11] D2BS 3256: ÿc2D2BSÿc0 :: Starting default.dbj
[10/05/26 05:28:11] D2BS 3256: ÿc2D2BSÿc0 :: default.dbj running.
[10/05/26 05:28:11] D2BS 3256: Loaded ÿc9[X.nip] [Y.nip] [Z.nip] [V.nip] [S.SFFW.nip]
[10/05/26 05:28:11] D2BS 3256: Loaded ÿc9[S.SFFW.js]
[10/05/26 05:28:11] D2BS 3256: equipped: [Head] 12
[10/05/26 05:28:11] D2BS 3256: equipped: [Neck] 16
[10/05/26 05:28:11] D2BS 3256: equipped: [Body] 15
[10/05/26 05:28:11] D2BS 3256: equipped: [ArmR] 23
[10/05/26 05:28:11] D2BS 3256: equipped: [ArmL] 14
[10/05/26 05:28:11] D2BS 3256: equipped: [RingR] 15
[10/05/26 05:28:11] D2BS 3256: equipped: [RingL] 12
[10/05/26 05:28:11] D2BS 3256: equipped: [Belt] 15
[10/05/26 05:28:11] D2BS 3256: equipped: [Boots] 13
[10/05/26 05:28:11] D2BS 3256: equipped: [Mitts] 12
[10/05/26 05:28:11] D2BS 3256: Loaded ÿc9[AutoSmurf.js]
[10/05/26 05:28:16] D2BS 3256: farmingON
[10/05/26 05:28:16] D2BS 3256: MiniShopBot: true
[10/05/26 05:28:16] D2BS 3256: UseMerc: true HP: 70
[10/05/26 05:28:32] D2BS 3256: Revive needed
[10/05/26 05:28:42] D2BS 3256: Token needed
[10/05/26 05:28:47] D2BS 3256: act5+ BO
[10/05/26 05:29:00] D2BS 3256: ÿc4=== [BAAL] ===
[10/05/26 05:29:15] D2BS 3256: Baal failed: souls found
[10/05/26 05:29:19] D2BS 3256: ÿc4=== [COUNTESS] ===
[10/05/26 05:30:53] D2BS 3256: ÿc4=== [PIT] ===
[10/05/26 05:32:42] D2BS 3256: ÿc4=== [ANDY] ===
[10/05/26 05:33:46] D2BS 3256: ÿc4=== [MEPHISTO] ===
[10/05/26 05:35:22] D2BS 3256: ÿc4=== [DIABLO] ===
[10/05/26 05:41:08] D2BS 3256: Going to town
[10/05/26 05:41:13] D2BS 3256: party has left: fowo-xf, fowo-xh
[10/05/26 05:41:13] D2BS 3256:  [13:02] +40.76% / [Level 79] 31.97%
[10/05/26 05:41:13] D2BS 3256: Script threads\autobuildthread.js ended
[10/05/26 05:41:14] D2BS 3256: Script threads\partythread.js ended
[10/05/26 05:41:14] D2BS 3256: Script threads\townchicken.js ended
[10/05/26 05:41:14] D2BS 3256: Script default.dbj ended
[10/05/26 05:41:23] D2BS 3256: Creating Game: pz-87
[10/05/26 05:41:24] D2BS 3256: ÿc2D2BSÿc0 :: Starting default.dbj
[10/05/26 05:41:24] D2BS 3256: ÿc2D2BSÿc0 :: default.dbj running.
[10/05/26 05:41:24] D2BS 3256: Loaded ÿc9[X.nip] [Y.nip] [Z.nip] [V.nip] [S.SFFW.nip]
[10/05/26 05:41:24] D2BS 3256: Loaded ÿc9[S.SFFW.js]
[10/05/26 05:41:24] D2BS 3256: equipped: [Head] 12
[10/05/26 05:41:24] D2BS 3256: equipped: [Neck] 16
[10/05/26 05:41:24] D2BS 3256: equipped: [Body] 15
[10/05/26 05:41:24] D2BS 3256: equipped: [ArmR] 23
[10/05/26 05:41:24] D2BS 3256: equipped: [ArmL] 14
[10/05/26 05:41:24] D2BS 3256: equipped: [RingR] 15
[10/05/26 05:41:24] D2BS 3256: equipped: [RingL] 12
[10/05/26 05:41:24] D2BS 3256: equipped: [Belt] 15
[10/05/26 05:41:24] D2BS 3256: equipped: [Boots] 13
[10/05/26 05:41:24] D2BS 3256: equipped: [Mitts] 12
[10/05/26 05:41:24] D2BS 3256: Loaded ÿc9[AutoSmurf.js]
[10/05/26 05:41:33] D2BS 3256: farmingON
[10/05/26 05:41:34] D2BS 3256: MiniShopBot: true
[10/05/26 05:41:34] D2BS 3256: UseMerc: true HP: 70
[10/05/26 05:41:56] D2BS 3256: equipped: [Body] 17
[10/05/26 05:41:57] D2BS 3256: equipped: [Belt] 17
[10/05/26 05:41:57] D2BS 3256: Revive needed
[10/05/26 05:42:06] D2BS 3256: Token needed
[10/05/26 05:42:11] D2BS 3256: act5+ BO
[10/05/26 05:42:25] D2BS 3256: ÿc4=== [BAAL] ===
[10/05/26 05:46:24] D2BS 3256: ÿc4=== [COUNTESS] ===
[10/05/26 05:47:43] D2BS 3256: party has left: fowo-xb, fowo-xc, fowo-xe
[10/05/26 05:47:43] D2BS 3256:  [06:19] +42.36% / [Level 79] 74.32%
[10/05/26 05:47:43] D2BS 3256: Script threads\autobuildthread.js ended
[10/05/26 05:47:43] D2BS 3256: Script threads\partythread.js ended
[10/05/26 05:47:43] D2BS 3256: Script threads\townchicken.js ended
[10/05/26 05:47:43] D2BS 3256: Script default.dbj ended
[10/05/26 05:47:51] D2BS 3256: Creating Game: pz-88
[10/05/26 05:47:53] D2BS 3256: ÿc2D2BSÿc0 :: Starting default.dbj
[10/05/26 05:47:53] D2BS 3256: ÿc2D2BSÿc0 :: default.dbj running.
[10/05/26 05:47:53] D2BS 3256: Loaded ÿc9[X.nip] [Y.nip] [Z.nip] [V.nip] [S.SFFW.nip]
[10/05/26 05:47:53] D2BS 3256: Loaded ÿc9[S.SFFW.js]
[10/05/26 05:47:53] D2BS 3256: equipped: [Head] 12
[10/05/26 05:47:53] D2BS 3256: equipped: [Neck] 16
[10/05/26 05:47:53] D2BS 3256: equipped: [Body] 17
[10/05/26 05:47:53] D2BS 3256: equipped: [ArmR] 23
[10/05/26 05:47:53] D2BS 3256: equipped: [ArmL] 14
[10/05/26 05:47:53] D2BS 3256: equipped: [RingR] 15
[10/05/26 05:47:53] D2BS 3256: equipped: [RingL] 12
[10/05/26 05:47:53] D2BS 3256: equipped: [Belt] 17
[10/05/26 05:47:53] D2BS 3256: equipped: [Boots] 13
[10/05/26 05:47:53] D2BS 3256: equipped: [Mitts] 12
[10/05/26 05:47:53] D2BS 3256: Loaded ÿc9[AutoSmurf.js]
[10/05/26 05:48:03] D2BS 3256: farmingON
[10/05/26 05:48:06] D2BS 3256: MiniShopBot: true
[10/05/26 05:48:06] D2BS 3256: UseMerc: true HP: 70
[10/05/26 05:48:25] D2BS 3256: Revive needed
[10/05/26 05:48:39] D2BS 3256: Token needed
[10/05/26 05:48:44] D2BS 3256: act5+ BO
[10/05/26 05:48:57] D2BS 3256: ÿc4=== [BAAL] ===
[10/05/26 05:52:49] D2BS 3256: ÿc4=== [COUNTESS] ===
[10/05/26 05:54:21] D2BS 3256: ÿc4=== [PIT] ===
[10/05/26 05:56:15] D2BS 3256: ÿc4=== [ANDY] ===
[10/05/26 05:57:17] D2BS 3256: ÿc4=== [MEPHISTO] ===
[10/05/26 05:59:00] D2BS 3256: ÿc4=== [DIABLO] ===
[10/05/26 05:59:17] D2BS 3256: equipped: [ArmL] 18
[10/05/26 06:03:57] D2BS 3256: party has left: fowo-xe
[10/05/26 06:03:57] D2BS 3256:  [16:04] +62.90% / [Level 80] 39.34%
[10/05/26 06:03:57] D2BS 3256: Script threads\autobuildthread.js ended
[10/05/26 06:03:57] D2BS 3256: Script threads\partythread.js ended
[10/05/26 06:03:57] D2BS 3256: Script threads\townchicken.js ended
[10/05/26 06:03:57] D2BS 3256: Script default.dbj ended
[10/05/26 06:04:07] D2BS 3256: Creating Game: pz-89
[10/05/26 06:04:09] D2BS 3256: ÿc2D2BSÿc0 :: Starting default.dbj
[10/05/26 06:04:09] D2BS 3256: ÿc2D2BSÿc0 :: default.dbj running.
[10/05/26 06:04:09] D2BS 3256: Loaded ÿc9[X.nip] [Y.nip] [Z.nip] [V.nip] [S.SFFW.nip]
[10/05/26 06:04:09] D2BS 3256: Loaded ÿc9[S.SFFW.js]
[10/05/26 06:04:09] D2BS 3256: equipped: [Head] 12
[10/05/26 06:04:09] D2BS 3256: equipped: [Neck] 16
[10/05/26 06:04:09] D2BS 3256: equipped: [Body] 17
[10/05/26 06:04:09] D2BS 3256: equipped: [ArmR] 23
[10/05/26 06:04:09] D2BS 3256: equipped: [ArmL] 18
[10/05/26 06:04:09] D2BS 3256: equipped: [RingR] 15
[10/05/26 06:04:09] D2BS 3256: equipped: [RingL] 12
[10/05/26 06:04:09] D2BS 3256: equipped: [Belt] 17
[10/05/26 06:04:09] D2BS 3256: equipped: [Boots] 13
[10/05/26 06:04:09] D2BS 3256: equipped: [Mitts] 12
[10/05/26 06:04:09] D2BS 3256: Loaded ÿc9[AutoSmurf.js]
[10/05/26 06:04:18] D2BS 3256: farmingON
[10/05/26 06:04:19] D2BS 3256: MiniShopBot: true
[10/05/26 06:04:19] D2BS 3256: UseMerc: true HP: 70
[10/05/26 06:04:28] D2BS 3256: updateStat
[10/05/26 06:04:28] D2BS 3256: granted: [Head] 11
[10/05/26 06:04:28] D2BS 3256: granted: [Body] 19
[10/05/26 06:04:28] D2BS 3256: granted: [ArmR] 14
[10/05/26 06:04:44] D2BS 3256: granted: [ArmR] 15
[10/05/26 06:04:44] D2BS 3256: Merc matched: Holy Freeze
[10/05/26 06:04:50] D2BS 3256: Token needed
[10/05/26 06:04:54] D2BS 3256: act5+ BO
[10/05/26 06:04:56] D2BS 3256: updateStat
[10/05/26 06:05:06] D2BS 3256: ÿc4=== [BAAL] ===
[10/05/26 06:09:16] D2BS 3256: ÿc4=== [COUNTESS] ===
[10/05/26 06:10:30] D2BS 3256: ÿc4=== [PIT] ===
[10/05/26 06:11:13] D2BS 3256: party has left: fowo-xe
[10/05/26 06:11:13] D2BS 3256:  [07:04] +33.14% / [Level 80] 72.94%
[10/05/26 06:11:13] D2BS 3256: Script threads\autobuildthread.js ended
[10/05/26 06:11:13] D2BS 3256: Script threads\partythread.js ended
[10/05/26 06:11:13] D2BS 3256: Script threads\townchicken.js ended
[10/05/26 06:11:13] D2BS 3256: Script default.dbj ended
[10/05/26 06:11:24] D2BS 3256: Creating Game: pz-90
[10/05/26 06:11:26] D2BS 3256: ÿc2D2BSÿc0 :: Starting default.dbj
[10/05/26 06:11:26] D2BS 3256: ÿc2D2BSÿc0 :: default.dbj running.
[10/05/26 06:11:26] D2BS 3256: Loaded ÿc9[X.nip] [Y.nip] [Z.nip] [V.nip] [S.SFFW.nip]
[10/05/26 06:11:26] D2BS 3256: Loaded ÿc9[S.SFFW.js]
[10/05/26 06:11:26] D2BS 3256: equipped: [Head] 12
[10/05/26 06:11:26] D2BS 3256: equipped: [Neck] 16
[10/05/26 06:11:26] D2BS 3256: equipped: [Body] 17
[10/05/26 06:11:26] D2BS 3256: equipped: [ArmR] 23
[10/05/26 06:11:26] D2BS 3256: equipped: [ArmL] 18
[10/05/26 06:11:26] D2BS 3256: equipped: [RingR] 15
[10/05/26 06:11:26] D2BS 3256: equipped: [RingL] 12
[10/05/26 06:11:26] D2BS 3256: equipped: [Belt] 17
[10/05/26 06:11:26] D2BS 3256: equipped: [Boots] 13
[10/05/26 06:11:26] D2BS 3256: equipped: [Mitts] 12
[10/05/26 06:11:26] D2BS 3256: updateStat
[10/05/26 06:11:26] D2BS 3256: granted: [Head] 11
[10/05/26 06:11:26] D2BS 3256: granted: [Body] 19
[10/05/26 06:11:26] D2BS 3256: granted: [ArmR] 15
[10/05/26 06:11:26] D2BS 3256: Loaded ÿc9[AutoSmurf.js]
[10/05/26 06:11:35] D2BS 3256: farmingON
[10/05/26 06:11:38] D2BS 3256: MiniShopBot: true
[10/05/26 06:11:38] D2BS 3256: UseMerc: true HP: 70
[10/05/26 06:11:57] D2BS 3256: Merc matched: Holy Freeze
[10/05/26 06:12:01] D2BS 3256: Token needed
[10/05/26 06:12:06] D2BS 3256: act5+ BO
[10/05/26 06:12:18] D2BS 3256: ÿc4=== [BAAL] ===
[10/05/26 06:13:06] D2BS 3256: Going to town
[10/05/26 06:17:56] D2BS 3256: ÿc4=== [COUNTESS] ===
[10/05/26 06:19:21] D2BS 3256: party has left: fowo-xe
[10/05/26 06:19:21] D2BS 3256:  [07:55] +39.69% / [Level 81] 14.87%
[10/05/26 06:19:21] D2BS 3256: Script threads\autobuildthread.js ended
[10/05/26 06:19:21] D2BS 3256: Script threads\partythread.js ended
[10/05/26 06:19:21] D2BS 3256: Script threads\townchicken.js ended
[10/05/26 06:19:21] D2BS 3256: Script default.dbj ended
[10/05/26 06:19:30] D2BS 3256: Creating Game: pz-91
[10/05/26 06:19:32] D2BS 3256: ÿc2D2BSÿc0 :: Starting default.dbj
[10/05/26 06:19:32] D2BS 3256: ÿc2D2BSÿc0 :: default.dbj running.
[10/05/26 06:19:32] D2BS 3256: Loaded ÿc9[X.nip] [Y.nip] [Z.nip] [V.nip] [S.SFFW.nip]
[10/05/26 06:19:32] D2BS 3256: Loaded ÿc9[S.SFFW.js]
[10/05/26 06:19:32] D2BS 3256: equipped: [Head] 12
[10/05/26 06:19:32] D2BS 3256: equipped: [Neck] 16
[10/05/26 06:19:32] D2BS 3256: equipped: [Body] 17
[10/05/26 06:19:32] D2BS 3256: equipped: [ArmR] 23
[10/05/26 06:19:32] D2BS 3256: equipped: [ArmL] 18
[10/05/26 06:19:32] D2BS 3256: equipped: [RingR] 15
[10/05/26 06:19:32] D2BS 3256: equipped: [RingL] 12
[10/05/26 06:19:32] D2BS 3256: equipped: [Belt] 17
[10/05/26 06:19:32] D2BS 3256: equipped: [Boots] 13
[10/05/26 06:19:32] D2BS 3256: equipped: [Mitts] 12
[10/05/26 06:19:32] D2BS 3256: Loaded ÿc9[AutoSmurf.js]
[10/05/26 06:19:41] D2BS 3256: farmingON
[10/05/26 06:19:41] D2BS 3256: MiniShopBot: true
[10/05/26 06:19:41] D2BS 3256: UseMerc: true HP: 70
[10/05/26 06:19:59] D2BS 3256: Revive needed
[10/05/26 06:20:11] D2BS 3256: Token needed
[10/05/26 06:20:15] D2BS 3256: act5+ BO
[10/05/26 06:20:37] D2BS 3256: ÿc4=== [BAAL] ===
[10/05/26 06:23:23] D2BS 3256: party has left: fowo-xe
[10/05/26 06:23:23] D2BS 3256:  [03:51] +22.82% / [Level 81] 37.68%
[10/05/26 06:23:23] D2BS 3256: Script threads\autobuildthread.js ended
[10/05/26 06:23:23] D2BS 3256: Script threads\partythread.js ended
[10/05/26 06:23:23] D2BS 3256: Script threads\townchicken.js ended
[10/05/26 06:23:25] D2BS 3256: Script default.dbj ended
[10/05/26 06:23:44] D2BS 3256: Creating Game: pz-92
[10/05/26 06:23:45] D2BS 3256: ÿc2D2BSÿc0 :: Starting default.dbj
[10/05/26 06:23:45] D2BS 3256: ÿc2D2BSÿc0 :: default.dbj running.
[10/05/26 06:23:45] D2BS 3256: Loaded ÿc9[X.nip] [Y.nip] [Z.nip] [V.nip] [S.SFFW.nip]
[10/05/26 06:23:45] D2BS 3256: Loaded ÿc9[S.SFFW.js]
[10/05/26 06:23:45] D2BS 3256: equipped: [Head] 12
[10/05/26 06:23:45] D2BS 3256: equipped: [Neck] 16
[10/05/26 06:23:45] D2BS 3256: equipped: [Body] 17
[10/05/26 06:23:45] D2BS 3256: equipped: [ArmR] 23
[10/05/26 06:23:45] D2BS 3256: equipped: [ArmL] 18
[10/05/26 06:23:45] D2BS 3256: equipped: [RingR] 15
[10/05/26 06:23:45] D2BS 3256: equipped: [RingL] 12
[10/05/26 06:23:45] D2BS 3256: equipped: [Belt] 17
[10/05/26 06:23:45] D2BS 3256: equipped: [Boots] 13
[10/05/26 06:23:45] D2BS 3256: equipped: [Mitts] 12
[10/05/26 06:23:45] D2BS 3256: Loaded ÿc9[AutoSmurf.js]
[10/05/26 06:23:49] D2BS 3256: farmingON
[10/05/26 06:23:50] D2BS 3256: MiniShopBot: true
[10/05/26 06:23:50] D2BS 3256: UseMerc: true HP: 70
[10/05/26 06:24:09] D2BS 3256: Revive needed
[10/05/26 06:24:17] D2BS 3256: Token needed
[10/05/26 06:24:21] D2BS 3256: act5+ BO
[10/05/26 06:24:35] D2BS 3256: ÿc4=== [BAAL] ===
[10/05/26 06:28:48] D2BS 3256: party has left: fowo-xd
[10/05/26 06:28:48] D2BS 3256:  [05:03] +29.53% / [Level 81] 67.21%
[10/05/26 06:28:48] D2BS 3256: Script threads\autobuildthread.js ended
[10/05/26 06:28:48] D2BS 3256: Script threads\partythread.js ended
[10/05/26 06:28:48] D2BS 3256: Script threads\townchicken.js ended
[10/05/26 06:28:48] D2BS 3256: Script default.dbj ended
[10/05/26 06:28:57] D2BS 3256: Creating Game: pz-93
[10/05/26 06:28:59] D2BS 3256: ÿc2D2BSÿc0 :: Starting default.dbj
[10/05/26 06:28:59] D2BS 3256: ÿc2D2BSÿc0 :: default.dbj running.
[10/05/26 06:28:59] D2BS 3256: Loaded ÿc9[X.nip] [Y.nip] [Z.nip] [V.nip] [S.SFFW.nip]
[10/05/26 06:28:59] D2BS 3256: Loaded ÿc9[S.SFFW.js]
[10/05/26 06:28:59] D2BS 3256: equipped: [Head] 12
[10/05/26 06:28:59] D2BS 3256: equipped: [Neck] 16
[10/05/26 06:28:59] D2BS 3256: equipped: [Body] 17
[10/05/26 06:28:59] D2BS 3256: equipped: [ArmR] 23
[10/05/26 06:28:59] D2BS 3256: equipped: [ArmL] 18
[10/05/26 06:28:59] D2BS 3256: equipped: [RingR] 15
[10/05/26 06:28:59] D2BS 3256: equipped: [RingL] 12
[10/05/26 06:28:59] D2BS 3256: equipped: [Belt] 17
[10/05/26 06:28:59] D2BS 3256: equipped: [Boots] 13
[10/05/26 06:28:59] D2BS 3256: equipped: [Mitts] 12
[10/05/26 06:28:59] D2BS 3256: Loaded ÿc9[AutoSmurf.js]
[10/05/26 06:29:04] D2BS 3256: farmingON
[10/05/26 06:29:04] D2BS 3256: MiniShopBot: true
[10/05/26 06:29:04] D2BS 3256: UseMerc: true HP: 70
[10/05/26 06:29:29] D2BS 3256: Revive needed
[10/05/26 06:29:33] D2BS 3256: Token needed
[10/05/26 06:29:38] D2BS 3256: act5+ BO
[10/05/26 06:29:51] D2BS 3256: ÿc4=== [BAAL] ===
[10/05/26 06:30:06] D2BS 3256: Baal failed: souls found
[10/05/26 06:30:08] D2BS 3256: ÿc4=== [COUNTESS] ===
[10/05/26 06:31:11] D2BS 3256: ÿc4=== [PIT] ===
[10/05/26 06:33:01] D2BS 3256: ÿc4=== [ANDY] ===
[10/05/26 06:33:57] D2BS 3256: ÿc4=== [MEPHISTO] ===
[10/05/26 06:35:00] D2BS 3256: party has left: fowo-xd
[10/05/26 06:35:00] D2BS 3256:  [06:01] +9.19% / [Level 81] 76.41%
[10/05/26 06:35:00] D2BS 3256: Script threads\autobuildthread.js ended
[10/05/26 06:35:00] D2BS 3256: Script threads\partythread.js ended
[10/05/26 06:35:01] D2BS 3256: Script threads\townchicken.js ended
[10/05/26 06:35:01] D2BS 3256: Script default.dbj ended
[10/05/26 06:35:11] D2BS 3256: Creating Game: pz-94
[10/05/26 06:35:13] D2BS 3256: ÿc2D2BSÿc0 :: Starting default.dbj
[10/05/26 06:35:13] D2BS 3256: ÿc2D2BSÿc0 :: default.dbj running.
[10/05/26 06:35:13] D2BS 3256: Loaded ÿc9[X.nip] [Y.nip] [Z.nip] [V.nip] [S.SFFW.nip]
[10/05/26 06:35:13] D2BS 3256: Loaded ÿc9[S.SFFW.js]
[10/05/26 06:35:13] D2BS 3256: equipped: [Head] 12
[10/05/26 06:35:13] D2BS 3256: equipped: [Neck] 16
[10/05/26 06:35:13] D2BS 3256: equipped: [Body] 17
[10/05/26 06:35:13] D2BS 3256: equipped: [ArmR] 23
[10/05/26 06:35:13] D2BS 3256: equipped: [ArmL] 18
[10/05/26 06:35:13] D2BS 3256: equipped: [RingR] 15
[10/05/26 06:35:13] D2BS 3256: equipped: [RingL] 12
[10/05/26 06:35:13] D2BS 3256: equipped: [Belt] 17
[10/05/26 06:35:13] D2BS 3256: equipped: [Boots] 13
[10/05/26 06:35:13] D2BS 3256: equipped: [Mitts] 12
[10/05/26 06:35:13] D2BS 3256: Loaded ÿc9[AutoSmurf.js]
[10/05/26 06:35:27] D2BS 3256: farmingON
[10/05/26 06:35:30] D2BS 3256: MiniShopBot: true
[10/05/26 06:35:30] D2BS 3256: UseMerc: true HP: 70
[10/05/26 06:35:46] D2BS 3256: Revive needed
[10/05/26 06:36:01] D2BS 3256: Token needed
[10/05/26 06:36:05] D2BS 3256: act5+ BO
[10/05/26 06:36:18] D2BS 3256: ÿc4=== [BAAL] ===
[10/05/26 06:36:40] D2BS 3256: Baal failed: souls found
[10/05/26 06:36:44] D2BS 3256: ÿc4=== [COUNTESS] ===
[10/05/26 06:37:59] D2BS 3256: ÿc4=== [PIT] ===
[10/05/26 06:39:40] D2BS 3256: ÿc4=== [ANDY] ===
[10/05/26 06:40:39] D2BS 3256: ÿc4=== [MEPHISTO] ===
[10/05/26 06:42:05] D2BS 3256: ÿc4=== [DIABLO] ===
[10/05/26 06:43:28] D2BS 3256: party has left: fowo-xe
[10/05/26 06:43:28] D2BS 3256:  [08:14] +13.80% / [Level 81] 90.20%
[10/05/26 06:43:28] D2BS 3256: Script threads\autobuildthread.js ended
[10/05/26 06:43:28] D2BS 3256: Script threads\partythread.js ended
[10/05/26 06:43:28] D2BS 3256: Script threads\townchicken.js ended
[10/05/26 06:43:28] D2BS 3256: Script default.dbj ended
[10/05/26 06:43:38] D2BS 3256: Creating Game: pz-95
[10/05/26 06:43:39] D2BS 3256: ÿc2D2BSÿc0 :: Starting default.dbj
[10/05/26 06:43:39] D2BS 3256: ÿc2D2BSÿc0 :: default.dbj running.
[10/05/26 06:43:39] D2BS 3256: Loaded ÿc9[X.nip] [Y.nip] [Z.nip] [V.nip] [S.SFFW.nip]
[10/05/26 06:43:39] D2BS 3256: Loaded ÿc9[S.SFFW.js]
[10/05/26 06:43:39] D2BS 3256: equipped: [Head] 12
[10/05/26 06:43:39] D2BS 3256: equipped: [Neck] 16
[10/05/26 06:43:39] D2BS 3256: equipped: [Body] 17
[10/05/26 06:43:39] D2BS 3256: equipped: [ArmR] 23
[10/05/26 06:43:39] D2BS 3256: equipped: [ArmL] 18
[10/05/26 06:43:39] D2BS 3256: equipped: [RingR] 15
[10/05/26 06:43:39] D2BS 3256: equipped: [RingL] 12
[10/05/26 06:43:39] D2BS 3256: equipped: [Belt] 17
[10/05/26 06:43:39] D2BS 3256: equipped: [Boots] 13
[10/05/26 06:43:39] D2BS 3256: equipped: [Mitts] 12
[10/05/26 06:43:40] D2BS 3256: Loaded ÿc9[AutoSmurf.js]
[10/05/26 06:43:47] D2BS 3256: farmingON
[10/05/26 06:43:48] D2BS 3256: MiniShopBot: true
[10/05/26 06:43:48] D2BS 3256: UseMerc: true HP: 70
[10/05/26 06:44:04] D2BS 3256: Revive needed
[10/05/26 06:44:22] D2BS 3256: Token needed
[10/05/26 06:44:27] D2BS 3256: act5+ BO
[10/05/26 06:44:39] D2BS 3256: ÿc4=== [BAAL] ===
[10/05/26 06:48:12] D2BS 3256: ÿc4=== [COUNTESS] ===
[10/05/26 06:49:25] D2BS 3256: ÿc4=== [PIT] ===
[10/05/26 06:50:37] D2BS 3256: party has left: fowo-xd
[10/05/26 06:50:37] D2BS 3256:  [06:57] +24.88% / [Level 82] 15.89%
[10/05/26 06:50:37] D2BS 3256: Script threads\autobuildthread.js ended
[10/05/26 06:50:37] D2BS 3256: Script threads\partythread.js ended
[10/05/26 06:50:37] D2BS 3256: Script threads\townchicken.js ended
[10/05/26 06:50:37] D2BS 3256: Script default.dbj ended
[10/05/26 06:50:47] D2BS 3256: Creating Game: pz-96
[10/05/26 06:50:48] D2BS 3256: ÿc2D2BSÿc0 :: Starting default.dbj
[10/05/26 06:50:48] D2BS 3256: ÿc2D2BSÿc0 :: default.dbj running.
[10/05/26 06:50:48] D2BS 3256: Loaded ÿc9[X.nip] [Y.nip] [Z.nip] [V.nip] [S.SFFW.nip]
[10/05/26 06:50:48] D2BS 3256: Loaded ÿc9[S.SFFW.js]
[10/05/26 06:50:48] D2BS 3256: equipped: [Head] 12
[10/05/26 06:50:48] D2BS 3256: equipped: [Neck] 16
[10/05/26 06:50:48] D2BS 3256: equipped: [Body] 17
[10/05/26 06:50:48] D2BS 3256: equipped: [ArmR] 23
[10/05/26 06:50:48] D2BS 3256: equipped: [ArmL] 18
[10/05/26 06:50:48] D2BS 3256: equipped: [RingR] 15
[10/05/26 06:50:48] D2BS 3256: equipped: [RingL] 12
[10/05/26 06:50:48] D2BS 3256: equipped: [Belt] 17
[10/05/26 06:50:48] D2BS 3256: equipped: [Boots] 13
[10/05/26 06:50:48] D2BS 3256: equipped: [Mitts] 12
[10/05/26 06:50:48] D2BS 3256: Loaded ÿc9[AutoSmurf.js]
[10/05/26 06:50:57] D2BS 3256: farmingON
[10/05/26 06:50:59] D2BS 3256: MiniShopBot: true
[10/05/26 06:50:59] D2BS 3256: UseMerc: true HP: 70
[10/05/26 06:51:18] D2BS 3256: Revive needed
[10/05/26 06:51:30] D2BS 3256: Token needed
[10/05/26 06:51:35] D2BS 3256: act5+ BO
[10/05/26 06:51:48] D2BS 3256: ÿc4=== [BAAL] ===
[10/05/26 06:52:09] D2BS 3256: Baal failed: souls found
[10/05/26 06:52:11] D2BS 3256: ÿc4=== [COUNTESS] ===
[10/05/26 06:53:20] D2BS 3256: ÿc4=== [PIT] ===
[10/05/26 06:55:10] D2BS 3256: ÿc4=== [ANDY] ===
[10/05/26 06:56:08] D2BS 3256: ÿc4=== [MEPHISTO] ===
[10/05/26 06:57:55] D2BS 3256: ÿc4=== [DIABLO] ===
[10/05/26 06:59:48] D2BS 3256: party has left: fowo-xe
[10/05/26 06:59:49] D2BS 3256:  [09:00] +17.23% / [Level 82] 33.12%
[10/05/26 06:59:49] D2BS 3256: Script threads\autobuildthread.js ended
[10/05/26 06:59:49] D2BS 3256: Script threads\partythread.js ended
[10/05/26 06:59:49] D2BS 3256: Script threads\townchicken.js ended
[10/05/26 06:59:49] D2BS 3256: Script default.dbj ended
[10/05/26 06:59:59] D2BS 3256: Creating Game: pz-97
[10/05/26 07:00:00] D2BS 3256: ÿc2D2BSÿc0 :: Starting default.dbj
[10/05/26 07:00:00] D2BS 3256: ÿc2D2BSÿc0 :: default.dbj running.
[10/05/26 07:00:00] D2BS 3256: Loaded ÿc9[X.nip] [Y.nip] [Z.nip] [V.nip] [S.SFFW.nip]
[10/05/26 07:00:00] D2BS 3256: Loaded ÿc9[S.SFFW.js]
[10/05/26 07:00:00] D2BS 3256: equipped: [Head] 12
[10/05/26 07:00:00] D2BS 3256: equipped: [Neck] 16
[10/05/26 07:00:00] D2BS 3256: equipped: [Body] 17
[10/05/26 07:00:00] D2BS 3256: equipped: [ArmR] 23
[10/05/26 07:00:00] D2BS 3256: equipped: [ArmL] 18
[10/05/26 07:00:00] D2BS 3256: equipped: [RingR] 15
[10/05/26 07:00:00] D2BS 3256: equipped: [RingL] 12
[10/05/26 07:00:00] D2BS 3256: equipped: [Belt] 17
[10/05/26 07:00:00] D2BS 3256: equipped: [Boots] 13
[10/05/26 07:00:00] D2BS 3256: equipped: [Mitts] 12
[10/05/26 07:00:00] D2BS 3256: Loaded ÿc9[AutoSmurf.js]
[10/05/26 07:00:09] D2BS 3256: farmingON
[10/05/26 07:00:10] D2BS 3256: MiniShopBot: true
[10/05/26 07:00:10] D2BS 3256: UseMerc: true HP: 70
[10/05/26 07:00:18] D2BS 3256: updateStat
[10/05/26 07:00:18] D2BS 3256: granted: [Head] 11
[10/05/26 07:00:18] D2BS 3256: granted: [Body] 19
[10/05/26 07:00:18] D2BS 3256: granted: [ArmR] 15
[10/05/26 07:00:37] D2BS 3256: Merc matched: Holy Freeze
[10/05/26 07:00:45] D2BS 3256: Token needed
[10/05/26 07:00:50] D2BS 3256: act5+ BO
[10/05/26 07:00:52] D2BS 3256: updateStat
[10/05/26 07:01:02] D2BS 3256: ÿc4=== [BAAL] ===
[10/05/26 07:04:28] D2BS 3256: ÿc4=== [COUNTESS] ===
[10/05/26 07:05:39] D2BS 3256: ÿc4=== [PIT] ===
[10/05/26 07:07:31] D2BS 3256: ÿc4=== [ANDY] ===
[10/05/26 07:08:27] D2BS 3256: ÿc4=== [MEPHISTO] ===
[10/05/26 07:10:25] D2BS 3256: ÿc4=== [DIABLO] ===
[10/05/26 07:16:44] D2BS 3256: party has left: fowo-xf
[10/05/26 07:16:44] D2BS 3256:  [16:44] +45.97% / [Level 82] 79.09%
[10/05/26 07:16:44] D2BS 3256: Script threads\autobuildthread.js ended
[10/05/26 07:16:44] D2BS 3256: Script threads\partythread.js ended
[10/05/26 07:16:44] D2BS 3256: Script threads\townchicken.js ended
[10/05/26 07:16:44] D2BS 3256: Script default.dbj ended
[10/05/26 07:16:54] D2BS 3256: Creating Game: pz-98
[10/05/26 07:16:55] D2BS 3256: ÿc2D2BSÿc0 :: Starting default.dbj
[10/05/26 07:16:55] D2BS 3256: ÿc2D2BSÿc0 :: default.dbj running.
[10/05/26 07:16:55] D2BS 3256: Loaded ÿc9[X.nip] [Y.nip] [Z.nip] [V.nip] [S.SFFW.nip]
[10/05/26 07:16:55] D2BS 3256: Loaded ÿc9[S.SFFW.js]
[10/05/26 07:16:55] D2BS 3256: equipped: [Head] 12
[10/05/26 07:16:55] D2BS 3256: equipped: [Neck] 16
[10/05/26 07:16:55] D2BS 3256: equipped: [Body] 17
[10/05/26 07:16:55] D2BS 3256: equipped: [ArmR] 23
[10/05/26 07:16:55] D2BS 3256: equipped: [ArmL] 18
[10/05/26 07:16:55] D2BS 3256: equipped: [RingR] 15
[10/05/26 07:16:55] D2BS 3256: equipped: [RingL] 12
[10/05/26 07:16:55] D2BS 3256: equipped: [Belt] 17
[10/05/26 07:16:55] D2BS 3256: equipped: [Boots] 13
[10/05/26 07:16:55] D2BS 3256: equipped: [Mitts] 12
[10/05/26 07:16:55] D2BS 3256: updateStat
[10/05/26 07:16:55] D2BS 3256: granted: [Head] 11
[10/05/26 07:16:55] D2BS 3256: granted: [Body] 19
[10/05/26 07:16:55] D2BS 3256: granted: [ArmR] 15
[10/05/26 07:16:56] D2BS 3256: Loaded ÿc9[AutoSmurf.js]
[10/05/26 07:17:04] D2BS 3256: farmingON
[10/05/26 07:17:06] D2BS 3256: MiniShopBot: true
[10/05/26 07:17:06] D2BS 3256: UseMerc: true HP: 70
[10/05/26 07:17:25] D2BS 3256: granted: [Head] 12
[10/05/26 07:17:25] D2BS 3256: Merc matched: Holy Freeze
[10/05/26 07:17:39] D2BS 3256: Token needed
[10/05/26 07:17:45] D2BS 3256: act5+ BO
[10/05/26 07:17:57] D2BS 3256: ÿc4=== [BAAL] ===
[10/05/26 07:18:15] D2BS 3256: Baal failed: souls found
[10/05/26 07:18:17] D2BS 3256: ÿc4=== [COUNTESS] ===
[10/05/26 07:19:15] D2BS 3256: ÿc4=== [PIT] ===
[10/05/26 07:21:25] D2BS 3256: ÿc4=== [ANDY] ===
[10/05/26 07:22:24] D2BS 3256: ÿc4=== [MEPHISTO] ===
[10/05/26 07:24:13] D2BS 3256: ÿc4=== [DIABLO] ===
[10/05/26 07:30:44] D2BS 3256: party has left: fowo-xa, fowo-xb, fowo-xc, fowo-xd, fowo-xe, fowo-xf, fowo-xg, fowo-xh
[10/05/26 07:30:44] D2BS 3256:  [13:48] +31.98% / [Level 83] 12.80%
[10/05/26 07:30:44] D2BS 3256: Script threads\autobuildthread.js ended
[10/05/26 07:30:44] D2BS 3256: Script threads\partythread.js ended
[10/05/26 07:30:44] D2BS 3256: Script threads\townchicken.js ended
[10/05/26 07:30:44] D2BS 3256: Script default.dbj ended
[10/05/26 07:30:54] D2BS 3256: Creating Game: pz-99
[10/05/26 07:30:55] D2BS 3256: ÿc2D2BSÿc0 :: Starting default.dbj
[10/05/26 07:30:55] D2BS 3256: ÿc2D2BSÿc0 :: default.dbj running.
[10/05/26 07:30:55] D2BS 3256: Loaded ÿc9[X.nip] [Y.nip] [Z.nip] [V.nip] [S.SFFW.nip]
[10/05/26 07:30:55] D2BS 3256: Loaded ÿc9[S.SFFW.js]
[10/05/26 07:30:55] D2BS 3256: equipped: [Head] 12
[10/05/26 07:30:55] D2BS 3256: equipped: [Neck] 16
[10/05/26 07:30:55] D2BS 3256: equipped: [Body] 17
[10/05/26 07:30:55] D2BS 3256: equipped: [ArmR] 23
[10/05/26 07:30:55] D2BS 3256: equipped: [ArmL] 18
[10/05/26 07:30:55] D2BS 3256: equipped: [RingR] 15
[10/05/26 07:30:55] D2BS 3256: equipped: [RingL] 12
[10/05/26 07:30:55] D2BS 3256: equipped: [Belt] 17
[10/05/26 07:30:55] D2BS 3256: equipped: [Boots] 13
[10/05/26 07:30:55] D2BS 3256: equipped: [Mitts] 12
[10/05/26 07:30:55] D2BS 3256: updateStat
[10/05/26 07:30:55] D2BS 3256: granted: [Head] 12
[10/05/26 07:30:55] D2BS 3256: granted: [Body] 19
[10/05/26 07:30:55] D2BS 3256: granted: [ArmR] 15
[10/05/26 07:30:55] D2BS 3256: Loaded ÿc9[AutoSmurf.js]
[10/05/26 07:31:03] D2BS 3256: farmingON
[10/05/26 07:31:06] D2BS 3256: MiniShopBot: true
[10/05/26 07:31:06] D2BS 3256: UseMerc: true HP: 70
[10/05/26 07:31:25] D2BS 3256: Merc matched: Holy Freeze
[10/05/26 07:31:34] D2BS 3256: Token needed
[10/05/26 07:31:39] D2BS 3256: act5+ BO
[10/05/26 07:31:52] D2BS 3256: ÿc4=== [BAAL] ===
[10/05/26 07:33:02] D2BS 3256: updateStat
[10/05/26 07:33:44] D2BS 3256: Going to town
[10/05/26 07:35:24] D2BS 3256: ÿc4=== [COUNTESS] ===
[10/05/26 07:36:35] D2BS 3256: ÿc4=== [PIT] ===
[10/05/26 07:38:17] D2BS 3256: ÿc4=== [ANDY] ===
[10/05/26 07:39:09] D2BS 3256: ÿc4=== [MEPHISTO] ===
[10/05/26 07:40:20] D2BS 3256: Going to town
[10/05/26 07:40:53] D2BS 3256: ÿc4=== [DIABLO] ===
[10/05/26 07:41:08] D2BS 3256: equipped: [Head] 13
[10/05/26 07:41:09] D2BS 3256: granted: [Head] 13
[10/05/26 07:48:07] D2BS 3256: Script ended
[10/05/26 07:48:07] D2BS 3256:  [17:12] +37.90% / [Level 83] 50.70%
[10/05/26 07:48:07] D2BS 3256: Script threads\autobuildthread.js ended
[10/05/26 07:48:07] D2BS 3256: Script threads\partythread.js ended
[10/05/26 07:48:07] D2BS 3256: Script threads\townchicken.js ended
[10/05/26 07:48:18] D2BS 3256: Creating Game: pz-100
[10/05/26 07:48:19] D2BS 3256: ÿc2D2BSÿc0 :: Starting default.dbj
[10/05/26 07:48:19] D2BS 3256: ÿc2D2BSÿc0 :: default.dbj running.
[10/05/26 07:48:19] D2BS 3256: Loaded ÿc9[X.nip] [Y.nip] [Z.nip] [V.nip] [S.SFFW.nip]
[10/05/26 07:48:19] D2BS 3256: Loaded ÿc9[S.SFFW.js]
[10/05/26 07:48:19] D2BS 3256: equipped: [Head] 13
[10/05/26 07:48:19] D2BS 3256: equipped: [Neck] 16
[10/05/26 07:48:19] D2BS 3256: equipped: [Body] 17
[10/05/26 07:48:19] D2BS 3256: equipped: [ArmR] 23
[10/05/26 07:48:19] D2BS 3256: equipped: [ArmL] 18
[10/05/26 07:48:19] D2BS 3256: equipped: [RingR] 15
[10/05/26 07:48:19] D2BS 3256: equipped: [RingL] 12
[10/05/26 07:48:19] D2BS 3256: equipped: [Belt] 17
[10/05/26 07:48:19] D2BS 3256: equipped: [Boots] 13
[10/05/26 07:48:19] D2BS 3256: equipped: [Mitts] 12
[10/05/26 07:48:19] D2BS 3256: updateStat
[10/05/26 07:48:19] D2BS 3256: granted: [Head] 13
[10/05/26 07:48:19] D2BS 3256: granted: [Body] 19
[10/05/26 07:48:19] D2BS 3256: granted: [ArmR] 15
[10/05/26 07:48:19] D2BS 3256: Loaded ÿc9[AutoSmurf.js]
[10/05/26 07:48:27] D2BS 3256: farmingON
[10/05/26 07:48:28] D2BS 3256: MiniShopBot: true
[10/05/26 07:48:28] D2BS 3256: UseMerc: true HP: 70
[10/05/26 07:48:50] D2BS 3256: Merc matched: Holy Freeze
[10/05/26 07:48:58] D2BS 3256: Token needed
[10/05/26 07:49:02] D2BS 3256: act5+ BO
[10/05/26 07:49:15] D2BS 3256: ÿc4=== [BAAL] ===
[10/05/26 07:49:27] D2BS 3256: Baal failed: souls found
[10/05/26 07:49:28] D2BS 3256: ÿc4=== [COUNTESS] ===
[10/05/26 07:50:37] D2BS 3256: ÿc4=== [PIT] ===
[10/05/26 07:52:20] D2BS 3256: ÿc4=== [ANDY] ===
[10/05/26 07:53:23] D2BS 3256: ÿc4=== [MEPHISTO] ===
[10/05/26 07:54:58] D2BS 3256: ÿc4=== [DIABLO] ===
[10/05/26 07:59:46] D2BS 3256: party has left: fowo-xd
[10/05/26 07:59:46] D2BS 3256:  [11:27] +15.39% / [Level 83] 66.09%
[10/05/26 07:59:46] D2BS 3256: Script threads\autobuildthread.js ended
[10/05/26 07:59:46] D2BS 3256: Script threads\partythread.js ended
[10/05/26 07:59:46] D2BS 3256: Script threads\townchicken.js ended
[10/05/26 07:59:46] D2BS 3256: Script default.dbj ended
[10/05/26 07:59:55] D2BS 3256: Creating Game: pz-101
[10/05/26 07:59:56] D2BS 3256: ÿc2D2BSÿc0 :: Starting default.dbj
[10/05/26 07:59:56] D2BS 3256: ÿc2D2BSÿc0 :: default.dbj running.
[10/05/26 07:59:56] D2BS 3256: Loaded ÿc9[X.nip] [Y.nip] [Z.nip] [V.nip] [S.SFFW.nip]
[10/05/26 07:59:56] D2BS 3256: Loaded ÿc9[S.SFFW.js]
[10/05/26 07:59:56] D2BS 3256: equipped: [Head] 13
[10/05/26 07:59:56] D2BS 3256: equipped: [Neck] 16
[10/05/26 07:59:56] D2BS 3256: equipped: [Body] 17
[10/05/26 07:59:56] D2BS 3256: equipped: [ArmR] 23
[10/05/26 07:59:56] D2BS 3256: equipped: [ArmL] 18
[10/05/26 07:59:56] D2BS 3256: equipped: [RingR] 15
[10/05/26 07:59:56] D2BS 3256: equipped: [RingL] 12
[10/05/26 07:59:56] D2BS 3256: equipped: [Belt] 17
[10/05/26 07:59:56] D2BS 3256: equipped: [Boots] 13
[10/05/26 07:59:56] D2BS 3256: equipped: [Mitts] 12
[10/05/26 07:59:56] D2BS 3256: updateStat
[10/05/26 07:59:56] D2BS 3256: granted: [Head] 13
[10/05/26 07:59:56] D2BS 3256: granted: [Body] 19
[10/05/26 07:59:56] D2BS 3256: granted: [ArmR] 15
[10/05/26 07:59:56] D2BS 3256: Loaded ÿc9[AutoSmurf.js]
[10/05/26 08:00:04] D2BS 3256: farmingON
[10/05/26 08:00:07] D2BS 3256: MiniShopBot: true
[10/05/26 08:00:07] D2BS 3256: UseMerc: true HP: 70
[10/05/26 08:00:29] D2BS 3256: Merc matched: Holy Freeze
[10/05/26 08:00:35] D2BS 3256: Token needed
[10/05/26 08:00:40] D2BS 3256: act5+ BO
[10/05/26 08:00:54] D2BS 3256: ÿc4=== [BAAL] ===
[10/05/26 08:03:40] D2BS 3256: Script default.dbj ended
[10/05/26 08:03:40] D2BS 3256: party has left: fowo-xd
[10/05/26 08:03:40] D2BS 3256:  [03:42] +16.67% / [Level 83] 82.76%
[10/05/26 08:03:40] D2BS 3256: Script threads\autobuildthread.js ended
[10/05/26 08:03:40] D2BS 3256: Script threads\partythread.js ended
[10/05/26 08:03:40] D2BS 3256: Script threads\townchicken.js ended
[10/05/26 08:03:50] D2BS 3256: Creating Game: pz-102
[10/05/26 08:03:51] D2BS 3256: ÿc2D2BSÿc0 :: Starting default.dbj
[10/05/26 08:03:51] D2BS 3256: ÿc2D2BSÿc0 :: default.dbj running.
[10/05/26 08:03:51] D2BS 3256: Loaded ÿc9[X.nip] [Y.nip] [Z.nip] [V.nip] [S.SFFW.nip]
[10/05/26 08:03:51] D2BS 3256: Loaded ÿc9[S.SFFW.js]
[10/05/26 08:03:51] D2BS 3256: equipped: [Head] 13
[10/05/26 08:03:51] D2BS 3256: equipped: [Neck] 16
[10/05/26 08:03:51] D2BS 3256: equipped: [Body] 17
[10/05/26 08:03:51] D2BS 3256: equipped: [ArmR] 23
[10/05/26 08:03:51] D2BS 3256: equipped: [ArmL] 18
[10/05/26 08:03:52] D2BS 3256: equipped: [RingR] 15
[10/05/26 08:03:52] D2BS 3256: equipped: [RingL] 12
[10/05/26 08:03:52] D2BS 3256: equipped: [Belt] 17
[10/05/26 08:03:52] D2BS 3256: equipped: [Boots] 13
[10/05/26 08:03:52] D2BS 3256: equipped: [Mitts] 12
[10/05/26 08:03:52] D2BS 3256: updateStat
[10/05/26 08:03:52] D2BS 3256: granted: [Head] 13
[10/05/26 08:03:52] D2BS 3256: granted: [Body] 19
[10/05/26 08:03:52] D2BS 3256: granted: [ArmR] 15
[10/05/26 08:03:52] D2BS 3256: Loaded ÿc9[AutoSmurf.js]
[10/05/26 08:03:56] D2BS 3256: farmingON
[10/05/26 08:03:57] D2BS 3256: MiniShopBot: true
[10/05/26 08:03:57] D2BS 3256: UseMerc: true HP: 70
[10/05/26 08:04:10] D2BS 3256: Merc matched: Holy Freeze
[10/05/26 08:04:22] D2BS 3256: Token needed
[10/05/26 08:04:26] D2BS 3256: act5+ BO
[10/05/26 08:04:39] D2BS 3256: ÿc4=== [BAAL] ===
[10/05/26 08:05:01] D2BS 3256: Baal failed: souls found
[10/05/26 08:05:02] D2BS 3256: ÿc4=== [COUNTESS] ===
[10/05/26 08:06:04] D2BS 3256: ÿc4=== [PIT] ===
[10/05/26 08:08:07] D2BS 3256: ÿc4=== [ANDY] ===
[10/05/26 08:09:06] D2BS 3256: ÿc4=== [MEPHISTO] ===
[10/05/26 08:10:32] D2BS 3256: ÿc4=== [DIABLO] ===
[10/05/26 08:16:50] D2BS 3256: party has left: fowo-xg
[10/05/26 08:16:50] D2BS 3256:  [12:58] +18.35% / [Level 84] 2.53%
[10/05/26 08:16:50] D2BS 3256: Script threads\autobuildthread.js ended
[10/05/26 08:16:50] D2BS 3256: Script threads\partythread.js ended
[10/05/26 08:16:50] D2BS 3256: Script threads\townchicken.js ended
[10/05/26 08:16:50] D2BS 3256: Script default.dbj ended
[10/05/26 08:17:01] D2BS 3256: Creating Game: pz-103
[10/05/26 08:17:02] D2BS 3256: ÿc2D2BSÿc0 :: Starting default.dbj
[10/05/26 08:17:02] D2BS 3256: ÿc2D2BSÿc0 :: default.dbj running.
[10/05/26 08:17:02] D2BS 3256: Loaded ÿc9[X.nip] [Y.nip] [Z.nip] [V.nip] [S.SFFW.nip]
[10/05/26 08:17:02] D2BS 3256: Loaded ÿc9[S.SFFW.js]
[10/05/26 08:17:02] D2BS 3256: equipped: [Head] 13
[10/05/26 08:17:02] D2BS 3256: equipped: [Neck] 16
[10/05/26 08:17:02] D2BS 3256: equipped: [Body] 17
[10/05/26 08:17:02] D2BS 3256: equipped: [ArmR] 23
[10/05/26 08:17:02] D2BS 3256: equipped: [ArmL] 18
[10/05/26 08:17:02] D2BS 3256: equipped: [RingR] 15
[10/05/26 08:17:02] D2BS 3256: equipped: [RingL] 12
[10/05/26 08:17:02] D2BS 3256: equipped: [Belt] 17
[10/05/26 08:17:02] D2BS 3256: equipped: [Boots] 13
[10/05/26 08:17:02] D2BS 3256: equipped: [Mitts] 12
[10/05/26 08:17:02] D2BS 3256: updateStat
[10/05/26 08:17:02] D2BS 3256: granted: [Head] 13
[10/05/26 08:17:02] D2BS 3256: granted: [Body] 19
[10/05/26 08:17:02] D2BS 3256: granted: [ArmR] 15
[10/05/26 08:17:03] D2BS 3256: Loaded ÿc9[AutoSmurf.js]
[10/05/26 08:17:11] D2BS 3256: farmingON
[10/05/26 08:17:13] D2BS 3256: MiniShopBot: true
[10/05/26 08:17:13] D2BS 3256: UseMerc: true HP: 70
[10/05/26 08:17:31] D2BS 3256: Merc matched: Holy Freeze
[10/05/26 08:17:48] D2BS 3256: Token needed
[10/05/26 08:17:53] D2BS 3256: act5+ BO
[10/05/26 08:18:06] D2BS 3256: ÿc4=== [BAAL] ===
[10/05/26 08:23:53] D2BS 3256: party has left: fowo-xh
[10/05/26 08:23:53] D2BS 3256:  [06:51] +12.99% / [Level 84] 15.53%
[10/05/26 08:23:53] D2BS 3256: Script threads\autobuildthread.js ended
[10/05/26 08:23:53] D2BS 3256: Script threads\partythread.js ended
[10/05/26 08:23:53] D2BS 3256: Script threads\townchicken.js ended
[10/05/26 08:23:53] D2BS 3256: Script default.dbj ended
[10/05/26 08:24:03] D2BS 3256: Creating Game: pz-104
[10/05/26 08:24:04] D2BS 3256: ÿc2D2BSÿc0 :: Starting default.dbj
[10/05/26 08:24:04] D2BS 3256: ÿc2D2BSÿc0 :: default.dbj running.
[10/05/26 08:24:05] D2BS 3256: Loaded ÿc9[X.nip] [Y.nip] [Z.nip] [V.nip] [S.SFFW.nip]
[10/05/26 08:24:05] D2BS 3256: Loaded ÿc9[S.SFFW.js]
[10/05/26 08:24:05] D2BS 3256: equipped: [Head] 13
[10/05/26 08:24:05] D2BS 3256: equipped: [Neck] 16
[10/05/26 08:24:05] D2BS 3256: equipped: [Body] 17
[10/05/26 08:24:05] D2BS 3256: equipped: [ArmR] 23
[10/05/26 08:24:05] D2BS 3256: equipped: [ArmL] 18
[10/05/26 08:24:05] D2BS 3256: equipped: [RingR] 15
[10/05/26 08:24:05] D2BS 3256: equipped: [RingL] 12
[10/05/26 08:24:05] D2BS 3256: equipped: [Belt] 17
[10/05/26 08:24:05] D2BS 3256: equipped: [Boots] 13
[10/05/26 08:24:05] D2BS 3256: equipped: [Mitts] 12
[10/05/26 08:24:05] D2BS 3256: updateStat
[10/05/26 08:24:05] D2BS 3256: granted: [Head] 13
[10/05/26 08:24:05] D2BS 3256: granted: [Body] 19
[10/05/26 08:24:05] D2BS 3256: granted: [ArmR] 15
[10/05/26 08:24:05] D2BS 3256: Loaded ÿc9[AutoSmurf.js]
[10/05/26 08:24:09] D2BS 3256: farmingON
[10/05/26 08:24:10] D2BS 3256: MiniShopBot: true
[10/05/26 08:24:10] D2BS 3256: UseMerc: true HP: 70
[10/05/26 08:24:34] D2BS 3256: granted: [ArmR] 16
[10/05/26 08:24:34] D2BS 3256: Merc matched: Holy Freeze
[10/05/26 08:24:39] D2BS 3256: Token needed
[10/05/26 08:24:43] D2BS 3256: act5+ BO
[10/05/26 08:24:56] D2BS 3256: ÿc4=== [BAAL] ===
[10/05/26 08:25:03] D2BS 3256: Going to town
[10/05/26 08:25:03] D2BS 3256: [Chicken] Life (493/2070) area:129 (12622,12082)
[10/05/26 08:25:03] D2BS 3256: no exp [00:58]
[10/05/26 08:25:03] D2BS 3256: Script threads\autobuildthread.js ended
[10/05/26 08:25:05] D2BS 3256: Script threads\partythread.js ended
[10/05/26 08:25:05] D2BS 3256: Script threads\townchicken.js ended
[10/05/26 08:25:05] D2BS 3256: Script default.dbj ended
[10/05/26 08:25:13] D2BS 3256: Creating Game: pz-105
[10/05/26 08:25:14] D2BS 3256: ÿc2D2BSÿc0 :: Starting default.dbj
[10/05/26 08:25:14] D2BS 3256: ÿc2D2BSÿc0 :: default.dbj running.
[10/05/26 08:25:14] D2BS 3256: Loaded ÿc9[X.nip] [Y.nip] [Z.nip] [V.nip] [S.SFFW.nip]
[10/05/26 08:25:14] D2BS 3256: Loaded ÿc9[S.SFFW.js]
[10/05/26 08:25:14] D2BS 3256: equipped: [Head] 13
[10/05/26 08:25:14] D2BS 3256: equipped: [Neck] 16
[10/05/26 08:25:14] D2BS 3256: equipped: [Body] 17
[10/05/26 08:25:14] D2BS 3256: equipped: [ArmR] 23
[10/05/26 08:25:15] D2BS 3256: equipped: [ArmL] 18
[10/05/26 08:25:15] D2BS 3256: equipped: [RingR] 15
[10/05/26 08:25:15] D2BS 3256: equipped: [RingL] 12
[10/05/26 08:25:15] D2BS 3256: equipped: [Belt] 17
[10/05/26 08:25:15] D2BS 3256: equipped: [Boots] 13
[10/05/26 08:25:15] D2BS 3256: equipped: [Mitts] 12
[10/05/26 08:25:15] D2BS 3256: updateStat
[10/05/26 08:25:15] D2BS 3256: granted: [Head] 13
[10/05/26 08:25:15] D2BS 3256: granted: [Body] 19
[10/05/26 08:25:15] D2BS 3256: granted: [ArmR] 16
[10/05/26 08:25:15] D2BS 3256: Loaded ÿc9[AutoSmurf.js]
[10/05/26 08:25:20] D2BS 3256: farmingON
[10/05/26 08:25:20] D2BS 3256: MiniShopBot: true
[10/05/26 08:25:20] D2BS 3256: UseMerc: true HP: 70
[10/05/26 08:25:38] D2BS 3256: Merc matched: Holy Freeze
[10/05/26 08:25:44] D2BS 3256: Token needed
[10/05/26 08:25:48] D2BS 3256: act5+ BO
[10/05/26 08:26:01] D2BS 3256: ÿc4=== [BAAL] ===
[10/05/26 08:29:02] D2BS 3256: ÿc4=== [COUNTESS] ===
[10/05/26 08:30:17] D2BS 3256: ÿc4=== [PIT] ===
[10/05/26 08:31:48] D2BS 3256: ÿc4=== [ANDY] ===
[10/05/26 08:32:46] D2BS 3256: ÿc4=== [MEPHISTO] ===
[10/05/26 08:33:50] D2BS 3256: updateStat
[10/05/26 08:34:13] D2BS 3256: ÿc4=== [DIABLO] ===
[10/05/26 08:39:39] D2BS 3256: party has left: fowo-xe
[10/05/26 08:39:39] D2BS 3256:  [14:24] +24.05% / [Level 84] 39.57%
[10/05/26 08:39:39] D2BS 3256: Script threads\autobuildthread.js ended
[10/05/26 08:39:39] D2BS 3256: Script threads\partythread.js ended
[10/05/26 08:39:39] D2BS 3256: Script threads\townchicken.js ended
[10/05/26 08:39:39] D2BS 3256: Script default.dbj ended
[10/05/26 08:39:48] D2BS 3256: Creating Game: pz-106
[10/05/26 08:39:50] D2BS 3256: ÿc2D2BSÿc0 :: Starting default.dbj
[10/05/26 08:39:50] D2BS 3256: ÿc2D2BSÿc0 :: default.dbj running.
[10/05/26 08:39:50] D2BS 3256: Loaded ÿc9[X.nip] [Y.nip] [Z.nip] [V.nip] [S.SFFW.nip]
[10/05/26 08:39:50] D2BS 3256: Loaded ÿc9[S.SFFW.js]
[10/05/26 08:39:50] D2BS 3256: equipped: [Head] 13
[10/05/26 08:39:50] D2BS 3256: equipped: [Neck] 16
[10/05/26 08:39:50] D2BS 3256: equipped: [Body] 17
[10/05/26 08:39:50] D2BS 3256: equipped: [ArmR] 23
[10/05/26 08:39:50] D2BS 3256: equipped: [ArmL] 18
[10/05/26 08:39:50] D2BS 3256: equipped: [RingR] 15
[10/05/26 08:39:50] D2BS 3256: equipped: [RingL] 12
[10/05/26 08:39:50] D2BS 3256: equipped: [Belt] 17
[10/05/26 08:39:50] D2BS 3256: equipped: [Boots] 13
[10/05/26 08:39:50] D2BS 3256: equipped: [Mitts] 12
[10/05/26 08:39:50] D2BS 3256: updateStat
[10/05/26 08:39:50] D2BS 3256: granted: [Head] 13
[10/05/26 08:39:50] D2BS 3256: granted: [Body] 19
[10/05/26 08:39:50] D2BS 3256: granted: [ArmR] 16
[10/05/26 08:39:50] D2BS 3256: Loaded ÿc9[AutoSmurf.js]
[10/05/26 08:39:59] D2BS 3256: farmingON
[10/05/26 08:40:00] D2BS 3256: MiniShopBot: true
[10/05/26 08:40:00] D2BS 3256: UseMerc: true HP: 70
[10/05/26 08:40:19] D2BS 3256: Merc matched: Holy Freeze
[10/05/26 08:40:30] D2BS 3256: Token needed
[10/05/26 08:40:35] D2BS 3256: act5+ BO
[10/05/26 08:40:48] D2BS 3256: ÿc4=== [BAAL] ===
[10/05/26 08:40:55] D2BS 3256: Going to town
[10/05/26 08:40:55] D2BS 3256: [Chicken] Life (426/2070) area:129 (12628,12167)
[10/05/26 08:40:55] D2BS 3256: no exp [01:05]
[10/05/26 08:40:55] D2BS 3256: Script threads\autobuildthread.js ended
[10/05/26 08:40:55] D2BS 3256: Script threads\partythread.js ended
[10/05/26 08:40:55] D2BS 3256: Script threads\townchicken.js ended
[10/05/26 08:40:58] D2BS 3256: Script default.dbj ended
[10/05/26 08:41:06] D2BS 3256: Creating Game: pz-107
[10/05/26 08:41:08] D2BS 3256: ÿc2D2BSÿc0 :: Starting default.dbj
[10/05/26 08:41:08] D2BS 3256: ÿc2D2BSÿc0 :: default.dbj running.
[10/05/26 08:41:08] D2BS 3256: Loaded ÿc9[X.nip] [Y.nip] [Z.nip] [V.nip] [S.SFFW.nip]
[10/05/26 08:41:08] D2BS 3256: Loaded ÿc9[S.SFFW.js]
[10/05/26 08:41:08] D2BS 3256: equipped: [Head] 13
[10/05/26 08:41:08] D2BS 3256: equipped: [Neck] 16
[10/05/26 08:41:08] D2BS 3256: equipped: [Body] 17
[10/05/26 08:41:08] D2BS 3256: equipped: [ArmR] 23
[10/05/26 08:41:08] D2BS 3256: equipped: [ArmL] 18
[10/05/26 08:41:08] D2BS 3256: equipped: [RingR] 15
[10/05/26 08:41:08] D2BS 3256: equipped: [RingL] 12
[10/05/26 08:41:08] D2BS 3256: equipped: [Belt] 17
[10/05/26 08:41:08] D2BS 3256: equipped: [Boots] 13
[10/05/26 08:41:08] D2BS 3256: equipped: [Mitts] 12
[10/05/26 08:41:08] D2BS 3256: updateStat
[10/05/26 08:41:08] D2BS 3256: granted: [Head] 13
[10/05/26 08:41:08] D2BS 3256: granted: [Body] 19
[10/05/26 08:41:08] D2BS 3256: granted: [ArmR] 16
[10/05/26 08:41:08] D2BS 3256: Loaded ÿc9[AutoSmurf.js]
[10/05/26 08:41:12] D2BS 3256: farmingON
[10/05/26 08:41:12] D2BS 3256: MiniShopBot: true
[10/05/26 08:41:12] D2BS 3256: UseMerc: true HP: 70
[10/05/26 08:41:28] D2BS 3256: Merc matched: Holy Freeze
[10/05/26 08:41:35] D2BS 3256: Token needed
[10/05/26 08:41:40] D2BS 3256: act5+ BO
[10/05/26 08:41:52] D2BS 3256: ÿc4=== [BAAL] ===
[10/05/26 08:42:09] D2BS 3256: Baal failed: souls found
[10/05/26 08:42:11] D2BS 3256: ÿc4=== [COUNTESS] ===
[10/05/26 08:43:53] D2BS 3256: ÿc4=== [PIT] ===
[10/05/26 08:45:36] D2BS 3256: ÿc4=== [ANDY] ===
[10/05/26 08:46:36] D2BS 3256: ÿc4=== [MEPHISTO] ===
[10/05/26 08:48:17] D2BS 3256: ÿc4=== [DIABLO] ===
[10/05/26 08:54:12] D2BS 3256: party has left: fowo-xe
[10/05/26 08:54:12] D2BS 3256:  [13:04] +18.93% / [Level 84] 48.50%
[10/05/26 08:54:12] D2BS 3256: Script threads\autobuildthread.js ended
[10/05/26 08:54:12] D2BS 3256: Script threads\partythread.js ended
[10/05/26 08:54:12] D2BS 3256: Script threads\townchicken.js ended
[10/05/26 08:54:12] D2BS 3256: Script default.dbj ended
[10/05/26 08:54:23] D2BS 3256: Creating Game: pz-108
[10/05/26 08:54:24] D2BS 3256: ÿc2D2BSÿc0 :: Starting default.dbj
[10/05/26 08:54:24] D2BS 3256: ÿc2D2BSÿc0 :: default.dbj running.
[10/05/26 08:54:24] D2BS 3256: Loaded ÿc9[X.nip] [Y.nip] [Z.nip] [V.nip] [S.SFFW.nip]
[10/05/26 08:54:24] D2BS 3256: Loaded ÿc9[S.SFFW.js]
[10/05/26 08:54:24] D2BS 3256: equipped: [Head] 13
[10/05/26 08:54:24] D2BS 3256: equipped: [Neck] 16
[10/05/26 08:54:24] D2BS 3256: equipped: [Body] 17
[10/05/26 08:54:24] D2BS 3256: equipped: [ArmR] 23
[10/05/26 08:54:24] D2BS 3256: equipped: [ArmL] 18
[10/05/26 08:54:24] D2BS 3256: equipped: [RingR] 15
[10/05/26 08:54:24] D2BS 3256: equipped: [RingL] 12
[10/05/26 08:54:24] D2BS 3256: equipped: [Belt] 17
[10/05/26 08:54:24] D2BS 3256: equipped: [Boots] 13
[10/05/26 08:54:24] D2BS 3256: equipped: [Mitts] 12
[10/05/26 08:54:24] D2BS 3256: updateStat
[10/05/26 08:54:24] D2BS 3256: granted: [Head] 13
[10/05/26 08:54:24] D2BS 3256: granted: [Body] 19
[10/05/26 08:54:24] D2BS 3256: granted: [ArmR] 16
[10/05/26 08:54:24] D2BS 3256: Loaded ÿc9[AutoSmurf.js]
[10/05/26 08:54:33] D2BS 3256: farmingON
[10/05/26 08:54:36] D2BS 3256: MiniShopBot: true
[10/05/26 08:54:36] D2BS 3256: UseMerc: true HP: 70
[10/05/26 08:54:57] D2BS 3256: Merc matched: Holy Freeze
[10/05/26 08:55:11] D2BS 3256: Token needed
[10/05/26 08:55:15] D2BS 3256: act5+ BO
[10/05/26 08:55:27] D2BS 3256: ÿc4=== [BAAL] ===
[10/05/26 08:55:41] D2BS 3256: Baal failed: souls found
[10/05/26 08:55:42] D2BS 3256: ÿc4=== [COUNTESS] ===
[10/05/26 08:56:42] D2BS 3256: ÿc4=== [PIT] ===
[10/05/26 08:58:09] D2BS 3256: ÿc4=== [ANDY] ===
[10/05/26 08:58:59] D2BS 3256: ÿc4=== [MEPHISTO] ===
[10/05/26 09:00:38] D2BS 3256: ÿc4=== [DIABLO] ===
[10/05/26 09:03:11] D2BS 3256: Going to town
[10/05/26 09:03:11] D2BS 3256: [Chicken] Life (241/2070) area:108 (7769,5169)
[10/05/26 09:03:11] D2BS 3256:  [08:47] +9.98% / [Level 84] 58.47%
[10/05/26 09:03:11] D2BS 3256: Script threads\autobuildthread.js ended
[10/05/26 09:03:11] D2BS 3256: Script threads\partythread.js ended
[10/05/26 09:03:11] D2BS 3256: Script threads\townchicken.js ended
[10/05/26 09:03:11] D2BS 3256: Script default.dbj ended
[10/05/26 09:03:22] D2BS 3256: Creating Game: pz-109
[10/05/26 09:03:23] D2BS 3256: ÿc2D2BSÿc0 :: Starting default.dbj
[10/05/26 09:03:23] D2BS 3256: ÿc2D2BSÿc0 :: default.dbj running.
[10/05/26 09:03:23] D2BS 3256: Loaded ÿc9[X.nip] [Y.nip] [Z.nip] [V.nip] [S.SFFW.nip]
[10/05/26 09:03:23] D2BS 3256: Loaded ÿc9[S.SFFW.js]
[10/05/26 09:03:23] D2BS 3256: equipped: [Head] 13
[10/05/26 09:03:23] D2BS 3256: equipped: [Neck] 16
[10/05/26 09:03:23] D2BS 3256: equipped: [Body] 17
[10/05/26 09:03:23] D2BS 3256: equipped: [ArmR] 23
[10/05/26 09:03:23] D2BS 3256: equipped: [ArmL] 18
[10/05/26 09:03:23] D2BS 3256: equipped: [RingR] 15
[10/05/26 09:03:23] D2BS 3256: equipped: [RingL] 12
[10/05/26 09:03:23] D2BS 3256: equipped: [Belt] 17
[10/05/26 09:03:23] D2BS 3256: equipped: [Boots] 13
[10/05/26 09:03:23] D2BS 3256: equipped: [Mitts] 12
[10/05/26 09:03:23] D2BS 3256: Loaded ÿc9[AutoSmurf.js]
[10/05/26 09:03:33] D2BS 3256: farmingON
[10/05/26 09:03:35] D2BS 3256: MiniShopBot: true
[10/05/26 09:03:35] D2BS 3256: UseMerc: true HP: 70
[10/05/26 09:03:43] D2BS 3256: updateStat
[10/05/26 09:03:43] D2BS 3256: granted: [Head] 13
[10/05/26 09:03:43] D2BS 3256: granted: [Body] 19
[10/05/26 09:03:43] D2BS 3256: granted: [ArmR] 16
[10/05/26 09:03:59] D2BS 3256: Merc matched: Holy Freeze
[10/05/26 09:04:06] D2BS 3256: Token needed
[10/05/26 09:04:11] D2BS 3256: act5+ BO
[10/05/26 09:04:13] D2BS 3256: updateStat
[10/05/26 09:04:24] D2BS 3256: ÿc4=== [BAAL] ===
[10/05/26 09:08:12] D2BS 3256: ÿc4=== [COUNTESS] ===
[10/05/26 09:09:46] D2BS 3256: ÿc4=== [PIT] ===
[10/05/26 09:11:49] D2BS 3256: ÿc4=== [ANDY] ===
[10/05/26 09:12:38] D2BS 3256: ÿc4=== [MEPHISTO] ===
[10/05/26 09:14:18] D2BS 3256: ÿc4=== [DIABLO] ===
[10/05/26 09:20:48] D2BS 3256: party has left: fowo-xe
[10/05/26 09:20:48] D2BS 3256:  [17:25] +33.84% / [Level 84] 92.31%
[10/05/26 09:20:48] D2BS 3256: Script threads\autobuildthread.js ended
[10/05/26 09:20:48] D2BS 3256: Script threads\partythread.js ended
[10/05/26 09:20:48] D2BS 3256: Script threads\townchicken.js ended
[10/05/26 09:20:48] D2BS 3256: Script default.dbj ended
[10/05/26 09:20:58] D2BS 3256: Creating Game: pz-110
[10/05/26 09:21:00] D2BS 3256: ÿc2D2BSÿc0 :: Starting default.dbj
[10/05/26 09:21:00] D2BS 3256: ÿc2D2BSÿc0 :: default.dbj running.
[10/05/26 09:21:00] D2BS 3256: Loaded ÿc9[X.nip] [Y.nip] [Z.nip] [V.nip] [S.SFFW.nip]
[10/05/26 09:21:00] D2BS 3256: Loaded ÿc9[S.SFFW.js]
[10/05/26 09:21:00] D2BS 3256: equipped: [Head] 13
[10/05/26 09:21:00] D2BS 3256: equipped: [Neck] 16
[10/05/26 09:21:00] D2BS 3256: equipped: [Body] 17
[10/05/26 09:21:00] D2BS 3256: equipped: [ArmR] 23
[10/05/26 09:21:00] D2BS 3256: equipped: [ArmL] 18
[10/05/26 09:21:00] D2BS 3256: equipped: [RingR] 15
[10/05/26 09:21:00] D2BS 3256: equipped: [RingL] 12
[10/05/26 09:21:00] D2BS 3256: equipped: [Belt] 17
[10/05/26 09:21:00] D2BS 3256: equipped: [Boots] 13
[10/05/26 09:21:00] D2BS 3256: equipped: [Mitts] 12
[10/05/26 09:21:00] D2BS 3256: updateStat
[10/05/26 09:21:00] D2BS 3256: granted: [Head] 13
[10/05/26 09:21:00] D2BS 3256: granted: [Body] 19
[10/05/26 09:21:00] D2BS 3256: granted: [ArmR] 16
[10/05/26 09:21:00] D2BS 3256: Loaded ÿc9[AutoSmurf.js]
[10/05/26 09:21:08] D2BS 3256: farmingON
[10/05/26 09:21:11] D2BS 3256: MiniShopBot: true
[10/05/26 09:21:11] D2BS 3256: UseMerc: true HP: 70
[10/05/26 09:21:35] D2BS 3256: Merc matched: Holy Freeze
[10/05/26 09:21:41] D2BS 3256: Token needed
[10/05/26 09:21:46] D2BS 3256: act5+ BO
[10/05/26 09:22:00] D2BS 3256: ÿc4=== [BAAL] ===
[10/05/26 09:22:06] D2BS 3256: Going to town
[10/05/26 09:22:06] D2BS 3256: [Chicken] Life (62/2070) area:129 (12624,12099)
[10/05/26 09:22:06] D2BS 3256: no exp [01:06]
[10/05/26 09:22:06] D2BS 3256: Script threads\autobuildthread.js ended
[10/05/26 09:22:06] D2BS 3256: Script threads\partythread.js ended
[10/05/26 09:22:06] D2BS 3256: Script threads\townchicken.js ended
[10/05/26 09:22:09] D2BS 3256: Script default.dbj ended
[10/05/26 09:22:16] D2BS 3256: Creating Game: pz-111
[10/05/26 09:22:18] D2BS 3256: ÿc2D2BSÿc0 :: Starting default.dbj
[10/05/26 09:22:18] D2BS 3256: ÿc2D2BSÿc0 :: default.dbj running.
[10/05/26 09:22:18] D2BS 3256: Loaded ÿc9[X.nip] [Y.nip] [Z.nip] [V.nip] [S.SFFW.nip]
[10/05/26 09:22:18] D2BS 3256: Loaded ÿc9[S.SFFW.js]
[10/05/26 09:22:18] D2BS 3256: equipped: [Head] 13
[10/05/26 09:22:18] D2BS 3256: equipped: [Neck] 16
[10/05/26 09:22:18] D2BS 3256: equipped: [Body] 17
[10/05/26 09:22:18] D2BS 3256: equipped: [ArmR] 23
[10/05/26 09:22:18] D2BS 3256: equipped: [ArmL] 18
[10/05/26 09:22:18] D2BS 3256: equipped: [RingR] 15
[10/05/26 09:22:18] D2BS 3256: equipped: [RingL] 12
[10/05/26 09:22:18] D2BS 3256: equipped: [Belt] 17
[10/05/26 09:22:18] D2BS 3256: equipped: [Boots] 13
[10/05/26 09:22:18] D2BS 3256: equipped: [Mitts] 12
[10/05/26 09:22:18] D2BS 3256: updateStat
[10/05/26 09:22:18] D2BS 3256: granted: [Head] 13
[10/05/26 09:22:18] D2BS 3256: granted: [Body] 19
[10/05/26 09:22:18] D2BS 3256: granted: [ArmR] 16
[10/05/26 09:22:18] D2BS 3256: Loaded ÿc9[AutoSmurf.js]
[10/05/26 09:22:24] D2BS 3256: farmingON
[10/05/26 09:22:25] D2BS 3256: MiniShopBot: true
[10/05/26 09:22:25] D2BS 3256: UseMerc: true HP: 70
[10/05/26 09:22:43] D2BS 3256: Merc matched: Holy Freeze
[10/05/26 09:22:48] D2BS 3256: Token needed
[10/05/26 09:22:52] D2BS 3256: act5+ BO
[10/05/26 09:23:04] D2BS 3256: ÿc4=== [BAAL] ===
[10/05/26 09:23:13] D2BS 3256: Going to town
[10/05/26 09:23:13] D2BS 3256: [Chicken] Life (572/2070) area:129 (12834,12031)
[10/05/26 09:23:16] D2BS 3256: no exp [00:55]
[10/05/26 09:23:16] D2BS 3256: Script threads\autobuildthread.js ended
[10/05/26 09:23:16] D2BS 3256: Script threads\partythread.js ended
[10/05/26 09:23:16] D2BS 3256: Script threads\townchicken.js ended
[10/05/26 09:23:16] D2BS 3256: Script default.dbj ended
[10/05/26 09:23:26] D2BS 3256: Creating Game: pz-112
[10/05/26 09:23:27] D2BS 3256: ÿc2D2BSÿc0 :: Starting default.dbj
[10/05/26 09:23:27] D2BS 3256: ÿc2D2BSÿc0 :: default.dbj running.
[10/05/26 09:23:27] D2BS 3256: Loaded ÿc9[X.nip] [Y.nip] [Z.nip] [V.nip] [S.SFFW.nip]
[10/05/26 09:23:27] D2BS 3256: Loaded ÿc9[S.SFFW.js]
[10/05/26 09:23:27] D2BS 3256: equipped: [Head] 13
[10/05/26 09:23:28] D2BS 3256: equipped: [Neck] 16
[10/05/26 09:23:28] D2BS 3256: equipped: [Body] 17
[10/05/26 09:23:28] D2BS 3256: equipped: [ArmR] 23
[10/05/26 09:23:28] D2BS 3256: equipped: [ArmL] 18
[10/05/26 09:23:28] D2BS 3256: equipped: [RingR] 15
[10/05/26 09:23:28] D2BS 3256: equipped: [RingL] 12
[10/05/26 09:23:28] D2BS 3256: equipped: [Belt] 17
[10/05/26 09:23:28] D2BS 3256: equipped: [Boots] 13
[10/05/26 09:23:28] D2BS 3256: equipped: [Mitts] 12
[10/05/26 09:23:28] D2BS 3256: updateStat
[10/05/26 09:23:28] D2BS 3256: granted: [Head] 13
[10/05/26 09:23:28] D2BS 3256: granted: [Body] 19
[10/05/26 09:23:28] D2BS 3256: granted: [ArmR] 16
[10/05/26 09:23:28] D2BS 3256: Loaded ÿc9[AutoSmurf.js]
[10/05/26 09:23:33] D2BS 3256: farmingON
[10/05/26 09:23:33] D2BS 3256: MiniShopBot: true
[10/05/26 09:23:33] D2BS 3256: UseMerc: true HP: 70
[10/05/26 09:23:54] D2BS 3256: Merc matched: Holy Freeze
[10/05/26 09:23:59] D2BS 3256: Token needed
[10/05/26 09:24:04] D2BS 3256: act5+ BO
[10/05/26 09:24:15] D2BS 3256: ÿc4=== [BAAL] ===
[10/05/26 09:24:35] D2BS 3256: updateStat
[10/05/26 09:25:00] D2BS 3256: Going to town
[10/05/26 09:27:39] D2BS 3256: ÿc4=== [COUNTESS] ===
[10/05/26 09:28:54] D2BS 3256: ÿc4=== [PIT] ===
[10/05/26 09:30:36] D2BS 3256: ÿc4=== [ANDY] ===
[10/05/26 09:31:51] D2BS 3256: ÿc4=== [MEPHISTO] ===
[10/05/26 09:33:02] D2BS 3256: ÿc4=== [DIABLO] ===
[10/05/26 09:41:03] D2BS 3256: Script ended
[10/05/26 09:41:03] D2BS 3256:  [17:36] +25.47% / [Level 85] 18.42%
[10/05/26 09:41:03] D2BS 3256: Script threads\autobuildthread.js ended
[10/05/26 09:41:03] D2BS 3256: Script threads\partythread.js ended
[10/05/26 09:41:04] D2BS 3256: Script threads\townchicken.js ended
[10/05/26 09:41:13] D2BS 3256: Creating Game: pz-113
[10/05/26 09:41:14] D2BS 3256: ÿc2D2BSÿc0 :: Starting default.dbj
[10/05/26 09:41:14] D2BS 3256: ÿc2D2BSÿc0 :: default.dbj running.
[10/05/26 09:41:14] D2BS 3256: Loaded ÿc9[X.nip] [Y.nip] [Z.nip] [V.nip] [S.SFFW.nip]
[10/05/26 09:41:14] D2BS 3256: Loaded ÿc9[S.SFFW.js]
[10/05/26 09:41:14] D2BS 3256: equipped: [Head] 13
[10/05/26 09:41:14] D2BS 3256: equipped: [Neck] 16
[10/05/26 09:41:14] D2BS 3256: equipped: [Body] 17
[10/05/26 09:41:14] D2BS 3256: equipped: [ArmR] 23
[10/05/26 09:41:14] D2BS 3256: equipped: [ArmL] 18
[10/05/26 09:41:14] D2BS 3256: equipped: [RingR] 15
[10/05/26 09:41:14] D2BS 3256: equipped: [RingL] 12
[10/05/26 09:41:14] D2BS 3256: equipped: [Belt] 17
[10/05/26 09:41:14] D2BS 3256: equipped: [Boots] 13
[10/05/26 09:41:14] D2BS 3256: equipped: [Mitts] 12
[10/05/26 09:41:14] D2BS 3256: updateStat
[10/05/26 09:41:14] D2BS 3256: granted: [Head] 13
[10/05/26 09:41:14] D2BS 3256: granted: [Body] 19
[10/05/26 09:41:14] D2BS 3256: granted: [ArmR] 16
[10/05/26 09:41:14] D2BS 3256: Loaded ÿc9[AutoSmurf.js]
[10/05/26 09:41:22] D2BS 3256: farmingON
[10/05/26 09:41:24] D2BS 3256: MiniShopBot: true
[10/05/26 09:41:24] D2BS 3256: UseMerc: true HP: 70
[10/05/26 09:41:44] D2BS 3256: granted: [ArmR] 20
[10/05/26 09:41:46] D2BS 3256: Merc matched: Holy Freeze
[10/05/26 09:41:58] D2BS 3256: Token needed
[10/05/26 09:42:03] D2BS 3256: act5+ BO
[10/05/26 09:42:16] D2BS 3256: ÿc4=== [BAAL] ===
[10/05/26 09:46:13] D2BS 3256: ÿc4=== [COUNTESS] ===
[10/05/26 09:47:34] D2BS 3256: ÿc4=== [PIT] ===
[10/05/26 09:49:18] D2BS 3256: ÿc4=== [ANDY] ===
[10/05/26 09:50:37] D2BS 3256: ÿc4=== [MEPHISTO] ===
[10/05/26 09:52:02] D2BS 3256: ÿc4=== [DIABLO] ===
[10/05/26 09:52:08] D2BS 3256: updateStat
[10/05/26 09:52:08] D2BS 3256: granted: [Head] 13
[10/05/26 09:52:08] D2BS 3256: granted: [Body] 19
[10/05/26 09:52:08] D2BS 3256: granted: [ArmR] 20
[10/05/26 09:59:47] D2BS 3256: party has left: fowo-xb
[10/05/26 09:59:47] D2BS 3256:  [18:33] +22.55% / [Level 85] 40.97%
[10/05/26 09:59:47] D2BS 3256: Script threads\autobuildthread.js ended
[10/05/26 09:59:48] D2BS 3256: Script threads\partythread.js ended
[10/05/26 09:59:48] D2BS 3256: Script threads\townchicken.js ended
[10/05/26 09:59:48] D2BS 3256: Script default.dbj ended
[10/05/26 09:59:58] D2BS 3256: Creating Game: pz-114
[10/05/26 09:59:59] D2BS 3256: ÿc2D2BSÿc0 :: Starting default.dbj
[10/05/26 09:59:59] D2BS 3256: ÿc2D2BSÿc0 :: default.dbj running.
[10/05/26 09:59:59] D2BS 3256: Loaded ÿc9[X.nip] [Y.nip] [Z.nip] [V.nip] [S.SFFW.nip]
[10/05/26 09:59:59] D2BS 3256: Loaded ÿc9[S.SFFW.js]
[10/05/26 09:59:59] D2BS 3256: equipped: [Head] 13
[10/05/26 09:59:59] D2BS 3256: equipped: [Neck] 16
[10/05/26 10:00:00] D2BS 3256: equipped: [Body] 17
[10/05/26 10:00:00] D2BS 3256: equipped: [ArmR] 23
[10/05/26 10:00:00] D2BS 3256: equipped: [ArmL] 18
[10/05/26 10:00:00] D2BS 3256: equipped: [RingR] 15
[10/05/26 10:00:00] D2BS 3256: equipped: [RingL] 12
[10/05/26 10:00:00] D2BS 3256: equipped: [Belt] 17
[10/05/26 10:00:00] D2BS 3256: equipped: [Boots] 13
[10/05/26 10:00:00] D2BS 3256: equipped: [Mitts] 12
[10/05/26 10:00:00] D2BS 3256: updateStat
[10/05/26 10:00:00] D2BS 3256: granted: [Head] 13
[10/05/26 10:00:00] D2BS 3256: granted: [Body] 19
[10/05/26 10:00:00] D2BS 3256: granted: [ArmR] 20
[10/05/26 10:00:00] D2BS 3256: Loaded ÿc9[AutoSmurf.js]
[10/05/26 10:00:07] D2BS 3256: farmingON
[10/05/26 10:00:10] D2BS 3256: MiniShopBot: true
[10/05/26 10:00:10] D2BS 3256: UseMerc: true HP: 70
[10/05/26 10:00:27] D2BS 3256: Merc matched: Holy Freeze
[10/05/26 10:00:38] D2BS 3256: Token needed
[10/05/26 10:00:42] D2BS 3256: act5+ BO
[10/05/26 10:00:56] D2BS 3256: ÿc4=== [BAAL] ===
[10/05/26 10:01:10] D2BS 3256: Baal failed: souls found
[10/05/26 10:01:12] D2BS 3256: ÿc4=== [COUNTESS] ===
[10/05/26 10:02:20] D2BS 3256: ÿc4=== [PIT] ===
[10/05/26 10:04:42] D2BS 3256: ÿc4=== [ANDY] ===
[10/05/26 10:05:33] D2BS 3256: ÿc4=== [MEPHISTO] ===
[10/05/26 10:06:47] D2BS 3256: ÿc4=== [DIABLO] ===
[10/05/26 10:13:04] D2BS 3256: Script ended
[10/05/26 10:13:04] D2BS 3256:  [13:05] +12.12% / [Level 85] 53.09%
[10/05/26 10:13:04] D2BS 3256: Script threads\autobuildthread.js ended
[10/05/26 10:13:04] D2BS 3256: Script threads\partythread.js ended
[10/05/26 10:13:04] D2BS 3256: Script threads\townchicken.js ended
[10/05/26 10:13:14] D2BS 3256: Creating Game: pz-115
[10/05/26 10:13:16] D2BS 3256: ÿc2D2BSÿc0 :: Starting default.dbj
[10/05/26 10:13:16] D2BS 3256: ÿc2D2BSÿc0 :: default.dbj running.
[10/05/26 10:13:16] D2BS 3256: Loaded ÿc9[X.nip] [Y.nip] [Z.nip] [V.nip] [S.SFFW.nip]
[10/05/26 10:13:16] D2BS 3256: Loaded ÿc9[S.SFFW.js]
[10/05/26 10:13:16] D2BS 3256: equipped: [Head] 13
[10/05/26 10:13:16] D2BS 3256: equipped: [Neck] 16
[10/05/26 10:13:16] D2BS 3256: equipped: [Body] 17
[10/05/26 10:13:16] D2BS 3256: equipped: [ArmR] 23
[10/05/26 10:13:16] D2BS 3256: equipped: [ArmL] 18
[10/05/26 10:13:16] D2BS 3256: equipped: [RingR] 15
[10/05/26 10:13:16] D2BS 3256: equipped: [RingL] 12
[10/05/26 10:13:16] D2BS 3256: equipped: [Belt] 17
[10/05/26 10:13:16] D2BS 3256: equipped: [Boots] 13
[10/05/26 10:13:16] D2BS 3256: equipped: [Mitts] 12
[10/05/26 10:13:16] D2BS 3256: updateStat
[10/05/26 10:13:16] D2BS 3256: granted: [Head] 13
[10/05/26 10:13:16] D2BS 3256: granted: [Body] 19
[10/05/26 10:13:16] D2BS 3256: granted: [ArmR] 20
[10/05/26 10:13:16] D2BS 3256: Loaded ÿc9[AutoSmurf.js]
[10/05/26 10:13:23] D2BS 3256: farmingON
[10/05/26 10:13:26] D2BS 3256: MiniShopBot: true
[10/05/26 10:13:26] D2BS 3256: UseMerc: true HP: 70
[10/05/26 10:13:30] D2BS 3256: ÿc4[Runeword] ÿc0Spirit Broad Sword
[10/05/26 10:13:49] D2BS 3256: equipped: [ArmR] 31
[10/05/26 10:13:49] D2BS 3256: Merc matched: Holy Freeze
[10/05/26 10:13:53] D2BS 3256: Token needed
[10/05/26 10:13:58] D2BS 3256: act5+ BO
[10/05/26 10:14:12] D2BS 3256: ÿc4=== [BAAL] ===
[10/05/26 10:18:01] D2BS 3256: ÿc4=== [COUNTESS] ===
[10/05/26 10:19:16] D2BS 3256: ÿc4=== [PIT] ===
[10/05/26 10:20:58] D2BS 3256: ÿc4=== [ANDY] ===
[10/05/26 10:21:56] D2BS 3256: ÿc4=== [MEPHISTO] ===
[10/05/26 10:23:18] D2BS 3256: ÿc4=== [DIABLO] ===
[10/05/26 10:23:25] D2BS 3256: updateStat
[10/05/26 10:23:25] D2BS 3256: granted: [Head] 13
[10/05/26 10:23:25] D2BS 3256: granted: [Body] 19
[10/05/26 10:23:25] D2BS 3256: granted: [ArmR] 20
[10/05/26 10:25:30] D2BS 3256: updateStat
[10/05/26 10:29:55] D2BS 3256: party has left: fowo-xe, fowo-xg
[10/05/26 10:29:55] D2BS 3256:  [16:39] +22.74% / [Level 85] 75.83%
[10/05/26 10:29:55] D2BS 3256: Script threads\autobuildthread.js ended
[10/05/26 10:29:55] D2BS 3256: Script threads\partythread.js ended
[10/05/26 10:29:55] D2BS 3256: Script threads\townchicken.js ended
[10/05/26 10:29:55] D2BS 3256: Script default.dbj ended
[10/05/26 10:30:06] D2BS 3256: Creating Game: pz-116
[10/05/26 10:30:07] D2BS 3256: ÿc2D2BSÿc0 :: Starting default.dbj
[10/05/26 10:30:07] D2BS 3256: ÿc2D2BSÿc0 :: default.dbj running.
[10/05/26 10:30:07] D2BS 3256: Loaded ÿc9[X.nip] [Y.nip] [Z.nip] [V.nip] [S.SFFW.nip]
[10/05/26 10:30:07] D2BS 3256: Loaded ÿc9[S.SFFW.js]
[10/05/26 10:30:07] D2BS 3256: equipped: [Head] 13
[10/05/26 10:30:07] D2BS 3256: equipped: [Neck] 16
[10/05/26 10:30:07] D2BS 3256: equipped: [Body] 17
[10/05/26 10:30:07] D2BS 3256: equipped: [ArmR] 31
[10/05/26 10:30:07] D2BS 3256: equipped: [ArmL] 18
[10/05/26 10:30:07] D2BS 3256: equipped: [RingR] 15
[10/05/26 10:30:07] D2BS 3256: equipped: [RingL] 12
[10/05/26 10:30:07] D2BS 3256: equipped: [Belt] 17
[10/05/26 10:30:07] D2BS 3256: equipped: [Boots] 13
[10/05/26 10:30:08] D2BS 3256: equipped: [Mitts] 12
[10/05/26 10:30:08] D2BS 3256: updateStat
[10/05/26 10:30:08] D2BS 3256: granted: [Head] 13
[10/05/26 10:30:08] D2BS 3256: granted: [Body] 19
[10/05/26 10:30:08] D2BS 3256: granted: [ArmR] 20
[10/05/26 10:30:08] D2BS 3256: Loaded ÿc9[AutoSmurf.js]
[10/05/26 10:30:16] D2BS 3256: farmingON
[10/05/26 10:30:19] D2BS 3256: MiniShopBot: true
[10/05/26 10:30:19] D2BS 3256: UseMerc: true HP: 70
[10/05/26 10:30:41] D2BS 3256: Merc matched: Holy Freeze
[10/05/26 10:30:47] D2BS 3256: Token needed
[10/05/26 10:30:52] D2BS 3256: act5+ BO
[10/05/26 10:31:04] D2BS 3256: ÿc4=== [BAAL] ===
[10/05/26 10:34:51] D2BS 3256: ÿc4=== [COUNTESS] ===
[10/05/26 10:36:14] D2BS 3256: ÿc4=== [PIT] ===
[10/05/26 10:38:04] D2BS 3256: ÿc4=== [ANDY] ===
[10/05/26 10:39:01] D2BS 3256: ÿc4=== [MEPHISTO] ===
[10/05/26 10:40:08] D2BS 3256: ÿc4=== [DIABLO] ===
[10/05/26 10:40:20] D2BS 3256: equipped: [Body] 19
[10/05/26 10:43:11] D2BS 3256: party has left: fowo-xf
[10/05/26 10:43:11] D2BS 3256:  [13:03] +19.26% / [Level 85] 95.09%
[10/05/26 10:43:11] D2BS 3256: Script threads\autobuildthread.js ended
[10/05/26 10:43:11] D2BS 3256: Script threads\partythread.js ended
[10/05/26 10:43:11] D2BS 3256: Script threads\townchicken.js ended
[10/05/26 10:43:11] D2BS 3256: Script default.dbj ended
[10/05/26 10:43:21] D2BS 3256: Creating Game: pz-117
[10/05/26 10:43:23] D2BS 3256: ÿc2D2BSÿc0 :: Starting default.dbj
[10/05/26 10:43:23] D2BS 3256: ÿc2D2BSÿc0 :: default.dbj running.
[10/05/26 10:43:23] D2BS 3256: Loaded ÿc9[X.nip] [Y.nip] [Z.nip] [V.nip] [S.SFFW.nip]
[10/05/26 10:43:23] D2BS 3256: Loaded ÿc9[S.SFFW.js]
[10/05/26 10:43:23] D2BS 3256: equipped: [Head] 13
[10/05/26 10:43:23] D2BS 3256: equipped: [Neck] 16
[10/05/26 10:43:23] D2BS 3256: equipped: [Body] 19
[10/05/26 10:43:23] D2BS 3256: equipped: [ArmR] 31
[10/05/26 10:43:23] D2BS 3256: equipped: [ArmL] 18
[10/05/26 10:43:23] D2BS 3256: equipped: [RingR] 15
[10/05/26 10:43:23] D2BS 3256: equipped: [RingL] 12
[10/05/26 10:43:23] D2BS 3256: equipped: [Belt] 17
[10/05/26 10:43:23] D2BS 3256: equipped: [Boots] 13
[10/05/26 10:43:23] D2BS 3256: equipped: [Mitts] 12
[10/05/26 10:43:23] D2BS 3256: updateStat
[10/05/26 10:43:23] D2BS 3256: granted: [Head] 13
[10/05/26 10:43:23] D2BS 3256: granted: [Body] 19
[10/05/26 10:43:23] D2BS 3256: granted: [ArmR] 20
[10/05/26 10:43:23] D2BS 3256: Loaded ÿc9[AutoSmurf.js]
[10/05/26 10:43:32] D2BS 3256: farmingON
[10/05/26 10:43:34] D2BS 3256: MiniShopBot: true
[10/05/26 10:43:34] D2BS 3256: UseMerc: true HP: 70
[10/05/26 10:43:52] D2BS 3256: Merc matched: Holy Freeze
[10/05/26 10:44:04] D2BS 3256: Token needed
[10/05/26 10:44:08] D2BS 3256: act5+ BO
[10/05/26 10:44:22] D2BS 3256: ÿc4=== [BAAL] ===
[10/05/26 10:48:16] D2BS 3256: ÿc4=== [COUNTESS] ===
[10/05/26 10:49:45] D2BS 3256: ÿc4=== [PIT] ===
[10/05/26 10:51:38] D2BS 3256: ÿc4=== [ANDY] ===
[10/05/26 10:52:49] D2BS 3256: ÿc4=== [MEPHISTO] ===
[10/05/26 10:54:10] D2BS 3256: ÿc4=== [DIABLO] ===
[10/05/26 11:00:17] D2BS 3256: Script ended
[10/05/26 11:00:17] D2BS 3256:  [16:54] +19.45% / [Level 86] 14.94%
[10/05/26 11:00:17] D2BS 3256: Script threads\autobuildthread.js ended
[10/05/26 11:00:17] D2BS 3256: Script threads\partythread.js ended
[10/05/26 11:00:17] D2BS 3256: Script threads\townchicken.js ended
[10/05/26 11:00:27] D2BS 3256: Creating Game: pz-118
[10/05/26 11:00:29] D2BS 3256: ÿc2D2BSÿc0 :: Starting default.dbj
[10/05/26 11:00:29] D2BS 3256: ÿc2D2BSÿc0 :: default.dbj running.
[10/05/26 11:00:29] D2BS 3256: Loaded ÿc9[X.nip] [Y.nip] [Z.nip] [V.nip] [S.SFFW.nip]
[10/05/26 11:00:29] D2BS 3256: Loaded ÿc9[S.SFFW.js]
[10/05/26 11:00:29] D2BS 3256: equipped: [Head] 13
[10/05/26 11:00:29] D2BS 3256: equipped: [Neck] 16
[10/05/26 11:00:29] D2BS 3256: equipped: [Body] 19
[10/05/26 11:00:29] D2BS 3256: equipped: [ArmR] 31
[10/05/26 11:00:29] D2BS 3256: equipped: [ArmL] 18
[10/05/26 11:00:29] D2BS 3256: equipped: [RingR] 15
[10/05/26 11:00:29] D2BS 3256: equipped: [RingL] 12
[10/05/26 11:00:29] D2BS 3256: equipped: [Belt] 17
[10/05/26 11:00:29] D2BS 3256: equipped: [Boots] 13
[10/05/26 11:00:29] D2BS 3256: equipped: [Mitts] 12
[10/05/26 11:00:29] D2BS 3256: updateStat
[10/05/26 11:00:29] D2BS 3256: granted: [Head] 13
[10/05/26 11:00:29] D2BS 3256: granted: [Body] 19
[10/05/26 11:00:29] D2BS 3256: granted: [ArmR] 20
[10/05/26 11:00:29] D2BS 3256: Loaded ÿc9[AutoSmurf.js]
[10/05/26 11:00:37] D2BS 3256: farmingON
[10/05/26 11:00:39] D2BS 3256: MiniShopBot: true
[10/05/26 11:00:39] D2BS 3256: UseMerc: true HP: 70
[10/05/26 11:00:58] D2BS 3256: Merc matched: Holy Freeze
[10/05/26 11:01:13] D2BS 3256: Token needed
[10/05/26 11:01:17] D2BS 3256: act5+ BO
[10/05/26 11:01:29] D2BS 3256: ÿc4=== [BAAL] ===
[10/05/26 11:02:49] D2BS 3256: updateStat
[10/05/26 11:03:28] D2BS 3256: Going to town
[10/05/26 11:05:04] D2BS 3256: ÿc4=== [COUNTESS] ===
[10/05/26 11:06:06] D2BS 3256: ÿc4=== [PIT] ===
[10/05/26 11:07:40] D2BS 3256: ÿc4=== [ANDY] ===
[10/05/26 11:08:29] D2BS 3256: ÿc4=== [MEPHISTO] ===
[10/05/26 11:09:43] D2BS 3256: ÿc4=== [DIABLO] ===
[10/05/26 11:15:06] D2BS 3256: Script ended
[10/05/26 11:15:06] D2BS 3256:  [14:37] +15.64% / [Level 86] 30.58%
[10/05/26 11:15:06] D2BS 3256: Script threads\autobuildthread.js ended
[10/05/26 11:15:06] D2BS 3256: Script threads\partythread.js ended
[10/05/26 11:15:07] D2BS 3256: Script threads\townchicken.js ended
[10/05/26 11:15:16] D2BS 3256: Creating Game: pz-119
[10/05/26 11:15:17] D2BS 3256: ÿc2D2BSÿc0 :: Starting default.dbj
[10/05/26 11:15:17] D2BS 3256: ÿc2D2BSÿc0 :: default.dbj running.
[10/05/26 11:15:17] D2BS 3256: Loaded ÿc9[X.nip] [Y.nip] [Z.nip] [V.nip] [S.SFFW.nip]
[10/05/26 11:15:17] D2BS 3256: Loaded ÿc9[S.SFFW.js]
[10/05/26 11:15:17] D2BS 3256: equipped: [Head] 13
[10/05/26 11:15:17] D2BS 3256: equipped: [Neck] 16
[10/05/26 11:15:17] D2BS 3256: equipped: [Body] 19
[10/05/26 11:15:17] D2BS 3256: equipped: [ArmR] 31
[10/05/26 11:15:17] D2BS 3256: equipped: [ArmL] 18
[10/05/26 11:15:17] D2BS 3256: equipped: [RingR] 15
[10/05/26 11:15:17] D2BS 3256: equipped: [RingL] 12
[10/05/26 11:15:17] D2BS 3256: equipped: [Belt] 17
[10/05/26 11:15:17] D2BS 3256: equipped: [Boots] 13
[10/05/26 11:15:17] D2BS 3256: equipped: [Mitts] 12
[10/05/26 11:15:17] D2BS 3256: updateStat
[10/05/26 11:15:17] D2BS 3256: granted: [Head] 13
[10/05/26 11:15:17] D2BS 3256: granted: [Body] 19
[10/05/26 11:15:17] D2BS 3256: granted: [ArmR] 20
[10/05/26 11:15:17] D2BS 3256: Loaded ÿc9[AutoSmurf.js]
[10/05/26 11:15:25] D2BS 3256: farmingON
[10/05/26 11:15:27] D2BS 3256: MiniShopBot: true
[10/05/26 11:15:27] D2BS 3256: UseMerc: true HP: 70
[10/05/26 11:15:45] D2BS 3256: Merc matched: Holy Freeze
[10/05/26 11:16:03] D2BS 3256: Token needed
[10/05/26 11:16:08] D2BS 3256: act5+ BO
[10/05/26 11:16:19] D2BS 3256: ÿc4=== [BAAL] ===
[10/05/26 11:16:42] D2BS 3256: Baal failed: souls found
[10/05/26 11:16:44] D2BS 3256: ÿc4=== [COUNTESS] ===
[10/05/26 11:17:53] D2BS 3256: ÿc4=== [PIT] ===
[10/05/26 11:20:00] D2BS 3256: ÿc4=== [ANDY] ===
[10/05/26 11:21:16] D2BS 3256: ÿc4=== [MEPHISTO] ===
[10/05/26 11:22:27] D2BS 3256: ÿc4=== [DIABLO] ===
[10/05/26 11:28:43] D2BS 3256: party has left: fowo-xh
[10/05/26 11:28:43] D2BS 3256:  [13:26] +11.06% / [Level 86] 41.64%
[10/05/26 11:28:43] D2BS 3256: Script threads\autobuildthread.js ended
[10/05/26 11:28:43] D2BS 3256: Script threads\partythread.js ended
[10/05/26 11:28:43] D2BS 3256: Script threads\townchicken.js ended
[10/05/26 11:28:44] D2BS 3256: Script default.dbj ended
[10/05/26 11:28:54] D2BS 3256: Creating Game: pz-120
[10/05/26 11:28:55] D2BS 3256: ÿc2D2BSÿc0 :: Starting default.dbj
[10/05/26 11:28:55] D2BS 3256: ÿc2D2BSÿc0 :: default.dbj running.
[10/05/26 11:28:56] D2BS 3256: Loaded ÿc9[X.nip] [Y.nip] [Z.nip] [V.nip] [S.SFFW.nip]
[10/05/26 11:28:56] D2BS 3256: Loaded ÿc9[S.SFFW.js]
[10/05/26 11:28:56] D2BS 3256: equipped: [Head] 13
[10/05/26 11:28:56] D2BS 3256: equipped: [Neck] 16
[10/05/26 11:28:56] D2BS 3256: equipped: [Body] 19
[10/05/26 11:28:56] D2BS 3256: equipped: [ArmR] 31
[10/05/26 11:28:56] D2BS 3256: equipped: [ArmL] 18
[10/05/26 11:28:56] D2BS 3256: equipped: [RingR] 15
[10/05/26 11:28:56] D2BS 3256: equipped: [RingL] 12
[10/05/26 11:28:56] D2BS 3256: equipped: [Belt] 17
[10/05/26 11:28:56] D2BS 3256: equipped: [Boots] 13
[10/05/26 11:28:56] D2BS 3256: equipped: [Mitts] 12
[10/05/26 11:28:56] D2BS 3256: updateStat
[10/05/26 11:28:56] D2BS 3256: granted: [Head] 13
[10/05/26 11:28:56] D2BS 3256: granted: [Body] 19
[10/05/26 11:28:56] D2BS 3256: granted: [ArmR] 20
[10/05/26 11:28:56] D2BS 3256: Loaded ÿc9[AutoSmurf.js]
[10/05/26 11:29:04] D2BS 3256: farmingON
[10/05/26 11:29:06] D2BS 3256: MiniShopBot: true
[10/05/26 11:29:06] D2BS 3256: UseMerc: true HP: 70
[10/05/26 11:29:21] D2BS 3256: Merc matched: Holy Freeze
[10/05/26 11:29:56] D2BS 3256: Token needed
[10/05/26 11:30:01] D2BS 3256: act5+ BO
[10/05/26 11:30:15] D2BS 3256: ÿc4=== [BAAL] ===
[10/05/26 11:33:51] D2BS 3256: ÿc4=== [COUNTESS] ===
[10/05/26 11:35:11] D2BS 3256: ÿc4=== [PIT] ===
[10/05/26 11:36:58] D2BS 3256: ÿc4=== [ANDY] ===
[10/05/26 11:37:56] D2BS 3256: ÿc4=== [MEPHISTO] ===
[10/05/26 11:39:14] D2BS 3256: ÿc4=== [DIABLO] ===
[10/05/26 11:45:51] D2BS 3256: Script ended
[10/05/26 11:45:51] D2BS 3256:  [16:55] +15.96% / [Level 86] 57.61%
[10/05/26 11:45:51] D2BS 3256: Script threads\autobuildthread.js ended
[10/05/26 11:45:51] D2BS 3256: Script threads\partythread.js ended
[10/05/26 11:45:51] D2BS 3256: Script threads\townchicken.js ended
[10/05/26 11:46:02] D2BS 3256: Creating Game: pz-121
[10/05/26 11:46:04] D2BS 3256: ÿc2D2BSÿc0 :: Starting default.dbj
[10/05/26 11:46:04] D2BS 3256: ÿc2D2BSÿc0 :: default.dbj running.
[10/05/26 11:46:04] D2BS 3256: Loaded ÿc9[X.nip] [Y.nip] [Z.nip] [V.nip] [S.SFFW.nip]
[10/05/26 11:46:04] D2BS 3256: Loaded ÿc9[S.SFFW.js]
[10/05/26 11:46:04] D2BS 3256: equipped: [Head] 13
[10/05/26 11:46:04] D2BS 3256: equipped: [Neck] 16
[10/05/26 11:46:04] D2BS 3256: equipped: [Body] 19
[10/05/26 11:46:04] D2BS 3256: equipped: [ArmR] 31
[10/05/26 11:46:04] D2BS 3256: equipped: [ArmL] 18
[10/05/26 11:46:04] D2BS 3256: equipped: [RingR] 15
[10/05/26 11:46:04] D2BS 3256: equipped: [RingL] 12
[10/05/26 11:46:04] D2BS 3256: equipped: [Belt] 17
[10/05/26 11:46:04] D2BS 3256: equipped: [Boots] 13
[10/05/26 11:46:04] D2BS 3256: equipped: [Mitts] 12
[10/05/26 11:46:04] D2BS 3256: updateStat
[10/05/26 11:46:04] D2BS 3256: granted: [Head] 13
[10/05/26 11:46:04] D2BS 3256: granted: [Body] 19
[10/05/26 11:46:04] D2BS 3256: granted: [ArmR] 20
[10/05/26 11:46:04] D2BS 3256: Loaded ÿc9[AutoSmurf.js]
[10/05/26 11:46:12] D2BS 3256: farmingON
[10/05/26 11:46:13] D2BS 3256: MiniShopBot: true
[10/05/26 11:46:13] D2BS 3256: UseMerc: true HP: 70
[10/05/26 11:46:37] D2BS 3256: Merc matched: Holy Freeze
[10/05/26 11:46:44] D2BS 3256: Token needed
[10/05/26 11:46:49] D2BS 3256: act5+ BO
[10/05/26 11:47:01] D2BS 3256: ÿc4=== [BAAL] ===
[10/05/26 11:47:13] D2BS 3256: Baal failed: souls found
[10/05/26 11:47:15] D2BS 3256: ÿc4=== [COUNTESS] ===
[10/05/26 11:48:13] D2BS 3256: ÿc4=== [PIT] ===
[10/05/26 11:50:05] D2BS 3256: ÿc4=== [ANDY] ===
[10/05/26 11:50:53] D2BS 3256: updateStat
[10/05/26 11:51:21] D2BS 3256: ÿc4=== [MEPHISTO] ===
[10/05/26 11:52:43] D2BS 3256: ÿc4=== [DIABLO] ===
[10/05/26 11:59:51] D2BS 3256: Script ended
[10/05/26 11:59:51] D2BS 3256:  [13:47] +8.14% / [Level 86] 65.75%
[10/05/26 11:59:51] D2BS 3256: Script threads\autobuildthread.js ended
[10/05/26 11:59:51] D2BS 3256: Script threads\partythread.js ended
[10/05/26 11:59:51] D2BS 3256: Script threads\townchicken.js ended
[10/05/26 12:00:01] D2BS 3256: Creating Game: pz-122
[10/05/26 12:00:03] D2BS 3256: ÿc2D2BSÿc0 :: Starting default.dbj
[10/05/26 12:00:03] D2BS 3256: ÿc2D2BSÿc0 :: default.dbj running.
[10/05/26 12:00:03] D2BS 3256: Loaded ÿc9[X.nip] [Y.nip] [Z.nip] [V.nip] [S.SFFW.nip]
[10/05/26 12:00:03] D2BS 3256: Loaded ÿc9[S.SFFW.js]
[10/05/26 12:00:03] D2BS 3256: equipped: [Head] 13
[10/05/26 12:00:03] D2BS 3256: equipped: [Neck] 16
[10/05/26 12:00:03] D2BS 3256: equipped: [Body] 19
[10/05/26 12:00:03] D2BS 3256: equipped: [ArmR] 31
[10/05/26 12:00:03] D2BS 3256: equipped: [ArmL] 18
[10/05/26 12:00:03] D2BS 3256: equipped: [RingR] 15
[10/05/26 12:00:03] D2BS 3256: equipped: [RingL] 12
[10/05/26 12:00:03] D2BS 3256: equipped: [Belt] 17
[10/05/26 12:00:03] D2BS 3256: equipped: [Boots] 13
[10/05/26 12:00:03] D2BS 3256: equipped: [Mitts] 12
[10/05/26 12:00:03] D2BS 3256: Loaded ÿc9[AutoSmurf.js]
[10/05/26 12:00:13] D2BS 3256: farmingON
[10/05/26 12:00:16] D2BS 3256: MiniShopBot: true
[10/05/26 12:00:16] D2BS 3256: UseMerc: true HP: 70
[10/05/26 12:00:23] D2BS 3256: updateStat
[10/05/26 12:00:23] D2BS 3256: granted: [Head] 13
[10/05/26 12:00:23] D2BS 3256: granted: [Body] 19
[10/05/26 12:00:23] D2BS 3256: granted: [ArmR] 20
[10/05/26 12:00:43] D2BS 3256: Merc matched: Holy Freeze
[10/05/26 12:00:48] D2BS 3256: Token needed
[10/05/26 12:00:53] D2BS 3256: act5+ BO
[10/05/26 12:00:55] D2BS 3256: updateStat
[10/05/26 12:01:06] D2BS 3256: ÿc4=== [BAAL] ===
[10/05/26 12:05:04] D2BS 3256: ÿc4=== [COUNTESS] ===
[10/05/26 12:06:32] D2BS 3256: ÿc4=== [PIT] ===
[10/05/26 12:08:12] D2BS 3256: ÿc4=== [ANDY] ===
[10/05/26 12:09:11] D2BS 3256: ÿc4=== [MEPHISTO] ===
[10/05/26 12:10:51] D2BS 3256: ÿc4=== [DIABLO] ===
[10/05/26 12:17:18] D2BS 3256: Script ended
[10/05/26 12:17:18] D2BS 3256:  [17:15] +16.70% / [Level 86] 82.45%
[10/05/26 12:17:18] D2BS 3256: Script threads\autobuildthread.js ended
[10/05/26 12:17:18] D2BS 3256: Script threads\partythread.js ended
[10/05/26 12:17:19] D2BS 3256: Script threads\townchicken.js ended
[10/05/26 12:17:29] D2BS 3256: Creating Game: pz-123
[10/05/26 12:17:30] D2BS 3256: ÿc2D2BSÿc0 :: Starting default.dbj
[10/05/26 12:17:30] D2BS 3256: ÿc2D2BSÿc0 :: default.dbj running.
[10/05/26 12:17:31] D2BS 3256: Loaded ÿc9[X.nip] [Y.nip] [Z.nip] [V.nip] [S.SFFW.nip]
[10/05/26 12:17:31] D2BS 3256: Loaded ÿc9[S.SFFW.js]
[10/05/26 12:17:31] D2BS 3256: equipped: [Head] 13
[10/05/26 12:17:31] D2BS 3256: equipped: [Neck] 16
[10/05/26 12:17:31] D2BS 3256: equipped: [Body] 19
[10/05/26 12:17:31] D2BS 3256: equipped: [ArmR] 31
[10/05/26 12:17:31] D2BS 3256: equipped: [ArmL] 18
[10/05/26 12:17:31] D2BS 3256: equipped: [RingR] 15
[10/05/26 12:17:31] D2BS 3256: equipped: [RingL] 12
[10/05/26 12:17:31] D2BS 3256: equipped: [Belt] 17
[10/05/26 12:17:31] D2BS 3256: equipped: [Boots] 13
[10/05/26 12:17:31] D2BS 3256: equipped: [Mitts] 12
[10/05/26 12:17:31] D2BS 3256: updateStat
[10/05/26 12:17:31] D2BS 3256: granted: [Head] 13
[10/05/26 12:17:31] D2BS 3256: granted: [Body] 19
[10/05/26 12:17:31] D2BS 3256: granted: [ArmR] 20
[10/05/26 12:17:31] D2BS 3256: Loaded ÿc9[AutoSmurf.js]
[10/05/26 12:17:39] D2BS 3256: farmingON
[10/05/26 12:17:42] D2BS 3256: MiniShopBot: true
[10/05/26 12:17:42] D2BS 3256: UseMerc: true HP: 70
[10/05/26 12:18:02] D2BS 3256: Merc matched: Holy Freeze
[10/05/26 12:18:14] D2BS 3256: Token needed
[10/05/26 12:18:19] D2BS 3256: act5+ BO
[10/05/26 12:18:31] D2BS 3256: ÿc4=== [BAAL] ===
[10/05/26 12:21:38] D2BS 3256: ÿc4=== [COUNTESS] ===
[10/05/26 12:22:53] D2BS 3256: ÿc4=== [PIT] ===
[10/05/26 12:24:21] D2BS 3256: ÿc4=== [ANDY] ===
[10/05/26 12:25:15] D2BS 3256: ÿc4=== [MEPHISTO] ===
[10/05/26 12:26:20] D2BS 3256: ÿc4=== [DIABLO] ===
[10/05/26 12:32:02] D2BS 3256: party has left: fowo-xh
[10/05/26 12:32:02] D2BS 3256:  [14:32] +14.12% / [Level 86] 96.58%
[10/05/26 12:32:02] D2BS 3256: Script threads\autobuildthread.js ended
[10/05/26 12:32:02] D2BS 3256: Script threads\partythread.js ended
[10/05/26 12:32:02] D2BS 3256: Script threads\townchicken.js ended
[10/05/26 12:32:02] D2BS 3256: Script default.dbj ended
[10/05/26 12:32:13] D2BS 3256: Creating Game: pz-124
[10/05/26 12:32:14] D2BS 3256: ÿc2D2BSÿc0 :: Starting default.dbj
[10/05/26 12:32:14] D2BS 3256: ÿc2D2BSÿc0 :: default.dbj running.
[10/05/26 12:32:14] D2BS 3256: Loaded ÿc9[X.nip] [Y.nip] [Z.nip] [V.nip] [S.SFFW.nip]
[10/05/26 12:32:14] D2BS 3256: Loaded ÿc9[S.SFFW.js]
[10/05/26 12:32:14] D2BS 3256: equipped: [Head] 13
[10/05/26 12:32:14] D2BS 3256: equipped: [Neck] 16
[10/05/26 12:32:14] D2BS 3256: equipped: [Body] 19
[10/05/26 12:32:14] D2BS 3256: equipped: [ArmR] 31
[10/05/26 12:32:14] D2BS 3256: equipped: [ArmL] 18
[10/05/26 12:32:14] D2BS 3256: equipped: [RingR] 15
[10/05/26 12:32:14] D2BS 3256: equipped: [RingL] 12
[10/05/26 12:32:14] D2BS 3256: equipped: [Belt] 17
[10/05/26 12:32:14] D2BS 3256: equipped: [Boots] 13
[10/05/26 12:32:14] D2BS 3256: equipped: [Mitts] 12
[10/05/26 12:32:14] D2BS 3256: updateStat
[10/05/26 12:32:14] D2BS 3256: granted: [Head] 13
[10/05/26 12:32:14] D2BS 3256: granted: [Body] 19
[10/05/26 12:32:14] D2BS 3256: granted: [ArmR] 20
[10/05/26 12:32:14] D2BS 3256: Loaded ÿc9[AutoSmurf.js]
[10/05/26 12:32:22] D2BS 3256: farmingON
[10/05/26 12:32:24] D2BS 3256: MiniShopBot: true
[10/05/26 12:32:24] D2BS 3256: UseMerc: true HP: 70
[10/05/26 12:32:47] D2BS 3256: equipped: [Head] 14
[10/05/26 12:32:51] D2BS 3256: Merc matched: Holy Freeze
[10/05/26 12:32:56] D2BS 3256: Token needed
[10/05/26 12:33:01] D2BS 3256: act5+ BO
[10/05/26 12:33:14] D2BS 3256: ÿc4=== [BAAL] ===
[10/05/26 12:36:42] D2BS 3256: ÿc4=== [COUNTESS] ===
[10/05/26 12:37:49] D2BS 3256: ÿc4=== [PIT] ===
[10/05/26 12:39:37] D2BS 3256: ÿc4=== [ANDY] ===
[10/05/26 12:40:33] D2BS 3256: ÿc4=== [MEPHISTO] ===
[10/05/26 12:41:39] D2BS 3256: ÿc4=== [DIABLO] ===
[10/05/26 12:46:35] D2BS 3256: party has left: fowo-xb
[10/05/26 12:46:35] D2BS 3256:  [14:21] +10.59% / [Level 87] 7.45%
[10/05/26 12:46:35] D2BS 3256: Script threads\autobuildthread.js ended
[10/05/26 12:46:35] D2BS 3256: Script threads\partythread.js ended
[10/05/26 12:46:35] D2BS 3256: Script threads\townchicken.js ended
[10/05/26 12:46:35] D2BS 3256: Script default.dbj ended
[10/05/26 12:46:45] D2BS 3256: Creating Game: pz-125
[10/05/26 12:46:47] D2BS 3256: ÿc2D2BSÿc0 :: Starting default.dbj
[10/05/26 12:46:47] D2BS 3256: ÿc2D2BSÿc0 :: default.dbj running.
[10/05/26 12:46:47] D2BS 3256: Loaded ÿc9[X.nip] [Y.nip] [Z.nip] [V.nip] [S.SFFW.nip]
[10/05/26 12:46:47] D2BS 3256: Loaded ÿc9[S.SFFW.js]
[10/05/26 12:46:47] D2BS 3256: equipped: [Head] 14
[10/05/26 12:46:47] D2BS 3256: equipped: [Neck] 16
[10/05/26 12:46:47] D2BS 3256: equipped: [Body] 19
[10/05/26 12:46:47] D2BS 3256: equipped: [ArmR] 31
[10/05/26 12:46:47] D2BS 3256: equipped: [ArmL] 18
[10/05/26 12:46:47] D2BS 3256: equipped: [RingR] 15
[10/05/26 12:46:47] D2BS 3256: equipped: [RingL] 12
[10/05/26 12:46:47] D2BS 3256: equipped: [Belt] 17
[10/05/26 12:46:47] D2BS 3256: equipped: [Boots] 13
[10/05/26 12:46:47] D2BS 3256: equipped: [Mitts] 12
[10/05/26 12:46:47] D2BS 3256: updateStat
[10/05/26 12:46:47] D2BS 3256: granted: [Head] 13
[10/05/26 12:46:47] D2BS 3256: granted: [Body] 19
[10/05/26 12:46:47] D2BS 3256: granted: [ArmR] 20
[10/05/26 12:46:47] D2BS 3256: Loaded ÿc9[AutoSmurf.js]
[10/05/26 12:46:55] D2BS 3256: farmingON
[10/05/26 12:46:58] D2BS 3256: MiniShopBot: true
[10/05/26 12:46:58] D2BS 3256: UseMerc: true HP: 70
[10/05/26 12:47:19] D2BS 3256: Merc matched: Holy Freeze
[10/05/26 12:47:27] D2BS 3256: Token needed
[10/05/26 12:47:32] D2BS 3256: act5+ BO
[10/05/26 12:47:45] D2BS 3256: ÿc4=== [BAAL] ===
[10/05/26 12:48:03] D2BS 3256: Baal failed: souls found
[10/05/26 12:48:04] D2BS 3256: ÿc4=== [COUNTESS] ===
[10/05/26 12:49:17] D2BS 3256: ÿc4=== [PIT] ===
[10/05/26 12:50:39] D2BS 3256: ÿc4=== [ANDY] ===
[10/05/26 12:51:35] D2BS 3256: ÿc4=== [MEPHISTO] ===
[10/05/26 12:52:47] D2BS 3256: ÿc4=== [DIABLO] ===
[10/05/26 12:58:33] D2BS 3256: party has left: fowo-xf
[10/05/26 12:58:33] D2BS 3256:  [11:46] +5.42% / [Level 87] 12.88%
[10/05/26 12:58:33] D2BS 3256: Script threads\autobuildthread.js ended
[10/05/26 12:58:33] D2BS 3256: Script threads\partythread.js ended
[10/05/26 12:58:33] D2BS 3256: Script threads\townchicken.js ended
[10/05/26 12:58:33] D2BS 3256: Script default.dbj ended
[10/05/26 12:58:42] D2BS 3256: Creating Game: pz-126
[10/05/26 12:58:44] D2BS 3256: ÿc2D2BSÿc0 :: Starting default.dbj
[10/05/26 12:58:44] D2BS 3256: ÿc2D2BSÿc0 :: default.dbj running.
[10/05/26 12:58:44] D2BS 3256: Loaded ÿc9[X.nip] [Y.nip] [Z.nip] [V.nip] [S.SFFW.nip]
[10/05/26 12:58:44] D2BS 3256: Loaded ÿc9[S.SFFW.js]
[10/05/26 12:58:44] D2BS 3256: equipped: [Head] 14
[10/05/26 12:58:44] D2BS 3256: equipped: [Neck] 16
[10/05/26 12:58:44] D2BS 3256: equipped: [Body] 19
[10/05/26 12:58:44] D2BS 3256: equipped: [ArmR] 31
[10/05/26 12:58:44] D2BS 3256: equipped: [ArmL] 18
[10/05/26 12:58:44] D2BS 3256: equipped: [RingR] 15
[10/05/26 12:58:44] D2BS 3256: equipped: [RingL] 12
[10/05/26 12:58:44] D2BS 3256: equipped: [Belt] 17
[10/05/26 12:58:44] D2BS 3256: equipped: [Boots] 13
[10/05/26 12:58:44] D2BS 3256: equipped: [Mitts] 12
[10/05/26 12:58:44] D2BS 3256: updateStat
[10/05/26 12:58:44] D2BS 3256: granted: [Head] 13
[10/05/26 12:58:44] D2BS 3256: granted: [Body] 19
[10/05/26 12:58:44] D2BS 3256: granted: [ArmR] 20
[10/05/26 12:58:44] D2BS 3256: Loaded ÿc9[AutoSmurf.js]
[10/05/26 12:58:52] D2BS 3256: farmingON
[10/05/26 12:58:55] D2BS 3256: MiniShopBot: true
[10/05/26 12:58:55] D2BS 3256: UseMerc: true HP: 70
[10/05/26 12:59:15] D2BS 3256: Merc matched: Holy Freeze
[10/05/26 12:59:27] D2BS 3256: Token needed
[10/05/26 12:59:32] D2BS 3256: act5+ BO
[10/05/26 12:59:45] D2BS 3256: ÿc4=== [BAAL] ===
[10/05/26 12:59:57] D2BS 3256: Going to town
[10/05/26 12:59:57] D2BS 3256: [Chicken] Life (350/2154) area:129 (12586,12194)
[10/05/26 12:59:57] D2BS 3256: no exp [01:13]
[10/05/26 12:59:57] D2BS 3256: Script threads\autobuildthread.js ended
[10/05/26 12:59:57] D2BS 3256: Script threads\partythread.js ended
[10/05/26 12:59:57] D2BS 3256: Script threads\townchicken.js ended
[10/05/26 12:59:57] D2BS 3256: Script default.dbj ended
[10/05/26 13:00:07] D2BS 3256: Creating Game: pz-127
[10/05/26 13:00:08] D2BS 3256: ÿc2D2BSÿc0 :: Starting default.dbj
[10/05/26 13:00:08] D2BS 3256: ÿc2D2BSÿc0 :: default.dbj running.
[10/05/26 13:00:08] D2BS 3256: Loaded ÿc9[X.nip] [Y.nip] [Z.nip] [V.nip] [S.SFFW.nip]
[10/05/26 13:00:08] D2BS 3256: Loaded ÿc9[S.SFFW.js]
[10/05/26 13:00:08] D2BS 3256: equipped: [Head] 14
[10/05/26 13:00:08] D2BS 3256: equipped: [Neck] 16
[10/05/26 13:00:08] D2BS 3256: equipped: [Body] 19
[10/05/26 13:00:08] D2BS 3256: equipped: [ArmR] 31
[10/05/26 13:00:08] D2BS 3256: equipped: [ArmL] 18
[10/05/26 13:00:08] D2BS 3256: equipped: [RingR] 15
[10/05/26 13:00:08] D2BS 3256: equipped: [RingL] 12
[10/05/26 13:00:08] D2BS 3256: equipped: [Belt] 17
[10/05/26 13:00:08] D2BS 3256: equipped: [Boots] 13
[10/05/26 13:00:08] D2BS 3256: equipped: [Mitts] 12
[10/05/26 13:00:08] D2BS 3256: updateStat
[10/05/26 13:00:08] D2BS 3256: granted: [Head] 13
[10/05/26 13:00:08] D2BS 3256: granted: [Body] 19
[10/05/26 13:00:08] D2BS 3256: granted: [ArmR] 20
[10/05/26 13:00:08] D2BS 3256: Loaded ÿc9[AutoSmurf.js]
[10/05/26 13:00:14] D2BS 3256: farmingON
[10/05/26 13:00:14] D2BS 3256: MiniShopBot: true
[10/05/26 13:00:14] D2BS 3256: UseMerc: true HP: 70
[10/05/26 13:00:34] D2BS 3256: Merc matched: Holy Freeze
[10/05/26 13:00:38] D2BS 3256: Token needed
[10/05/26 13:00:43] D2BS 3256: act5+ BO
[10/05/26 13:00:55] D2BS 3256: ÿc4=== [BAAL] ===
[10/05/26 13:01:19] D2BS 3256: Baal failed: souls found
[10/05/26 13:01:21] D2BS 3256: ÿc4=== [COUNTESS] ===
[10/05/26 13:02:39] D2BS 3256: ÿc4=== [PIT] ===
[10/05/26 13:04:35] D2BS 3256: ÿc4=== [ANDY] ===
[10/05/26 13:05:44] D2BS 3256: ÿc4=== [MEPHISTO] ===
[10/05/26 13:08:58] D2BS 3256: party has left: fowo-xf
[10/05/26 13:08:58] D2BS 3256:  [08:50] +2.18% / [Level 87] 15.06%
[10/05/26 13:08:58] D2BS 3256: Script threads\autobuildthread.js ended
[10/05/26 13:08:58] D2BS 3256: Script threads\partythread.js ended
[10/05/26 13:08:58] D2BS 3256: Script threads\townchicken.js ended
[10/05/26 13:08:58] D2BS 3256: Script default.dbj ended
[10/05/26 13:09:08] D2BS 3256: Creating Game: pz-128
[10/05/26 13:09:09] D2BS 3256: ÿc2D2BSÿc0 :: Starting default.dbj
[10/05/26 13:09:09] D2BS 3256: ÿc2D2BSÿc0 :: default.dbj running.
[10/05/26 13:09:10] D2BS 3256: Loaded ÿc9[X.nip] [Y.nip] [Z.nip] [V.nip] [S.SFFW.nip]
[10/05/26 13:09:10] D2BS 3256: Loaded ÿc9[S.SFFW.js]
[10/05/26 13:09:10] D2BS 3256: equipped: [Head] 14
[10/05/26 13:09:10] D2BS 3256: equipped: [Neck] 16
[10/05/26 13:09:10] D2BS 3256: equipped: [Body] 19
[10/05/26 13:09:10] D2BS 3256: equipped: [ArmR] 31
[10/05/26 13:09:10] D2BS 3256: equipped: [ArmL] 18
[10/05/26 13:09:10] D2BS 3256: equipped: [RingR] 15
[10/05/26 13:09:10] D2BS 3256: equipped: [RingL] 12
[10/05/26 13:09:10] D2BS 3256: equipped: [Belt] 17
[10/05/26 13:09:10] D2BS 3256: equipped: [Boots] 13
[10/05/26 13:09:10] D2BS 3256: equipped: [Mitts] 12
[10/05/26 13:09:10] D2BS 3256: updateStat
[10/05/26 13:09:10] D2BS 3256: granted: [Head] 13
[10/05/26 13:09:10] D2BS 3256: granted: [Body] 19
[10/05/26 13:09:10] D2BS 3256: granted: [ArmR] 20
[10/05/26 13:09:10] D2BS 3256: Loaded ÿc9[AutoSmurf.js]
[10/05/26 13:09:19] D2BS 3256: farmingON
[10/05/26 13:09:21] D2BS 3256: MiniShopBot: true
[10/05/26 13:09:21] D2BS 3256: UseMerc: true HP: 70
[10/05/26 13:09:40] D2BS 3256: Merc matched: Holy Freeze
[10/05/26 13:09:49] D2BS 3256: Token needed
[10/05/26 13:09:54] D2BS 3256: act5+ BO
[10/05/26 13:10:07] D2BS 3256: ÿc4=== [BAAL] ===
[10/05/26 13:13:46] D2BS 3256: ÿc4=== [COUNTESS] ===
[10/05/26 13:14:48] D2BS 3256: ÿc4=== [PIT] ===
[10/05/26 13:16:09] D2BS 3256: ÿc4=== [ANDY] ===
[10/05/26 13:17:09] D2BS 3256: ÿc4=== [MEPHISTO] ===
[10/05/26 13:18:39] D2BS 3256: ÿc4=== [DIABLO] ===
[10/05/26 13:24:24] D2BS 3256: party has left: fowo-xb
[10/05/26 13:24:24] D2BS 3256:  [15:14] +10.24% / [Level 87] 25.30%
[10/05/26 13:24:24] D2BS 3256: Script threads\autobuildthread.js ended
[10/05/26 13:24:24] D2BS 3256: Script threads\partythread.js ended
[10/05/26 13:24:24] D2BS 3256: Script threads\townchicken.js ended
[10/05/26 13:24:24] D2BS 3256: Script default.dbj ended
[10/05/26 13:24:33] D2BS 3256: Creating Game: pz-129
[10/05/26 13:24:35] D2BS 3256: ÿc2D2BSÿc0 :: Starting default.dbj
[10/05/26 13:24:35] D2BS 3256: ÿc2D2BSÿc0 :: default.dbj running.
[10/05/26 13:24:35] D2BS 3256: Loaded ÿc9[X.nip] [Y.nip] [Z.nip] [V.nip] [S.SFFW.nip]
[10/05/26 13:24:35] D2BS 3256: Loaded ÿc9[S.SFFW.js]
[10/05/26 13:24:35] D2BS 3256: equipped: [Head] 14
[10/05/26 13:24:35] D2BS 3256: equipped: [Neck] 16
[10/05/26 13:24:35] D2BS 3256: equipped: [Body] 19
[10/05/26 13:24:35] D2BS 3256: equipped: [ArmR] 31
[10/05/26 13:24:35] D2BS 3256: equipped: [ArmL] 18
[10/05/26 13:24:35] D2BS 3256: equipped: [RingR] 15
[10/05/26 13:24:35] D2BS 3256: equipped: [RingL] 12
[10/05/26 13:24:35] D2BS 3256: equipped: [Belt] 17
[10/05/26 13:24:35] D2BS 3256: equipped: [Boots] 13
[10/05/26 13:24:35] D2BS 3256: equipped: [Mitts] 12
[10/05/26 13:24:35] D2BS 3256: updateStat
[10/05/26 13:24:35] D2BS 3256: granted: [Head] 13
[10/05/26 13:24:35] D2BS 3256: granted: [Body] 19
[10/05/26 13:24:35] D2BS 3256: granted: [ArmR] 20
[10/05/26 13:24:35] D2BS 3256: Loaded ÿc9[AutoSmurf.js]
[10/05/26 13:24:43] D2BS 3256: farmingON
[10/05/26 13:24:46] D2BS 3256: MiniShopBot: true
[10/05/26 13:24:46] D2BS 3256: UseMerc: true HP: 70
[10/05/26 13:25:07] D2BS 3256: Merc matched: Holy Freeze
[10/05/26 13:25:15] D2BS 3256: Token needed
[10/05/26 13:25:19] D2BS 3256: act5+ BO
[10/05/26 13:25:33] D2BS 3256: ÿc4=== [BAAL] ===
[10/05/26 13:29:20] D2BS 3256: ÿc4=== [COUNTESS] ===
[10/05/26 13:30:29] D2BS 3256: ÿc4=== [PIT] ===
[10/05/26 13:32:05] D2BS 3256: ÿc4=== [ANDY] ===
[10/05/26 13:33:01] D2BS 3256: ÿc4=== [MEPHISTO] ===
[10/05/26 13:34:22] D2BS 3256: ÿc4=== [DIABLO] ===
[10/05/26 13:40:22] D2BS 3256: party has left: fowo-xg
[10/05/26 13:40:22] D2BS 3256:  [15:48] +11.98% / [Level 87] 37.28%
[10/05/26 13:40:22] D2BS 3256: Script threads\autobuildthread.js ended
[10/05/26 13:40:22] D2BS 3256: Script threads\partythread.js ended
[10/05/26 13:40:23] D2BS 3256: Script threads\townchicken.js ended
[10/05/26 13:40:23] D2BS 3256: Script default.dbj ended
[10/05/26 13:40:32] D2BS 3256: Creating Game: pz-130
[10/05/26 13:40:33] D2BS 3256: ÿc2D2BSÿc0 :: Starting default.dbj
[10/05/26 13:40:33] D2BS 3256: ÿc2D2BSÿc0 :: default.dbj running.
[10/05/26 13:40:33] D2BS 3256: Loaded ÿc9[X.nip] [Y.nip] [Z.nip] [V.nip] [S.SFFW.nip]
[10/05/26 13:40:33] D2BS 3256: Loaded ÿc9[S.SFFW.js]
[10/05/26 13:40:33] D2BS 3256: equipped: [Head] 14
[10/05/26 13:40:33] D2BS 3256: equipped: [Neck] 16
[10/05/26 13:40:33] D2BS 3256: equipped: [Body] 19
[10/05/26 13:40:33] D2BS 3256: equipped: [ArmR] 31
[10/05/26 13:40:33] D2BS 3256: equipped: [ArmL] 18
[10/05/26 13:40:33] D2BS 3256: equipped: [RingR] 15
[10/05/26 13:40:33] D2BS 3256: equipped: [RingL] 12
[10/05/26 13:40:33] D2BS 3256: equipped: [Belt] 17
[10/05/26 13:40:33] D2BS 3256: equipped: [Boots] 13
[10/05/26 13:40:33] D2BS 3256: equipped: [Mitts] 12
[10/05/26 13:40:33] D2BS 3256: updateStat
[10/05/26 13:40:33] D2BS 3256: granted: [Head] 13
[10/05/26 13:40:33] D2BS 3256: granted: [Body] 19
[10/05/26 13:40:33] D2BS 3256: granted: [ArmR] 20
[10/05/26 13:40:33] D2BS 3256: Loaded ÿc9[AutoSmurf.js]
[10/05/26 13:40:43] D2BS 3256: farmingON
[10/05/26 13:40:45] D2BS 3256: MiniShopBot: true
[10/05/26 13:40:45] D2BS 3256: UseMerc: true HP: 70
[10/05/26 13:41:03] D2BS 3256: granted: [Body] 20
[10/05/26 13:41:03] D2BS 3256: Merc matched: Holy Freeze
[10/05/26 13:41:14] D2BS 3256: Token needed
[10/05/26 13:41:19] D2BS 3256: act5+ BO
[10/05/26 13:41:31] D2BS 3256: ÿc4=== [BAAL] ===
[10/05/26 13:45:39] D2BS 3256: ÿc4=== [COUNTESS] ===
[10/05/26 13:46:51] D2BS 3256: ÿc4=== [PIT] ===
[10/05/26 13:48:32] D2BS 3256: ÿc4=== [ANDY] ===
[10/05/26 13:49:31] D2BS 3256: ÿc4=== [MEPHISTO] ===
[10/05/26 13:50:47] D2BS 3256: ÿc4=== [DIABLO] ===
[10/05/26 13:50:53] D2BS 3256: updateStat
[10/05/26 13:50:53] D2BS 3256: granted: [Head] 13
[10/05/26 13:50:53] D2BS 3256: granted: [Body] 20
[10/05/26 13:50:53] D2BS 3256: granted: [ArmR] 20
[10/05/26 13:55:29] D2BS 3256: updateStat
[10/05/26 13:56:02] D2BS 3256: Going to town
[10/05/26 13:57:09] D2BS 3256: party has left: fowo-xb
[10/05/26 13:57:09] D2BS 3256:  [16:35] +11.33% / [Level 87] 48.61%
[10/05/26 13:57:09] D2BS 3256: Script threads\autobuildthread.js ended
[10/05/26 13:57:09] D2BS 3256: Script threads\partythread.js ended
[10/05/26 13:57:09] D2BS 3256: Script threads\townchicken.js ended
[10/05/26 13:57:09] D2BS 3256: Script default.dbj ended
[10/05/26 13:57:20] D2BS 3256: Creating Game: pz-131
[10/05/26 13:57:21] D2BS 3256: ÿc2D2BSÿc0 :: Starting default.dbj
[10/05/26 13:57:21] D2BS 3256: ÿc2D2BSÿc0 :: default.dbj running.
[10/05/26 13:57:21] D2BS 3256: Loaded ÿc9[X.nip] [Y.nip] [Z.nip] [V.nip] [S.SFFW.nip]
[10/05/26 13:57:21] D2BS 3256: Loaded ÿc9[S.SFFW.js]
[10/05/26 13:57:21] D2BS 3256: equipped: [Head] 14
[10/05/26 13:57:21] D2BS 3256: equipped: [Neck] 16
[10/05/26 13:57:21] D2BS 3256: equipped: [Body] 19
[10/05/26 13:57:21] D2BS 3256: equipped: [ArmR] 31
[10/05/26 13:57:21] D2BS 3256: equipped: [ArmL] 18
[10/05/26 13:57:21] D2BS 3256: equipped: [RingR] 15
[10/05/26 13:57:21] D2BS 3256: equipped: [RingL] 12
[10/05/26 13:57:21] D2BS 3256: equipped: [Belt] 17
[10/05/26 13:57:21] D2BS 3256: equipped: [Boots] 13
[10/05/26 13:57:21] D2BS 3256: equipped: [Mitts] 12
[10/05/26 13:57:21] D2BS 3256: updateStat
[10/05/26 13:57:21] D2BS 3256: granted: [Head] 13
[10/05/26 13:57:21] D2BS 3256: granted: [Body] 20
[10/05/26 13:57:21] D2BS 3256: granted: [ArmR] 20
[10/05/26 13:57:21] D2BS 3256: Loaded ÿc9[AutoSmurf.js]
[10/05/26 13:57:29] D2BS 3256: farmingON
[10/05/26 13:57:32] D2BS 3256: MiniShopBot: true
[10/05/26 13:57:32] D2BS 3256: UseMerc: true HP: 70
[10/05/26 13:57:52] D2BS 3256: equipped: [Head] 16
[10/05/26 13:57:53] D2BS 3256: granted: [Head] 14
[10/05/26 13:57:53] D2BS 3256: Merc matched: Holy Freeze
[10/05/26 13:58:04] D2BS 3256: Token needed
[10/05/26 13:58:08] D2BS 3256: act5+ BO
[10/05/26 13:58:20] D2BS 3256: ÿc4=== [BAAL] ===
[10/05/26 13:58:36] D2BS 3256: Baal failed: souls found
[10/05/26 13:58:38] D2BS 3256: ÿc4=== [COUNTESS] ===
[10/05/26 13:59:48] D2BS 3256: ÿc4=== [PIT] ===
[10/05/26 14:01:17] D2BS 3256: ÿc4=== [ANDY] ===
[10/05/26 14:02:07] D2BS 3256: ÿc4=== [MEPHISTO] ===
[10/05/26 14:03:33] D2BS 3256: ÿc4=== [DIABLO] ===
[10/05/26 14:05:59] D2BS 3256: party has left: fowo-xc
[10/05/26 14:05:59] D2BS 3256:  [08:38] +1.91% / [Level 87] 50.51%
[10/05/26 14:05:59] D2BS 3256: Script threads\autobuildthread.js ended
[10/05/26 14:05:59] D2BS 3256: Script threads\partythread.js ended
[10/05/26 14:05:59] D2BS 3256: Script threads\townchicken.js ended
[10/05/26 14:05:59] D2BS 3256: Script default.dbj ended
[10/05/26 14:06:09] D2BS 3256: Creating Game: pz-132
[10/05/26 14:06:10] D2BS 3256: ÿc2D2BSÿc0 :: Starting default.dbj
[10/05/26 14:06:10] D2BS 3256: ÿc2D2BSÿc0 :: default.dbj running.
[10/05/26 14:06:10] D2BS 3256: Loaded ÿc9[X.nip] [Y.nip] [Z.nip] [V.nip] [S.SFFW.nip]
[10/05/26 14:06:10] D2BS 3256: Loaded ÿc9[S.SFFW.js]
[10/05/26 14:06:10] D2BS 3256: equipped: [Head] 16
[10/05/26 14:06:11] D2BS 3256: equipped: [Neck] 16
[10/05/26 14:06:11] D2BS 3256: equipped: [Body] 19
[10/05/26 14:06:11] D2BS 3256: equipped: [ArmR] 31
[10/05/26 14:06:11] D2BS 3256: equipped: [ArmL] 18
[10/05/26 14:06:11] D2BS 3256: equipped: [RingR] 15
[10/05/26 14:06:11] D2BS 3256: equipped: [RingL] 12
[10/05/26 14:06:11] D2BS 3256: equipped: [Belt] 17
[10/05/26 14:06:11] D2BS 3256: equipped: [Boots] 13
[10/05/26 14:06:11] D2BS 3256: equipped: [Mitts] 12
[10/05/26 14:06:11] D2BS 3256: updateStat
[10/05/26 14:06:11] D2BS 3256: granted: [Head] 14
[10/05/26 14:06:11] D2BS 3256: granted: [Body] 20
[10/05/26 14:06:11] D2BS 3256: granted: [ArmR] 20
[10/05/26 14:06:11] D2BS 3256: Loaded ÿc9[AutoSmurf.js]
[10/05/26 14:06:20] D2BS 3256: farmingON
[10/05/26 14:06:23] D2BS 3256: MiniShopBot: true
[10/05/26 14:06:23] D2BS 3256: UseMerc: true HP: 70
[10/05/26 14:06:39] D2BS 3256: Merc matched: Holy Freeze
[10/05/26 14:06:53] D2BS 3256: Token needed
[10/05/26 14:06:58] D2BS 3256: act5+ BO
[10/05/26 14:07:11] D2BS 3256: ÿc4=== [BAAL] ===
[10/05/26 14:10:23] D2BS 3256: ÿc4=== [COUNTESS] ===
[10/05/26 14:10:59] D2BS 3256: party has left: fowo-xg
[10/05/26 14:10:59] D2BS 3256:  [04:49] +4.87% / [Level 87] 55.38%
[10/05/26 14:10:59] D2BS 3256: Script threads\autobuildthread.js ended
[10/05/26 14:10:59] D2BS 3256: Script threads\partythread.js ended
[10/05/26 14:10:59] D2BS 3256: Script threads\townchicken.js ended
[10/05/26 14:10:59] D2BS 3256: Script default.dbj ended
[10/05/26 14:11:08] D2BS 3256: Creating Game: pz-133
[10/05/26 14:11:10] D2BS 3256: ÿc2D2BSÿc0 :: Starting default.dbj
[10/05/26 14:11:10] D2BS 3256: ÿc2D2BSÿc0 :: default.dbj running.
[10/05/26 14:11:10] D2BS 3256: Loaded ÿc9[X.nip] [Y.nip] [Z.nip] [V.nip] [S.SFFW.nip]
[10/05/26 14:11:10] D2BS 3256: Loaded ÿc9[S.SFFW.js]
[10/05/26 14:11:10] D2BS 3256: equipped: [Head] 16
[10/05/26 14:11:10] D2BS 3256: equipped: [Neck] 16
[10/05/26 14:11:10] D2BS 3256: equipped: [Body] 19
[10/05/26 14:11:10] D2BS 3256: equipped: [ArmR] 31
[10/05/26 14:11:10] D2BS 3256: equipped: [ArmL] 18
[10/05/26 14:11:10] D2BS 3256: equipped: [RingR] 15
[10/05/26 14:11:10] D2BS 3256: equipped: [RingL] 12
[10/05/26 14:11:10] D2BS 3256: equipped: [Belt] 17
[10/05/26 14:11:10] D2BS 3256: equipped: [Boots] 13
[10/05/26 14:11:10] D2BS 3256: equipped: [Mitts] 12
[10/05/26 14:11:10] D2BS 3256: updateStat
[10/05/26 14:11:10] D2BS 3256: granted: [Head] 14
[10/05/26 14:11:10] D2BS 3256: granted: [Body] 20
[10/05/26 14:11:10] D2BS 3256: granted: [ArmR] 20
[10/05/26 14:11:10] D2BS 3256: Loaded ÿc9[AutoSmurf.js]
[10/05/26 14:11:15] D2BS 3256: farmingON
[10/05/26 14:11:16] D2BS 3256: MiniShopBot: true
[10/05/26 14:11:16] D2BS 3256: UseMerc: true HP: 70
[10/05/26 14:11:32] D2BS 3256: Merc matched: Holy Freeze
[10/05/26 14:11:43] D2BS 3256: Token needed
[10/05/26 14:11:48] D2BS 3256: act5+ BO
[10/05/26 14:12:01] D2BS 3256: ÿc4=== [BAAL] ===
[10/05/26 14:12:15] D2BS 3256: Going to town
[10/05/26 14:12:15] D2BS 3256: [Chicken] Life (334/2232) area:129 (12539,12081)
[10/05/26 14:12:15] D2BS 3256: no exp [01:05]
[10/05/26 14:12:15] D2BS 3256: Script threads\autobuildthread.js ended
[10/05/26 14:12:15] D2BS 3256: Script threads\partythread.js ended
[10/05/26 14:12:17] D2BS 3256: Script threads\townchicken.js ended
[10/05/26 14:12:17] D2BS 3256: Script default.dbj ended
[10/05/26 14:12:26] D2BS 3256: Creating Game: pz-134
[10/05/26 14:12:27] D2BS 3256: ÿc2D2BSÿc0 :: Starting default.dbj
[10/05/26 14:12:27] D2BS 3256: ÿc2D2BSÿc0 :: default.dbj running.
[10/05/26 14:12:27] D2BS 3256: Loaded ÿc9[X.nip] [Y.nip] [Z.nip] [V.nip] [S.SFFW.nip]
[10/05/26 14:12:27] D2BS 3256: Loaded ÿc9[S.SFFW.js]
[10/05/26 14:12:27] D2BS 3256: equipped: [Head] 16
[10/05/26 14:12:27] D2BS 3256: equipped: [Neck] 16
[10/05/26 14:12:27] D2BS 3256: equipped: [Body] 19
[10/05/26 14:12:27] D2BS 3256: equipped: [ArmR] 31
[10/05/26 14:12:27] D2BS 3256: equipped: [ArmL] 18
[10/05/26 14:12:27] D2BS 3256: equipped: [RingR] 15
[10/05/26 14:12:27] D2BS 3256: equipped: [RingL] 12
[10/05/26 14:12:27] D2BS 3256: equipped: [Belt] 17
[10/05/26 14:12:27] D2BS 3256: equipped: [Boots] 13
[10/05/26 14:12:27] D2BS 3256: equipped: [Mitts] 12
[10/05/26 14:12:27] D2BS 3256: updateStat
[10/05/26 14:12:27] D2BS 3256: granted: [Head] 14
[10/05/26 14:12:27] D2BS 3256: granted: [Body] 20
[10/05/26 14:12:27] D2BS 3256: granted: [ArmR] 20
[10/05/26 14:12:27] D2BS 3256: Loaded ÿc9[AutoSmurf.js]
[10/05/26 14:12:34] D2BS 3256: farmingON
[10/05/26 14:12:34] D2BS 3256: MiniShopBot: true
[10/05/26 14:12:34] D2BS 3256: UseMerc: true HP: 70
[10/05/26 14:12:54] D2BS 3256: Merc matched: Holy Freeze
[10/05/26 14:13:00] D2BS 3256: Token needed
[10/05/26 14:13:04] D2BS 3256: act5+ BO
[10/05/26 14:13:17] D2BS 3256: ÿc4=== [BAAL] ===
[10/05/26 14:13:22] D2BS 3256: Going to town
[10/05/26 14:13:22] D2BS 3256: [Chicken] Life (654/2232) area:129 (12852,12119)
[10/05/26 14:13:22] D2BS 3256: no exp [00:55]
[10/05/26 14:13:22] D2BS 3256: Script threads\autobuildthread.js ended
[10/05/26 14:13:24] D2BS 3256: Script threads\partythread.js ended
[10/05/26 14:13:24] D2BS 3256: Script threads\townchicken.js ended
[10/05/26 14:13:24] D2BS 3256: Script default.dbj ended
[10/05/26 14:13:36] D2BS 3256: Creating Game: pz-135
[10/05/26 14:13:37] D2BS 3256: ÿc2D2BSÿc0 :: Starting default.dbj
[10/05/26 14:13:37] D2BS 3256: ÿc2D2BSÿc0 :: default.dbj running.
[10/05/26 14:13:37] D2BS 3256: Loaded ÿc9[X.nip] [Y.nip] [Z.nip] [V.nip] [S.SFFW.nip]
[10/05/26 14:13:37] D2BS 3256: Loaded ÿc9[S.SFFW.js]
[10/05/26 14:13:37] D2BS 3256: equipped: [Head] 16
[10/05/26 14:13:37] D2BS 3256: equipped: [Neck] 16
[10/05/26 14:13:37] D2BS 3256: equipped: [Body] 19
[10/05/26 14:13:37] D2BS 3256: equipped: [ArmR] 31
[10/05/26 14:13:37] D2BS 3256: equipped: [ArmL] 18
[10/05/26 14:13:37] D2BS 3256: equipped: [RingR] 15
[10/05/26 14:13:37] D2BS 3256: equipped: [RingL] 12
[10/05/26 14:13:37] D2BS 3256: equipped: [Belt] 17
[10/05/26 14:13:37] D2BS 3256: equipped: [Boots] 13
[10/05/26 14:13:37] D2BS 3256: equipped: [Mitts] 12
[10/05/26 14:13:37] D2BS 3256: updateStat
[10/05/26 14:13:37] D2BS 3256: granted: [Head] 14
[10/05/26 14:13:37] D2BS 3256: granted: [Body] 20
[10/05/26 14:13:37] D2BS 3256: granted: [ArmR] 20
[10/05/26 14:13:37] D2BS 3256: Loaded ÿc9[AutoSmurf.js]
[10/05/26 14:13:43] D2BS 3256: farmingON
[10/05/26 14:13:44] D2BS 3256: MiniShopBot: true
[10/05/26 14:13:44] D2BS 3256: UseMerc: true HP: 70
[10/05/26 14:14:04] D2BS 3256: Merc matched: Holy Freeze
[10/05/26 14:14:09] D2BS 3256: Token needed
[10/05/26 14:14:14] D2BS 3256: act5+ BO
[10/05/26 14:14:26] D2BS 3256: ÿc4=== [BAAL] ===
[10/05/26 14:17:51] D2BS 3256: ÿc4=== [COUNTESS] ===
[10/05/26 14:18:52] D2BS 3256: ÿc4=== [PIT] ===
[10/05/26 14:20:28] D2BS 3256: ÿc4=== [ANDY] ===
[10/05/26 14:21:18] D2BS 3256: ÿc4=== [MEPHISTO] ===
[10/05/26 14:22:37] D2BS 3256: ÿc4=== [DIABLO] ===
[10/05/26 14:28:55] D2BS 3256: party has left: fowo-xc
[10/05/26 14:28:55] D2BS 3256:  [15:18] +12.03% / [Level 87] 57.41%
[10/05/26 14:28:55] D2BS 3256: Script threads\autobuildthread.js ended
[10/05/26 14:28:55] D2BS 3256: Script threads\partythread.js ended
[10/05/26 14:28:55] D2BS 3256: Script threads\townchicken.js ended
[10/05/26 14:28:55] D2BS 3256: Script default.dbj ended
[10/05/26 14:29:05] D2BS 3256: Creating Game: pz-136
[10/05/26 14:29:06] D2BS 3256: ÿc2D2BSÿc0 :: Starting default.dbj
[10/05/26 14:29:06] D2BS 3256: ÿc2D2BSÿc0 :: default.dbj running.
[10/05/26 14:29:06] D2BS 3256: Loaded ÿc9[X.nip] [Y.nip] [Z.nip] [V.nip] [S.SFFW.nip]
[10/05/26 14:29:06] D2BS 3256: Loaded ÿc9[S.SFFW.js]
[10/05/26 14:29:06] D2BS 3256: equipped: [Head] 16
[10/05/26 14:29:06] D2BS 3256: equipped: [Neck] 16
[10/05/26 14:29:06] D2BS 3256: equipped: [Body] 19
[10/05/26 14:29:06] D2BS 3256: equipped: [ArmR] 31
[10/05/26 14:29:06] D2BS 3256: equipped: [ArmL] 18
[10/05/26 14:29:06] D2BS 3256: equipped: [RingR] 15
[10/05/26 14:29:07] D2BS 3256: equipped: [RingL] 12
[10/05/26 14:29:07] D2BS 3256: equipped: [Belt] 17
[10/05/26 14:29:07] D2BS 3256: equipped: [Boots] 13
[10/05/26 14:29:07] D2BS 3256: equipped: [Mitts] 12
[10/05/26 14:29:07] D2BS 3256: updateStat
[10/05/26 14:29:07] D2BS 3256: granted: [Head] 14
[10/05/26 14:29:07] D2BS 3256: granted: [Body] 20
[10/05/26 14:29:07] D2BS 3256: granted: [ArmR] 20
[10/05/26 14:29:07] D2BS 3256: Loaded ÿc9[AutoSmurf.js]
[10/05/26 14:29:15] D2BS 3256: farmingON
[10/05/26 14:29:17] D2BS 3256: MiniShopBot: true
[10/05/26 14:29:17] D2BS 3256: UseMerc: true HP: 70
[10/05/26 14:29:39] D2BS 3256: Merc matched: Holy Freeze
[10/05/26 14:29:48] D2BS 3256: Token needed
[10/05/26 14:29:53] D2BS 3256: act5+ BO
[10/05/26 14:30:05] D2BS 3256: ÿc4=== [BAAL] ===
[10/05/26 14:30:13] D2BS 3256: Baal failed: souls found
[10/05/26 14:30:15] D2BS 3256: ÿc4=== [COUNTESS] ===
[10/05/26 14:31:13] D2BS 3256: ÿc4=== [PIT] ===
[10/05/26 14:32:53] D2BS 3256: ÿc4=== [ANDY] ===
[10/05/26 14:33:47] D2BS 3256: ÿc4=== [MEPHISTO] ===
[10/05/26 14:35:17] D2BS 3256: ÿc4=== [DIABLO] ===
[10/05/26 14:36:39] D2BS 3256: party has left: fowo-xd
[10/05/26 14:36:39] D2BS 3256:  [07:33] +2.56% / [Level 87] 59.97%
[10/05/26 14:36:39] D2BS 3256: Script threads\autobuildthread.js ended
[10/05/26 14:36:39] D2BS 3256: Script threads\partythread.js ended
[10/05/26 14:36:39] D2BS 3256: Script threads\townchicken.js ended
[10/05/26 14:36:39] D2BS 3256: Script default.dbj ended
[10/05/26 14:36:48] D2BS 3256: Creating Game: pz-137
[10/05/26 14:36:49] D2BS 3256: ÿc2D2BSÿc0 :: Starting default.dbj
[10/05/26 14:36:49] D2BS 3256: ÿc2D2BSÿc0 :: default.dbj running.
[10/05/26 14:36:49] D2BS 3256: Loaded ÿc9[X.nip] [Y.nip] [Z.nip] [V.nip] [S.SFFW.nip]
[10/05/26 14:36:49] D2BS 3256: Loaded ÿc9[S.SFFW.js]
[10/05/26 14:36:49] D2BS 3256: equipped: [Head] 16
[10/05/26 14:36:49] D2BS 3256: equipped: [Neck] 16
[10/05/26 14:36:49] D2BS 3256: equipped: [Body] 19
[10/05/26 14:36:49] D2BS 3256: equipped: [ArmR] 31
[10/05/26 14:36:49] D2BS 3256: equipped: [ArmL] 18
[10/05/26 14:36:49] D2BS 3256: equipped: [RingR] 15
[10/05/26 14:36:49] D2BS 3256: equipped: [RingL] 12
[10/05/26 14:36:49] D2BS 3256: equipped: [Belt] 17
[10/05/26 14:36:49] D2BS 3256: equipped: [Boots] 13
[10/05/26 14:36:49] D2BS 3256: equipped: [Mitts] 12
[10/05/26 14:36:49] D2BS 3256: updateStat
[10/05/26 14:36:49] D2BS 3256: granted: [Head] 14
[10/05/26 14:36:49] D2BS 3256: granted: [Body] 20
[10/05/26 14:36:49] D2BS 3256: granted: [ArmR] 20
[10/05/26 14:36:49] D2BS 3256: Loaded ÿc9[AutoSmurf.js]
[10/05/26 14:36:58] D2BS 3256: farmingON
[10/05/26 14:37:00] D2BS 3256: MiniShopBot: true
[10/05/26 14:37:00] D2BS 3256: UseMerc: true HP: 70
[10/05/26 14:37:18] D2BS 3256: Merc matched: Holy Freeze
[10/05/26 14:37:32] D2BS 3256: Token needed
[10/05/26 14:37:36] D2BS 3256: act5+ BO
[10/05/26 14:37:50] D2BS 3256: ÿc4=== [BAAL] ===
[10/05/26 14:41:12] D2BS 3256: ÿc4=== [COUNTESS] ===
[10/05/26 14:42:22] D2BS 3256: ÿc4=== [PIT] ===
[10/05/26 14:43:53] D2BS 3256: ÿc4=== [ANDY] ===
[10/05/26 14:45:03] D2BS 3256: ÿc4=== [MEPHISTO] ===
[10/05/26 14:46:15] D2BS 3256: ÿc4=== [DIABLO] ===
[10/05/26 14:52:48] D2BS 3256: Script ended
[10/05/26 14:52:48] D2BS 3256:  [15:59] +12.66% / [Level 87] 72.63%
[10/05/26 14:52:48] D2BS 3256: Script threads\autobuildthread.js ended
[10/05/26 14:52:49] D2BS 3256: Script threads\partythread.js ended
[10/05/26 14:52:49] D2BS 3256: Script threads\townchicken.js ended
[10/05/26 14:52:59] D2BS 3256: Creating Game: pz-138
[10/05/26 14:53:00] D2BS 3256: ÿc2D2BSÿc0 :: Starting default.dbj
[10/05/26 14:53:00] D2BS 3256: ÿc2D2BSÿc0 :: default.dbj running.
[10/05/26 14:53:00] D2BS 3256: Loaded ÿc9[X.nip] [Y.nip] [Z.nip] [V.nip] [S.SFFW.nip]
[10/05/26 14:53:00] D2BS 3256: Loaded ÿc9[S.SFFW.js]
[10/05/26 14:53:00] D2BS 3256: equipped: [Head] 16
[10/05/26 14:53:00] D2BS 3256: equipped: [Neck] 16
[10/05/26 14:53:00] D2BS 3256: equipped: [Body] 19
[10/05/26 14:53:00] D2BS 3256: equipped: [ArmR] 31
[10/05/26 14:53:00] D2BS 3256: equipped: [ArmL] 18
[10/05/26 14:53:00] D2BS 3256: equipped: [RingR] 15
[10/05/26 14:53:00] D2BS 3256: equipped: [RingL] 12
[10/05/26 14:53:00] D2BS 3256: equipped: [Belt] 17
[10/05/26 14:53:00] D2BS 3256: equipped: [Boots] 13
[10/05/26 14:53:00] D2BS 3256: equipped: [Mitts] 12
[10/05/26 14:53:00] D2BS 3256: updateStat
[10/05/26 14:53:00] D2BS 3256: granted: [Head] 14
[10/05/26 14:53:00] D2BS 3256: granted: [Body] 20
[10/05/26 14:53:00] D2BS 3256: granted: [ArmR] 20
[10/05/26 14:53:00] D2BS 3256: Loaded ÿc9[AutoSmurf.js]
[10/05/26 14:53:08] D2BS 3256: farmingON
[10/05/26 14:53:11] D2BS 3256: MiniShopBot: true
[10/05/26 14:53:11] D2BS 3256: UseMerc: true HP: 70
[10/05/26 14:53:26] D2BS 3256: Merc matched: Holy Freeze
[10/05/26 14:53:43] D2BS 3256: Token needed
[10/05/26 14:53:47] D2BS 3256: act5+ BO
[10/05/26 14:54:00] D2BS 3256: ÿc4=== [BAAL] ===
[10/05/26 14:54:14] D2BS 3256: Baal failed: souls found
[10/05/26 14:54:14] D2BS 3256: Going to town
[10/05/26 14:54:15] D2BS 3256: [Chicken] Life (341/2232) area:131 (15097,5237)
[10/05/26 14:54:15] D2BS 3256: no exp [01:15]
[10/05/26 14:54:15] D2BS 3256: Script threads\autobuildthread.js ended
[10/05/26 14:54:19] D2BS 3256: Script threads\partythread.js ended
[10/05/26 14:54:19] D2BS 3256: Script threads\townchicken.js ended
[10/05/26 14:54:19] D2BS 3256: Script default.dbj ended
[10/05/26 14:54:26] D2BS 3256: Creating Game: pz-139
[10/05/26 14:54:28] D2BS 3256: ÿc2D2BSÿc0 :: Starting default.dbj
[10/05/26 14:54:28] D2BS 3256: ÿc2D2BSÿc0 :: default.dbj running.
[10/05/26 14:54:28] D2BS 3256: Loaded ÿc9[X.nip] [Y.nip] [Z.nip] [V.nip] [S.SFFW.nip]
[10/05/26 14:54:28] D2BS 3256: Loaded ÿc9[S.SFFW.js]
[10/05/26 14:54:28] D2BS 3256: equipped: [Head] 16
[10/05/26 14:54:28] D2BS 3256: equipped: [Neck] 16
[10/05/26 14:54:28] D2BS 3256: equipped: [Body] 19
[10/05/26 14:54:28] D2BS 3256: equipped: [ArmR] 31
[10/05/26 14:54:28] D2BS 3256: equipped: [ArmL] 18
[10/05/26 14:54:28] D2BS 3256: equipped: [RingR] 15
[10/05/26 14:54:28] D2BS 3256: equipped: [RingL] 12
[10/05/26 14:54:28] D2BS 3256: equipped: [Belt] 17
[10/05/26 14:54:28] D2BS 3256: equipped: [Boots] 13
[10/05/26 14:54:28] D2BS 3256: equipped: [Mitts] 12
[10/05/26 14:54:28] D2BS 3256: updateStat
[10/05/26 14:54:28] D2BS 3256: granted: [Head] 14
[10/05/26 14:54:28] D2BS 3256: granted: [Body] 20
[10/05/26 14:54:28] D2BS 3256: granted: [ArmR] 20
[10/05/26 14:54:28] D2BS 3256: Loaded ÿc9[AutoSmurf.js]
[10/05/26 14:54:32] D2BS 3256: Script default.dbj ended
[10/05/26 14:54:32] D2BS 3256: Script threads\autobuildthread.js ended
[10/05/26 14:54:32] D2BS 3256: Script threads\partythread.js ended
[10/05/26 14:54:32] D2BS 3256: Script threads\toolsthread.js ended
[10/05/26 14:54:32] D2BS 3256: Script threads\townchicken.js ended
[10/05/26 14:54:38] D2BS 3256: [Strict Warning] Code(162) File(c:\users\administrator\desktop\261004 autosmurf\d2bs\kolbot\d2botlead.dbj:357) reference to undefined property me.gamename.split(...)[1]
Line: (null)
[10/05/26 14:54:38] D2BS 3256: [ÿc9Strict Warningÿc0 (162)] File(kolbot\d2botlead.dbj:357) reference to undefined property me.gamename.split(...)[1]
[10/05/26 14:56:41] D2BS 3256: Creating Game: pz-140
[10/05/26 14:56:43] D2BS 3256: ÿc2D2BSÿc0 :: Starting default.dbj
[10/05/26 14:56:43] D2BS 3256: ÿc2D2BSÿc0 :: default.dbj running.
[10/05/26 14:56:43] D2BS 3256: Loaded ÿc9[X.nip] [Y.nip] [Z.nip] [V.nip] [S.SFFW.nip]
[10/05/26 14:56:43] D2BS 3256: Loaded ÿc9[S.SFFW.js]
[10/05/26 14:56:43] D2BS 3256: equipped: [Head] 16
[10/05/26 14:56:43] D2BS 3256: equipped: [Neck] 16
[10/05/26 14:56:43] D2BS 3256: equipped: [Body] 19
[10/05/26 14:56:43] D2BS 3256: equipped: [ArmR] 31
[10/05/26 14:56:43] D2BS 3256: equipped: [ArmL] 18
[10/05/26 14:56:43] D2BS 3256: equipped: [RingR] 15
[10/05/26 14:56:43] D2BS 3256: equipped: [RingL] 12
[10/05/26 14:56:43] D2BS 3256: equipped: [Belt] 17
[10/05/26 14:56:43] D2BS 3256: equipped: [Boots] 13
[10/05/26 14:56:43] D2BS 3256: equipped: [Mitts] 12
[10/05/26 14:56:43] D2BS 3256: updateStat
[10/05/26 14:56:43] D2BS 3256: granted: [Head] 14
[10/05/26 14:56:43] D2BS 3256: granted: [Body] 20
[10/05/26 14:56:43] D2BS 3256: granted: [ArmR] 20
[10/05/26 14:56:43] D2BS 3256: Loaded ÿc9[AutoSmurf.js]
[10/05/26 14:56:49] D2BS 3256: farmingON
[10/05/26 14:56:50] D2BS 3256: MiniShopBot: true
[10/05/26 14:56:50] D2BS 3256: UseMerc: true HP: 70
[10/05/26 14:57:12] D2BS 3256: Merc matched: Holy Freeze
[10/05/26 14:57:17] D2BS 3256: Token needed
[10/05/26 14:57:21] D2BS 3256: act5+ BO
[10/05/26 14:57:26] D2BS 3256: party has left: fowo-xg
[10/05/26 14:57:26] D2BS 3256: no exp [00:43]
[10/05/26 14:57:26] D2BS 3256: Script threads\autobuildthread.js ended
[10/05/26 14:57:27] D2BS 3256: Script threads\partythread.js ended
[10/05/26 14:57:27] D2BS 3256: Script threads\townchicken.js ended
[10/05/26 14:57:28] D2BS 3256: Script default.dbj ended
[10/05/26 14:57:50] D2BS 3256: Creating Game: pz-141
[10/05/26 14:57:52] D2BS 3256: ÿc2D2BSÿc0 :: Starting default.dbj
[10/05/26 14:57:52] D2BS 3256: ÿc2D2BSÿc0 :: default.dbj running.
[10/05/26 14:57:52] D2BS 3256: Loaded ÿc9[X.nip] [Y.nip] [Z.nip] [V.nip] [S.SFFW.nip]
[10/05/26 14:57:52] D2BS 3256: Loaded ÿc9[S.SFFW.js]
[10/05/26 14:57:52] D2BS 3256: equipped: [Head] 16
[10/05/26 14:57:52] D2BS 3256: equipped: [Neck] 16
[10/05/26 14:57:52] D2BS 3256: equipped: [Body] 19
[10/05/26 14:57:52] D2BS 3256: equipped: [ArmR] 31
[10/05/26 14:57:52] D2BS 3256: equipped: [ArmL] 18
[10/05/26 14:57:52] D2BS 3256: equipped: [RingR] 15
[10/05/26 14:57:52] D2BS 3256: equipped: [RingL] 12
[10/05/26 14:57:52] D2BS 3256: equipped: [Belt] 17
[10/05/26 14:57:52] D2BS 3256: equipped: [Boots] 13
[10/05/26 14:57:52] D2BS 3256: equipped: [Mitts] 12
[10/05/26 14:57:52] D2BS 3256: updateStat
[10/05/26 14:57:52] D2BS 3256: granted: [Head] 14
[10/05/26 14:57:52] D2BS 3256: granted: [Body] 20
[10/05/26 14:57:52] D2BS 3256: granted: [ArmR] 20
[10/05/26 14:57:52] D2BS 3256: Loaded ÿc9[AutoSmurf.js]
[10/05/26 14:57:58] D2BS 3256: farmingON
[10/05/26 14:57:58] D2BS 3256: MiniShopBot: true
[10/05/26 14:57:58] D2BS 3256: UseMerc: true HP: 70
[10/05/26 14:58:15] D2BS 3256: Merc matched: Holy Freeze
[10/05/26 14:58:22] D2BS 3256: Token needed
[10/05/26 14:58:25] D2BS 3256: party has left: fowo-xd
[10/05/26 14:58:25] D2BS 3256: no exp [00:33]
[10/05/26 14:58:25] D2BS 3256: Script threads\autobuildthread.js ended
[10/05/26 14:58:25] D2BS 3256: Script threads\partythread.js ended
[10/05/26 14:58:25] D2BS 3256: Script threads\townchicken.js ended
[10/05/26 14:58:25] D2BS 3256: Script default.dbj ended
[10/05/26 14:58:59] D2BS 3256: Creating Game: pz-142
[10/05/26 14:59:00] D2BS 3256: ÿc2D2BSÿc0 :: Starting default.dbj
[10/05/26 14:59:00] D2BS 3256: ÿc2D2BSÿc0 :: default.dbj running.
[10/05/26 14:59:00] D2BS 3256: Loaded ÿc9[X.nip] [Y.nip] [Z.nip] [V.nip] [S.SFFW.nip]
[10/05/26 14:59:00] D2BS 3256: Loaded ÿc9[S.SFFW.js]
[10/05/26 14:59:00] D2BS 3256: equipped: [Head] 16
[10/05/26 14:59:00] D2BS 3256: equipped: [Neck] 16
[10/05/26 14:59:00] D2BS 3256: equipped: [Body] 19
[10/05/26 14:59:00] D2BS 3256: equipped: [ArmR] 31
[10/05/26 14:59:00] D2BS 3256: equipped: [ArmL] 18
[10/05/26 14:59:00] D2BS 3256: equipped: [RingR] 15
[10/05/26 14:59:00] D2BS 3256: equipped: [RingL] 12
[10/05/26 14:59:00] D2BS 3256: equipped: [Belt] 17
[10/05/26 14:59:00] D2BS 3256: equipped: [Boots] 13
[10/05/26 14:59:00] D2BS 3256: equipped: [Mitts] 12
[10/05/26 14:59:00] D2BS 3256: updateStat
[10/05/26 14:59:00] D2BS 3256: granted: [Head] 14
[10/05/26 14:59:00] D2BS 3256: granted: [Body] 20
[10/05/26 14:59:00] D2BS 3256: granted: [ArmR] 20
[10/05/26 14:59:00] D2BS 3256: Loaded ÿc9[AutoSmurf.js]
[10/05/26 14:59:06] D2BS 3256: farmingON
[10/05/26 14:59:06] D2BS 3256: MiniShopBot: true
[10/05/26 14:59:06] D2BS 3256: UseMerc: true HP: 70
[10/05/26 14:59:23] D2BS 3256: Merc matched: Holy Freeze
[10/05/26 14:59:30] D2BS 3256: Token needed
[10/05/26 14:59:35] D2BS 3256: act5+ BO
[10/05/26 14:59:47] D2BS 3256: ÿc4=== [BAAL] ===
[10/05/26 15:01:06] D2BS 3256: updateStat
[10/05/26 15:03:10] D2BS 3256: ÿc4=== [COUNTESS] ===
[10/05/26 15:04:26] D2BS 3256: ÿc4=== [PIT] ===
[10/05/26 15:05:57] D2BS 3256: ÿc4=== [ANDY] ===
[10/05/26 15:06:53] D2BS 3256: ÿc4=== [MEPHISTO] ===
[10/05/26 15:07:56] D2BS 3256: ÿc4=== [DIABLO] ===
[10/05/26 15:13:45] D2BS 3256: party has left: fowo-xc
[10/05/26 15:13:45] D2BS 3256:  [14:44] +11.22% / [Level 87] 83.85%
[10/05/26 15:13:45] D2BS 3256: Script threads\autobuildthread.js ended
[10/05/26 15:13:45] D2BS 3256: Script threads\partythread.js ended
[10/05/26 15:13:45] D2BS 3256: Script threads\townchicken.js ended
[10/05/26 15:13:45] D2BS 3256: Script default.dbj ended
[10/05/26 15:13:54] D2BS 3256: Creating Game: pz-143
[10/05/26 15:13:56] D2BS 3256: ÿc2D2BSÿc0 :: Starting default.dbj
[10/05/26 15:13:56] D2BS 3256: ÿc2D2BSÿc0 :: default.dbj running.
[10/05/26 15:13:56] D2BS 3256: Loaded ÿc9[X.nip] [Y.nip] [Z.nip] [V.nip] [S.SFFW.nip]
[10/05/26 15:13:56] D2BS 3256: Loaded ÿc9[S.SFFW.js]
[10/05/26 15:13:56] D2BS 3256: equipped: [Head] 16
[10/05/26 15:13:56] D2BS 3256: equipped: [Neck] 16
[10/05/26 15:13:56] D2BS 3256: equipped: [Body] 19
[10/05/26 15:13:56] D2BS 3256: equipped: [ArmR] 31
[10/05/26 15:13:56] D2BS 3256: equipped: [ArmL] 18
[10/05/26 15:13:56] D2BS 3256: equipped: [RingR] 15
[10/05/26 15:13:56] D2BS 3256: equipped: [RingL] 12
[10/05/26 15:13:56] D2BS 3256: equipped: [Belt] 17
[10/05/26 15:13:56] D2BS 3256: equipped: [Boots] 13
[10/05/26 15:13:56] D2BS 3256: equipped: [Mitts] 12
[10/05/26 15:13:56] D2BS 3256: updateStat
[10/05/26 15:13:56] D2BS 3256: granted: [Head] 14
[10/05/26 15:13:56] D2BS 3256: granted: [Body] 20
[10/05/26 15:13:56] D2BS 3256: granted: [ArmR] 20
[10/05/26 15:13:56] D2BS 3256: Loaded ÿc9[AutoSmurf.js]
[10/05/26 15:14:05] D2BS 3256: farmingON
[10/05/26 15:14:08] D2BS 3256: MiniShopBot: true
[10/05/26 15:14:08] D2BS 3256: UseMerc: true HP: 70
[10/05/26 15:14:28] D2BS 3256: Merc matched: Holy Freeze
[10/05/26 15:14:36] D2BS 3256: Token needed
[10/05/26 15:14:41] D2BS 3256: act5+ BO
[10/05/26 15:14:53] D2BS 3256: ÿc4=== [BAAL] ===
[10/05/26 15:14:59] D2BS 3256: Going to town
[10/05/26 15:14:59] D2BS 3256: [Chicken] Life (436/2232) area:129 (12651,12115)
[10/05/26 15:14:59] D2BS 3256: no exp [01:04]
[10/05/26 15:14:59] D2BS 3256: Script threads\autobuildthread.js ended
[10/05/26 15:14:59] D2BS 3256: Script threads\partythread.js ended
[10/05/26 15:15:01] D2BS 3256: Script threads\townchicken.js ended
[10/05/26 15:15:01] D2BS 3256: Script default.dbj ended
[10/05/26 15:15:09] D2BS 3256: Creating Game: pz-144
[10/05/26 15:15:11] D2BS 3256: ÿc2D2BSÿc0 :: Starting default.dbj
[10/05/26 15:15:11] D2BS 3256: ÿc2D2BSÿc0 :: default.dbj running.
[10/05/26 15:15:11] D2BS 3256: Loaded ÿc9[X.nip] [Y.nip] [Z.nip] [V.nip] [S.SFFW.nip]
[10/05/26 15:15:11] D2BS 3256: Loaded ÿc9[S.SFFW.js]
[10/05/26 15:15:11] D2BS 3256: equipped: [Head] 16
[10/05/26 15:15:11] D2BS 3256: equipped: [Neck] 16
[10/05/26 15:15:11] D2BS 3256: equipped: [Body] 19
[10/05/26 15:15:11] D2BS 3256: equipped: [ArmR] 31
[10/05/26 15:15:11] D2BS 3256: equipped: [ArmL] 18
[10/05/26 15:15:11] D2BS 3256: equipped: [RingR] 15
[10/05/26 15:15:11] D2BS 3256: equipped: [RingL] 12
[10/05/26 15:15:11] D2BS 3256: equipped: [Belt] 17
[10/05/26 15:15:11] D2BS 3256: equipped: [Boots] 13
[10/05/26 15:15:11] D2BS 3256: equipped: [Mitts] 12
[10/05/26 15:15:11] D2BS 3256: updateStat
[10/05/26 15:15:11] D2BS 3256: granted: [Head] 14
[10/05/26 15:15:11] D2BS 3256: granted: [Body] 20
[10/05/26 15:15:11] D2BS 3256: granted: [ArmR] 20
[10/05/26 15:15:11] D2BS 3256: Loaded ÿc9[AutoSmurf.js]
[10/05/26 15:15:17] D2BS 3256: farmingON
[10/05/26 15:15:18] D2BS 3256: MiniShopBot: true
[10/05/26 15:15:18] D2BS 3256: UseMerc: true HP: 70
[10/05/26 15:15:35] D2BS 3256: Merc matched: Holy Freeze
[10/05/26 15:15:42] D2BS 3256: Token needed
[10/05/26 15:15:46] D2BS 3256: act5+ BO
[10/05/26 15:15:58] D2BS 3256: ÿc4=== [BAAL] ===
[10/05/26 15:16:13] D2BS 3256: Baal failed: souls found
[10/05/26 15:16:17] D2BS 3256: ÿc4=== [COUNTESS] ===
[10/05/26 15:17:19] D2BS 3256: ÿc4=== [PIT] ===
[10/05/26 15:18:52] D2BS 3256: ÿc4=== [ANDY] ===
[10/05/26 15:19:48] D2BS 3256: ÿc4=== [MEPHISTO] ===
[10/05/26 15:20:56] D2BS 3256: ÿc4=== [DIABLO] ===
[10/05/26 15:26:43] D2BS 3256: party has left: fowo-xc, fowo-xf
[10/05/26 15:26:43] D2BS 3256:  [11:32] +4.84% / [Level 87] 78.69%
[10/05/26 15:26:43] D2BS 3256: Script threads\autobuildthread.js ended
[10/05/26 15:26:43] D2BS 3256: Script threads\partythread.js ended
[10/05/26 15:26:43] D2BS 3256: Script threads\townchicken.js ended
[10/05/26 15:26:43] D2BS 3256: Script default.dbj ended
[10/05/26 15:26:52] D2BS 3256: Creating Game: pz-145
[10/05/26 15:26:54] D2BS 3256: ÿc2D2BSÿc0 :: Starting default.dbj
[10/05/26 15:26:54] D2BS 3256: ÿc2D2BSÿc0 :: default.dbj running.
[10/05/26 15:26:54] D2BS 3256: Loaded ÿc9[X.nip] [Y.nip] [Z.nip] [V.nip] [S.SFFW.nip]
[10/05/26 15:26:54] D2BS 3256: Loaded ÿc9[S.SFFW.js]
[10/05/26 15:26:54] D2BS 3256: equipped: [Head] 16
[10/05/26 15:26:54] D2BS 3256: equipped: [Neck] 16
[10/05/26 15:26:54] D2BS 3256: equipped: [Body] 19
[10/05/26 15:26:54] D2BS 3256: equipped: [ArmR] 31
[10/05/26 15:26:54] D2BS 3256: equipped: [ArmL] 18
[10/05/26 15:26:54] D2BS 3256: equipped: [RingR] 15
[10/05/26 15:26:54] D2BS 3256: equipped: [RingL] 12
[10/05/26 15:26:54] D2BS 3256: equipped: [Belt] 17
[10/05/26 15:26:54] D2BS 3256: equipped: [Boots] 13
[10/05/26 15:26:54] D2BS 3256: equipped: [Mitts] 12
[10/05/26 15:26:54] D2BS 3256: updateStat
[10/05/26 15:26:54] D2BS 3256: granted: [Head] 14
[10/05/26 15:26:54] D2BS 3256: granted: [Body] 20
[10/05/26 15:26:54] D2BS 3256: granted: [ArmR] 20
[10/05/26 15:26:54] D2BS 3256: Loaded ÿc9[AutoSmurf.js]
[10/05/26 15:27:02] D2BS 3256: farmingON
[10/05/26 15:27:05] D2BS 3256: MiniShopBot: true
[10/05/26 15:27:05] D2BS 3256: UseMerc: true HP: 70
[10/05/26 15:27:24] D2BS 3256: Merc matched: Holy Freeze
[10/05/26 15:27:34] D2BS 3256: Token needed
[10/05/26 15:27:39] D2BS 3256: act5+ BO
[10/05/26 15:27:51] D2BS 3256: ÿc4=== [BAAL] ===
[10/05/26 15:31:08] D2BS 3256: ÿc4=== [COUNTESS] ===
[10/05/26 15:32:31] D2BS 3256: ÿc4=== [PIT] ===
[10/05/26 15:34:01] D2BS 3256: ÿc4=== [ANDY] ===
[10/05/26 15:34:51] D2BS 3256: ÿc4=== [MEPHISTO] ===
[10/05/26 15:36:12] D2BS 3256: ÿc4=== [DIABLO] ===
[10/05/26 15:36:17] D2BS 3256: ÿc4[Runeword] ÿc0Smoke Mage Plate
[10/05/26 15:36:41] D2BS 3256: equipped: [Body] 21
[10/05/26 15:43:18] D2BS 3256: Script ended
[10/05/26 15:43:19] D2BS 3256:  [16:25] +9.86% / [Level 87] 88.55%
[10/05/26 15:43:19] D2BS 3256: Script threads\autobuildthread.js ended
[10/05/26 15:43:19] D2BS 3256: Script threads\partythread.js ended
[10/05/26 15:43:19] D2BS 3256: Script threads\townchicken.js ended
[10/05/26 15:43:28] D2BS 3256: Creating Game: pz-146
[10/05/26 15:43:30] D2BS 3256: ÿc2D2BSÿc0 :: Starting default.dbj
[10/05/26 15:43:30] D2BS 3256: ÿc2D2BSÿc0 :: default.dbj running.
[10/05/26 15:43:30] D2BS 3256: Loaded ÿc9[X.nip] [Y.nip] [Z.nip] [V.nip] [S.SFFW.nip]
[10/05/26 15:43:30] D2BS 3256: Loaded ÿc9[S.SFFW.js]
[10/05/26 15:43:30] D2BS 3256: equipped: [Head] 16
[10/05/26 15:43:30] D2BS 3256: equipped: [Neck] 16
[10/05/26 15:43:30] D2BS 3256: equipped: [Body] 21
[10/05/26 15:43:30] D2BS 3256: equipped: [ArmR] 31
[10/05/26 15:43:30] D2BS 3256: equipped: [ArmL] 18
[10/05/26 15:43:30] D2BS 3256: equipped: [RingR] 15
[10/05/26 15:43:30] D2BS 3256: equipped: [RingL] 12
[10/05/26 15:43:30] D2BS 3256: equipped: [Belt] 17
[10/05/26 15:43:30] D2BS 3256: equipped: [Boots] 13
[10/05/26 15:43:30] D2BS 3256: equipped: [Mitts] 12
[10/05/26 15:43:30] D2BS 3256: updateStat
[10/05/26 15:43:30] D2BS 3256: granted: [Head] 14
[10/05/26 15:43:30] D2BS 3256: granted: [Body] 20
[10/05/26 15:43:30] D2BS 3256: granted: [ArmR] 20
[10/05/26 15:43:30] D2BS 3256: Loaded ÿc9[AutoSmurf.js]
[10/05/26 15:43:40] D2BS 3256: farmingON
[10/05/26 15:43:43] D2BS 3256: MiniShopBot: true
[10/05/26 15:43:43] D2BS 3256: UseMerc: true HP: 70
[10/05/26 15:44:02] D2BS 3256: Merc matched: Holy Freeze
[10/05/26 15:44:13] D2BS 3256: Token needed
[10/05/26 15:44:18] D2BS 3256: act5+ BO
[10/05/26 15:44:31] D2BS 3256: ÿc4=== [BAAL] ===
[10/05/26 15:44:40] D2BS 3256: Baal failed: souls found
[10/05/26 15:44:42] D2BS 3256: ÿc4=== [COUNTESS] ===
[10/05/26 15:45:50] D2BS 3256: ÿc4=== [PIT] ===
[10/05/26 15:47:03] D2BS 3256: ÿc4=== [ANDY] ===
[10/05/26 15:47:58] D2BS 3256: ÿc4=== [MEPHISTO] ===
[10/05/26 15:48:38] D2BS 3256: updateStat
[10/05/26 15:49:05] D2BS 3256: ÿc4=== [DIABLO] ===
[10/05/26 15:49:12] D2BS 3256: Going to town
[10/05/26 15:54:49] D2BS 3256: party has left: fowo-xb
[10/05/26 15:54:49] D2BS 3256:  [11:19] +5.43% / [Level 87] 93.98%
[10/05/26 15:54:49] D2BS 3256: Script threads\autobuildthread.js ended
[10/05/26 15:54:49] D2BS 3256: Script threads\partythread.js ended
[10/05/26 15:54:50] D2BS 3256: Script threads\townchicken.js ended
[10/05/26 15:54:50] D2BS 3256: Script default.dbj ended
[10/05/26 15:54:59] D2BS 3256: Creating Game: pz-147
[10/05/26 15:55:01] D2BS 3256: ÿc2D2BSÿc0 :: Starting default.dbj
[10/05/26 15:55:01] D2BS 3256: ÿc2D2BSÿc0 :: default.dbj running.
[10/05/26 15:55:01] D2BS 3256: Loaded ÿc9[X.nip] [Y.nip] [Z.nip] [V.nip] [S.SFFW.nip]
[10/05/26 15:55:01] D2BS 3256: Loaded ÿc9[S.SFFW.js]
[10/05/26 15:55:01] D2BS 3256: equipped: [Head] 16
[10/05/26 15:55:01] D2BS 3256: equipped: [Neck] 16
[10/05/26 15:55:01] D2BS 3256: equipped: [Body] 21
[10/05/26 15:55:01] D2BS 3256: equipped: [ArmR] 31
[10/05/26 15:55:01] D2BS 3256: equipped: [ArmL] 18
[10/05/26 15:55:01] D2BS 3256: equipped: [RingR] 15
[10/05/26 15:55:01] D2BS 3256: equipped: [RingL] 12
[10/05/26 15:55:01] D2BS 3256: equipped: [Belt] 17
[10/05/26 15:55:01] D2BS 3256: equipped: [Boots] 13
[10/05/26 15:55:01] D2BS 3256: equipped: [Mitts] 12
[10/05/26 15:55:01] D2BS 3256: updateStat
[10/05/26 15:55:01] D2BS 3256: granted: [Head] 14
[10/05/26 15:55:01] D2BS 3256: granted: [Body] 20
[10/05/26 15:55:01] D2BS 3256: granted: [ArmR] 20
[10/05/26 15:55:01] D2BS 3256: Loaded ÿc9[AutoSmurf.js]
[10/05/26 15:55:09] D2BS 3256: farmingON
[10/05/26 15:55:10] D2BS 3256: MiniShopBot: true
[10/05/26 15:55:10] D2BS 3256: UseMerc: true HP: 70
[10/05/26 15:55:36] D2BS 3256: Merc matched: Holy Freeze
[10/05/26 15:55:59] D2BS 3256: Token needed
[10/05/26 15:56:03] D2BS 3256: act5+ BO
[10/05/26 15:56:15] D2BS 3256: ÿc4=== [BAAL] ===
[10/05/26 15:57:13] D2BS 3256: Going to town
[10/05/26 15:59:45] D2BS 3256: ÿc4=== [COUNTESS] ===
[10/05/26 16:00:57] D2BS 3256: ÿc4=== [PIT] ===
[10/05/26 16:02:32] D2BS 3256: ÿc4=== [ANDY] ===
[10/05/26 16:03:19] D2BS 3256: ÿc4=== [MEPHISTO] ===
[10/05/26 16:04:40] D2BS 3256: ÿc4=== [DIABLO] ===
[10/05/26 16:10:51] D2BS 3256: party has left: fowo-xc, fowo-xe
[10/05/26 16:10:51] D2BS 3256:  [15:51] +9.02% / [Level 88] 3.50%
[10/05/26 16:10:51] D2BS 3256: Script threads\autobuildthread.js ended
[10/05/26 16:10:51] D2BS 3256: Script threads\partythread.js ended
[10/05/26 16:10:51] D2BS 3256: Script threads\townchicken.js ended
[10/05/26 16:10:51] D2BS 3256: Script default.dbj ended
[10/05/26 16:11:00] D2BS 3256: Creating Game: pz-148
[10/05/26 16:11:02] D2BS 3256: ÿc2D2BSÿc0 :: Starting default.dbj
[10/05/26 16:11:02] D2BS 3256: ÿc2D2BSÿc0 :: default.dbj running.
[10/05/26 16:11:02] D2BS 3256: Loaded ÿc9[X.nip] [Y.nip] [Z.nip] [V.nip] [S.SFFW.nip]
[10/05/26 16:11:02] D2BS 3256: Loaded ÿc9[S.SFFW.js]
[10/05/26 16:11:02] D2BS 3256: equipped: [Head] 16
[10/05/26 16:11:02] D2BS 3256: equipped: [Neck] 16
[10/05/26 16:11:02] D2BS 3256: equipped: [Body] 21
[10/05/26 16:11:02] D2BS 3256: equipped: [ArmR] 31
[10/05/26 16:11:02] D2BS 3256: equipped: [ArmL] 18
[10/05/26 16:11:02] D2BS 3256: equipped: [RingR] 15
[10/05/26 16:11:02] D2BS 3256: equipped: [RingL] 12
[10/05/26 16:11:02] D2BS 3256: equipped: [Belt] 17
[10/05/26 16:11:02] D2BS 3256: equipped: [Boots] 13
[10/05/26 16:11:02] D2BS 3256: equipped: [Mitts] 12
[10/05/26 16:11:02] D2BS 3256: updateStat
[10/05/26 16:11:02] D2BS 3256: granted: [Head] 14
[10/05/26 16:11:02] D2BS 3256: granted: [Body] 20
[10/05/26 16:11:02] D2BS 3256: granted: [ArmR] 20
[10/05/26 16:11:02] D2BS 3256: Loaded ÿc9[AutoSmurf.js]
[10/05/26 16:11:12] D2BS 3256: farmingON
[10/05/26 16:11:15] D2BS 3256: MiniShopBot: true
[10/05/26 16:11:15] D2BS 3256: UseMerc: true HP: 70
[10/05/26 16:11:31] D2BS 3256: Merc matched: Holy Freeze
[10/05/26 16:11:39] D2BS 3256: Token needed
[10/05/26 16:11:44] D2BS 3256: act5+ BO
[10/05/26 16:11:55] D2BS 3256: ÿc4=== [BAAL] ===
[10/05/26 16:15:22] D2BS 3256: ÿc4=== [COUNTESS] ===
[10/05/26 16:16:43] D2BS 3256: ÿc4=== [PIT] ===
[10/05/26 16:18:34] D2BS 3256: ÿc4=== [ANDY] ===
[10/05/26 16:19:28] D2BS 3256: ÿc4=== [MEPHISTO] ===
[10/05/26 16:20:45] D2BS 3256: ÿc4=== [DIABLO] ===
[10/05/26 16:26:39] D2BS 3256: Script ended
[10/05/26 16:26:39] D2BS 3256:  [15:38] +8.30% / [Level 88] 11.80%
[10/05/26 16:26:39] D2BS 3256: Script threads\autobuildthread.js ended
[10/05/26 16:26:40] D2BS 3256: Script threads\partythread.js ended
[10/05/26 16:26:40] D2BS 3256: Script threads\townchicken.js ended
[10/05/26 16:26:49] D2BS 3256: Creating Game: pz-149
[10/05/26 16:26:51] D2BS 3256: ÿc2D2BSÿc0 :: Starting default.dbj
[10/05/26 16:26:51] D2BS 3256: ÿc2D2BSÿc0 :: default.dbj running.
[10/05/26 16:26:51] D2BS 3256: Loaded ÿc9[X.nip] [Y.nip] [Z.nip] [V.nip] [S.SFFW.nip]
[10/05/26 16:26:51] D2BS 3256: Loaded ÿc9[S.SFFW.js]
[10/05/26 16:26:51] D2BS 3256: equipped: [Head] 16
[10/05/26 16:26:51] D2BS 3256: equipped: [Neck] 16
[10/05/26 16:26:51] D2BS 3256: equipped: [Body] 21
[10/05/26 16:26:51] D2BS 3256: equipped: [ArmR] 31
[10/05/26 16:26:51] D2BS 3256: equipped: [ArmL] 18
[10/05/26 16:26:51] D2BS 3256: equipped: [RingR] 15
[10/05/26 16:26:51] D2BS 3256: equipped: [RingL] 12
[10/05/26 16:26:51] D2BS 3256: equipped: [Belt] 17
[10/05/26 16:26:51] D2BS 3256: equipped: [Boots] 13
[10/05/26 16:26:51] D2BS 3256: equipped: [Mitts] 12
[10/05/26 16:26:51] D2BS 3256: updateStat
[10/05/26 16:26:51] D2BS 3256: granted: [Head] 14
[10/05/26 16:26:51] D2BS 3256: granted: [Body] 20
[10/05/26 16:26:51] D2BS 3256: granted: [ArmR] 20
[10/05/26 16:26:51] D2BS 3256: Loaded ÿc9[AutoSmurf.js]
[10/05/26 16:26:59] D2BS 3256: farmingON
[10/05/26 16:27:00] D2BS 3256: MiniShopBot: true
[10/05/26 16:27:00] D2BS 3256: UseMerc: true HP: 70
[10/05/26 16:27:20] D2BS 3256: Merc matched: Holy Freeze
[10/05/26 16:27:34] D2BS 3256: Token needed
[10/05/26 16:27:38] D2BS 3256: act5+ BO
[10/05/26 16:27:50] D2BS 3256: ÿc4=== [BAAL] ===
[10/05/26 16:28:04] D2BS 3256: Baal failed: souls found
[10/05/26 16:28:06] D2BS 3256: ÿc4=== [COUNTESS] ===
[10/05/26 16:29:16] D2BS 3256: ÿc4=== [PIT] ===
[10/05/26 16:30:48] D2BS 3256: ÿc4=== [ANDY] ===
[10/05/26 16:31:42] D2BS 3256: ÿc4=== [MEPHISTO] ===
[10/05/26 16:33:03] D2BS 3256: ÿc4=== [DIABLO] ===
[10/05/26 16:34:22] D2BS 3256: updateStat
[10/05/26 16:38:38] D2BS 3256: party has left: fowo-xa, fowo-xb, fowo-xc, fowo-xd, fowo-xe, fowo-xf, fowo-xg, fowo-xh
[10/05/26 16:38:38] D2BS 3256:  [11:48] +3.94% / [Level 88] 15.74%
[10/05/26 16:38:38] D2BS 3256: Script threads\autobuildthread.js ended
[10/05/26 16:38:38] D2BS 3256: Script threads\partythread.js ended
[10/05/26 16:38:39] D2BS 3256: Script threads\townchicken.js ended
[10/05/26 16:38:39] D2BS 3256: Script default.dbj ended
[10/05/26 16:38:48] D2BS 3256: Creating Game: pz-150
[10/05/26 16:38:49] D2BS 3256: ÿc2D2BSÿc0 :: Starting default.dbj
[10/05/26 16:38:49] D2BS 3256: ÿc2D2BSÿc0 :: default.dbj running.
[10/05/26 16:38:50] D2BS 3256: Loaded ÿc9[X.nip] [Y.nip] [Z.nip] [V.nip] [S.SFFW.nip]
[10/05/26 16:38:50] D2BS 3256: Loaded ÿc9[S.SFFW.js]
[10/05/26 16:38:50] D2BS 3256: equipped: [Head] 16
[10/05/26 16:38:50] D2BS 3256: equipped: [Neck] 16
[10/05/26 16:38:50] D2BS 3256: equipped: [Body] 21
[10/05/26 16:38:50] D2BS 3256: equipped: [ArmR] 31
[10/05/26 16:38:50] D2BS 3256: equipped: [ArmL] 18
[10/05/26 16:38:50] D2BS 3256: equipped: [RingR] 15
[10/05/26 16:38:50] D2BS 3256: equipped: [RingL] 12
[10/05/26 16:38:50] D2BS 3256: equipped: [Belt] 17
[10/05/26 16:38:50] D2BS 3256: equipped: [Boots] 13
[10/05/26 16:38:50] D2BS 3256: equipped: [Mitts] 12
[10/05/26 16:38:50] D2BS 3256: updateStat
[10/05/26 16:38:50] D2BS 3256: granted: [Head] 14
[10/05/26 16:38:50] D2BS 3256: granted: [Body] 20
[10/05/26 16:38:50] D2BS 3256: granted: [ArmR] 20
[10/05/26 16:38:50] D2BS 3256: Loaded ÿc9[AutoSmurf.js]
[10/05/26 16:38:58] D2BS 3256: farmingON
[10/05/26 16:39:01] D2BS 3256: MiniShopBot: true
[10/05/26 16:39:01] D2BS 3256: UseMerc: true HP: 70
[10/05/26 16:39:23] D2BS 3256: Merc matched: Holy Freeze
[10/05/26 16:39:27] D2BS 3256: Token needed
[10/05/26 16:39:31] D2BS 3256: act5+ BO
[10/05/26 16:39:45] D2BS 3256: ÿc4=== [BAAL] ===
[10/05/26 16:39:59] D2BS 3256: Baal failed: souls found
[10/05/26 16:40:03] D2BS 3256: ÿc4=== [COUNTESS] ===
[10/05/26 16:41:12] D2BS 3256: ÿc4=== [PIT] ===
[10/05/26 16:43:03] D2BS 3256: ÿc4=== [ANDY] ===
[10/05/26 16:43:55] D2BS 3256: ÿc4=== [MEPHISTO] ===
[10/05/26 16:45:16] D2BS 3256: ÿc4=== [DIABLO] ===
[10/05/26 16:51:03] D2BS 3256: party has left: fowo-xb
[10/05/26 16:51:03] D2BS 3256:  [12:13] +4.69% / [Level 88] 20.43%
[10/05/26 16:51:03] D2BS 3256: Script threads\autobuildthread.js ended
[10/05/26 16:51:03] D2BS 3256: Script threads\partythread.js ended
[10/05/26 16:51:03] D2BS 3256: Script threads\townchicken.js ended
[10/05/26 16:51:03] D2BS 3256: Script default.dbj ended
[10/05/26 16:51:12] D2BS 3256: Creating Game: pz-151
[10/05/26 16:51:14] D2BS 3256: ÿc2D2BSÿc0 :: Starting default.dbj
[10/05/26 16:51:14] D2BS 3256: ÿc2D2BSÿc0 :: default.dbj running.
[10/05/26 16:51:14] D2BS 3256: Loaded ÿc9[X.nip] [Y.nip] [Z.nip] [V.nip] [S.SFFW.nip]
[10/05/26 16:51:14] D2BS 3256: Loaded ÿc9[S.SFFW.js]
[10/05/26 16:51:14] D2BS 3256: equipped: [Head] 16
[10/05/26 16:51:14] D2BS 3256: equipped: [Neck] 16
[10/05/26 16:51:14] D2BS 3256: equipped: [Body] 21
[10/05/26 16:51:14] D2BS 3256: equipped: [ArmR] 31
[10/05/26 16:51:14] D2BS 3256: equipped: [ArmL] 18
[10/05/26 16:51:14] D2BS 3256: equipped: [RingR] 15
[10/05/26 16:51:14] D2BS 3256: equipped: [RingL] 12
[10/05/26 16:51:14] D2BS 3256: equipped: [Belt] 17
[10/05/26 16:51:14] D2BS 3256: equipped: [Boots] 13
[10/05/26 16:51:14] D2BS 3256: equipped: [Mitts] 12
[10/05/26 16:51:14] D2BS 3256: updateStat
[10/05/26 16:51:14] D2BS 3256: granted: [Head] 14
[10/05/26 16:51:14] D2BS 3256: granted: [Body] 20
[10/05/26 16:51:14] D2BS 3256: granted: [ArmR] 20
[10/05/26 16:51:14] D2BS 3256: Loaded ÿc9[AutoSmurf.js]
[10/05/26 16:51:22] D2BS 3256: farmingON
[10/05/26 16:51:25] D2BS 3256: MiniShopBot: true
[10/05/26 16:51:25] D2BS 3256: UseMerc: true HP: 70
[10/05/26 16:51:44] D2BS 3256: Merc matched: Holy Freeze
[10/05/26 16:51:56] D2BS 3256: Token needed
[10/05/26 16:52:00] D2BS 3256: act5+ BO
[10/05/26 16:52:13] D2BS 3256: ÿc4=== [BAAL] ===
[10/05/26 16:52:25] D2BS 3256: Baal failed: souls found
[10/05/26 16:52:27] D2BS 3256: ÿc4=== [COUNTESS] ===
[10/05/26 16:53:37] D2BS 3256: ÿc4=== [PIT] ===
[10/05/26 16:55:19] D2BS 3256: ÿc4=== [ANDY] ===
[10/05/26 16:56:07] D2BS 3256: ÿc4=== [MEPHISTO] ===
[10/05/26 16:57:25] D2BS 3256: ÿc4=== [DIABLO] ===
[10/05/26 17:03:34] D2BS 3256: party has left: fowo-xb
[10/05/26 17:03:34] D2BS 3256:  [12:20] +3.88% / [Level 88] 24.31%
[10/05/26 17:03:34] D2BS 3256: Script threads\autobuildthread.js ended
[10/05/26 17:03:34] D2BS 3256: Script threads\partythread.js ended
[10/05/26 17:03:34] D2BS 3256: Script threads\townchicken.js ended
[10/05/26 17:03:34] D2BS 3256: Script default.dbj ended
[10/05/26 17:03:43] D2BS 3256: Creating Game: pz-152
[10/05/26 17:03:44] D2BS 3256: ÿc2D2BSÿc0 :: Starting default.dbj
[10/05/26 17:03:44] D2BS 3256: ÿc2D2BSÿc0 :: default.dbj running.
[10/05/26 17:03:44] D2BS 3256: Loaded ÿc9[X.nip] [Y.nip] [Z.nip] [V.nip] [S.SFFW.nip]
[10/05/26 17:03:44] D2BS 3256: Loaded ÿc9[S.SFFW.js]
[10/05/26 17:03:44] D2BS 3256: equipped: [Head] 16
[10/05/26 17:03:44] D2BS 3256: equipped: [Neck] 16
[10/05/26 17:03:44] D2BS 3256: equipped: [Body] 21
[10/05/26 17:03:44] D2BS 3256: equipped: [ArmR] 31
[10/05/26 17:03:44] D2BS 3256: equipped: [ArmL] 18
[10/05/26 17:03:44] D2BS 3256: equipped: [RingR] 15
[10/05/26 17:03:44] D2BS 3256: equipped: [RingL] 12
[10/05/26 17:03:44] D2BS 3256: equipped: [Belt] 17
[10/05/26 17:03:44] D2BS 3256: equipped: [Boots] 13
[10/05/26 17:03:44] D2BS 3256: equipped: [Mitts] 12
[10/05/26 17:03:44] D2BS 3256: updateStat
[10/05/26 17:03:44] D2BS 3256: granted: [Head] 14
[10/05/26 17:03:44] D2BS 3256: granted: [Body] 20
[10/05/26 17:03:44] D2BS 3256: granted: [ArmR] 20
[10/05/26 17:03:44] D2BS 3256: Loaded ÿc9[AutoSmurf.js]
[10/05/26 17:03:52] D2BS 3256: farmingON
[10/05/26 17:03:55] D2BS 3256: MiniShopBot: true
[10/05/26 17:03:55] D2BS 3256: UseMerc: true HP: 70
[10/05/26 17:04:15] D2BS 3256: Merc matched: Holy Freeze
[10/05/26 17:04:22] D2BS 3256: Token needed
[10/05/26 17:04:27] D2BS 3256: act5+ BO
[10/05/26 17:04:39] D2BS 3256: ÿc4=== [BAAL] ===
[10/05/26 17:08:11] D2BS 3256: ÿc4=== [COUNTESS] ===
[10/05/26 17:09:21] D2BS 3256: ÿc4=== [PIT] ===
[10/05/26 17:11:04] D2BS 3256: ÿc4=== [ANDY] ===
[10/05/26 17:11:56] D2BS 3256: ÿc4=== [MEPHISTO] ===
[10/05/26 17:13:19] D2BS 3256: ÿc4=== [DIABLO] ===
[10/05/26 17:13:34] D2BS 3256: equipped: [ArmL] 19
[10/05/26 17:16:12] D2BS 3256: updateStat
[10/05/26 17:19:12] D2BS 3256: party has left: fowo-xh
[10/05/26 17:19:12] D2BS 3256:  [15:28] +7.75% / [Level 88] 32.07%
[10/05/26 17:19:12] D2BS 3256: Script threads\autobuildthread.js ended
[10/05/26 17:19:12] D2BS 3256: Script threads\partythread.js ended
[10/05/26 17:19:12] D2BS 3256: Script threads\townchicken.js ended
[10/05/26 17:19:12] D2BS 3256: Script default.dbj ended
[10/05/26 17:19:22] D2BS 3256: Creating Game: pz-153
[10/05/26 17:19:24] D2BS 3256: ÿc2D2BSÿc0 :: Starting default.dbj
[10/05/26 17:19:24] D2BS 3256: ÿc2D2BSÿc0 :: default.dbj running.
[10/05/26 17:19:24] D2BS 3256: Loaded ÿc9[X.nip] [Y.nip] [Z.nip] [V.nip] [S.SFFW.nip]
[10/05/26 17:19:24] D2BS 3256: Loaded ÿc9[S.SFFW.js]
[10/05/26 17:19:24] D2BS 3256: equipped: [Head] 16
[10/05/26 17:19:24] D2BS 3256: equipped: [Neck] 16
[10/05/26 17:19:24] D2BS 3256: equipped: [Body] 21
[10/05/26 17:19:24] D2BS 3256: equipped: [ArmR] 31
[10/05/26 17:19:24] D2BS 3256: equipped: [ArmL] 19
[10/05/26 17:19:24] D2BS 3256: equipped: [RingR] 15
[10/05/26 17:19:24] D2BS 3256: equipped: [RingL] 12
[10/05/26 17:19:24] D2BS 3256: equipped: [Belt] 17
[10/05/26 17:19:24] D2BS 3256: equipped: [Boots] 13
[10/05/26 17:19:24] D2BS 3256: equipped: [Mitts] 12
[10/05/26 17:19:24] D2BS 3256: updateStat
[10/05/26 17:19:24] D2BS 3256: granted: [Head] 14
[10/05/26 17:19:24] D2BS 3256: granted: [Body] 20
[10/05/26 17:19:24] D2BS 3256: granted: [ArmR] 20
[10/05/26 17:19:24] D2BS 3256: Loaded ÿc9[AutoSmurf.js]
[10/05/26 17:19:33] D2BS 3256: farmingON
[10/05/26 17:19:36] D2BS 3256: MiniShopBot: true
[10/05/26 17:19:36] D2BS 3256: UseMerc: true HP: 70
[10/05/26 17:19:58] D2BS 3256: granted: [ArmR] 21
[10/05/26 17:19:58] D2BS 3256: Merc matched: Holy Freeze
[10/05/26 17:20:02] D2BS 3256: Token needed
[10/05/26 17:20:07] D2BS 3256: act5+ BO
[10/05/26 17:20:19] D2BS 3256: ÿc4=== [BAAL] ===
[10/05/26 17:23:47] D2BS 3256: ÿc4=== [COUNTESS] ===
[10/05/26 17:25:11] D2BS 3256: ÿc4=== [PIT] ===
[10/05/26 17:26:30] D2BS 3256: ÿc4=== [ANDY] ===
[10/05/26 17:27:27] D2BS 3256: ÿc4=== [MEPHISTO] ===
[10/05/26 17:28:44] D2BS 3256: ÿc4=== [DIABLO] ===
[10/05/26 17:34:08] D2BS 3256: party has left: fowo-xf
[10/05/26 17:34:09] D2BS 3256:  [14:45] +7.80% / [Level 88] 39.87%
[10/05/26 17:34:09] D2BS 3256: Script threads\autobuildthread.js ended
[10/05/26 17:34:09] D2BS 3256: Script threads\partythread.js ended
[10/05/26 17:34:09] D2BS 3256: Script threads\townchicken.js ended
[10/05/26 17:34:09] D2BS 3256: Script default.dbj ended
[10/05/26 17:34:19] D2BS 3256: Creating Game: pz-154
[10/05/26 17:34:20] D2BS 3256: ÿc2D2BSÿc0 :: Starting default.dbj
[10/05/26 17:34:20] D2BS 3256: ÿc2D2BSÿc0 :: default.dbj running.
[10/05/26 17:34:20] D2BS 3256: Loaded ÿc9[X.nip] [Y.nip] [Z.nip] [V.nip] [S.SFFW.nip]
[10/05/26 17:34:20] D2BS 3256: Loaded ÿc9[S.SFFW.js]
[10/05/26 17:34:20] D2BS 3256: equipped: [Head] 16
[10/05/26 17:34:20] D2BS 3256: equipped: [Neck] 16
[10/05/26 17:34:20] D2BS 3256: equipped: [Body] 21
[10/05/26 17:34:20] D2BS 3256: equipped: [ArmR] 31
[10/05/26 17:34:20] D2BS 3256: equipped: [ArmL] 19
[10/05/26 17:34:20] D2BS 3256: equipped: [RingR] 15
[10/05/26 17:34:20] D2BS 3256: equipped: [RingL] 12
[10/05/26 17:34:20] D2BS 3256: equipped: [Belt] 17
[10/05/26 17:34:20] D2BS 3256: equipped: [Boots] 13
[10/05/26 17:34:20] D2BS 3256: equipped: [Mitts] 12
[10/05/26 17:34:20] D2BS 3256: updateStat
[10/05/26 17:34:20] D2BS 3256: granted: [Head] 14
[10/05/26 17:34:20] D2BS 3256: granted: [Body] 20
[10/05/26 17:34:20] D2BS 3256: granted: [ArmR] 21
[10/05/26 17:34:20] D2BS 3256: Loaded ÿc9[AutoSmurf.js]
[10/05/26 17:34:28] D2BS 3256: farmingON
[10/05/26 17:34:29] D2BS 3256: MiniShopBot: true
[10/05/26 17:34:29] D2BS 3256: UseMerc: true HP: 70
[10/05/26 17:34:50] D2BS 3256: equipped: [ArmL] 20
[10/05/26 17:34:51] D2BS 3256: Merc matched: Holy Freeze
[10/05/26 17:34:57] D2BS 3256: Token needed
[10/05/26 17:35:01] D2BS 3256: act5+ BO
[10/05/26 17:35:14] D2BS 3256: ÿc4=== [BAAL] ===
[10/05/26 17:38:40] D2BS 3256: ÿc4=== [COUNTESS] ===
[10/05/26 17:39:47] D2BS 3256: ÿc4=== [PIT] ===
[10/05/26 17:41:26] D2BS 3256: ÿc4=== [ANDY] ===
[10/05/26 17:42:15] D2BS 3256: ÿc4=== [MEPHISTO] ===
[10/05/26 17:43:42] D2BS 3256: ÿc4=== [DIABLO] ===
[10/05/26 17:49:28] D2BS 3256: party has left: fowo-xb
[10/05/26 17:49:28] D2BS 3256:  [15:08] +8.30% / [Level 88] 48.17%
[10/05/26 17:49:28] D2BS 3256: Script threads\autobuildthread.js ended
[10/05/26 17:49:28] D2BS 3256: Script threads\partythread.js ended
[10/05/26 17:49:28] D2BS 3256: Script threads\townchicken.js ended
[10/05/26 17:49:28] D2BS 3256: Script default.dbj ended
[10/05/26 17:49:39] D2BS 3256: Creating Game: pz-155
[10/05/26 17:49:40] D2BS 3256: ÿc2D2BSÿc0 :: Starting default.dbj
[10/05/26 17:49:40] D2BS 3256: ÿc2D2BSÿc0 :: default.dbj running.
[10/05/26 17:49:40] D2BS 3256: Loaded ÿc9[X.nip] [Y.nip] [Z.nip] [V.nip] [S.SFFW.nip]
[10/05/26 17:49:40] D2BS 3256: Loaded ÿc9[S.SFFW.js]
[10/05/26 17:49:40] D2BS 3256: equipped: [Head] 16
[10/05/26 17:49:40] D2BS 3256: equipped: [Neck] 16
[10/05/26 17:49:40] D2BS 3256: equipped: [Body] 21
[10/05/26 17:49:40] D2BS 3256: equipped: [ArmR] 31
[10/05/26 17:49:40] D2BS 3256: equipped: [ArmL] 20
[10/05/26 17:49:40] D2BS 3256: equipped: [RingR] 15
[10/05/26 17:49:40] D2BS 3256: equipped: [RingL] 12
[10/05/26 17:49:40] D2BS 3256: equipped: [Belt] 17
[10/05/26 17:49:40] D2BS 3256: equipped: [Boots] 13
[10/05/26 17:49:40] D2BS 3256: equipped: [Mitts] 12
[10/05/26 17:49:40] D2BS 3256: updateStat
[10/05/26 17:49:40] D2BS 3256: granted: [Head] 14
[10/05/26 17:49:40] D2BS 3256: granted: [Body] 20
[10/05/26 17:49:40] D2BS 3256: granted: [ArmR] 21
[10/05/26 17:49:40] D2BS 3256: Loaded ÿc9[AutoSmurf.js]
[10/05/26 17:49:50] D2BS 3256: farmingON
[10/05/26 17:49:52] D2BS 3256: MiniShopBot: true
[10/05/26 17:49:52] D2BS 3256: UseMerc: true HP: 70
[10/05/26 17:50:10] D2BS 3256: Merc matched: Holy Freeze
[10/05/26 17:50:24] D2BS 3256: Token needed
[10/05/26 17:50:28] D2BS 3256: act5+ BO
[10/05/26 17:50:41] D2BS 3256: ÿc4=== [BAAL] ===
[10/05/26 17:53:28] D2BS 3256: Script default.dbj ended
[10/05/26 17:53:28] D2BS 3256: Script threads\autobuildthread.js ended
[10/05/26 17:53:28] D2BS 3256: Script threads\partythread.js ended
[10/05/26 17:53:29] D2BS 3256: Script threads\toolsthread.js ended
[10/05/26 17:53:29] D2BS 3256: Script threads\townchicken.js ended
[10/05/26 17:53:38] D2BS 3256: Creating Game: pz-156
[10/05/26 17:53:40] D2BS 3256: ÿc2D2BSÿc0 :: Starting default.dbj
[10/05/26 17:53:40] D2BS 3256: ÿc2D2BSÿc0 :: default.dbj running.
[10/05/26 17:53:40] D2BS 3256: Loaded ÿc9[X.nip] [Y.nip] [Z.nip] [V.nip] [S.SFFW.nip]
[10/05/26 17:53:40] D2BS 3256: Loaded ÿc9[S.SFFW.js]
[10/05/26 17:53:40] D2BS 3256: equipped: [Head] 16
[10/05/26 17:53:40] D2BS 3256: equipped: [Neck] 16
[10/05/26 17:53:40] D2BS 3256: equipped: [Body] 21
[10/05/26 17:53:40] D2BS 3256: equipped: [ArmR] 31
[10/05/26 17:53:40] D2BS 3256: equipped: [ArmL] 20
[10/05/26 17:53:40] D2BS 3256: equipped: [RingR] 15
[10/05/26 17:53:40] D2BS 3256: equipped: [RingL] 12
[10/05/26 17:53:40] D2BS 3256: equipped: [Belt] 17
[10/05/26 17:53:40] D2BS 3256: equipped: [Boots] 13
[10/05/26 17:53:40] D2BS 3256: equipped: [Mitts] 12
[10/05/26 17:53:40] D2BS 3256: updateStat
[10/05/26 17:53:40] D2BS 3256: granted: [Head] 14
[10/05/26 17:53:40] D2BS 3256: granted: [Body] 20
[10/05/26 17:53:40] D2BS 3256: granted: [ArmR] 21
[10/05/26 17:53:40] D2BS 3256: Loaded ÿc9[AutoSmurf.js]
[10/05/26 17:53:45] D2BS 3256: farmingON
[10/05/26 17:53:46] D2BS 3256: MiniShopBot: true
[10/05/26 17:53:46] D2BS 3256: UseMerc: true HP: 70
[10/05/26 17:54:02] D2BS 3256: Merc matched: Holy Freeze
[10/05/26 17:54:13] D2BS 3256: Token needed
[10/05/26 17:54:18] D2BS 3256: act5+ BO
[10/05/26 17:54:29] D2BS 3256: ÿc4=== [BAAL] ===
[10/05/26 17:56:56] D2BS 3256: updateStat
[10/05/26 17:58:27] D2BS 3256: ÿc4=== [COUNTESS] ===
[10/05/26 17:59:56] D2BS 3256: ÿc4=== [PIT] ===
[10/05/26 18:01:49] D2BS 3256: ÿc4=== [ANDY] ===
[10/05/26 18:02:34] D2BS 3256: ÿc4=== [MEPHISTO] ===
[10/05/26 18:03:53] D2BS 3256: ÿc4=== [DIABLO] ===
[10/05/26 18:09:44] D2BS 3256: party has left: fowo-xh
[10/05/26 18:09:44] D2BS 3256:  [16:02] +8.39% / [Level 88] 60.02%
[10/05/26 18:09:44] D2BS 3256: Script threads\autobuildthread.js ended
[10/05/26 18:09:44] D2BS 3256: Script threads\partythread.js ended
[10/05/26 18:09:44] D2BS 3256: Script threads\townchicken.js ended
[10/05/26 18:09:44] D2BS 3256: Script default.dbj ended
[10/05/26 18:09:53] D2BS 3256: Creating Game: pz-157
[10/05/26 18:09:55] D2BS 3256: ÿc2D2BSÿc0 :: Starting default.dbj
[10/05/26 18:09:55] D2BS 3256: ÿc2D2BSÿc0 :: default.dbj running.
[10/05/26 18:09:55] D2BS 3256: Loaded ÿc9[X.nip] [Y.nip] [Z.nip] [V.nip] [S.SFFW.nip]
[10/05/26 18:09:55] D2BS 3256: Loaded ÿc9[S.SFFW.js]
[10/05/26 18:09:55] D2BS 3256: equipped: [Head] 16
[10/05/26 18:09:55] D2BS 3256: equipped: [Neck] 16
[10/05/26 18:09:55] D2BS 3256: equipped: [Body] 21
[10/05/26 18:09:55] D2BS 3256: equipped: [ArmR] 31
[10/05/26 18:09:55] D2BS 3256: equipped: [ArmL] 20
[10/05/26 18:09:55] D2BS 3256: equipped: [RingR] 15
[10/05/26 18:09:55] D2BS 3256: equipped: [RingL] 12
[10/05/26 18:09:55] D2BS 3256: equipped: [Belt] 17
[10/05/26 18:09:55] D2BS 3256: equipped: [Boots] 13
[10/05/26 18:09:55] D2BS 3256: equipped: [Mitts] 12
[10/05/26 18:09:55] D2BS 3256: updateStat
[10/05/26 18:09:55] D2BS 3256: granted: [Head] 14
[10/05/26 18:09:55] D2BS 3256: granted: [Body] 20
[10/05/26 18:09:55] D2BS 3256: granted: [ArmR] 21
[10/05/26 18:09:55] D2BS 3256: Loaded ÿc9[AutoSmurf.js]
[10/05/26 18:10:03] D2BS 3256: farmingON
[10/05/26 18:10:06] D2BS 3256: MiniShopBot: true
[10/05/26 18:10:06] D2BS 3256: UseMerc: true HP: 70
[10/05/26 18:10:25] D2BS 3256: Merc matched: Holy Freeze
[10/05/26 18:10:38] D2BS 3256: act5+ BO
[10/05/26 18:10:51] D2BS 3256: ÿc4=== [BAAL] ===
[10/05/26 18:14:27] D2BS 3256: ÿc4=== [COUNTESS] ===
[10/05/26 18:15:38] D2BS 3256: ÿc4=== [PIT] ===
[10/05/26 18:17:10] D2BS 3256: ÿc4=== [ANDY] ===
[10/05/26 18:18:00] D2BS 3256: ÿc4=== [MEPHISTO] ===
[10/05/26 18:19:17] D2BS 3256: ÿc4=== [DIABLO] ===
[10/05/26 18:25:36] D2BS 3256: Script ended
[10/05/26 18:25:36] D2BS 3256:  [15:42] +7.25% / [Level 88] 67.27%
[10/05/26 18:25:36] D2BS 3256: Script threads\autobuildthread.js ended
[10/05/26 18:25:37] D2BS 3256: Script threads\partythread.js ended
[10/05/26 18:25:37] D2BS 3256: Script threads\townchicken.js ended
[10/05/26 18:25:48] D2BS 3256: Creating Game: pz-158
[10/05/26 18:25:49] D2BS 3256: ÿc2D2BSÿc0 :: Starting default.dbj
[10/05/26 18:25:49] D2BS 3256: ÿc2D2BSÿc0 :: default.dbj running.
[10/05/26 18:25:49] D2BS 3256: Loaded ÿc9[X.nip] [Y.nip] [Z.nip] [V.nip] [S.SFFW.nip]
[10/05/26 18:25:49] D2BS 3256: Loaded ÿc9[S.SFFW.js]
[10/05/26 18:25:49] D2BS 3256: equipped: [Head] 16
[10/05/26 18:25:49] D2BS 3256: equipped: [Neck] 16
[10/05/26 18:25:49] D2BS 3256: equipped: [Body] 21
[10/05/26 18:25:49] D2BS 3256: equipped: [ArmR] 31
[10/05/26 18:25:49] D2BS 3256: equipped: [ArmL] 20
[10/05/26 18:25:49] D2BS 3256: equipped: [RingR] 15
[10/05/26 18:25:49] D2BS 3256: equipped: [RingL] 12
[10/05/26 18:25:49] D2BS 3256: equipped: [Belt] 17
[10/05/26 18:25:49] D2BS 3256: equipped: [Boots] 13
[10/05/26 18:25:49] D2BS 3256: equipped: [Mitts] 12
[10/05/26 18:25:49] D2BS 3256: updateStat
[10/05/26 18:25:49] D2BS 3256: granted: [Head] 14
[10/05/26 18:25:49] D2BS 3256: granted: [Body] 20
[10/05/26 18:25:49] D2BS 3256: granted: [ArmR] 21
[10/05/26 18:25:49] D2BS 3256: Loaded ÿc9[AutoSmurf.js]
[10/05/26 18:25:57] D2BS 3256: farmingON
[10/05/26 18:25:59] D2BS 3256: MiniShopBot: true
[10/05/26 18:25:59] D2BS 3256: UseMerc: true HP: 70
[10/05/26 18:26:21] D2BS 3256: Merc matched: Holy Freeze
[10/05/26 18:26:38] D2BS 3256: Token needed
[10/05/26 18:26:42] D2BS 3256: act5+ BO
[10/05/26 18:27:07] D2BS 3256: ÿc4=== [BAAL] ===
[10/05/26 18:28:42] D2BS 3256: party has left: fowo-xf
[10/05/26 18:28:42] D2BS 3256:  [02:53] +0.93% / [Level 88] 68.20%
[10/05/26 18:28:42] D2BS 3256: Script threads\autobuildthread.js ended
[10/05/26 18:28:43] D2BS 3256: Script threads\partythread.js ended
[10/05/26 18:28:43] D2BS 3256: Script threads\townchicken.js ended
[10/05/26 18:28:43] D2BS 3256: Script default.dbj ended
[10/05/26 18:28:52] D2BS 3256: Creating Game: pz-159
[10/05/26 18:28:53] D2BS 3256: ÿc2D2BSÿc0 :: Starting default.dbj
[10/05/26 18:28:53] D2BS 3256: ÿc2D2BSÿc0 :: default.dbj running.
[10/05/26 18:28:53] D2BS 3256: Loaded ÿc9[X.nip] [Y.nip] [Z.nip] [V.nip] [S.SFFW.nip]
[10/05/26 18:28:53] D2BS 3256: Loaded ÿc9[S.SFFW.js]
[10/05/26 18:28:53] D2BS 3256: equipped: [Head] 16
[10/05/26 18:28:54] D2BS 3256: equipped: [Neck] 16
[10/05/26 18:28:54] D2BS 3256: equipped: [Body] 21
[10/05/26 18:28:54] D2BS 3256: equipped: [ArmR] 31
[10/05/26 18:28:54] D2BS 3256: equipped: [ArmL] 20
[10/05/26 18:28:54] D2BS 3256: equipped: [RingR] 15
[10/05/26 18:28:54] D2BS 3256: equipped: [RingL] 12
[10/05/26 18:28:54] D2BS 3256: equipped: [Belt] 17
[10/05/26 18:28:54] D2BS 3256: equipped: [Boots] 13
[10/05/26 18:28:54] D2BS 3256: equipped: [Mitts] 12
[10/05/26 18:28:54] D2BS 3256: updateStat
[10/05/26 18:28:54] D2BS 3256: granted: [Head] 14
[10/05/26 18:28:54] D2BS 3256: granted: [Body] 20
[10/05/26 18:28:54] D2BS 3256: granted: [ArmR] 21
[10/05/26 18:28:54] D2BS 3256: Loaded ÿc9[AutoSmurf.js]
[10/05/26 18:28:59] D2BS 3256: farmingON
[10/05/26 18:28:59] D2BS 3256: MiniShopBot: true
[10/05/26 18:28:59] D2BS 3256: UseMerc: true HP: 70
[10/05/26 18:29:15] D2BS 3256: Merc matched: Holy Freeze
[10/05/26 18:29:22] D2BS 3256: Token needed
[10/05/26 18:29:27] D2BS 3256: act5+ BO
[10/05/26 18:29:39] D2BS 3256: ÿc4=== [BAAL] ===
[10/05/26 18:32:56] D2BS 3256: ÿc4=== [COUNTESS] ===
[10/05/26 18:34:06] D2BS 3256: ÿc4=== [PIT] ===
[10/05/26 18:35:51] D2BS 3256: ÿc4=== [ANDY] ===
[10/05/26 18:36:42] D2BS 3256: ÿc4=== [MEPHISTO] ===
[10/05/26 18:37:55] D2BS 3256: ÿc4=== [DIABLO] ===
[10/05/26 18:44:48] D2BS 3256: party has left: fowo-xd, fowo-xe, fowo-xg
[10/05/26 18:44:48] D2BS 3256:  [15:55] +7.71% / [Level 88] 75.91%
[10/05/26 18:44:48] D2BS 3256: Script threads\autobuildthread.js ended
[10/05/26 18:44:48] D2BS 3256: Script threads\partythread.js ended
[10/05/26 18:44:48] D2BS 3256: Script threads\townchicken.js ended
[10/05/26 18:44:48] D2BS 3256: Script default.dbj ended
[10/05/26 18:44:58] D2BS 3256: Creating Game: pz-160
[10/05/26 18:45:00] D2BS 3256: ÿc2D2BSÿc0 :: Starting default.dbj
[10/05/26 18:45:00] D2BS 3256: ÿc2D2BSÿc0 :: default.dbj running.
[10/05/26 18:45:00] D2BS 3256: Loaded ÿc9[X.nip] [Y.nip] [Z.nip] [V.nip] [S.SFFW.nip]
[10/05/26 18:45:00] D2BS 3256: Loaded ÿc9[S.SFFW.js]
[10/05/26 18:45:00] D2BS 3256: equipped: [Head] 16
[10/05/26 18:45:00] D2BS 3256: equipped: [Neck] 16
[10/05/26 18:45:00] D2BS 3256: equipped: [Body] 21
[10/05/26 18:45:00] D2BS 3256: equipped: [ArmR] 31
[10/05/26 18:45:00] D2BS 3256: equipped: [ArmL] 20
[10/05/26 18:45:00] D2BS 3256: equipped: [RingR] 15
[10/05/26 18:45:00] D2BS 3256: equipped: [RingL] 12
[10/05/26 18:45:00] D2BS 3256: equipped: [Belt] 17
[10/05/26 18:45:00] D2BS 3256: equipped: [Boots] 13
[10/05/26 18:45:00] D2BS 3256: equipped: [Mitts] 12
[10/05/26 18:45:00] D2BS 3256: updateStat
[10/05/26 18:45:00] D2BS 3256: granted: [Head] 14
[10/05/26 18:45:00] D2BS 3256: granted: [Body] 20
[10/05/26 18:45:00] D2BS 3256: granted: [ArmR] 21
[10/05/26 18:45:00] D2BS 3256: Loaded ÿc9[AutoSmurf.js]
[10/05/26 18:45:08] D2BS 3256: farmingON
[10/05/26 18:45:11] D2BS 3256: MiniShopBot: true
[10/05/26 18:45:11] D2BS 3256: UseMerc: true HP: 70
[10/05/26 18:45:29] D2BS 3256: Merc matched: Holy Freeze
[10/05/26 18:45:37] D2BS 3256: Token needed
[10/05/26 18:45:42] D2BS 3256: act5+ BO
[10/05/26 18:45:54] D2BS 3256: ÿc4=== [BAAL] ===
[10/05/26 18:46:16] D2BS 3256: Baal failed: souls found
[10/05/26 18:46:17] D2BS 3256: ÿc4=== [COUNTESS] ===
[10/05/26 18:47:28] D2BS 3256: ÿc4=== [PIT] ===
[10/05/26 18:48:45] D2BS 3256: updateStat
[10/05/26 18:49:13] D2BS 3256: ÿc4=== [ANDY] ===
[10/05/26 18:50:16] D2BS 3256: ÿc4=== [MEPHISTO] ===
[10/05/26 18:51:42] D2BS 3256: ÿc4=== [DIABLO] ===
[10/05/26 18:56:41] D2BS 3256: party has left: fowo-xe
[10/05/26 18:56:41] D2BS 3256:  [11:42] +2.56% / [Level 88] 78.46%
[10/05/26 18:56:41] D2BS 3256: Script threads\autobuildthread.js ended
[10/05/26 18:56:41] D2BS 3256: Script threads\partythread.js ended
[10/05/26 18:56:41] D2BS 3256: Script threads\townchicken.js ended
[10/05/26 18:56:41] D2BS 3256: Script default.dbj ended
[10/05/26 18:56:51] D2BS 3256: Creating Game: pz-161
[10/05/26 18:56:53] D2BS 3256: ÿc2D2BSÿc0 :: Starting default.dbj
[10/05/26 18:56:53] D2BS 3256: ÿc2D2BSÿc0 :: default.dbj running.
[10/05/26 18:56:53] D2BS 3256: Loaded ÿc9[X.nip] [Y.nip] [Z.nip] [V.nip] [S.SFFW.nip]
[10/05/26 18:56:53] D2BS 3256: Loaded ÿc9[S.SFFW.js]
[10/05/26 18:56:53] D2BS 3256: equipped: [Head] 16
[10/05/26 18:56:53] D2BS 3256: equipped: [Neck] 16
[10/05/26 18:56:53] D2BS 3256: equipped: [Body] 21
[10/05/26 18:56:53] D2BS 3256: equipped: [ArmR] 31
[10/05/26 18:56:53] D2BS 3256: equipped: [ArmL] 20
[10/05/26 18:56:53] D2BS 3256: equipped: [RingR] 15
[10/05/26 18:56:53] D2BS 3256: equipped: [RingL] 12
[10/05/26 18:56:53] D2BS 3256: equipped: [Belt] 17
[10/05/26 18:56:53] D2BS 3256: equipped: [Boots] 13
[10/05/26 18:56:53] D2BS 3256: equipped: [Mitts] 12
[10/05/26 18:56:53] D2BS 3256: updateStat
[10/05/26 18:56:53] D2BS 3256: granted: [Head] 14
[10/05/26 18:56:53] D2BS 3256: granted: [Body] 20
[10/05/26 18:56:53] D2BS 3256: granted: [ArmR] 21
[10/05/26 18:56:53] D2BS 3256: Loaded ÿc9[AutoSmurf.js]
[10/05/26 18:57:01] D2BS 3256: farmingON
[10/05/26 18:57:04] D2BS 3256: MiniShopBot: true
[10/05/26 18:57:04] D2BS 3256: UseMerc: true HP: 70
[10/05/26 18:57:24] D2BS 3256: Merc matched: Holy Freeze
[10/05/26 18:57:27] D2BS 3256: Token needed
[10/05/26 18:57:31] D2BS 3256: act5+ BO
[10/05/26 18:57:43] D2BS 3256: ÿc4=== [BAAL] ===
[10/05/26 18:58:00] D2BS 3256: Baal failed: souls found
[10/05/26 18:58:04] D2BS 3256: ÿc4=== [COUNTESS] ===
[10/05/26 18:59:04] D2BS 3256: ÿc4=== [PIT] ===
[10/05/26 19:01:02] D2BS 3256: ÿc4=== [ANDY] ===
[10/05/26 19:01:59] D2BS 3256: ÿc4=== [MEPHISTO] ===
[10/05/26 19:03:15] D2BS 3256: ÿc4=== [DIABLO] ===
[10/05/26 19:08:43] D2BS 3256: party has left: fowo-xd
[10/05/26 19:08:43] D2BS 3256:  [11:51] +4.54% / [Level 88] 83.00%
[10/05/26 19:08:43] D2BS 3256: Script threads\autobuildthread.js ended
[10/05/26 19:08:43] D2BS 3256: Script threads\partythread.js ended
[10/05/26 19:08:44] D2BS 3256: Script threads\townchicken.js ended
[10/05/26 19:08:44] D2BS 3256: Script default.dbj ended
[10/05/26 19:08:53] D2BS 3256: Creating Game: pz-162
[10/05/26 19:08:55] D2BS 3256: ÿc2D2BSÿc0 :: Starting default.dbj
[10/05/26 19:08:55] D2BS 3256: ÿc2D2BSÿc0 :: default.dbj running.
[10/05/26 19:08:55] D2BS 3256: Loaded ÿc9[X.nip] [Y.nip] [Z.nip] [V.nip] [S.SFFW.nip]
[10/05/26 19:08:55] D2BS 3256: Loaded ÿc9[S.SFFW.js]
[10/05/26 19:08:55] D2BS 3256: equipped: [Head] 16
[10/05/26 19:08:55] D2BS 3256: equipped: [Neck] 16
[10/05/26 19:08:55] D2BS 3256: equipped: [Body] 21
[10/05/26 19:08:55] D2BS 3256: equipped: [ArmR] 31
[10/05/26 19:08:55] D2BS 3256: equipped: [ArmL] 20
[10/05/26 19:08:55] D2BS 3256: equipped: [RingR] 15
[10/05/26 19:08:55] D2BS 3256: equipped: [RingL] 12
[10/05/26 19:08:55] D2BS 3256: equipped: [Belt] 17
[10/05/26 19:08:55] D2BS 3256: equipped: [Boots] 13
[10/05/26 19:08:55] D2BS 3256: equipped: [Mitts] 12
[10/05/26 19:08:55] D2BS 3256: updateStat
[10/05/26 19:08:55] D2BS 3256: granted: [Head] 14
[10/05/26 19:08:55] D2BS 3256: granted: [Body] 20
[10/05/26 19:08:55] D2BS 3256: granted: [ArmR] 21
[10/05/26 19:08:55] D2BS 3256: Loaded ÿc9[AutoSmurf.js]
[10/05/26 19:09:03] D2BS 3256: farmingON
[10/05/26 19:09:07] D2BS 3256: MiniShopBot: true
[10/05/26 19:09:07] D2BS 3256: UseMerc: true HP: 70
[10/05/26 19:09:30] D2BS 3256: Merc matched: Holy Freeze
[10/05/26 19:09:37] D2BS 3256: Token needed
[10/05/26 19:09:41] D2BS 3256: act5+ BO
[10/05/26 19:09:54] D2BS 3256: ÿc4=== [BAAL] ===
[10/05/26 19:10:04] D2BS 3256: Baal failed: souls found
[10/05/26 19:10:06] D2BS 3256: ÿc4=== [COUNTESS] ===
[10/05/26 19:11:07] D2BS 3256: ÿc4=== [PIT] ===
[10/05/26 19:12:53] D2BS 3256: ÿc4=== [ANDY] ===
[10/05/26 19:13:56] D2BS 3256: ÿc4=== [MEPHISTO] ===
[10/05/26 19:15:16] D2BS 3256: ÿc4=== [DIABLO] ===
[10/05/26 19:20:35] D2BS 3256: Script ended
[10/05/26 19:20:35] D2BS 3256:  [11:41] +3.65% / [Level 88] 86.65%
[10/05/26 19:20:35] D2BS 3256: Script threads\autobuildthread.js ended
[10/05/26 19:20:36] D2BS 3256: Script threads\partythread.js ended
[10/05/26 19:20:36] D2BS 3256: Script threads\townchicken.js ended
[10/05/26 19:20:46] D2BS 3256: Creating Game: pz-163
[10/05/26 19:20:47] D2BS 3256: ÿc2D2BSÿc0 :: Starting default.dbj
[10/05/26 19:20:47] D2BS 3256: ÿc2D2BSÿc0 :: default.dbj running.
[10/05/26 19:20:47] D2BS 3256: Loaded ÿc9[X.nip] [Y.nip] [Z.nip] [V.nip] [S.SFFW.nip]
[10/05/26 19:20:47] D2BS 3256: Loaded ÿc9[S.SFFW.js]
[10/05/26 19:20:47] D2BS 3256: equipped: [Head] 16
[10/05/26 19:20:47] D2BS 3256: equipped: [Neck] 16
[10/05/26 19:20:47] D2BS 3256: equipped: [Body] 21
[10/05/26 19:20:47] D2BS 3256: equipped: [ArmR] 31
[10/05/26 19:20:47] D2BS 3256: equipped: [ArmL] 20
[10/05/26 19:20:47] D2BS 3256: equipped: [RingR] 15
[10/05/26 19:20:47] D2BS 3256: equipped: [RingL] 12
[10/05/26 19:20:47] D2BS 3256: equipped: [Belt] 17
[10/05/26 19:20:47] D2BS 3256: equipped: [Boots] 13
[10/05/26 19:20:47] D2BS 3256: equipped: [Mitts] 12
[10/05/26 19:20:48] D2BS 3256: updateStat
[10/05/26 19:20:48] D2BS 3256: granted: [Head] 14
[10/05/26 19:20:48] D2BS 3256: granted: [Body] 20
[10/05/26 19:20:48] D2BS 3256: granted: [ArmR] 21
[10/05/26 19:20:48] D2BS 3256: Loaded ÿc9[AutoSmurf.js]
[10/05/26 19:20:55] D2BS 3256: farmingON
[10/05/26 19:20:56] D2BS 3256: MiniShopBot: true
[10/05/26 19:20:56] D2BS 3256: UseMerc: true HP: 70
[10/05/26 19:21:15] D2BS 3256: equipped: [Belt] 19
[10/05/26 19:21:15] D2BS 3256: Merc matched: Holy Freeze
[10/05/26 19:21:32] D2BS 3256: act5+ BO
[10/05/26 19:21:44] D2BS 3256: ÿc4=== [BAAL] ===
[10/05/26 19:25:40] D2BS 3256: ÿc4=== [COUNTESS] ===
[10/05/26 19:26:45] D2BS 3256: ÿc4=== [PIT] ===
[10/05/26 19:28:23] D2BS 3256: ÿc4=== [ANDY] ===
[10/05/26 19:29:12] D2BS 3256: ÿc4=== [MEPHISTO] ===
[10/05/26 19:30:25] D2BS 3256: ÿc4=== [DIABLO] ===
[10/05/26 19:36:32] D2BS 3256: party has left: fowo-xb
[10/05/26 19:36:32] D2BS 3256:  [15:45] +8.06% / [Level 88] 94.71%
[10/05/26 19:36:32] D2BS 3256: Script threads\autobuildthread.js ended
[10/05/26 19:36:32] D2BS 3256: Script threads\partythread.js ended
[10/05/26 19:36:32] D2BS 3256: Script threads\townchicken.js ended
[10/05/26 19:36:32] D2BS 3256: Script default.dbj ended
[10/05/26 19:36:42] D2BS 3256: Creating Game: pz-164
[10/05/26 19:36:44] D2BS 3256: ÿc2D2BSÿc0 :: Starting default.dbj
[10/05/26 19:36:44] D2BS 3256: ÿc2D2BSÿc0 :: default.dbj running.
[10/05/26 19:36:44] D2BS 3256: Loaded ÿc9[X.nip] [Y.nip] [Z.nip] [V.nip] [S.SFFW.nip]
[10/05/26 19:36:44] D2BS 3256: Loaded ÿc9[S.SFFW.js]
[10/05/26 19:36:44] D2BS 3256: equipped: [Head] 16
[10/05/26 19:36:44] D2BS 3256: equipped: [Neck] 16
[10/05/26 19:36:44] D2BS 3256: equipped: [Body] 21
[10/05/26 19:36:44] D2BS 3256: equipped: [ArmR] 31
[10/05/26 19:36:44] D2BS 3256: equipped: [ArmL] 20
[10/05/26 19:36:44] D2BS 3256: equipped: [RingR] 15
[10/05/26 19:36:44] D2BS 3256: equipped: [RingL] 12
[10/05/26 19:36:44] D2BS 3256: equipped: [Belt] 19
[10/05/26 19:36:44] D2BS 3256: equipped: [Boots] 13
[10/05/26 19:36:44] D2BS 3256: equipped: [Mitts] 12
[10/05/26 19:36:44] D2BS 3256: updateStat
[10/05/26 19:36:44] D2BS 3256: granted: [Head] 14
[10/05/26 19:36:44] D2BS 3256: granted: [Body] 20
[10/05/26 19:36:44] D2BS 3256: granted: [ArmR] 21
[10/05/26 19:36:44] D2BS 3256: Loaded ÿc9[AutoSmurf.js]
[10/05/26 19:36:52] D2BS 3256: farmingON
[10/05/26 19:36:55] D2BS 3256: MiniShopBot: true
[10/05/26 19:36:55] D2BS 3256: UseMerc: true HP: 70
[10/05/26 19:37:16] D2BS 3256: Merc matched: Holy Freeze
[10/05/26 19:37:33] D2BS 3256: act5+ BO
[10/05/26 19:39:39] D2BS 3256: no exp [02:55]
[10/05/26 19:39:39] D2BS 3256: Script threads\autobuildthread.js ended
[10/05/26 19:39:39] D2BS 3256: Script threads\partythread.js ended
[10/05/26 19:39:39] D2BS 3256: Script threads\townchicken.js ended
[10/05/26 19:39:39] D2BS 3256: Script default.dbj ended
[10/05/26 19:39:49] D2BS 3256: Creating Game: pz-165
[10/05/26 19:39:50] D2BS 3256: ÿc2D2BSÿc0 :: Starting default.dbj
[10/05/26 19:39:50] D2BS 3256: ÿc2D2BSÿc0 :: default.dbj running.
[10/05/26 19:39:50] D2BS 3256: Loaded ÿc9[X.nip] [Y.nip] [Z.nip] [V.nip] [S.SFFW.nip]
[10/05/26 19:39:50] D2BS 3256: Loaded ÿc9[S.SFFW.js]
[10/05/26 19:39:50] D2BS 3256: equipped: [Head] 16
[10/05/26 19:39:50] D2BS 3256: equipped: [Neck] 16
[10/05/26 19:39:50] D2BS 3256: equipped: [Body] 21
[10/05/26 19:39:50] D2BS 3256: equipped: [ArmR] 31
[10/05/26 19:39:50] D2BS 3256: equipped: [ArmL] 20
[10/05/26 19:39:50] D2BS 3256: equipped: [RingR] 15
[10/05/26 19:39:50] D2BS 3256: equipped: [RingL] 12
[10/05/26 19:39:50] D2BS 3256: equipped: [Belt] 19
[10/05/26 19:39:50] D2BS 3256: equipped: [Boots] 13
[10/05/26 19:39:50] D2BS 3256: equipped: [Mitts] 12
[10/05/26 19:39:51] D2BS 3256: updateStat
[10/05/26 19:39:51] D2BS 3256: granted: [Head] 14
[10/05/26 19:39:51] D2BS 3256: granted: [Body] 20
[10/05/26 19:39:51] D2BS 3256: granted: [ArmR] 21
[10/05/26 19:39:51] D2BS 3256: Loaded ÿc9[AutoSmurf.js]
[10/05/26 19:39:56] D2BS 3256: farmingON
[10/05/26 19:39:56] D2BS 3256: MiniShopBot: true
[10/05/26 19:39:56] D2BS 3256: UseMerc: true HP: 70
[10/05/26 19:40:10] D2BS 3256: Merc matched: Holy Freeze
[10/05/26 19:40:19] D2BS 3256: Token needed
[10/05/26 19:40:24] D2BS 3256: act5+ BO
[10/05/26 19:40:35] D2BS 3256: ÿc4=== [BAAL] ===
[10/05/26 19:40:47] D2BS 3256: Baal failed: souls found
[10/05/26 19:40:49] D2BS 3256: ÿc4=== [COUNTESS] ===
[10/05/26 19:41:38] D2BS 3256: updateStat
[10/05/26 19:41:47] D2BS 3256: ÿc4=== [PIT] ===
[10/05/26 19:43:33] D2BS 3256: ÿc4=== [ANDY] ===
[10/05/26 19:44:20] D2BS 3256: ÿc4=== [MEPHISTO] ===
[10/05/26 19:45:35] D2BS 3256: ÿc4=== [DIABLO] ===
[10/05/26 19:51:23] D2BS 3256: Script ended
[10/05/26 19:51:23] D2BS 3256:  [11:33] +4.49% / [Level 88] 99.20%
[10/05/26 19:51:23] D2BS 3256: Script threads\autobuildthread.js ended
[10/05/26 19:51:23] D2BS 3256: Script threads\partythread.js ended
[10/05/26 19:51:23] D2BS 3256: Script threads\townchicken.js ended
[10/05/26 19:51:33] D2BS 3256: Creating Game: pz-166
[10/05/26 19:51:35] D2BS 3256: ÿc2D2BSÿc0 :: Starting default.dbj
[10/05/26 19:51:35] D2BS 3256: ÿc2D2BSÿc0 :: default.dbj running.
[10/05/26 19:51:35] D2BS 3256: Loaded ÿc9[X.nip] [Y.nip] [Z.nip] [V.nip] [S.SFFW.nip]
[10/05/26 19:51:35] D2BS 3256: Loaded ÿc9[S.SFFW.js]
[10/05/26 19:51:35] D2BS 3256: equipped: [Head] 16
[10/05/26 19:51:35] D2BS 3256: equipped: [Neck] 16
[10/05/26 19:51:35] D2BS 3256: equipped: [Body] 21
[10/05/26 19:51:35] D2BS 3256: equipped: [ArmR] 31
[10/05/26 19:51:35] D2BS 3256: equipped: [ArmL] 20
[10/05/26 19:51:35] D2BS 3256: equipped: [RingR] 15
[10/05/26 19:51:35] D2BS 3256: equipped: [RingL] 12
[10/05/26 19:51:35] D2BS 3256: equipped: [Belt] 19
[10/05/26 19:51:35] D2BS 3256: equipped: [Boots] 13
[10/05/26 19:51:35] D2BS 3256: equipped: [Mitts] 12
[10/05/26 19:51:35] D2BS 3256: updateStat
[10/05/26 19:51:35] D2BS 3256: granted: [Head] 14
[10/05/26 19:51:35] D2BS 3256: granted: [Body] 20
[10/05/26 19:51:35] D2BS 3256: granted: [ArmR] 21
[10/05/26 19:51:35] D2BS 3256: Loaded ÿc9[AutoSmurf.js]
[10/05/26 19:51:44] D2BS 3256: farmingON
[10/05/26 19:51:48] D2BS 3256: MiniShopBot: true
[10/05/26 19:51:48] D2BS 3256: UseMerc: true HP: 70
[10/05/26 19:52:08] D2BS 3256: Merc matched: Holy Freeze
[10/05/26 19:52:22] D2BS 3256: act5+ BO
[10/05/26 19:52:36] D2BS 3256: ÿc4=== [BAAL] ===
[10/05/26 19:53:05] D2BS 3256: Baal failed: souls found
[10/05/26 19:53:06] D2BS 3256: ÿc4=== [COUNTESS] ===
[10/05/26 19:54:11] D2BS 3256: ÿc4=== [PIT] ===
[10/05/26 19:54:18] D2BS 3256: equipped: [RingL] 13
[10/05/26 19:55:51] D2BS 3256: ÿc4=== [ANDY] ===
[10/05/26 19:56:53] D2BS 3256: ÿc4=== [MEPHISTO] ===
[10/05/26 19:58:11] D2BS 3256: ÿc4=== [DIABLO] ===
[10/05/26 20:03:18] D2BS 3256: party has left: fowo-xg
[10/05/26 20:03:18] D2BS 3256:  [11:43] +2.97% / [Level 89] 2.24%
[10/05/26 20:03:18] D2BS 3256: Script threads\autobuildthread.js ended
[10/05/26 20:03:18] D2BS 3256: Script threads\partythread.js ended
[10/05/26 20:03:18] D2BS 3256: Script threads\townchicken.js ended
[10/05/26 20:03:18] D2BS 3256: Script default.dbj ended
[10/05/26 20:03:28] D2BS 3256: Creating Game: pz-167
[10/05/26 20:03:30] D2BS 3256: ÿc2D2BSÿc0 :: Starting default.dbj
[10/05/26 20:03:30] D2BS 3256: ÿc2D2BSÿc0 :: default.dbj running.
[10/05/26 20:03:30] D2BS 3256: Loaded ÿc9[X.nip] [Y.nip] [Z.nip] [V.nip] [S.SFFW.nip]
[10/05/26 20:03:30] D2BS 3256: Loaded ÿc9[S.SFFW.js]
[10/05/26 20:03:30] D2BS 3256: equipped: [Head] 16
[10/05/26 20:03:30] D2BS 3256: equipped: [Neck] 16
[10/05/26 20:03:30] D2BS 3256: equipped: [Body] 21
[10/05/26 20:03:30] D2BS 3256: equipped: [ArmR] 31
[10/05/26 20:03:30] D2BS 3256: equipped: [ArmL] 20
[10/05/26 20:03:30] D2BS 3256: equipped: [RingR] 15
[10/05/26 20:03:30] D2BS 3256: equipped: [RingL] 13
[10/05/26 20:03:30] D2BS 3256: equipped: [Belt] 19
[10/05/26 20:03:30] D2BS 3256: equipped: [Boots] 13
[10/05/26 20:03:30] D2BS 3256: equipped: [Mitts] 12
[10/05/26 20:03:30] D2BS 3256: updateStat
[10/05/26 20:03:30] D2BS 3256: granted: [Head] 14
[10/05/26 20:03:30] D2BS 3256: granted: [Body] 20
[10/05/26 20:03:30] D2BS 3256: granted: [ArmR] 21
[10/05/26 20:03:30] D2BS 3256: Loaded ÿc9[AutoSmurf.js]
[10/05/26 20:03:39] D2BS 3256: farmingON
[10/05/26 20:03:40] D2BS 3256: MiniShopBot: true
[10/05/26 20:03:40] D2BS 3256: UseMerc: true HP: 70
[10/05/26 20:04:13] D2BS 3256: Merc matched: Holy Freeze
[10/05/26 20:04:21] D2BS 3256: act5+ BO
[10/05/26 20:04:33] D2BS 3256: ÿc4=== [BAAL] ===
[10/05/26 20:04:46] D2BS 3256: Baal failed: souls found
[10/05/26 20:04:48] D2BS 3256: ÿc4=== [COUNTESS] ===
[10/05/26 20:05:57] D2BS 3256: ÿc4=== [PIT] ===
[10/05/26 20:07:38] D2BS 3256: ÿc4=== [ANDY] ===
[10/05/26 20:08:29] D2BS 3256: ÿc4=== [MEPHISTO] ===
[10/05/26 20:09:44] D2BS 3256: ÿc4=== [DIABLO] ===
[10/05/26 20:15:09] D2BS 3256: Script ended
[10/05/26 20:15:09] D2BS 3256:  [11:39] +2.89% / [Level 89] 5.12%
[10/05/26 20:15:09] D2BS 3256: Script threads\autobuildthread.js ended
[10/05/26 20:15:09] D2BS 3256: Script threads\partythread.js ended
[10/05/26 20:15:09] D2BS 3256: Script threads\townchicken.js ended
[10/05/26 20:15:18] D2BS 3256: Creating Game: pz-168
[10/05/26 20:15:20] D2BS 3256: ÿc2D2BSÿc0 :: Starting default.dbj
[10/05/26 20:15:20] D2BS 3256: ÿc2D2BSÿc0 :: default.dbj running.
[10/05/26 20:15:20] D2BS 3256: Loaded ÿc9[X.nip] [Y.nip] [Z.nip] [V.nip] [S.SFFW.nip]
[10/05/26 20:15:20] D2BS 3256: Loaded ÿc9[S.SFFW.js]
[10/05/26 20:15:20] D2BS 3256: equipped: [Head] 16
[10/05/26 20:15:20] D2BS 3256: equipped: [Neck] 16
[10/05/26 20:15:20] D2BS 3256: equipped: [Body] 21
[10/05/26 20:15:20] D2BS 3256: equipped: [ArmR] 31
[10/05/26 20:15:20] D2BS 3256: equipped: [ArmL] 20
[10/05/26 20:15:20] D2BS 3256: equipped: [RingR] 15
[10/05/26 20:15:20] D2BS 3256: equipped: [RingL] 13
[10/05/26 20:15:20] D2BS 3256: equipped: [Belt] 19
[10/05/26 20:15:20] D2BS 3256: equipped: [Boots] 13
[10/05/26 20:15:20] D2BS 3256: equipped: [Mitts] 12
[10/05/26 20:15:20] D2BS 3256: updateStat
[10/05/26 20:15:20] D2BS 3256: granted: [Head] 14
[10/05/26 20:15:20] D2BS 3256: granted: [Body] 20
[10/05/26 20:15:20] D2BS 3256: granted: [ArmR] 21
[10/05/26 20:15:20] D2BS 3256: Loaded ÿc9[AutoSmurf.js]
[10/05/26 20:15:29] D2BS 3256: farmingON
[10/05/26 20:15:31] D2BS 3256: MiniShopBot: true
[10/05/26 20:15:31] D2BS 3256: UseMerc: true HP: 70
[10/05/26 20:15:52] D2BS 3256: Merc matched: Holy Freeze
[10/05/26 20:15:59] D2BS 3256: Token needed
[10/05/26 20:16:03] D2BS 3256: act5+ BO
[10/05/26 20:16:15] D2BS 3256: ÿc4=== [BAAL] ===
[10/05/26 20:19:45] D2BS 3256: ÿc4=== [COUNTESS] ===
[10/05/26 20:21:09] D2BS 3256: ÿc4=== [PIT] ===
[10/05/26 20:22:36] D2BS 3256: ÿc4=== [ANDY] ===
[10/05/26 20:23:32] D2BS 3256: ÿc4=== [MEPHISTO] ===
[10/05/26 20:23:42] D2BS 3256: equipped: [ArmR] 33
[10/05/26 20:24:56] D2BS 3256: ÿc4=== [DIABLO] ===
[10/05/26 20:25:09] D2BS 3256: ÿc4[Reset] ÿc0Spirit Broad Sword
[10/05/26 20:26:14] D2BS 3256: updateStat
[10/05/26 20:31:07] D2BS 3256: party has left: fowo-xh
[10/05/26 20:31:07] D2BS 3256:  [15:48] +5.60% / [Level 89] 10.72%
[10/05/26 20:31:07] D2BS 3256: Script threads\autobuildthread.js ended
[10/05/26 20:31:08] D2BS 3256: Script threads\partythread.js ended
[10/05/26 20:31:08] D2BS 3256: Script threads\townchicken.js ended
[10/05/26 20:31:08] D2BS 3256: Script default.dbj ended
[10/05/26 20:31:18] D2BS 3256: Creating Game: pz-169
[10/05/26 20:31:19] D2BS 3256: ÿc2D2BSÿc0 :: Starting default.dbj
[10/05/26 20:31:19] D2BS 3256: ÿc2D2BSÿc0 :: default.dbj running.
[10/05/26 20:31:20] D2BS 3256: Loaded ÿc9[X.nip] [Y.nip] [Z.nip] [V.nip] [S.SFFW.nip]
[10/05/26 20:31:20] D2BS 3256: Loaded ÿc9[S.SFFW.js]
[10/05/26 20:31:20] D2BS 3256: equipped: [Head] 16
[10/05/26 20:31:20] D2BS 3256: equipped: [Neck] 16
[10/05/26 20:31:20] D2BS 3256: equipped: [Body] 21
[10/05/26 20:31:20] D2BS 3256: equipped: [ArmR] 33
[10/05/26 20:31:20] D2BS 3256: equipped: [ArmL] 20
[10/05/26 20:31:20] D2BS 3256: equipped: [RingR] 15
[10/05/26 20:31:20] D2BS 3256: equipped: [RingL] 13
[10/05/26 20:31:20] D2BS 3256: equipped: [Belt] 19
[10/05/26 20:31:20] D2BS 3256: equipped: [Boots] 13
[10/05/26 20:31:20] D2BS 3256: equipped: [Mitts] 12
[10/05/26 20:31:20] D2BS 3256: updateStat
[10/05/26 20:31:20] D2BS 3256: granted: [Head] 14
[10/05/26 20:31:20] D2BS 3256: granted: [Body] 20
[10/05/26 20:31:20] D2BS 3256: granted: [ArmR] 21
[10/05/26 20:31:20] D2BS 3256: Loaded ÿc9[AutoSmurf.js]
[10/05/26 20:31:28] D2BS 3256: farmingON
[10/05/26 20:31:30] D2BS 3256: MiniShopBot: true
[10/05/26 20:31:30] D2BS 3256: UseMerc: true HP: 70
[10/05/26 20:31:54] D2BS 3256: Merc matched: Holy Freeze
[10/05/26 20:32:02] D2BS 3256: act5+ BO
[10/05/26 20:32:14] D2BS 3256: ÿc4=== [BAAL] ===
[10/05/26 20:32:33] D2BS 3256: Baal failed: souls found
[10/05/26 20:32:34] D2BS 3256: ÿc4=== [COUNTESS] ===
[10/05/26 20:33:39] D2BS 3256: ÿc4=== [PIT] ===
[10/05/26 20:35:16] D2BS 3256: ÿc4=== [ANDY] ===
[10/05/26 20:36:26] D2BS 3256: ÿc4=== [MEPHISTO] ===
[10/05/26 20:37:46] D2BS 3256: ÿc4=== [DIABLO] ===
[10/05/26 20:43:23] D2BS 3256: party has left: fowo-xc
[10/05/26 20:43:23] D2BS 3256:  [12:03] +2.78% / [Level 89] 13.50%
[10/05/26 20:43:23] D2BS 3256: Script threads\autobuildthread.js ended
[10/05/26 20:43:23] D2BS 3256: Script threads\partythread.js ended
[10/05/26 20:43:23] D2BS 3256: Script threads\townchicken.js ended
[10/05/26 20:43:23] D2BS 3256: Script default.dbj ended
[10/05/26 20:43:34] D2BS 3256: Creating Game: pz-170
[10/05/26 20:43:35] D2BS 3256: ÿc2D2BSÿc0 :: Starting default.dbj
[10/05/26 20:43:35] D2BS 3256: ÿc2D2BSÿc0 :: default.dbj running.
[10/05/26 20:43:35] D2BS 3256: Loaded ÿc9[X.nip] [Y.nip] [Z.nip] [V.nip] [S.SFFW.nip]
[10/05/26 20:43:35] D2BS 3256: Loaded ÿc9[S.SFFW.js]
[10/05/26 20:43:35] D2BS 3256: equipped: [Head] 16
[10/05/26 20:43:35] D2BS 3256: equipped: [Neck] 16
[10/05/26 20:43:35] D2BS 3256: equipped: [Body] 21
[10/05/26 20:43:35] D2BS 3256: equipped: [ArmR] 33
[10/05/26 20:43:35] D2BS 3256: equipped: [ArmL] 20
[10/05/26 20:43:35] D2BS 3256: equipped: [RingR] 15
[10/05/26 20:43:35] D2BS 3256: equipped: [RingL] 13
[10/05/26 20:43:35] D2BS 3256: equipped: [Belt] 19
[10/05/26 20:43:35] D2BS 3256: equipped: [Boots] 13
[10/05/26 20:43:35] D2BS 3256: equipped: [Mitts] 12
[10/05/26 20:43:35] D2BS 3256: updateStat
[10/05/26 20:43:35] D2BS 3256: granted: [Head] 14
[10/05/26 20:43:35] D2BS 3256: granted: [Body] 20
[10/05/26 20:43:35] D2BS 3256: granted: [ArmR] 21
[10/05/26 20:43:35] D2BS 3256: Loaded ÿc9[AutoSmurf.js]
[10/05/26 20:43:42] D2BS 3256: farmingON
[10/05/26 20:43:47] D2BS 3256: MiniShopBot: true
[10/05/26 20:43:47] D2BS 3256: UseMerc: true HP: 70
[10/05/26 20:43:53] D2BS 3256: ÿc4[Runeword] ÿc0Ancients' Pledge Gothic Shield
[10/05/26 20:44:11] D2BS 3256: equipped: [ArmL] 26
[10/05/26 20:44:12] D2BS 3256: Merc matched: Holy Freeze
[10/05/26 20:44:19] D2BS 3256: act5+ BO
[10/05/26 20:44:31] D2BS 3256: ÿc4=== [BAAL] ===
[10/05/26 20:47:30] D2BS 3256: ÿc4=== [COUNTESS] ===
[10/05/26 20:48:52] D2BS 3256: ÿc4=== [PIT] ===
[10/05/26 20:50:27] D2BS 3256: ÿc4=== [ANDY] ===
[10/05/26 20:51:17] D2BS 3256: ÿc4=== [MEPHISTO] ===
[10/05/26 20:52:44] D2BS 3256: ÿc4=== [DIABLO] ===
[10/05/26 20:58:20] D2BS 3256: party has left: fowo-xh
[10/05/26 20:58:20] D2BS 3256:  [14:45] +5.38% / [Level 89] 18.88%
[10/05/26 20:58:20] D2BS 3256: Script threads\autobuildthread.js ended
[10/05/26 20:58:21] D2BS 3256: Script threads\partythread.js ended
[10/05/26 20:58:21] D2BS 3256: Script threads\townchicken.js ended
[10/05/26 20:58:21] D2BS 3256: Script ended
[10/05/26 20:58:21] D2BS 3256: Script default.dbj ended
[10/05/26 20:58:30] D2BS 3256: Creating Game: pz-171
[10/05/26 20:58:31] D2BS 3256: ÿc2D2BSÿc0 :: Starting default.dbj
[10/05/26 20:58:31] D2BS 3256: ÿc2D2BSÿc0 :: default.dbj running.
[10/05/26 20:58:31] D2BS 3256: Loaded ÿc9[X.nip] [Y.nip] [Z.nip] [V.nip] [S.SFFW.nip]
[10/05/26 20:58:31] D2BS 3256: Loaded ÿc9[S.SFFW.js]
[10/05/26 20:58:31] D2BS 3256: equipped: [Head] 16
[10/05/26 20:58:31] D2BS 3256: equipped: [Neck] 16
[10/05/26 20:58:31] D2BS 3256: equipped: [Body] 21
[10/05/26 20:58:31] D2BS 3256: equipped: [ArmR] 33
[10/05/26 20:58:31] D2BS 3256: equipped: [ArmL] 26
[10/05/26 20:58:32] D2BS 3256: equipped: [RingR] 15
[10/05/26 20:58:32] D2BS 3256: equipped: [RingL] 13
[10/05/26 20:58:32] D2BS 3256: equipped: [Belt] 19
[10/05/26 20:58:32] D2BS 3256: equipped: [Boots] 13
[10/05/26 20:58:32] D2BS 3256: equipped: [Mitts] 12
[10/05/26 20:58:32] D2BS 3256: updateStat
[10/05/26 20:58:32] D2BS 3256: granted: [Head] 14
[10/05/26 20:58:32] D2BS 3256: granted: [Body] 20
[10/05/26 20:58:32] D2BS 3256: granted: [ArmR] 21
[10/05/26 20:58:32] D2BS 3256: Loaded ÿc9[AutoSmurf.js]
[10/05/26 20:58:39] D2BS 3256: farmingON
[10/05/26 20:58:42] D2BS 3256: MiniShopBot: true
[10/05/26 20:58:42] D2BS 3256: UseMerc: true HP: 70
[10/05/26 20:58:47] D2BS 3256: [Craft] Caster Ring
[10/05/26 20:59:06] D2BS 3256: Merc matched: Holy Freeze
[10/05/26 20:59:15] D2BS 3256: act5+ BO
[10/05/26 20:59:26] D2BS 3256: ÿc4=== [BAAL] ===
[10/05/26 20:59:39] D2BS 3256: Baal failed: souls found
[10/05/26 20:59:41] D2BS 3256: ÿc4=== [COUNTESS] ===
[10/05/26 21:00:51] D2BS 3256: ÿc4=== [PIT] ===
[10/05/26 21:02:34] D2BS 3256: ÿc4=== [ANDY] ===
[10/05/26 21:03:27] D2BS 3256: ÿc4=== [MEPHISTO] ===
[10/05/26 21:04:28] D2BS 3256: ÿc4=== [DIABLO] ===
[10/05/26 21:09:27] D2BS 3256: Script ended
[10/05/26 21:09:27] D2BS 3256:  [10:55] +2.22% / [Level 89] 21.10%
[10/05/26 21:09:27] D2BS 3256: Script threads\autobuildthread.js ended
[10/05/26 21:09:27] D2BS 3256: Script threads\partythread.js ended
[10/05/26 21:09:27] D2BS 3256: Script threads\townchicken.js ended
[10/05/26 21:09:36] D2BS 3256: Creating Game: pz-172
[10/05/26 21:09:38] D2BS 3256: ÿc2D2BSÿc0 :: Starting default.dbj
[10/05/26 21:09:38] D2BS 3256: ÿc2D2BSÿc0 :: default.dbj running.
[10/05/26 21:09:38] D2BS 3256: Loaded ÿc9[X.nip] [Y.nip] [Z.nip] [V.nip] [S.SFFW.nip]
[10/05/26 21:09:38] D2BS 3256: Loaded ÿc9[S.SFFW.js]
[10/05/26 21:09:38] D2BS 3256: equipped: [Head] 16
[10/05/26 21:09:38] D2BS 3256: equipped: [Neck] 16
[10/05/26 21:09:38] D2BS 3256: equipped: [Body] 21
[10/05/26 21:09:38] D2BS 3256: equipped: [ArmR] 33
[10/05/26 21:09:38] D2BS 3256: equipped: [ArmL] 26
[10/05/26 21:09:38] D2BS 3256: equipped: [RingR] 15
[10/05/26 21:09:38] D2BS 3256: equipped: [RingL] 13
[10/05/26 21:09:38] D2BS 3256: equipped: [Belt] 19
[10/05/26 21:09:38] D2BS 3256: equipped: [Boots] 13
[10/05/26 21:09:38] D2BS 3256: equipped: [Mitts] 12
[10/05/26 21:09:38] D2BS 3256: updateStat
[10/05/26 21:09:38] D2BS 3256: granted: [Head] 14
[10/05/26 21:09:38] D2BS 3256: granted: [Body] 20
[10/05/26 21:09:38] D2BS 3256: granted: [ArmR] 21
[10/05/26 21:09:38] D2BS 3256: Loaded ÿc9[AutoSmurf.js]
[10/05/26 21:09:47] D2BS 3256: farmingON
[10/05/26 21:09:49] D2BS 3256: MiniShopBot: true
[10/05/26 21:09:49] D2BS 3256: UseMerc: true HP: 70
[10/05/26 21:10:10] D2BS 3256: Merc matched: Holy Freeze
[10/05/26 21:10:21] D2BS 3256: act5+ BO
[10/05/26 21:10:33] D2BS 3256: ÿc4=== [BAAL] ===
[10/05/26 21:10:47] D2BS 3256: Baal failed: souls found
[10/05/26 21:10:48] D2BS 3256: ÿc4=== [COUNTESS] ===
[10/05/26 21:11:53] D2BS 3256: ÿc4=== [PIT] ===
[10/05/26 21:13:38] D2BS 3256: ÿc4=== [ANDY] ===
[10/05/26 21:14:38] D2BS 3256: ÿc4=== [MEPHISTO] ===
[10/05/26 21:16:07] D2BS 3256: ÿc4=== [DIABLO] ===
[10/05/26 21:16:42] D2BS 3256: updateStat
[10/05/26 21:21:34] D2BS 3256: Script ended
[10/05/26 21:21:34] D2BS 3256:  [11:56] +3.15% / [Level 89] 24.25%
[10/05/26 21:21:34] D2BS 3256: Script threads\autobuildthread.js ended
[10/05/26 21:21:34] D2BS 3256: Script threads\partythread.js ended
[10/05/26 21:21:34] D2BS 3256: Script threads\townchicken.js ended
[10/05/26 21:21:44] D2BS 3256: Creating Game: pz-173
[10/05/26 21:21:46] D2BS 3256: ÿc2D2BSÿc0 :: Starting default.dbj
[10/05/26 21:21:46] D2BS 3256: ÿc2D2BSÿc0 :: default.dbj running.
[10/05/26 21:21:46] D2BS 3256: Loaded ÿc9[X.nip] [Y.nip] [Z.nip] [V.nip] [S.SFFW.nip]
[10/05/26 21:21:46] D2BS 3256: Loaded ÿc9[S.SFFW.js]
[10/05/26 21:21:46] D2BS 3256: equipped: [Head] 16
[10/05/26 21:21:46] D2BS 3256: equipped: [Neck] 16
[10/05/26 21:21:46] D2BS 3256: equipped: [Body] 21
[10/05/26 21:21:46] D2BS 3256: equipped: [ArmR] 33
[10/05/26 21:21:46] D2BS 3256: equipped: [ArmL] 26
[10/05/26 21:21:46] D2BS 3256: equipped: [RingR] 15
[10/05/26 21:21:46] D2BS 3256: equipped: [RingL] 13
[10/05/26 21:21:46] D2BS 3256: equipped: [Belt] 19
[10/05/26 21:21:46] D2BS 3256: equipped: [Boots] 13
[10/05/26 21:21:46] D2BS 3256: equipped: [Mitts] 12
[10/05/26 21:21:46] D2BS 3256: updateStat
[10/05/26 21:21:46] D2BS 3256: granted: [Head] 14
[10/05/26 21:21:46] D2BS 3256: granted: [Body] 20
[10/05/26 21:21:46] D2BS 3256: granted: [ArmR] 21
[10/05/26 21:21:46] D2BS 3256: Loaded ÿc9[AutoSmurf.js]
[10/05/26 21:21:55] D2BS 3256: farmingON
[10/05/26 21:21:58] D2BS 3256: MiniShopBot: true
[10/05/26 21:21:58] D2BS 3256: UseMerc: true HP: 70
[10/05/26 21:22:18] D2BS 3256: Merc matched: Holy Freeze
[10/05/26 21:22:29] D2BS 3256: act5+ BO
[10/05/26 21:22:41] D2BS 3256: ÿc4=== [BAAL] ===
[10/05/26 21:23:04] D2BS 3256: Baal failed: souls found
[10/05/26 21:23:06] D2BS 3256: ÿc4=== [COUNTESS] ===
[10/05/26 21:24:13] D2BS 3256: ÿc4=== [PIT] ===
[10/05/26 21:27:45] D2BS 3256: party has left: fowo-xf
[10/05/26 21:27:45] D2BS 3256:  [05:59] +0.31% / [Level 89] 24.56%
[10/05/26 21:27:45] D2BS 3256: Script threads\autobuildthread.js ended
[10/05/26 21:27:45] D2BS 3256: Script threads\partythread.js ended
[10/05/26 21:27:45] D2BS 3256: Script threads\townchicken.js ended
[10/05/26 21:27:45] D2BS 3256: Script default.dbj ended
[10/05/26 21:27:56] D2BS 3256: Creating Game: pz-174
[10/05/26 21:27:57] D2BS 3256: ÿc2D2BSÿc0 :: Starting default.dbj
[10/05/26 21:27:57] D2BS 3256: ÿc2D2BSÿc0 :: default.dbj running.
[10/05/26 21:27:57] D2BS 3256: Loaded ÿc9[X.nip] [Y.nip] [Z.nip] [V.nip] [S.SFFW.nip]
[10/05/26 21:27:57] D2BS 3256: Loaded ÿc9[S.SFFW.js]
[10/05/26 21:27:57] D2BS 3256: equipped: [Head] 16
[10/05/26 21:27:57] D2BS 3256: equipped: [Neck] 16
[10/05/26 21:27:57] D2BS 3256: equipped: [Body] 21
[10/05/26 21:27:57] D2BS 3256: equipped: [ArmR] 33
[10/05/26 21:27:57] D2BS 3256: equipped: [ArmL] 26
[10/05/26 21:27:57] D2BS 3256: equipped: [RingR] 15
[10/05/26 21:27:57] D2BS 3256: equipped: [RingL] 13
[10/05/26 21:27:57] D2BS 3256: equipped: [Belt] 19
[10/05/26 21:27:57] D2BS 3256: equipped: [Boots] 13
[10/05/26 21:27:57] D2BS 3256: equipped: [Mitts] 12
[10/05/26 21:27:57] D2BS 3256: updateStat
[10/05/26 21:27:57] D2BS 3256: granted: [Head] 14
[10/05/26 21:27:57] D2BS 3256: granted: [Body] 20
[10/05/26 21:27:57] D2BS 3256: granted: [ArmR] 21
[10/05/26 21:27:57] D2BS 3256: Loaded ÿc9[AutoSmurf.js]
[10/05/26 21:28:06] D2BS 3256: farmingON
[10/05/26 21:28:08] D2BS 3256: MiniShopBot: true
[10/05/26 21:28:08] D2BS 3256: UseMerc: true HP: 70
[10/05/26 21:28:24] D2BS 3256: Merc matched: Holy Freeze
[10/05/26 21:28:34] D2BS 3256: Token needed
[10/05/26 21:28:39] D2BS 3256: act5+ BO
[10/05/26 21:28:51] D2BS 3256: ÿc4=== [BAAL] ===
[10/05/26 21:29:02] D2BS 3256: Baal failed: souls found
[10/05/26 21:29:03] D2BS 3256: ÿc4=== [COUNTESS] ===
[10/05/26 21:30:33] D2BS 3256: ÿc4=== [PIT] ===
[10/05/26 21:32:08] D2BS 3256: ÿc4=== [ANDY] ===
[10/05/26 21:32:57] D2BS 3256: ÿc4=== [MEPHISTO] ===
[10/05/26 21:34:18] D2BS 3256: ÿc4=== [DIABLO] ===
[10/05/26 21:40:14] D2BS 3256: Script ended
[10/05/26 21:40:14] D2BS 3256:  [12:17] +2.95% / [Level 89] 27.51%
[10/05/26 21:40:14] D2BS 3256: Script threads\autobuildthread.js ended
[10/05/26 21:40:15] D2BS 3256: Script threads\partythread.js ended
[10/05/26 21:40:15] D2BS 3256: Script threads\townchicken.js ended
[10/05/26 21:40:24] D2BS 3256: Creating Game: pz-175
[10/05/26 21:40:26] D2BS 3256: ÿc2D2BSÿc0 :: Starting default.dbj
[10/05/26 21:40:26] D2BS 3256: ÿc2D2BSÿc0 :: default.dbj running.
[10/05/26 21:40:26] D2BS 3256: Loaded ÿc9[X.nip] [Y.nip] [Z.nip] [V.nip] [S.SFFW.nip]
[10/05/26 21:40:26] D2BS 3256: Loaded ÿc9[S.SFFW.js]
[10/05/26 21:40:26] D2BS 3256: equipped: [Head] 16
[10/05/26 21:40:26] D2BS 3256: equipped: [Neck] 16
[10/05/26 21:40:26] D2BS 3256: equipped: [Body] 21
[10/05/26 21:40:26] D2BS 3256: equipped: [ArmR] 33
[10/05/26 21:40:26] D2BS 3256: equipped: [ArmL] 26
[10/05/26 21:40:26] D2BS 3256: equipped: [RingR] 15
[10/05/26 21:40:26] D2BS 3256: equipped: [RingL] 13
[10/05/26 21:40:26] D2BS 3256: equipped: [Belt] 19
[10/05/26 21:40:26] D2BS 3256: equipped: [Boots] 13
[10/05/26 21:40:26] D2BS 3256: equipped: [Mitts] 12
[10/05/26 21:40:26] D2BS 3256: updateStat
[10/05/26 21:40:26] D2BS 3256: granted: [Head] 14
[10/05/26 21:40:26] D2BS 3256: granted: [Body] 20
[10/05/26 21:40:26] D2BS 3256: granted: [ArmR] 21
[10/05/26 21:40:26] D2BS 3256: Loaded ÿc9[AutoSmurf.js]
[10/05/26 21:40:35] D2BS 3256: farmingON
[10/05/26 21:40:38] D2BS 3256: MiniShopBot: true
[10/05/26 21:40:38] D2BS 3256: UseMerc: true HP: 70
[10/05/26 21:40:42] D2BS 3256: ÿc4[Runeword] ÿc0Insight Thresher
[10/05/26 21:41:05] D2BS 3256: granted: [ArmR] 41
[10/05/26 21:41:05] D2BS 3256: Merc matched: Holy Freeze
[10/05/26 21:41:13] D2BS 3256: act5+ BO
[10/05/26 21:41:25] D2BS 3256: ÿc4=== [BAAL] ===
[10/05/26 21:41:44] D2BS 3256: Baal failed: souls found
[10/05/26 21:41:46] D2BS 3256: ÿc4=== [COUNTESS] ===
[10/05/26 21:42:43] D2BS 3256: ÿc4=== [PIT] ===
[10/05/26 21:44:20] D2BS 3256: ÿc4=== [ANDY] ===
[10/05/26 21:45:45] D2BS 3256: ÿc4=== [MEPHISTO] ===
[10/05/26 21:46:53] D2BS 3256: ÿc4=== [DIABLO] ===
[10/05/26 21:52:15] D2BS 3256: party has left: fowo-xf
[10/05/26 21:52:15] D2BS 3256:  [11:49] +3.11% / [Level 89] 30.62%
[10/05/26 21:52:15] D2BS 3256: Script threads\autobuildthread.js ended
[10/05/26 21:52:15] D2BS 3256: Script threads\partythread.js ended
[10/05/26 21:52:15] D2BS 3256: Script threads\townchicken.js ended
[10/05/26 21:52:15] D2BS 3256: Script default.dbj ended
[10/05/26 21:52:26] D2BS 3256: Creating Game: pz-176
[10/05/26 21:52:28] D2BS 3256: ÿc2D2BSÿc0 :: Starting default.dbj
[10/05/26 21:52:28] D2BS 3256: ÿc2D2BSÿc0 :: default.dbj running.
[10/05/26 21:52:28] D2BS 3256: Loaded ÿc9[X.nip] [Y.nip] [Z.nip] [V.nip] [S.SFFW.nip]
[10/05/26 21:52:28] D2BS 3256: Loaded ÿc9[S.SFFW.js]
[10/05/26 21:52:28] D2BS 3256: equipped: [Head] 16
[10/05/26 21:52:28] D2BS 3256: equipped: [Neck] 16
[10/05/26 21:52:28] D2BS 3256: equipped: [Body] 21
[10/05/26 21:52:28] D2BS 3256: equipped: [ArmR] 33
[10/05/26 21:52:28] D2BS 3256: equipped: [ArmL] 26
[10/05/26 21:52:28] D2BS 3256: equipped: [RingR] 15
[10/05/26 21:52:28] D2BS 3256: equipped: [RingL] 13
[10/05/26 21:52:28] D2BS 3256: equipped: [Belt] 19
[10/05/26 21:52:28] D2BS 3256: equipped: [Boots] 13
[10/05/26 21:52:28] D2BS 3256: equipped: [Mitts] 12
[10/05/26 21:52:28] D2BS 3256: updateStat
[10/05/26 21:52:28] D2BS 3256: granted: [Head] 14
[10/05/26 21:52:28] D2BS 3256: granted: [Body] 20
[10/05/26 21:52:28] D2BS 3256: granted: [ArmR] 41
[10/05/26 21:52:28] D2BS 3256: Loaded ÿc9[AutoSmurf.js]
[10/05/26 21:52:37] D2BS 3256: farmingON
[10/05/26 21:52:39] D2BS 3256: MiniShopBot: true
[10/05/26 21:52:39] D2BS 3256: UseMerc: true HP: 70
[10/05/26 21:52:59] D2BS 3256: Merc matched: Holy Freeze
[10/05/26 21:53:10] D2BS 3256: act5+ BO
[10/05/26 21:55:17] D2BS 3256: no exp [02:49]
[10/05/26 21:55:17] D2BS 3256: Script threads\autobuildthread.js ended
[10/05/26 21:55:17] D2BS 3256: Script threads\partythread.js ended
[10/05/26 21:55:17] D2BS 3256: Script threads\townchicken.js ended
[10/05/26 21:55:17] D2BS 3256: Script default.dbj ended
[10/05/26 21:55:26] D2BS 3256: Creating Game: pz-177
[10/05/26 21:55:28] D2BS 3256: ÿc2D2BSÿc0 :: Starting default.dbj
[10/05/26 21:55:28] D2BS 3256: ÿc2D2BSÿc0 :: default.dbj running.
[10/05/26 21:55:28] D2BS 3256: Loaded ÿc9[X.nip] [Y.nip] [Z.nip] [V.nip] [S.SFFW.nip]
[10/05/26 21:55:28] D2BS 3256: Loaded ÿc9[S.SFFW.js]
[10/05/26 21:55:28] D2BS 3256: equipped: [Head] 16
[10/05/26 21:55:28] D2BS 3256: equipped: [Neck] 16
[10/05/26 21:55:28] D2BS 3256: equipped: [Body] 21
[10/05/26 21:55:28] D2BS 3256: equipped: [ArmR] 33
[10/05/26 21:55:28] D2BS 3256: equipped: [ArmL] 26
[10/05/26 21:55:28] D2BS 3256: equipped: [RingR] 15
[10/05/26 21:55:28] D2BS 3256: equipped: [RingL] 13
[10/05/26 21:55:28] D2BS 3256: equipped: [Belt] 19
[10/05/26 21:55:28] D2BS 3256: equipped: [Boots] 13
[10/05/26 21:55:28] D2BS 3256: equipped: [Mitts] 12
[10/05/26 21:55:28] D2BS 3256: updateStat
[10/05/26 21:55:28] D2BS 3256: granted: [Head] 14
[10/05/26 21:55:28] D2BS 3256: granted: [Body] 20
[10/05/26 21:55:28] D2BS 3256: granted: [ArmR] 41
[10/05/26 21:55:28] D2BS 3256: Loaded ÿc9[AutoSmurf.js]
[10/05/26 21:55:35] D2BS 3256: farmingON
[10/05/26 21:55:36] D2BS 3256: MiniShopBot: true
[10/05/26 21:55:36] D2BS 3256: UseMerc: true HP: 70
[10/05/26 21:55:52] D2BS 3256: Merc matched: Holy Freeze
[10/05/26 21:55:57] D2BS 3256: Token needed
[10/05/26 21:56:02] D2BS 3256: act5+ BO
[10/05/26 21:56:15] D2BS 3256: ÿc4=== [BAAL] ===
[10/05/26 21:57:22] D2BS 3256: updateStat
[10/05/26 22:00:33] D2BS 3256: party has left: fowo-xe
[10/05/26 22:00:33] D2BS 3256:  [05:05] +2.99% / [Level 89] 33.62%
[10/05/26 22:00:33] D2BS 3256: Script threads\autobuildthread.js ended
[10/05/26 22:00:33] D2BS 3256: Script threads\partythread.js ended
[10/05/26 22:00:33] D2BS 3256: Script threads\townchicken.js ended
[10/05/26 22:00:33] D2BS 3256: Script default.dbj ended
[10/05/26 22:00:43] D2BS 3256: Creating Game: pz-178
[10/05/26 22:00:45] D2BS 3256: ÿc2D2BSÿc0 :: Starting default.dbj
[10/05/26 22:00:45] D2BS 3256: ÿc2D2BSÿc0 :: default.dbj running.
[10/05/26 22:00:45] D2BS 3256: Loaded ÿc9[X.nip] [Y.nip] [Z.nip] [V.nip] [S.SFFW.nip]
[10/05/26 22:00:45] D2BS 3256: Loaded ÿc9[S.SFFW.js]
[10/05/26 22:00:45] D2BS 3256: equipped: [Head] 16
[10/05/26 22:00:45] D2BS 3256: equipped: [Neck] 16
[10/05/26 22:00:45] D2BS 3256: equipped: [Body] 21
[10/05/26 22:00:45] D2BS 3256: equipped: [ArmR] 33
[10/05/26 22:00:45] D2BS 3256: equipped: [ArmL] 26
[10/05/26 22:00:45] D2BS 3256: equipped: [RingR] 15
[10/05/26 22:00:45] D2BS 3256: equipped: [RingL] 13
[10/05/26 22:00:45] D2BS 3256: equipped: [Belt] 19
[10/05/26 22:00:45] D2BS 3256: equipped: [Boots] 13
[10/05/26 22:00:45] D2BS 3256: equipped: [Mitts] 12
[10/05/26 22:00:45] D2BS 3256: updateStat
[10/05/26 22:00:45] D2BS 3256: granted: [Head] 14
[10/05/26 22:00:45] D2BS 3256: granted: [Body] 20
[10/05/26 22:00:45] D2BS 3256: granted: [ArmR] 41
[10/05/26 22:00:45] D2BS 3256: Loaded ÿc9[AutoSmurf.js]
[10/05/26 22:00:52] D2BS 3256: farmingON
[10/05/26 22:00:53] D2BS 3256: MiniShopBot: true
[10/05/26 22:00:53] D2BS 3256: UseMerc: true HP: 70
[10/05/26 22:01:16] D2BS 3256: Merc matched: Holy Freeze
[10/05/26 22:01:25] D2BS 3256: act5+ BO
[10/05/26 22:01:36] D2BS 3256: ÿc4=== [BAAL] ===
[10/05/26 22:05:15] D2BS 3256: ÿc4=== [COUNTESS] ===
[10/05/26 22:06:29] D2BS 3256: ÿc4=== [PIT] ===
[10/05/26 22:07:56] D2BS 3256: ÿc4=== [ANDY] ===
[10/05/26 22:08:52] D2BS 3256: ÿc4=== [MEPHISTO] ===
[10/05/26 22:09:58] D2BS 3256: ÿc4=== [DIABLO] ===
[10/05/26 22:10:11] D2BS 3256: granted: [Body] 22
[10/05/26 22:15:33] D2BS 3256: party has left: fowo-xb
[10/05/26 22:15:33] D2BS 3256:  [14:48] +5.49% / [Level 89] 39.11%
[10/05/26 22:15:33] D2BS 3256: Script threads\autobuildthread.js ended
[10/05/26 22:15:33] D2BS 3256: Script threads\partythread.js ended
[10/05/26 22:15:33] D2BS 3256: Script threads\townchicken.js ended
[10/05/26 22:15:33] D2BS 3256: Script default.dbj ended
[10/05/26 22:15:43] D2BS 3256: Creating Game: pz-179
[10/05/26 22:15:45] D2BS 3256: ÿc2D2BSÿc0 :: Starting default.dbj
[10/05/26 22:15:45] D2BS 3256: ÿc2D2BSÿc0 :: default.dbj running.
[10/05/26 22:15:45] D2BS 3256: Loaded ÿc9[X.nip] [Y.nip] [Z.nip] [V.nip] [S.SFFW.nip]
[10/05/26 22:15:45] D2BS 3256: Loaded ÿc9[S.SFFW.js]
[10/05/26 22:15:45] D2BS 3256: equipped: [Head] 16
[10/05/26 22:15:45] D2BS 3256: equipped: [Neck] 16
[10/05/26 22:15:45] D2BS 3256: equipped: [Body] 21
[10/05/26 22:15:45] D2BS 3256: equipped: [ArmR] 33
[10/05/26 22:15:45] D2BS 3256: equipped: [ArmL] 26
[10/05/26 22:15:45] D2BS 3256: equipped: [RingR] 15
[10/05/26 22:15:45] D2BS 3256: equipped: [RingL] 13
[10/05/26 22:15:45] D2BS 3256: equipped: [Belt] 19
[10/05/26 22:15:45] D2BS 3256: equipped: [Boots] 13
[10/05/26 22:15:45] D2BS 3256: equipped: [Mitts] 12
[10/05/26 22:15:45] D2BS 3256: updateStat
[10/05/26 22:15:45] D2BS 3256: granted: [Head] 14
[10/05/26 22:15:45] D2BS 3256: granted: [Body] 22
[10/05/26 22:15:45] D2BS 3256: granted: [ArmR] 41
[10/05/26 22:15:45] D2BS 3256: Loaded ÿc9[AutoSmurf.js]
[10/05/26 22:15:53] D2BS 3256: farmingON
[10/05/26 22:15:55] D2BS 3256: MiniShopBot: true
[10/05/26 22:15:55] D2BS 3256: UseMerc: true HP: 70
[10/05/26 22:16:14] D2BS 3256: Merc matched: Holy Freeze
[10/05/26 22:16:25] D2BS 3256: act5+ BO
[10/05/26 22:16:36] D2BS 3256: ÿc4=== [BAAL] ===
[10/05/26 22:16:53] D2BS 3256: Baal failed: souls found
[10/05/26 22:16:55] D2BS 3256: ÿc4=== [COUNTESS] ===
[10/05/26 22:17:57] D2BS 3256: ÿc4=== [PIT] ===
[10/05/26 22:19:35] D2BS 3256: ÿc4=== [ANDY] ===
[10/05/26 22:20:34] D2BS 3256: ÿc4=== [MEPHISTO] ===
[10/05/26 22:22:03] D2BS 3256: ÿc4=== [DIABLO] ===
[10/05/26 22:28:38] D2BS 3256: party has left: fowo-xf
[10/05/26 22:28:39] D2BS 3256:  [12:53] +3.20% / [Level 89] 42.31%
[10/05/26 22:28:39] D2BS 3256: Script threads\autobuildthread.js ended
[10/05/26 22:28:39] D2BS 3256: Script threads\partythread.js ended
[10/05/26 22:28:39] D2BS 3256: Script threads\townchicken.js ended
[10/05/26 22:28:39] D2BS 3256: Script default.dbj ended
[10/05/26 22:28:48] D2BS 3256: Creating Game: pz-180
[10/05/26 22:28:49] D2BS 3256: ÿc2D2BSÿc0 :: Starting default.dbj
[10/05/26 22:28:49] D2BS 3256: ÿc2D2BSÿc0 :: default.dbj running.
[10/05/26 22:28:49] D2BS 3256: Loaded ÿc9[X.nip] [Y.nip] [Z.nip] [V.nip] [S.SFFW.nip]
[10/05/26 22:28:49] D2BS 3256: Loaded ÿc9[S.SFFW.js]
[10/05/26 22:28:49] D2BS 3256: equipped: [Head] 16
[10/05/26 22:28:49] D2BS 3256: equipped: [Neck] 16
[10/05/26 22:28:49] D2BS 3256: equipped: [Body] 21
[10/05/26 22:28:49] D2BS 3256: equipped: [ArmR] 33
[10/05/26 22:28:49] D2BS 3256: equipped: [ArmL] 26
[10/05/26 22:28:49] D2BS 3256: equipped: [RingR] 15
[10/05/26 22:28:49] D2BS 3256: equipped: [RingL] 13
[10/05/26 22:28:49] D2BS 3256: equipped: [Belt] 19
[10/05/26 22:28:49] D2BS 3256: equipped: [Boots] 13
[10/05/26 22:28:49] D2BS 3256: equipped: [Mitts] 12
[10/05/26 22:28:49] D2BS 3256: updateStat
[10/05/26 22:28:49] D2BS 3256: granted: [Head] 14
[10/05/26 22:28:49] D2BS 3256: granted: [Body] 22
[10/05/26 22:28:49] D2BS 3256: granted: [ArmR] 41
[10/05/26 22:28:49] D2BS 3256: Loaded ÿc9[AutoSmurf.js]
[10/05/26 22:28:58] D2BS 3256: farmingON
[10/05/26 22:28:59] D2BS 3256: MiniShopBot: true
[10/05/26 22:28:59] D2BS 3256: UseMerc: true HP: 70
[10/05/26 22:29:14] D2BS 3256: Merc matched: Holy Freeze
[10/05/26 22:29:27] D2BS 3256: Token needed
[10/05/26 22:29:32] D2BS 3256: act5+ BO
[10/05/26 22:29:44] D2BS 3256: ÿc4=== [BAAL] ===
[10/05/26 22:29:53] D2BS 3256: Baal failed: souls found
[10/05/26 22:29:55] D2BS 3256: ÿc4=== [COUNTESS] ===
[10/05/26 22:31:00] D2BS 3256: ÿc4=== [PIT] ===
[10/05/26 22:32:36] D2BS 3256: ÿc4=== [ANDY] ===
[10/05/26 22:33:37] D2BS 3256: ÿc4=== [MEPHISTO] ===
[10/05/26 22:34:56] D2BS 3256: ÿc4=== [DIABLO] ===
[10/05/26 22:36:24] D2BS 3256: updateStat
[10/05/26 22:36:58] D2BS 3256: Going to town
[10/05/26 22:38:43] D2BS 3256:  [09:54] +0.92% / [Level 89] 43.23%
[10/05/26 22:38:43] D2BS 3256: Script threads\autobuildthread.js ended
[10/05/26 22:38:43] D2BS 3256: Script threads\partythread.js ended
[10/05/26 22:38:43] D2BS 3256: Script threads\townchicken.js ended
[10/05/26 22:38:43] D2BS 3256: Script default.dbj ended
[10/05/26 22:38:54] D2BS 3256: Creating Game: pz-181
[10/05/26 22:38:55] D2BS 3256: ÿc2D2BSÿc0 :: Starting default.dbj
[10/05/26 22:38:55] D2BS 3256: ÿc2D2BSÿc0 :: default.dbj running.
[10/05/26 22:38:55] D2BS 3256: Loaded ÿc9[X.nip] [Y.nip] [Z.nip] [V.nip] [S.SFFW.nip]
[10/05/26 22:38:55] D2BS 3256: Loaded ÿc9[S.SFFW.js]
[10/05/26 22:38:55] D2BS 3256: equipped: [Head] 16
[10/05/26 22:38:55] D2BS 3256: equipped: [Neck] 16
[10/05/26 22:38:55] D2BS 3256: equipped: [Body] 21
[10/05/26 22:38:55] D2BS 3256: equipped: [ArmR] 33
[10/05/26 22:38:55] D2BS 3256: equipped: [ArmL] 26
[10/05/26 22:38:55] D2BS 3256: equipped: [RingR] 15
[10/05/26 22:38:55] D2BS 3256: equipped: [RingL] 13
[10/05/26 22:38:55] D2BS 3256: equipped: [Belt] 19
[10/05/26 22:38:55] D2BS 3256: equipped: [Boots] 13
[10/05/26 22:38:55] D2BS 3256: equipped: [Mitts] 12
[10/05/26 22:38:55] D2BS 3256: updateStat
[10/05/26 22:38:55] D2BS 3256: granted: [Head] 14
[10/05/26 22:38:55] D2BS 3256: granted: [Body] 22
[10/05/26 22:38:55] D2BS 3256: granted: [ArmR] 41
[10/05/26 22:38:55] D2BS 3256: Loaded ÿc9[AutoSmurf.js]
[10/05/26 22:39:04] D2BS 3256: farmingON
[10/05/26 22:39:05] D2BS 3256: MiniShopBot: true
[10/05/26 22:39:05] D2BS 3256: UseMerc: true HP: 70
[10/05/26 22:39:22] D2BS 3256: Merc matched: Holy Freeze
[10/05/26 22:39:35] D2BS 3256: act5+ BO
[10/05/26 22:39:48] D2BS 3256: ÿc4=== [BAAL] ===
[10/05/26 22:40:01] D2BS 3256: Baal failed: souls found
[10/05/26 22:40:03] D2BS 3256: ÿc4=== [COUNTESS] ===
[10/05/26 22:41:00] D2BS 3256: ÿc4=== [PIT] ===
[10/05/26 22:42:13] D2BS 3256: ÿc4=== [ANDY] ===
[10/05/26 22:43:09] D2BS 3256: ÿc4=== [MEPHISTO] ===
[10/05/26 22:44:26] D2BS 3256: ÿc4=== [DIABLO] ===
[10/05/26 22:50:14] D2BS 3256: party has left: fowo-xd, fowo-xg
[10/05/26 22:50:14] D2BS 3256:  [11:19] +2.81% / [Level 89] 46.03%
[10/05/26 22:50:14] D2BS 3256: Script threads\autobuildthread.js ended
[10/05/26 22:50:14] D2BS 3256: Script threads\partythread.js ended
[10/05/26 22:50:15] D2BS 3256: Script threads\townchicken.js ended
[10/05/26 22:50:15] D2BS 3256: Script default.dbj ended
[10/05/26 22:50:24] D2BS 3256: Creating Game: pz-182
[10/05/26 22:50:26] D2BS 3256: ÿc2D2BSÿc0 :: Starting default.dbj
[10/05/26 22:50:26] D2BS 3256: ÿc2D2BSÿc0 :: default.dbj running.
[10/05/26 22:50:26] D2BS 3256: Loaded ÿc9[X.nip] [Y.nip] [Z.nip] [V.nip] [S.SFFW.nip]
[10/05/26 22:50:26] D2BS 3256: Loaded ÿc9[S.SFFW.js]
[10/05/26 22:50:26] D2BS 3256: equipped: [Head] 16
[10/05/26 22:50:26] D2BS 3256: equipped: [Neck] 16
[10/05/26 22:50:26] D2BS 3256: equipped: [Body] 21
[10/05/26 22:50:26] D2BS 3256: equipped: [ArmR] 33
[10/05/26 22:50:26] D2BS 3256: equipped: [ArmL] 26
[10/05/26 22:50:26] D2BS 3256: equipped: [RingR] 15
[10/05/26 22:50:26] D2BS 3256: equipped: [RingL] 13
[10/05/26 22:50:26] D2BS 3256: equipped: [Belt] 19
[10/05/26 22:50:26] D2BS 3256: equipped: [Boots] 13
[10/05/26 22:50:26] D2BS 3256: equipped: [Mitts] 12
[10/05/26 22:50:26] D2BS 3256: updateStat
[10/05/26 22:50:26] D2BS 3256: granted: [Head] 14
[10/05/26 22:50:26] D2BS 3256: granted: [Body] 22
[10/05/26 22:50:26] D2BS 3256: granted: [ArmR] 41
[10/05/26 22:50:26] D2BS 3256: Loaded ÿc9[AutoSmurf.js]
[10/05/26 22:50:34] D2BS 3256: farmingON
[10/05/26 22:50:37] D2BS 3256: MiniShopBot: true
[10/05/26 22:50:37] D2BS 3256: UseMerc: true HP: 70
[10/05/26 22:51:01] D2BS 3256: Merc matched: Holy Freeze
[10/05/26 22:51:11] D2BS 3256: act5+ BO
[10/05/26 22:51:23] D2BS 3256: ÿc4=== [BAAL] ===
[10/05/26 22:54:31] D2BS 3256: ÿc4=== [COUNTESS] ===
[10/05/26 22:55:51] D2BS 3256: ÿc4=== [PIT] ===
[10/05/26 22:57:16] D2BS 3256: ÿc4=== [ANDY] ===
[10/05/26 22:58:08] D2BS 3256: ÿc4=== [MEPHISTO] ===
[10/05/26 22:59:28] D2BS 3256: ÿc4=== [DIABLO] ===
[10/05/26 23:06:36] D2BS 3256: party has left: fowo-xg
[10/05/26 23:06:36] D2BS 3256: party has left: fowo-xg
[10/05/26 23:06:36] D2BS 3256: party has left: fowo-xg
[10/05/26 23:06:36] D2BS 3256:  [16:09] +5.54% / [Level 89] 51.57%
[10/05/26 23:06:36] D2BS 3256: Script threads\autobuildthread.js ended
[10/05/26 23:06:36] D2BS 3256: Script threads\partythread.js ended
[10/05/26 23:06:36] D2BS 3256: Script threads\townchicken.js ended
[10/05/26 23:06:36] D2BS 3256: Script default.dbj ended
[10/05/26 23:06:46] D2BS 3256: Creating Game: pz-183
[10/05/26 23:06:47] D2BS 3256: ÿc2D2BSÿc0 :: Starting default.dbj
[10/05/26 23:06:47] D2BS 3256: ÿc2D2BSÿc0 :: default.dbj running.
[10/05/26 23:06:47] D2BS 3256: Loaded ÿc9[X.nip] [Y.nip] [Z.nip] [V.nip] [S.SFFW.nip]
[10/05/26 23:06:47] D2BS 3256: Loaded ÿc9[S.SFFW.js]
[10/05/26 23:06:47] D2BS 3256: equipped: [Head] 16
[10/05/26 23:06:47] D2BS 3256: equipped: [Neck] 16
[10/05/26 23:06:47] D2BS 3256: equipped: [Body] 21
[10/05/26 23:06:47] D2BS 3256: equipped: [ArmR] 33
[10/05/26 23:06:47] D2BS 3256: equipped: [ArmL] 26
[10/05/26 23:06:47] D2BS 3256: equipped: [RingR] 15
[10/05/26 23:06:47] D2BS 3256: equipped: [RingL] 13
[10/05/26 23:06:47] D2BS 3256: equipped: [Belt] 19
[10/05/26 23:06:47] D2BS 3256: equipped: [Boots] 13
[10/05/26 23:06:47] D2BS 3256: equipped: [Mitts] 12
[10/05/26 23:06:48] D2BS 3256: updateStat
[10/05/26 23:06:48] D2BS 3256: granted: [Head] 14
[10/05/26 23:06:48] D2BS 3256: granted: [Body] 22
[10/05/26 23:06:48] D2BS 3256: granted: [ArmR] 41
[10/05/26 23:06:48] D2BS 3256: Loaded ÿc9[AutoSmurf.js]
[10/05/26 23:06:56] D2BS 3256: farmingON
[10/05/26 23:06:58] D2BS 3256: MiniShopBot: true
[10/05/26 23:06:58] D2BS 3256: UseMerc: true HP: 70
[10/05/26 23:07:19] D2BS 3256: Merc matched: Holy Freeze
[10/05/26 23:07:31] D2BS 3256: act5+ BO
[10/05/26 23:07:44] D2BS 3256: ÿc4=== [BAAL] ===
[10/05/26 23:11:24] D2BS 3256: ÿc4=== [COUNTESS] ===
[10/05/26 23:12:33] D2BS 3256: ÿc4=== [PIT] ===
[10/05/26 23:14:01] D2BS 3256: ÿc4=== [ANDY] ===
[10/05/26 23:15:01] D2BS 3256: ÿc4=== [MEPHISTO] ===
[10/05/26 23:16:06] D2BS 3256: updateStat
[10/05/26 23:16:31] D2BS 3256: ÿc4=== [DIABLO] ===
[10/05/26 23:21:53] D2BS 3256: party has left: fowo-xb
[10/05/26 23:21:54] D2BS 3256:  [15:06] +5.36% / [Level 89] 56.93%
[10/05/26 23:21:54] D2BS 3256: Script threads\autobuildthread.js ended
[10/05/26 23:21:54] D2BS 3256: Script threads\partythread.js ended
[10/05/26 23:21:54] D2BS 3256: Script threads\townchicken.js ended
[10/05/26 23:21:54] D2BS 3256: Script default.dbj ended
[10/05/26 23:22:03] D2BS 3256: Creating Game: pz-184
[10/05/26 23:22:05] D2BS 3256: ÿc2D2BSÿc0 :: Starting default.dbj
[10/05/26 23:22:05] D2BS 3256: ÿc2D2BSÿc0 :: default.dbj running.
[10/05/26 23:22:05] D2BS 3256: Loaded ÿc9[X.nip] [Y.nip] [Z.nip] [V.nip] [S.SFFW.nip]
[10/05/26 23:22:05] D2BS 3256: Loaded ÿc9[S.SFFW.js]
[10/05/26 23:22:05] D2BS 3256: equipped: [Head] 16
[10/05/26 23:22:05] D2BS 3256: equipped: [Neck] 16
[10/05/26 23:22:05] D2BS 3256: equipped: [Body] 21
[10/05/26 23:22:05] D2BS 3256: equipped: [ArmR] 33
[10/05/26 23:22:05] D2BS 3256: equipped: [ArmL] 26
[10/05/26 23:22:05] D2BS 3256: equipped: [RingR] 15
[10/05/26 23:22:05] D2BS 3256: equipped: [RingL] 13
[10/05/26 23:22:05] D2BS 3256: equipped: [Belt] 19
[10/05/26 23:22:05] D2BS 3256: equipped: [Boots] 13
[10/05/26 23:22:05] D2BS 3256: equipped: [Mitts] 12
[10/05/26 23:22:05] D2BS 3256: updateStat
[10/05/26 23:22:05] D2BS 3256: granted: [Head] 14
[10/05/26 23:22:05] D2BS 3256: granted: [Body] 22
[10/05/26 23:22:05] D2BS 3256: granted: [ArmR] 41
[10/05/26 23:22:05] D2BS 3256: Loaded ÿc9[AutoSmurf.js]
[10/05/26 23:22:14] D2BS 3256: farmingON
[10/05/26 23:22:17] D2BS 3256: MiniShopBot: true
[10/05/26 23:22:17] D2BS 3256: UseMerc: true HP: 70
[10/05/26 23:22:37] D2BS 3256: Merc matched: Holy Freeze
[10/05/26 23:22:48] D2BS 3256: act5+ BO
[10/05/26 23:23:02] D2BS 3256: ÿc4=== [BAAL] ===
[10/05/26 23:26:17] D2BS 3256: ÿc4=== [COUNTESS] ===
[10/05/26 23:27:29] D2BS 3256: ÿc4=== [PIT] ===
[10/05/26 23:29:26] D2BS 3256: ÿc4=== [ANDY] ===
[10/05/26 23:30:24] D2BS 3256: ÿc4=== [MEPHISTO] ===
[10/05/26 23:31:32] D2BS 3256: ÿc4=== [DIABLO] ===
[10/05/26 23:37:12] D2BS 3256: Script ended
[10/05/26 23:37:12] D2BS 3256:  [15:08] +5.41% / [Level 89] 62.34%
[10/05/26 23:37:12] D2BS 3256: Script threads\autobuildthread.js ended
[10/05/26 23:37:12] D2BS 3256: Script threads\partythread.js ended
[10/05/26 23:37:13] D2BS 3256: Script threads\townchicken.js ended
[10/05/26 23:37:23] D2BS 3256: Creating Game: pz-185
[10/05/26 23:37:25] D2BS 3256: ÿc2D2BSÿc0 :: Starting default.dbj
[10/05/26 23:37:25] D2BS 3256: ÿc2D2BSÿc0 :: default.dbj running.
[10/05/26 23:37:25] D2BS 3256: Loaded ÿc9[X.nip] [Y.nip] [Z.nip] [V.nip] [S.SFFW.nip]
[10/05/26 23:37:25] D2BS 3256: Loaded ÿc9[S.SFFW.js]
[10/05/26 23:37:25] D2BS 3256: equipped: [Head] 16
[10/05/26 23:37:25] D2BS 3256: equipped: [Neck] 16
[10/05/26 23:37:25] D2BS 3256: equipped: [Body] 21
[10/05/26 23:37:25] D2BS 3256: equipped: [ArmR] 33
[10/05/26 23:37:25] D2BS 3256: equipped: [ArmL] 26
[10/05/26 23:37:25] D2BS 3256: equipped: [RingR] 15
[10/05/26 23:37:25] D2BS 3256: equipped: [RingL] 13
[10/05/26 23:37:25] D2BS 3256: equipped: [Belt] 19
[10/05/26 23:37:25] D2BS 3256: equipped: [Boots] 13
[10/05/26 23:37:25] D2BS 3256: equipped: [Mitts] 12
[10/05/26 23:37:25] D2BS 3256: updateStat
[10/05/26 23:37:25] D2BS 3256: granted: [Head] 14
[10/05/26 23:37:25] D2BS 3256: granted: [Body] 22
[10/05/26 23:37:25] D2BS 3256: granted: [ArmR] 41
[10/05/26 23:37:25] D2BS 3256: Loaded ÿc9[AutoSmurf.js]
[10/05/26 23:37:34] D2BS 3256: farmingON
[10/05/26 23:37:37] D2BS 3256: MiniShopBot: true
[10/05/26 23:37:37] D2BS 3256: UseMerc: true HP: 70
[10/05/26 23:37:57] D2BS 3256: Merc matched: Holy Freeze
[10/05/26 23:38:22] D2BS 3256: act5+ BO
[10/05/26 23:38:35] D2BS 3256: ÿc4=== [BAAL] ===
[10/05/26 23:41:48] D2BS 3256: ÿc4=== [COUNTESS] ===
[10/05/26 23:43:05] D2BS 3256: ÿc4=== [PIT] ===
[10/05/26 23:44:33] D2BS 3256: ÿc4=== [ANDY] ===
[10/05/26 23:45:15] D2BS 3256: ÿc4=== [MEPHISTO] ===
[10/05/26 23:46:21] D2BS 3256: ÿc4=== [DIABLO] ===
[10/05/26 23:51:21] D2BS 3256: party has left: fowo-xb
[10/05/26 23:51:21] D2BS 3256:  [13:57] +4.86% / [Level 89] 67.19%
[10/05/26 23:51:21] D2BS 3256: Script threads\autobuildthread.js ended
[10/05/26 23:51:21] D2BS 3256: Script threads\partythread.js ended
[10/05/26 23:51:21] D2BS 3256: Script threads\townchicken.js ended
[10/05/26 23:51:21] D2BS 3256: Script default.dbj ended
[10/05/26 23:51:32] D2BS 3256: Creating Game: pz-186
[10/05/26 23:51:33] D2BS 3256: ÿc2D2BSÿc0 :: Starting default.dbj
[10/05/26 23:51:33] D2BS 3256: ÿc2D2BSÿc0 :: default.dbj running.
[10/05/26 23:51:33] D2BS 3256: Loaded ÿc9[X.nip] [Y.nip] [Z.nip] [V.nip] [S.SFFW.nip]
[10/05/26 23:51:33] D2BS 3256: Loaded ÿc9[S.SFFW.js]
[10/05/26 23:51:33] D2BS 3256: equipped: [Head] 16
[10/05/26 23:51:33] D2BS 3256: equipped: [Neck] 16
[10/05/26 23:51:33] D2BS 3256: equipped: [Body] 21
[10/05/26 23:51:33] D2BS 3256: equipped: [ArmR] 33
[10/05/26 23:51:33] D2BS 3256: equipped: [ArmL] 26
[10/05/26 23:51:33] D2BS 3256: equipped: [RingR] 15
[10/05/26 23:51:33] D2BS 3256: equipped: [RingL] 13
[10/05/26 23:51:33] D2BS 3256: equipped: [Belt] 19
[10/05/26 23:51:33] D2BS 3256: equipped: [Boots] 13
[10/05/26 23:51:33] D2BS 3256: equipped: [Mitts] 12
[10/05/26 23:51:33] D2BS 3256: updateStat
[10/05/26 23:51:33] D2BS 3256: granted: [Head] 14
[10/05/26 23:51:33] D2BS 3256: granted: [Body] 22
[10/05/26 23:51:33] D2BS 3256: granted: [ArmR] 41
[10/05/26 23:51:33] D2BS 3256: Loaded ÿc9[AutoSmurf.js]
[10/05/26 23:51:42] D2BS 3256: farmingON
[10/05/26 23:51:44] D2BS 3256: MiniShopBot: true
[10/05/26 23:51:44] D2BS 3256: UseMerc: true HP: 70
[10/05/26 23:52:06] D2BS 3256: equipped: [Neck] 18
[10/05/26 23:52:06] D2BS 3256: Merc matched: Holy Freeze
[10/05/26 23:52:21] D2BS 3256: act5+ BO
[10/05/26 23:52:32] D2BS 3256: ÿc4=== [BAAL] ===
[10/05/26 23:56:17] D2BS 3256: ÿc4=== [COUNTESS] ===
[10/05/26 23:57:38] D2BS 3256: ÿc4=== [PIT] ===
[10/05/26 23:59:06] D2BS 3256: ÿc4=== [ANDY] ===
[10/05/26 23:59:59] D2BS 3256: ÿc4=== [MEPHISTO] ===
