[10/05/26 00:00:59] D2BS 7780: ÿc4=== [POA] ===
[10/05/26 00:03:49] D2BS 7780: ÿc4=== [INFERNAL] ===
[10/05/26 00:06:56] D2BS 7780: ÿc4=== [DIABLO] ===
[10/05/26 00:12:54] D2BS 7780: party has left: fowo-xg
[10/05/26 00:12:54] D2BS 7780:  [17:44] +340.41% / [Level 57] 86.11%
[10/05/26 00:12:54] D2BS 7780: Script threads\autobuildthread.js ended
[10/05/26 00:12:54] D2BS 7780: Script threads\partythread.js ended
[10/05/26 00:12:54] D2BS 7780: Script threads\townchicken.js ended
[10/05/26 00:12:54] D2BS 7780: Script default.dbj ended
[10/05/26 00:13:06] D2BS 7780: joining game pz-53
[10/05/26 00:13:08] D2BS 7780: ÿc2D2BSÿc0 :: Starting default.dbj
[10/05/26 00:13:08] D2BS 7780: ÿc2D2BSÿc0 :: default.dbj running.
[10/05/26 00:13:08] D2BS 7780: Loaded ÿc9[X.nip] [Y.nip] [Z.nip] [V.nip] [S.COLD.nip]
[10/05/26 00:13:08] D2BS 7780: Loaded ÿc9[S.COLD.js]
[10/05/26 00:13:08] D2BS 7780: equipped: [Head] 12
[10/05/26 00:13:08] D2BS 7780: equipped: [Neck] 13
[10/05/26 00:13:08] D2BS 7780: equipped: [Body] 11
[10/05/26 00:13:08] D2BS 7780: equipped: [ArmR] 16
[10/05/26 00:13:08] D2BS 7780: equipped: [ArmL] 11
[10/05/26 00:13:08] D2BS 7780: equipped: [RingR] 11
[10/05/26 00:13:08] D2BS 7780: equipped: [RingL] 11
[10/05/26 00:13:08] D2BS 7780: equipped: [Belt] 15
[10/05/26 00:13:08] D2BS 7780: equipped: [Boots] 11
[10/05/26 00:13:08] D2BS 7780: equipped: [Mitts] 21
[10/05/26 00:13:08] D2BS 7780: Loaded ÿc9[AutoSmurf.js]
[10/05/26 00:13:18] D2BS 7780: MiniShopBot: true
[10/05/26 00:13:54] D2BS 7780: act5+ BO
[10/05/26 00:14:05] D2BS 7780: ÿc4=== [BAAL] ===
[10/05/26 00:16:38] D2BS 7780: Not ready to kill Baal
[10/05/26 00:16:38] D2BS 7780: ÿc4=== [ABADDON] ===
[10/05/26 00:19:04] D2BS 7780: ÿc4=== [POA] ===
[10/05/26 00:21:54] D2BS 7780: ÿc4=== [INFERNAL] ===
[10/05/26 00:24:05] D2BS 7780: ÿc4=== [DIABLO] ===
[10/05/26 00:24:24] D2BS 7780: equipped: [Body] 13
[10/05/26 00:29:30] D2BS 7780: party has left: fowo-xf
[10/05/26 00:29:30] D2BS 7780:  [16:22] +221.09% / [Level 60] 34.45%
[10/05/26 00:29:30] D2BS 7780: Script threads\autobuildthread.js ended
[10/05/26 00:29:30] D2BS 7780: Script threads\partythread.js ended
[10/05/26 00:29:30] D2BS 7780: Script threads\townchicken.js ended
[10/05/26 00:29:30] D2BS 7780: Script default.dbj ended
[10/05/26 00:29:43] D2BS 7780: joining game pz-54
[10/05/26 00:29:44] D2BS 7780: ÿc2D2BSÿc0 :: Starting default.dbj
[10/05/26 00:29:44] D2BS 7780: ÿc2D2BSÿc0 :: default.dbj running.
[10/05/26 00:29:44] D2BS 7780: Loaded ÿc9[X.nip] [Y.nip] [Z.nip] [V.nip] [S.COLD.nip]
[10/05/26 00:29:44] D2BS 7780: Loaded ÿc9[S.COLD.js]
[10/05/26 00:29:44] D2BS 7780: equipped: [Head] 12
[10/05/26 00:29:44] D2BS 7780: equipped: [Neck] 13
[10/05/26 00:29:44] D2BS 7780: equipped: [Body] 13
[10/05/26 00:29:44] D2BS 7780: equipped: [ArmR] 16
[10/05/26 00:29:44] D2BS 7780: equipped: [ArmL] 11
[10/05/26 00:29:44] D2BS 7780: equipped: [RingR] 11
[10/05/26 00:29:44] D2BS 7780: equipped: [RingL] 11
[10/05/26 00:29:44] D2BS 7780: equipped: [Belt] 15
[10/05/26 00:29:44] D2BS 7780: equipped: [Boots] 11
[10/05/26 00:29:44] D2BS 7780: equipped: [Mitts] 21
[10/05/26 00:29:45] D2BS 7780: Loaded ÿc9[AutoSmurf.js]
[10/05/26 00:29:52] D2BS 7780: MiniShopBot: true
[10/05/26 00:30:30] D2BS 7780: act5+ BO
[10/05/26 00:30:42] D2BS 7780: ÿc4=== [BAAL] ===
[10/05/26 00:33:02] D2BS 7780: Not ready to kill Baal
[10/05/26 00:33:02] D2BS 7780: ÿc4=== [ABADDON] ===
[10/05/26 00:36:45] D2BS 7780: ÿc4=== [POA] ===
[10/05/26 00:39:40] D2BS 7780: ÿc4=== [INFERNAL] ===
[10/05/26 00:42:53] D2BS 7780: ÿc4=== [DIABLO] ===
[10/05/26 00:47:54] D2BS 7780: Script ended
[10/05/26 00:47:54] D2BS 7780:  [18:10] +220.53% / [Level 62] 73.62%
[10/05/26 00:47:54] D2BS 7780: Script threads\autobuildthread.js ended
[10/05/26 00:47:54] D2BS 7780: Script threads\partythread.js ended
[10/05/26 00:47:54] D2BS 7780: Script threads\townchicken.js ended
[10/05/26 00:48:07] D2BS 7780: joining game pz-55
[10/05/26 00:48:08] D2BS 7780: ÿc2D2BSÿc0 :: Starting default.dbj
[10/05/26 00:48:08] D2BS 7780: ÿc2D2BSÿc0 :: default.dbj running.
[10/05/26 00:48:08] D2BS 7780: Loaded ÿc9[X.nip] [Y.nip] [Z.nip] [V.nip] [S.COLD.nip]
[10/05/26 00:48:08] D2BS 7780: Loaded ÿc9[S.COLD.js]
[10/05/26 00:48:08] D2BS 7780: equipped: [Head] 12
[10/05/26 00:48:08] D2BS 7780: equipped: [Neck] 13
[10/05/26 00:48:08] D2BS 7780: equipped: [Body] 13
[10/05/26 00:48:08] D2BS 7780: equipped: [ArmR] 16
[10/05/26 00:48:08] D2BS 7780: equipped: [ArmL] 11
[10/05/26 00:48:08] D2BS 7780: equipped: [RingR] 11
[10/05/26 00:48:09] D2BS 7780: equipped: [RingL] 11
[10/05/26 00:48:09] D2BS 7780: equipped: [Belt] 15
[10/05/26 00:48:09] D2BS 7780: equipped: [Boots] 11
[10/05/26 00:48:09] D2BS 7780: equipped: [Mitts] 21
[10/05/26 00:48:09] D2BS 7780: Loaded ÿc9[AutoSmurf.js]
[10/05/26 00:48:16] D2BS 7780: MiniShopBot: true
[10/05/26 00:48:51] D2BS 7780: act5+ BO
[10/05/26 00:49:03] D2BS 7780: ÿc4=== [BAAL] ===
[10/05/26 00:51:29] D2BS 7780: Not ready to kill Baal
[10/05/26 00:51:29] D2BS 7780: ÿc4=== [ABADDON] ===
[10/05/26 00:54:39] D2BS 7780: ÿc4=== [POA] ===
[10/05/26 00:57:11] D2BS 7780: ÿc4=== [INFERNAL] ===
[10/05/26 01:00:08] D2BS 7780: ÿc4=== [DIABLO] ===
[10/05/26 01:05:52] D2BS 7780: party has left: fowo-xe
[10/05/26 01:05:52] D2BS 7780:  [17:44] +191.41% / [Level 64] 77.46%
[10/05/26 01:05:52] D2BS 7780: Script threads\autobuildthread.js ended
[10/05/26 01:05:53] D2BS 7780: Script threads\partythread.js ended
[10/05/26 01:05:53] D2BS 7780: Script threads\townchicken.js ended
[10/05/26 01:05:53] D2BS 7780: Script default.dbj ended
[10/05/26 01:06:06] D2BS 7780: joining game pz-56
[10/05/26 01:06:07] D2BS 7780: ÿc2D2BSÿc0 :: Starting default.dbj
[10/05/26 01:06:07] D2BS 7780: ÿc2D2BSÿc0 :: default.dbj running.
[10/05/26 01:06:07] D2BS 7780: Loaded ÿc9[X.nip] [Y.nip] [Z.nip] [V.nip] [S.COLD.nip]
[10/05/26 01:06:07] D2BS 7780: Loaded ÿc9[S.COLD.js]
[10/05/26 01:06:07] D2BS 7780: equipped: [Head] 12
[10/05/26 01:06:07] D2BS 7780: equipped: [Neck] 13
[10/05/26 01:06:07] D2BS 7780: equipped: [Body] 13
[10/05/26 01:06:07] D2BS 7780: equipped: [ArmR] 16
[10/05/26 01:06:07] D2BS 7780: equipped: [ArmL] 11
[10/05/26 01:06:07] D2BS 7780: equipped: [RingR] 11
[10/05/26 01:06:07] D2BS 7780: equipped: [RingL] 11
[10/05/26 01:06:07] D2BS 7780: equipped: [Belt] 15
[10/05/26 01:06:07] D2BS 7780: equipped: [Boots] 11
[10/05/26 01:06:07] D2BS 7780: equipped: [Mitts] 21
[10/05/26 01:06:08] D2BS 7780: Loaded ÿc9[AutoSmurf.js]
[10/05/26 01:06:14] D2BS 7780: MiniShopBot: true
[10/05/26 01:06:34] D2BS 7780: equipped: [RingR] 13
[10/05/26 01:06:50] D2BS 7780: act5+ BO
[10/05/26 01:07:02] D2BS 7780: ÿc4=== [BAAL] ===
[10/05/26 01:09:27] D2BS 7780: Not ready to kill Baal
[10/05/26 01:09:27] D2BS 7780: ÿc4=== [ABADDON] ===
[10/05/26 01:11:47] D2BS 7780: ÿc4=== [POA] ===
[10/05/26 01:11:49] D2BS 7780: equipped: [ArmL] 12
[10/05/26 01:14:20] D2BS 7780: ÿc4=== [INFERNAL] ===
[10/05/26 01:16:52] D2BS 7780: ÿc4=== [DIABLO] ===
[10/05/26 01:22:08] D2BS 7780: Script ended
[10/05/26 01:22:08] D2BS 7780:  [16:01] +148.79% / [Level 66] 38.07%
[10/05/26 01:22:08] D2BS 7780: Script threads\autobuildthread.js ended
[10/05/26 01:22:08] D2BS 7780: Script threads\partythread.js ended
[10/05/26 01:22:09] D2BS 7780: Script threads\townchicken.js ended
[10/05/26 01:22:21] D2BS 7780: joining game pz-57
[10/05/26 01:22:23] D2BS 7780: ÿc2D2BSÿc0 :: Starting default.dbj
[10/05/26 01:22:23] D2BS 7780: ÿc2D2BSÿc0 :: default.dbj running.
[10/05/26 01:22:23] D2BS 7780: Loaded ÿc9[X.nip] [Y.nip] [Z.nip] [V.nip] [S.COLD.nip]
[10/05/26 01:22:23] D2BS 7780: Loaded ÿc9[S.COLD.js]
[10/05/26 01:22:23] D2BS 7780: equipped: [Head] 12
[10/05/26 01:22:23] D2BS 7780: equipped: [Neck] 13
[10/05/26 01:22:23] D2BS 7780: equipped: [Body] 13
[10/05/26 01:22:23] D2BS 7780: equipped: [ArmR] 16
[10/05/26 01:22:23] D2BS 7780: equipped: [ArmL] 12
[10/05/26 01:22:23] D2BS 7780: equipped: [RingR] 13
[10/05/26 01:22:23] D2BS 7780: equipped: [RingL] 11
[10/05/26 01:22:23] D2BS 7780: equipped: [Belt] 15
[10/05/26 01:22:23] D2BS 7780: equipped: [Boots] 11
[10/05/26 01:22:23] D2BS 7780: equipped: [Mitts] 21
[10/05/26 01:22:23] D2BS 7780: Loaded ÿc9[AutoSmurf.js]
[10/05/26 01:22:29] D2BS 7780: MiniShopBot: true
[10/05/26 01:22:50] D2BS 7780: equipped: [Body] 15
[10/05/26 01:23:07] D2BS 7780: act5+ BO
[10/05/26 01:23:19] D2BS 7780: ÿc4=== [BAAL] ===
[10/05/26 01:25:22] D2BS 7780: Not ready to kill Baal
[10/05/26 01:25:22] D2BS 7780: ÿc4=== [ABADDON] ===
[10/05/26 01:26:46] D2BS 7780: Going to town
[10/05/26 01:28:09] D2BS 7780: ÿc4=== [POA] ===
[10/05/26 01:30:42] D2BS 7780: ÿc4=== [INFERNAL] ===
[10/05/26 01:33:21] D2BS 7780: party has left: fowo-xa
[10/05/26 01:33:21] D2BS 7780:  [10:59] +99.96% / [Level 67] 43.15%
[10/05/26 01:33:21] D2BS 7780: Script threads\autobuildthread.js ended
[10/05/26 01:33:22] D2BS 7780: Script threads\partythread.js ended
[10/05/26 01:33:22] D2BS 7780: Script threads\townchicken.js ended
[10/05/26 01:33:22] D2BS 7780: Script default.dbj ended
[10/05/26 01:33:35] D2BS 7780: joining game pz-58
[10/05/26 01:33:37] D2BS 7780: ÿc2D2BSÿc0 :: Starting default.dbj
[10/05/26 01:33:37] D2BS 7780: ÿc2D2BSÿc0 :: default.dbj running.
[10/05/26 01:33:37] D2BS 7780: Loaded ÿc9[X.nip] [Y.nip] [Z.nip] [V.nip] [S.COLD.nip]
[10/05/26 01:33:37] D2BS 7780: Loaded ÿc9[S.COLD.js]
[10/05/26 01:33:37] D2BS 7780: equipped: [Head] 12
[10/05/26 01:33:37] D2BS 7780: equipped: [Neck] 13
[10/05/26 01:33:37] D2BS 7780: equipped: [Body] 15
[10/05/26 01:33:37] D2BS 7780: equipped: [ArmR] 16
[10/05/26 01:33:37] D2BS 7780: equipped: [ArmL] 12
[10/05/26 01:33:37] D2BS 7780: equipped: [RingR] 13
[10/05/26 01:33:37] D2BS 7780: equipped: [RingL] 11
[10/05/26 01:33:37] D2BS 7780: equipped: [Belt] 15
[10/05/26 01:33:37] D2BS 7780: equipped: [Boots] 11
[10/05/26 01:33:37] D2BS 7780: equipped: [Mitts] 21
[10/05/26 01:33:37] D2BS 7780: Loaded ÿc9[AutoSmurf.js]
[10/05/26 01:33:40] D2BS 7780: MiniShopBot: true
[10/05/26 01:33:56] D2BS 7780: equipped: [ArmL] 14
[10/05/26 01:34:12] D2BS 7780: act5+ BO
[10/05/26 01:34:25] D2BS 7780: ÿc4=== [BAAL] ===
[10/05/26 01:36:39] D2BS 7780: Not ready to kill Baal
[10/05/26 01:36:39] D2BS 7780: ÿc4=== [ABADDON] ===
[10/05/26 01:39:24] D2BS 7780: ÿc4=== [POA] ===
[10/05/26 01:39:26] D2BS 7780: equipped: [Body] 16
[10/05/26 01:41:51] D2BS 7780: ÿc4=== [INFERNAL] ===
[10/05/26 01:44:23] D2BS 7780: party has left: fowo-xa, fowo-xg
[10/05/26 01:44:23] D2BS 7780:  [10:46] +90.11% / [Level 68] 37.95%
[10/05/26 01:44:23] D2BS 7780: Script threads\autobuildthread.js ended
[10/05/26 01:44:23] D2BS 7780: Script threads\partythread.js ended
[10/05/26 01:44:23] D2BS 7780: Script threads\townchicken.js ended
[10/05/26 01:44:23] D2BS 7780: Script default.dbj ended
[10/05/26 01:44:34] D2BS 7780: joining game pz-59
[10/05/26 01:44:36] D2BS 7780: ÿc2D2BSÿc0 :: Starting default.dbj
[10/05/26 01:44:36] D2BS 7780: ÿc2D2BSÿc0 :: default.dbj running.
[10/05/26 01:44:36] D2BS 7780: Loaded ÿc9[X.nip] [Y.nip] [Z.nip] [V.nip] [S.COLD.nip]
[10/05/26 01:44:36] D2BS 7780: Loaded ÿc9[S.COLD.js]
[10/05/26 01:44:36] D2BS 7780: equipped: [Head] 12
[10/05/26 01:44:36] D2BS 7780: equipped: [Neck] 13
[10/05/26 01:44:36] D2BS 7780: equipped: [Body] 16
[10/05/26 01:44:36] D2BS 7780: equipped: [ArmR] 16
[10/05/26 01:44:36] D2BS 7780: equipped: [ArmL] 14
[10/05/26 01:44:36] D2BS 7780: equipped: [RingR] 13
[10/05/26 01:44:36] D2BS 7780: equipped: [RingL] 11
[10/05/26 01:44:36] D2BS 7780: equipped: [Belt] 15
[10/05/26 01:44:36] D2BS 7780: equipped: [Boots] 11
[10/05/26 01:44:36] D2BS 7780: equipped: [Mitts] 21
[10/05/26 01:44:37] D2BS 7780: Loaded ÿc9[AutoSmurf.js]
[10/05/26 01:44:39] D2BS 7780: MiniShopBot: true
[10/05/26 01:45:09] D2BS 7780: act5+ BO
[10/05/26 01:45:22] D2BS 7780: ÿc4=== [BAAL] ===
[10/05/26 01:47:44] D2BS 7780: Not ready to kill Baal
[10/05/26 01:47:44] D2BS 7780: ÿc4=== [ABADDON] ===
[10/05/26 01:50:34] D2BS 7780: ÿc4=== [POA] ===
[10/05/26 01:50:36] D2BS 7780: equipped: [ArmR] 17
[10/05/26 01:53:05] D2BS 7780: ÿc4=== [INFERNAL] ===
[10/05/26 01:55:17] D2BS 7780: party has left: fowo-xg
[10/05/26 01:55:17] D2BS 7780:  [10:42] +77.15% / [Level 69] 20.23%
[10/05/26 01:55:17] D2BS 7780: Script threads\autobuildthread.js ended
[10/05/26 01:55:17] D2BS 7780: Script threads\partythread.js ended
[10/05/26 01:55:17] D2BS 7780: Script threads\townchicken.js ended
[10/05/26 01:55:17] D2BS 7780: Script default.dbj ended
[10/05/26 01:55:30] D2BS 7780: joining game pz-60
[10/05/26 01:55:31] D2BS 7780: ÿc2D2BSÿc0 :: Starting default.dbj
[10/05/26 01:55:31] D2BS 7780: ÿc2D2BSÿc0 :: default.dbj running.
[10/05/26 01:55:31] D2BS 7780: Loaded ÿc9[X.nip] [Y.nip] [Z.nip] [V.nip] [S.COLD.nip]
[10/05/26 01:55:31] D2BS 7780: Loaded ÿc9[S.COLD.js]
[10/05/26 01:55:31] D2BS 7780: equipped: [Head] 12
[10/05/26 01:55:31] D2BS 7780: equipped: [Neck] 13
[10/05/26 01:55:31] D2BS 7780: equipped: [Body] 16
[10/05/26 01:55:31] D2BS 7780: equipped: [ArmR] 17
[10/05/26 01:55:31] D2BS 7780: equipped: [ArmL] 14
[10/05/26 01:55:31] D2BS 7780: equipped: [RingR] 13
[10/05/26 01:55:31] D2BS 7780: equipped: [RingL] 11
[10/05/26 01:55:31] D2BS 7780: equipped: [Belt] 15
[10/05/26 01:55:31] D2BS 7780: equipped: [Boots] 11
[10/05/26 01:55:31] D2BS 7780: equipped: [Mitts] 21
[10/05/26 01:55:32] D2BS 7780: Loaded ÿc9[AutoSmurf.js]
[10/05/26 01:55:34] D2BS 7780: MiniShopBot: true
[10/05/26 01:55:34] D2BS 7780: UseMerc: true HP: 70
[10/05/26 01:55:50] D2BS 7780: [hire] no skill specified
[10/05/26 01:56:22] D2BS 7780: act5+ BO
[10/05/26 01:56:34] D2BS 7780: ÿc4=== [BAAL] ===
[10/05/26 01:58:59] D2BS 7780: Not ready to kill Baal
[10/05/26 01:58:59] D2BS 7780: ÿc4=== [ABADDON] ===
[10/05/26 02:01:53] D2BS 7780: ÿc4=== [POA] ===
[10/05/26 02:04:36] D2BS 7780: ÿc4=== [INFERNAL] ===
[10/05/26 02:07:12] D2BS 7780: party has left: fowo-xa
[10/05/26 02:07:12] D2BS 7780:  [11:41] +85.85% / [Level 70] 12.66%
[10/05/26 02:07:12] D2BS 7780: Script threads\autobuildthread.js ended
[10/05/26 02:07:12] D2BS 7780: Script threads\partythread.js ended
[10/05/26 02:07:12] D2BS 7780: Script threads\townchicken.js ended
[10/05/26 02:07:13] D2BS 7780: Script default.dbj ended
[10/05/26 02:07:25] D2BS 7780: joining game pz-61
[10/05/26 02:07:27] D2BS 7780: ÿc2D2BSÿc0 :: Starting default.dbj
[10/05/26 02:07:28] D2BS 7780: ÿc2D2BSÿc0 :: default.dbj running.
[10/05/26 02:07:28] D2BS 7780: Loaded ÿc9[X.nip] [Y.nip] [Z.nip] [V.nip] [S.COLD.nip]
[10/05/26 02:07:28] D2BS 7780: Loaded ÿc9[S.COLD.js]
[10/05/26 02:07:28] D2BS 7780: equipped: [Head] 12
[10/05/26 02:07:28] D2BS 7780: equipped: [Neck] 13
[10/05/26 02:07:28] D2BS 7780: equipped: [Body] 16
[10/05/26 02:07:28] D2BS 7780: equipped: [ArmR] 17
[10/05/26 02:07:28] D2BS 7780: equipped: [ArmL] 14
[10/05/26 02:07:28] D2BS 7780: equipped: [RingR] 13
[10/05/26 02:07:28] D2BS 7780: equipped: [RingL] 11
[10/05/26 02:07:28] D2BS 7780: equipped: [Belt] 15
[10/05/26 02:07:28] D2BS 7780: equipped: [Boots] 11
[10/05/26 02:07:28] D2BS 7780: equipped: [Mitts] 21
[10/05/26 02:07:28] D2BS 7780: Loaded ÿc9[AutoSmurf.js]
[10/05/26 02:07:30] D2BS 7780: MiniShopBot: true
[10/05/26 02:07:30] D2BS 7780: UseMerc: true HP: 70
[10/05/26 02:07:41] D2BS 7780: updateStat
[10/05/26 02:07:41] D2BS 7780: granted: [Head] -1
[10/05/26 02:07:41] D2BS 7780: granted: [Body] -1
[10/05/26 02:07:41] D2BS 7780: granted: [ArmR] -1
[10/05/26 02:07:59] D2BS 7780: [hire] no skill specified
[10/05/26 02:08:08] D2BS 7780: act5+ BO
[10/05/26 02:08:10] D2BS 7780: updateStat
[10/05/26 02:08:21] D2BS 7780: ÿc4=== [BAAL] ===
[10/05/26 02:10:29] D2BS 7780: Not ready to kill Baal
[10/05/26 02:10:29] D2BS 7780: ÿc4=== [ABADDON] ===
[10/05/26 02:12:53] D2BS 7780: ÿc4=== [POA] ===
[10/05/26 02:15:46] D2BS 7780: ÿc4=== [INFERNAL] ===
[10/05/26 02:18:15] D2BS 7780: party has left: fowo-xa
[10/05/26 02:18:15] D2BS 7780:  [10:48] +67.08% / [Level 70] 79.74%
[10/05/26 02:18:15] D2BS 7780: Script threads\autobuildthread.js ended
[10/05/26 02:18:15] D2BS 7780: Script threads\partythread.js ended
[10/05/26 02:18:15] D2BS 7780: Script threads\townchicken.js ended
[10/05/26 02:18:15] D2BS 7780: Script default.dbj ended
[10/05/26 02:18:28] D2BS 7780: joining game pz-62
[10/05/26 02:18:29] D2BS 7780: ÿc2D2BSÿc0 :: Starting default.dbj
[10/05/26 02:18:29] D2BS 7780: ÿc2D2BSÿc0 :: default.dbj running.
[10/05/26 02:18:29] D2BS 7780: Loaded ÿc9[X.nip] [Y.nip] [Z.nip] [V.nip] [S.COLD.nip]
[10/05/26 02:18:29] D2BS 7780: Loaded ÿc9[S.COLD.js]
[10/05/26 02:18:29] D2BS 7780: equipped: [Head] 12
[10/05/26 02:18:29] D2BS 7780: equipped: [Neck] 13
[10/05/26 02:18:29] D2BS 7780: equipped: [Body] 16
[10/05/26 02:18:29] D2BS 7780: equipped: [ArmR] 17
[10/05/26 02:18:29] D2BS 7780: equipped: [ArmL] 14
[10/05/26 02:18:29] D2BS 7780: equipped: [RingR] 13
[10/05/26 02:18:29] D2BS 7780: equipped: [RingL] 11
[10/05/26 02:18:29] D2BS 7780: equipped: [Belt] 15
[10/05/26 02:18:29] D2BS 7780: equipped: [Boots] 11
[10/05/26 02:18:29] D2BS 7780: equipped: [Mitts] 21
[10/05/26 02:18:30] D2BS 7780: Loaded ÿc9[AutoSmurf.js]
[10/05/26 02:18:32] D2BS 7780: MiniShopBot: true
[10/05/26 02:18:32] D2BS 7780: UseMerc: true HP: 70
[10/05/26 02:18:43] D2BS 7780: updateStat
[10/05/26 02:18:43] D2BS 7780: granted: [Head] -1
[10/05/26 02:18:43] D2BS 7780: granted: [Body] -1
[10/05/26 02:18:43] D2BS 7780: granted: [ArmR] -1
[10/05/26 02:18:51] D2BS 7780: ÿc4[Runeword] ÿc0Ancients' Pledge Gothic Shield
[10/05/26 02:19:09] D2BS 7780: equipped: [ArmL] 26
[10/05/26 02:19:12] D2BS 7780: [hire] no skill specified
[10/05/26 02:19:24] D2BS 7780: act5+ BO
[10/05/26 02:19:26] D2BS 7780: updateStat
[10/05/26 02:19:38] D2BS 7780: ÿc4=== [BAAL] ===
[10/05/26 02:20:42] D2BS 7780: updateStat
[10/05/26 02:22:22] D2BS 7780: Config.LifeChicken: 0
[10/05/26 02:22:49] D2BS 7780: Config.LifeChicken: 20
[10/05/26 02:22:59] D2BS 7780: ÿc4=== [COWS] ===
[10/05/26 02:33:19] D2BS 7780: Cows failed: followDriver
[10/05/26 02:33:34] D2BS 7780: Script ended
[10/05/26 02:33:34] D2BS 7780:  [15:05] +74.09% / [Level 71] 55.50%
[10/05/26 02:33:34] D2BS 7780: Script threads\autobuildthread.js ended
[10/05/26 02:33:34] D2BS 7780: Script threads\partythread.js ended
[10/05/26 02:33:34] D2BS 7780: Script threads\townchicken.js ended
[10/05/26 02:33:47] D2BS 7780: joining game pz-63
[10/05/26 02:33:50] D2BS 7780: ÿc2D2BSÿc0 :: Starting default.dbj
[10/05/26 02:33:50] D2BS 7780: ÿc2D2BSÿc0 :: default.dbj running.
[10/05/26 02:33:50] D2BS 7780: Loaded ÿc9[X.nip] [Y.nip] [Z.nip] [V.nip] [S.COLD.nip]
[10/05/26 02:33:50] D2BS 7780: Loaded ÿc9[S.COLD.js]
[10/05/26 02:33:50] D2BS 7780: equipped: [Head] 12
[10/05/26 02:33:50] D2BS 7780: equipped: [Neck] 13
[10/05/26 02:33:50] D2BS 7780: equipped: [Body] 16
[10/05/26 02:33:50] D2BS 7780: equipped: [ArmR] 17
[10/05/26 02:33:50] D2BS 7780: equipped: [ArmL] 26
[10/05/26 02:33:50] D2BS 7780: equipped: [RingR] 13
[10/05/26 02:33:50] D2BS 7780: equipped: [RingL] 11
[10/05/26 02:33:50] D2BS 7780: equipped: [Belt] 15
[10/05/26 02:33:50] D2BS 7780: equipped: [Boots] 11
[10/05/26 02:33:50] D2BS 7780: equipped: [Mitts] 21
[10/05/26 02:33:50] D2BS 7780: Loaded ÿc9[AutoSmurf.js]
[10/05/26 02:33:51] D2BS 7780: MiniShopBot: true
[10/05/26 02:33:51] D2BS 7780: farmingON
[10/05/26 02:33:51] D2BS 7780: UseMerc: true HP: 70
[10/05/26 02:34:09] D2BS 7780: hireMerc
[10/05/26 02:34:37] D2BS 7780: Merc unmatched
[10/05/26 02:34:37] D2BS 7780: hireMerc: true
[10/05/26 02:34:53] D2BS 7780: Token needed
[10/05/26 02:34:58] D2BS 7780: act0 BO
[10/05/26 02:35:06] D2BS 7780: updateStat
[10/05/26 02:35:19] D2BS 7780: ÿc4=== [DEN] ===
[10/05/26 02:38:50] D2BS 7780: ÿc4=== [CAIN] ===
[10/05/26 02:42:39] D2BS 7780: ÿc4=== [ANDY] ===
[10/05/26 02:44:31] D2BS 7780: party has left: fowo-xe
[10/05/26 02:44:31] D2BS 7780:  [10:42] +44.08% / [Level 72] 3.26%
[10/05/26 02:44:31] D2BS 7780: Script threads\autobuildthread.js ended
[10/05/26 02:44:31] D2BS 7780: Script threads\partythread.js ended
[10/05/26 02:44:31] D2BS 7780: Script threads\townchicken.js ended
[10/05/26 02:44:31] D2BS 7780: Script default.dbj ended
[10/05/26 02:44:45] D2BS 7780: joining game pz-64
[10/05/26 02:44:47] D2BS 7780: ÿc2D2BSÿc0 :: Starting default.dbj
[10/05/26 02:44:47] D2BS 7780: ÿc2D2BSÿc0 :: default.dbj running.
[10/05/26 02:44:47] D2BS 7780: Loaded ÿc9[X.nip] [Y.nip] [Z.nip] [V.nip] [S.COLD.nip]
[10/05/26 02:44:47] D2BS 7780: Loaded ÿc9[S.COLD.js]
[10/05/26 02:44:47] D2BS 7780: equipped: [Head] 12
[10/05/26 02:44:47] D2BS 7780: equipped: [Neck] 13
[10/05/26 02:44:47] D2BS 7780: equipped: [Body] 16
[10/05/26 02:44:47] D2BS 7780: equipped: [ArmR] 17
[10/05/26 02:44:47] D2BS 7780: equipped: [ArmL] 26
[10/05/26 02:44:47] D2BS 7780: equipped: [RingR] 13
[10/05/26 02:44:47] D2BS 7780: equipped: [RingL] 11
[10/05/26 02:44:47] D2BS 7780: equipped: [Belt] 15
[10/05/26 02:44:47] D2BS 7780: equipped: [Boots] 11
[10/05/26 02:44:47] D2BS 7780: equipped: [Mitts] 21
[10/05/26 02:44:47] D2BS 7780: Loaded ÿc9[AutoSmurf.js]
[10/05/26 02:44:48] D2BS 7780: farmingON
[10/05/26 02:44:49] D2BS 7780: MiniShopBot: true
[10/05/26 02:44:49] D2BS 7780: UseMerc: true HP: 70
[10/05/26 02:44:56] D2BS 7780: updateStat
[10/05/26 02:44:56] D2BS 7780: granted: [Head] -1
[10/05/26 02:44:56] D2BS 7780: granted: [Body] -1
[10/05/26 02:44:56] D2BS 7780: granted: [ArmR] -1
[10/05/26 02:44:56] D2BS 7780: Merc unmatched
[10/05/26 02:44:56] D2BS 7780: hireMerc: true
[10/05/26 02:45:11] D2BS 7780: Token needed
[10/05/26 02:45:15] D2BS 7780: act0 BO
[10/05/26 02:45:26] D2BS 7780: updateStat
[10/05/26 02:45:41] D2BS 7780: ÿc4=== [ANDY] ===
[10/05/26 02:46:23] D2BS 7780: Config.LifeChicken: 0
[10/05/26 02:46:52] D2BS 7780: Config.LifeChicken: 35
[10/05/26 02:47:17] D2BS 7780: Merc unmatched
[10/05/26 02:47:37] D2BS 7780: [Hired] Level 71 Prayer
[10/05/26 02:47:37] D2BS 7780: updateStat
[10/05/26 02:47:38] D2BS 7780: granted: [Head] -1
[10/05/26 02:47:38] D2BS 7780: granted: [Body] -1
[10/05/26 02:47:38] D2BS 7780: granted: [ArmR] -1
[10/05/26 02:47:38] D2BS 7780: ÿc4=== [AMULET] ===
[10/05/26 02:47:58] D2BS 7780: granted: [ArmR] 19
[10/05/26 02:49:18] D2BS 7780: ÿc4=== [SUMMONER] ===
[10/05/26 03:14:43] D2BS 7780: party has left: fowo-xa
[10/05/26 03:14:43] D2BS 7780:  [29:56] +11.17% / [Level 72] 14.42%
[10/05/26 03:14:43] D2BS 7780: Script threads\autobuildthread.js ended
[10/05/26 03:14:43] D2BS 7780: Script threads\partythread.js ended
[10/05/26 03:14:43] D2BS 7780: Script threads\townchicken.js ended
[10/05/26 03:14:43] D2BS 7780: Script default.dbj ended
[10/05/26 03:14:55] D2BS 7780: joining game pz-65
[10/05/26 03:14:57] D2BS 7780: ÿc2D2BSÿc0 :: Starting default.dbj
[10/05/26 03:14:57] D2BS 7780: ÿc2D2BSÿc0 :: default.dbj running.
[10/05/26 03:14:58] D2BS 7780: Loaded ÿc9[X.nip] [Y.nip] [Z.nip] [V.nip] [S.COLD.nip]
[10/05/26 03:14:58] D2BS 7780: Loaded ÿc9[S.COLD.js]
[10/05/26 03:14:58] D2BS 7780: equipped: [Head] 12
[10/05/26 03:14:58] D2BS 7780: equipped: [Neck] 13
[10/05/26 03:14:58] D2BS 7780: equipped: [Body] 16
[10/05/26 03:14:58] D2BS 7780: equipped: [ArmR] 17
[10/05/26 03:14:58] D2BS 7780: equipped: [ArmL] 26
[10/05/26 03:14:58] D2BS 7780: equipped: [RingR] 13
[10/05/26 03:14:58] D2BS 7780: equipped: [RingL] 11
[10/05/26 03:14:58] D2BS 7780: equipped: [Belt] 15
[10/05/26 03:14:58] D2BS 7780: equipped: [Boots] 11
[10/05/26 03:14:58] D2BS 7780: equipped: [Mitts] 21
[10/05/26 03:14:58] D2BS 7780: updateStat
[10/05/26 03:14:58] D2BS 7780: granted: [Head] -1
[10/05/26 03:14:58] D2BS 7780: granted: [Body] -1
[10/05/26 03:14:58] D2BS 7780: granted: [ArmR] 19
[10/05/26 03:14:58] D2BS 7780: Loaded ÿc9[AutoSmurf.js]
[10/05/26 03:15:00] D2BS 7780: farmingON
[10/05/26 03:15:00] D2BS 7780: MiniShopBot: true
[10/05/26 03:15:00] D2BS 7780: UseMerc: true HP: 70
[10/05/26 03:15:01] D2BS 7780: Merc matched: Prayer
[10/05/26 03:15:19] D2BS 7780: Token needed
[10/05/26 03:15:21] D2BS 7780: Merc matched: Prayer
[10/05/26 03:15:22] D2BS 7780: act1 WP
[10/05/26 03:15:33] D2BS 7780: act2 BO
[10/05/26 03:15:45] D2BS 7780: ÿc4=== [SUMMONER] ===
[10/05/26 03:16:27] D2BS 7780: Config.LifeChicken: 0
[10/05/26 03:16:41] D2BS 7780: Config.LifeChicken: 35
[10/05/26 03:16:50] D2BS 7780: going to nearest WP
[10/05/26 03:17:42] D2BS 7780: ÿc4=== [RADAMENT] ===
[10/05/26 03:18:54] D2BS 7780: Config.LifeChicken: 0
[10/05/26 03:19:08] D2BS 7780: Config.LifeChicken: 35
[10/05/26 03:19:14] D2BS 7780: ÿc8!!! [BOOK] !!!
[10/05/26 03:19:21] D2BS 7780: ÿc4=== [DURIEL] ===
[10/05/26 03:21:11] D2BS 7780: Going to town
[10/05/26 03:22:08] D2BS 7780: Going to town
[10/05/26 03:22:22] D2BS 7780: party has left: fowo-xa
[10/05/26 03:22:22] D2BS 7780:  [07:26] +14.87% / [Level 72] 29.29%
[10/05/26 03:22:22] D2BS 7780: Script threads\autobuildthread.js ended
[10/05/26 03:22:22] D2BS 7780: Script threads\partythread.js ended
[10/05/26 03:22:22] D2BS 7780: Script threads\townchicken.js ended
[10/05/26 03:22:22] D2BS 7780: Script default.dbj ended
[10/05/26 03:22:34] D2BS 7780: joining game pz-66
[10/05/26 03:22:36] D2BS 7780: ÿc2D2BSÿc0 :: Starting default.dbj
[10/05/26 03:22:36] D2BS 7780: ÿc2D2BSÿc0 :: default.dbj running.
[10/05/26 03:22:36] D2BS 7780: Loaded ÿc9[X.nip] [Y.nip] [Z.nip] [V.nip] [S.COLD.nip]
[10/05/26 03:22:36] D2BS 7780: Loaded ÿc9[S.COLD.js]
[10/05/26 03:22:37] D2BS 7780: equipped: [Head] 12
[10/05/26 03:22:37] D2BS 7780: equipped: [Neck] 13
[10/05/26 03:22:37] D2BS 7780: equipped: [Body] 16
[10/05/26 03:22:37] D2BS 7780: equipped: [ArmR] 17
[10/05/26 03:22:37] D2BS 7780: equipped: [ArmL] 26
[10/05/26 03:22:37] D2BS 7780: equipped: [RingR] 13
[10/05/26 03:22:37] D2BS 7780: equipped: [RingL] 11
[10/05/26 03:22:37] D2BS 7780: equipped: [Belt] 15
[10/05/26 03:22:37] D2BS 7780: equipped: [Boots] 11
[10/05/26 03:22:37] D2BS 7780: equipped: [Mitts] 21
[10/05/26 03:22:37] D2BS 7780: Loaded ÿc9[AutoSmurf.js]
[10/05/26 03:22:38] D2BS 7780: farmingON
[10/05/26 03:22:39] D2BS 7780: MiniShopBot: true
[10/05/26 03:22:39] D2BS 7780: UseMerc: true HP: 70
[10/05/26 03:22:59] D2BS 7780: updateStat
[10/05/26 03:22:59] D2BS 7780: granted: [Head] -1
[10/05/26 03:22:59] D2BS 7780: granted: [Body] -1
[10/05/26 03:22:59] D2BS 7780: granted: [ArmR] 19
[10/05/26 03:22:59] D2BS 7780: Merc matched: Prayer
[10/05/26 03:23:24] D2BS 7780: Token needed
[10/05/26 03:23:24] D2BS 7780: Merc matched: Prayer
[10/05/26 03:23:28] D2BS 7780: act2 BO
[10/05/26 03:23:30] D2BS 7780: updateStat
[10/05/26 03:23:42] D2BS 7780: ÿc4=== [DURIEL] ===
[10/05/26 03:30:05] D2BS 7780: act3 BO
[10/05/26 03:30:50] D2BS 7780: party has left: fowo-xa
[10/05/26 03:30:50] D2BS 7780:  [08:13] +10.85% / [Level 72] 40.14%
[10/05/26 03:30:50] D2BS 7780: Script threads\autobuildthread.js ended
[10/05/26 03:30:50] D2BS 7780: Script threads\partythread.js ended
[10/05/26 03:30:50] D2BS 7780: Script threads\townchicken.js ended
[10/05/26 03:30:50] D2BS 7780: Script default.dbj ended
[10/05/26 03:31:03] D2BS 7780: joining game pz-67
[10/05/26 03:31:04] D2BS 7780: ÿc2D2BSÿc0 :: Starting default.dbj
[10/05/26 03:31:04] D2BS 7780: ÿc2D2BSÿc0 :: default.dbj running.
[10/05/26 03:31:04] D2BS 7780: Loaded ÿc9[X.nip] [Y.nip] [Z.nip] [V.nip] [S.COLD.nip]
[10/05/26 03:31:04] D2BS 7780: Loaded ÿc9[S.COLD.js]
[10/05/26 03:31:04] D2BS 7780: equipped: [Head] 12
[10/05/26 03:31:04] D2BS 7780: equipped: [Neck] 13
[10/05/26 03:31:04] D2BS 7780: equipped: [Body] 16
[10/05/26 03:31:04] D2BS 7780: equipped: [ArmR] 17
[10/05/26 03:31:04] D2BS 7780: equipped: [ArmL] 26
[10/05/26 03:31:04] D2BS 7780: equipped: [RingR] 13
[10/05/26 03:31:04] D2BS 7780: equipped: [RingL] 11
[10/05/26 03:31:04] D2BS 7780: equipped: [Belt] 15
[10/05/26 03:31:04] D2BS 7780: equipped: [Boots] 11
[10/05/26 03:31:04] D2BS 7780: equipped: [Mitts] 21
[10/05/26 03:31:04] D2BS 7780: updateStat
[10/05/26 03:31:04] D2BS 7780: granted: [Head] -1
[10/05/26 03:31:04] D2BS 7780: granted: [Body] -1
[10/05/26 03:31:04] D2BS 7780: granted: [ArmR] 19
[10/05/26 03:31:04] D2BS 7780: Loaded ÿc9[AutoSmurf.js]
[10/05/26 03:31:07] D2BS 7780: farmingON
[10/05/26 03:31:08] D2BS 7780: MiniShopBot: true
[10/05/26 03:31:08] D2BS 7780: UseMerc: true HP: 70
[10/05/26 03:31:19] D2BS 7780: Merc matched: Prayer
[10/05/26 03:31:30] D2BS 7780: Token needed
[10/05/26 03:31:37] D2BS 7780: act3 BO
[10/05/26 03:32:32] D2BS 7780: ÿc4=== [TRAVINCAL] ===
[10/05/26 03:33:44] D2BS 7780: party has left: fowo-xa
[10/05/26 03:33:44] D2BS 7780:  [02:41] +17.91% / [Level 72] 58.05%
[10/05/26 03:33:45] D2BS 7780: Script threads\autobuildthread.js ended
[10/05/26 03:33:45] D2BS 7780: Script threads\partythread.js ended
[10/05/26 03:33:45] D2BS 7780: Script threads\townchicken.js ended
[10/05/26 03:33:45] D2BS 7780: Script default.dbj ended
[10/05/26 03:33:56] D2BS 7780: joining game pz-68
[10/05/26 03:33:57] D2BS 7780: ÿc2D2BSÿc0 :: Starting default.dbj
[10/05/26 03:33:57] D2BS 7780: ÿc2D2BSÿc0 :: default.dbj running.
[10/05/26 03:33:57] D2BS 7780: Loaded ÿc9[X.nip] [Y.nip] [Z.nip] [V.nip] [S.COLD.nip]
[10/05/26 03:33:57] D2BS 7780: Loaded ÿc9[S.COLD.js]
[10/05/26 03:33:58] D2BS 7780: equipped: [Head] 12
[10/05/26 03:33:58] D2BS 7780: equipped: [Neck] 13
[10/05/26 03:33:58] D2BS 7780: equipped: [Body] 16
[10/05/26 03:33:58] D2BS 7780: equipped: [ArmR] 17
[10/05/26 03:33:58] D2BS 7780: equipped: [ArmL] 26
[10/05/26 03:33:58] D2BS 7780: equipped: [RingR] 13
[10/05/26 03:33:58] D2BS 7780: equipped: [RingL] 11
[10/05/26 03:33:58] D2BS 7780: equipped: [Belt] 15
[10/05/26 03:33:58] D2BS 7780: equipped: [Boots] 11
[10/05/26 03:33:58] D2BS 7780: equipped: [Mitts] 21
[10/05/26 03:33:58] D2BS 7780: updateStat
[10/05/26 03:33:58] D2BS 7780: granted: [Head] -1
[10/05/26 03:33:58] D2BS 7780: granted: [Body] -1
[10/05/26 03:33:58] D2BS 7780: granted: [ArmR] 19
[10/05/26 03:33:58] D2BS 7780: Loaded ÿc9[AutoSmurf.js]
[10/05/26 03:33:59] D2BS 7780: MiniShopBot: true
[10/05/26 03:34:00] D2BS 7780: farmingON
[10/05/26 03:34:00] D2BS 7780: UseMerc: true HP: 70
[10/05/26 03:34:11] D2BS 7780: Merc matched: Prayer
[10/05/26 03:34:26] D2BS 7780: Token needed
[10/05/26 03:34:32] D2BS 7780: act3 BO
[10/05/26 03:34:52] D2BS 7780: ÿc4=== [TRAVINCAL] ===
[10/05/26 03:35:29] D2BS 7780: party has left: fowo-xe
[10/05/26 03:35:29] D2BS 7780:  [01:32] +9.63% / [Level 72] 67.68%
[10/05/26 03:35:29] D2BS 7780: Script threads\autobuildthread.js ended
[10/05/26 03:35:29] D2BS 7780: Script threads\partythread.js ended
[10/05/26 03:35:30] D2BS 7780: Script threads\townchicken.js ended
[10/05/26 03:35:30] D2BS 7780: Script default.dbj ended
[10/05/26 03:35:44] D2BS 7780: joining game pz-69
[10/05/26 03:35:46] D2BS 7780: ÿc2D2BSÿc0 :: Starting default.dbj
[10/05/26 03:35:46] D2BS 7780: ÿc2D2BSÿc0 :: default.dbj running.
[10/05/26 03:35:46] D2BS 7780: Loaded ÿc9[X.nip] [Y.nip] [Z.nip] [V.nip] [S.COLD.nip]
[10/05/26 03:35:46] D2BS 7780: Loaded ÿc9[S.COLD.js]
[10/05/26 03:35:46] D2BS 7780: equipped: [Head] 12
[10/05/26 03:35:46] D2BS 7780: equipped: [Neck] 13
[10/05/26 03:35:46] D2BS 7780: equipped: [Body] 16
[10/05/26 03:35:46] D2BS 7780: equipped: [ArmR] 17
[10/05/26 03:35:46] D2BS 7780: equipped: [ArmL] 26
[10/05/26 03:35:46] D2BS 7780: equipped: [RingR] 13
[10/05/26 03:35:46] D2BS 7780: equipped: [RingL] 11
[10/05/26 03:35:46] D2BS 7780: equipped: [Belt] 15
[10/05/26 03:35:46] D2BS 7780: equipped: [Boots] 11
[10/05/26 03:35:46] D2BS 7780: equipped: [Mitts] 21
[10/05/26 03:35:46] D2BS 7780: updateStat
[10/05/26 03:35:46] D2BS 7780: granted: [Head] -1
[10/05/26 03:35:46] D2BS 7780: granted: [Body] -1
[10/05/26 03:35:46] D2BS 7780: granted: [ArmR] 19
[10/05/26 03:35:46] D2BS 7780: Loaded ÿc9[AutoSmurf.js]
[10/05/26 03:35:48] D2BS 7780: farmingON
[10/05/26 03:35:49] D2BS 7780: MiniShopBot: true
[10/05/26 03:35:49] D2BS 7780: UseMerc: true HP: 70
[10/05/26 03:35:58] D2BS 7780: Merc matched: Prayer
[10/05/26 03:36:09] D2BS 7780: Token needed
[10/05/26 03:36:17] D2BS 7780: act3 BO
[10/05/26 03:36:37] D2BS 7780: ÿc4=== [TRAVINCAL] ===
[10/05/26 03:37:37] D2BS 7780: party has left: fowo-xa
[10/05/26 03:37:37] D2BS 7780:  [01:52] +17.65% / [Level 72] 85.33%
[10/05/26 03:37:37] D2BS 7780: Script threads\autobuildthread.js ended
[10/05/26 03:37:37] D2BS 7780: Script threads\partythread.js ended
[10/05/26 03:37:37] D2BS 7780: Script threads\townchicken.js ended
[10/05/26 03:37:37] D2BS 7780: Script default.dbj ended
[10/05/26 03:37:49] D2BS 7780: joining game pz-70
[10/05/26 03:37:50] D2BS 7780: ÿc2D2BSÿc0 :: Starting default.dbj
[10/05/26 03:37:50] D2BS 7780: ÿc2D2BSÿc0 :: default.dbj running.
[10/05/26 03:37:51] D2BS 7780: Loaded ÿc9[X.nip] [Y.nip] [Z.nip] [V.nip] [S.COLD.nip]
[10/05/26 03:37:51] D2BS 7780: Loaded ÿc9[S.COLD.js]
[10/05/26 03:37:51] D2BS 7780: equipped: [Head] 12
[10/05/26 03:37:51] D2BS 7780: equipped: [Neck] 13
[10/05/26 03:37:51] D2BS 7780: equipped: [Body] 16
[10/05/26 03:37:51] D2BS 7780: equipped: [ArmR] 17
[10/05/26 03:37:51] D2BS 7780: equipped: [ArmL] 26
[10/05/26 03:37:51] D2BS 7780: equipped: [RingR] 13
[10/05/26 03:37:51] D2BS 7780: equipped: [RingL] 11
[10/05/26 03:37:51] D2BS 7780: equipped: [Belt] 15
[10/05/26 03:37:51] D2BS 7780: equipped: [Boots] 11
[10/05/26 03:37:51] D2BS 7780: equipped: [Mitts] 21
[10/05/26 03:37:51] D2BS 7780: updateStat
[10/05/26 03:37:51] D2BS 7780: granted: [Head] -1
[10/05/26 03:37:51] D2BS 7780: granted: [Body] -1
[10/05/26 03:37:51] D2BS 7780: granted: [ArmR] 19
[10/05/26 03:37:51] D2BS 7780: Loaded ÿc9[AutoSmurf.js]
[10/05/26 03:37:54] D2BS 7780: farmingON
[10/05/26 03:37:54] D2BS 7780: MiniShopBot: true
[10/05/26 03:37:54] D2BS 7780: UseMerc: true HP: 70
[10/05/26 03:38:11] D2BS 7780: granted: [ArmR] 22
[10/05/26 03:38:11] D2BS 7780: Merc matched: Prayer
[10/05/26 03:38:18] D2BS 7780: Token needed
[10/05/26 03:38:25] D2BS 7780: act3 BO
[10/05/26 03:38:41] D2BS 7780: ÿc4=== [TRAVINCAL] ===
[10/05/26 03:39:20] D2BS 7780: Going to town
[10/05/26 03:39:20] D2BS 7780: [Chicken] Life (964/2904) area:83 (4840,1493)
[10/05/26 03:39:20] D2BS 7780:  [01:30] +9.63% / [Level 72] 94.95%
[10/05/26 03:39:20] D2BS 7780: Script threads\autobuildthread.js ended
[10/05/26 03:39:21] D2BS 7780: Script threads\partythread.js ended
[10/05/26 03:39:21] D2BS 7780: Script threads\townchicken.js ended
[10/05/26 03:39:21] D2BS 7780: Script default.dbj ended
[10/05/26 03:39:33] D2BS 7780: joining game pz-71
[10/05/26 03:39:34] D2BS 7780: ÿc2D2BSÿc0 :: Starting default.dbj
[10/05/26 03:39:34] D2BS 7780: ÿc2D2BSÿc0 :: default.dbj running.
[10/05/26 03:39:35] D2BS 7780: Loaded ÿc9[X.nip] [Y.nip] [Z.nip] [V.nip] [S.COLD.nip]
[10/05/26 03:39:35] D2BS 7780: Loaded ÿc9[S.COLD.js]
[10/05/26 03:39:35] D2BS 7780: equipped: [Head] 12
[10/05/26 03:39:35] D2BS 7780: equipped: [Neck] 13
[10/05/26 03:39:35] D2BS 7780: equipped: [Body] 16
[10/05/26 03:39:35] D2BS 7780: equipped: [ArmR] 17
[10/05/26 03:39:35] D2BS 7780: equipped: [ArmL] 26
[10/05/26 03:39:35] D2BS 7780: equipped: [RingR] 13
[10/05/26 03:39:35] D2BS 7780: equipped: [RingL] 11
[10/05/26 03:39:35] D2BS 7780: equipped: [Belt] 15
[10/05/26 03:39:35] D2BS 7780: equipped: [Boots] 11
[10/05/26 03:39:35] D2BS 7780: equipped: [Mitts] 21
[10/05/26 03:39:35] D2BS 7780: updateStat
[10/05/26 03:39:35] D2BS 7780: granted: [Head] -1
[10/05/26 03:39:35] D2BS 7780: granted: [Body] -1
[10/05/26 03:39:35] D2BS 7780: granted: [ArmR] 22
[10/05/26 03:39:35] D2BS 7780: Loaded ÿc9[AutoSmurf.js]
[10/05/26 03:39:37] D2BS 7780: MiniShopBot: true
[10/05/26 03:39:38] D2BS 7780: farmingON
[10/05/26 03:39:38] D2BS 7780: UseMerc: true HP: 70
[10/05/26 03:39:49] D2BS 7780: Merc matched: Prayer
[10/05/26 03:39:58] D2BS 7780: Token needed
[10/05/26 03:40:05] D2BS 7780: act3 BO
[10/05/26 03:40:21] D2BS 7780: ÿc4=== [TRAVINCAL] ===
[10/05/26 03:41:19] D2BS 7780: party has left: fowo-xa, fowo-xb, fowo-xc, fowo-xd, fowo-xe, fowo-xf, fowo-xg, fowo-xh
[10/05/26 03:41:19] D2BS 7780:  [01:45] +13.15% / [Level 73] 8.52%
[10/05/26 03:41:19] D2BS 7780: Script threads\autobuildthread.js ended
[10/05/26 03:41:19] D2BS 7780: Script threads\partythread.js ended
[10/05/26 03:41:20] D2BS 7780: Script threads\townchicken.js ended
[10/05/26 03:41:20] D2BS 7780: Script default.dbj ended
[10/05/26 03:41:32] D2BS 7780: joining game pz-72
[10/05/26 03:41:34] D2BS 7780: ÿc2D2BSÿc0 :: Starting default.dbj
[10/05/26 03:41:34] D2BS 7780: ÿc2D2BSÿc0 :: default.dbj running.
[10/05/26 03:41:34] D2BS 7780: Loaded ÿc9[X.nip] [Y.nip] [Z.nip] [V.nip] [S.COLD.nip]
[10/05/26 03:41:34] D2BS 7780: Loaded ÿc9[S.COLD.js]
[10/05/26 03:41:34] D2BS 7780: equipped: [Head] 12
[10/05/26 03:41:34] D2BS 7780: equipped: [Neck] 13
[10/05/26 03:41:34] D2BS 7780: equipped: [Body] 16
[10/05/26 03:41:34] D2BS 7780: equipped: [ArmR] 17
[10/05/26 03:41:34] D2BS 7780: equipped: [ArmL] 26
[10/05/26 03:41:34] D2BS 7780: equipped: [RingR] 13
[10/05/26 03:41:34] D2BS 7780: equipped: [RingL] 11
[10/05/26 03:41:34] D2BS 7780: equipped: [Belt] 15
[10/05/26 03:41:34] D2BS 7780: equipped: [Boots] 11
[10/05/26 03:41:34] D2BS 7780: equipped: [Mitts] 21
[10/05/26 03:41:34] D2BS 7780: updateStat
[10/05/26 03:41:34] D2BS 7780: granted: [Head] -1
[10/05/26 03:41:34] D2BS 7780: granted: [Body] -1
[10/05/26 03:41:34] D2BS 7780: granted: [ArmR] 22
[10/05/26 03:41:34] D2BS 7780: Loaded ÿc9[AutoSmurf.js]
[10/05/26 03:41:36] D2BS 7780: farmingON
[10/05/26 03:41:37] D2BS 7780: MiniShopBot: true
[10/05/26 03:41:37] D2BS 7780: UseMerc: true HP: 70
[10/05/26 03:41:46] D2BS 7780: Merc matched: Prayer
[10/05/26 03:42:03] D2BS 7780: Token needed
[10/05/26 03:42:06] D2BS 7780: ÿc4=== [FIGURINE] ===
[10/05/26 03:43:11] D2BS 7780: ÿc8!!! [POTION] !!!
[10/05/26 03:43:47] D2BS 7780: act3 BO
[10/05/26 03:44:31] D2BS 7780: ÿc4=== [MEPHISTO] ===
[10/05/26 03:44:52] D2BS 7780: Config.LifeChicken: 0
[10/05/26 03:44:56] D2BS 7780: Config.LifeChicken: 35
[10/05/26 03:45:32] D2BS 7780: ÿc4=== [IZUAL] ===
[10/05/26 03:47:19] D2BS 7780: Config.LifeChicken: 0
[10/05/26 03:47:30] D2BS 7780: Config.LifeChicken: 35
[10/05/26 03:47:42] D2BS 7780: ÿc4=== [DIABLO] ===
[10/05/26 03:48:05] D2BS 7780: granted: [Head] 11
[10/05/26 03:48:06] D2BS 7780: granted: [Body] 11
[10/05/26 03:49:24] D2BS 7780: Going to town
[10/05/26 03:53:06] D2BS 7780: party has left: fowo-xh
[10/05/26 03:53:06] D2BS 7780:  [11:32] +28.30% / [Level 73] 36.82%
[10/05/26 03:53:06] D2BS 7780: Script threads\autobuildthread.js ended
[10/05/26 03:53:07] D2BS 7780: Script threads\partythread.js ended
[10/05/26 03:53:07] D2BS 7780: Script threads\townchicken.js ended
[10/05/26 03:53:07] D2BS 7780: Script default.dbj ended
[10/05/26 03:53:20] D2BS 7780: joining game pz-73
[10/05/26 03:53:22] D2BS 7780: ÿc2D2BSÿc0 :: Starting default.dbj
[10/05/26 03:53:22] D2BS 7780: ÿc2D2BSÿc0 :: default.dbj running.
[10/05/26 03:53:22] D2BS 7780: Loaded ÿc9[X.nip] [Y.nip] [Z.nip] [V.nip] [S.COLD.nip]
[10/05/26 03:53:22] D2BS 7780: Loaded ÿc9[S.COLD.js]
[10/05/26 03:53:22] D2BS 7780: equipped: [Head] 12
[10/05/26 03:53:22] D2BS 7780: equipped: [Neck] 13
[10/05/26 03:53:22] D2BS 7780: equipped: [Body] 16
[10/05/26 03:53:22] D2BS 7780: equipped: [ArmR] 17
[10/05/26 03:53:22] D2BS 7780: equipped: [ArmL] 26
[10/05/26 03:53:22] D2BS 7780: equipped: [RingR] 13
[10/05/26 03:53:22] D2BS 7780: equipped: [RingL] 11
[10/05/26 03:53:22] D2BS 7780: equipped: [Belt] 15
[10/05/26 03:53:22] D2BS 7780: equipped: [Boots] 11
[10/05/26 03:53:22] D2BS 7780: equipped: [Mitts] 21
[10/05/26 03:53:22] D2BS 7780: updateStat
[10/05/26 03:53:22] D2BS 7780: granted: [Head] 11
[10/05/26 03:53:22] D2BS 7780: granted: [Body] 11
[10/05/26 03:53:22] D2BS 7780: granted: [ArmR] 22
[10/05/26 03:53:22] D2BS 7780: Loaded ÿc9[AutoSmurf.js]
[10/05/26 03:53:24] D2BS 7780: farmingON
[10/05/26 03:53:25] D2BS 7780: MiniShopBot: true
[10/05/26 03:53:25] D2BS 7780: UseMerc: true HP: 70
[10/05/26 03:53:41] D2BS 7780: granted: [Head] 12
[10/05/26 03:53:41] D2BS 7780: Merc matched: Prayer
[10/05/26 03:53:52] D2BS 7780: Token needed
[10/05/26 03:53:56] D2BS 7780: act4+ WP
[10/05/26 03:54:02] D2BS 7780: act4+ BO
[10/05/26 03:54:15] D2BS 7780: ÿc4=== [DIABLO] ===
[10/05/26 03:54:35] D2BS 7780: party has left: fowo-xa
[10/05/26 03:54:35] D2BS 7780: no exp [01:13]
[10/05/26 03:54:35] D2BS 7780: Script threads\autobuildthread.js ended
[10/05/26 03:54:35] D2BS 7780: Script threads\partythread.js ended
[10/05/26 03:54:35] D2BS 7780: Script threads\townchicken.js ended
[10/05/26 03:54:35] D2BS 7780: Script default.dbj ended
[10/05/26 03:54:46] D2BS 7780: joining game pz-74
[10/05/26 03:54:48] D2BS 7780: ÿc2D2BSÿc0 :: Starting default.dbj
[10/05/26 03:54:48] D2BS 7780: ÿc2D2BSÿc0 :: default.dbj running.
[10/05/26 03:54:48] D2BS 7780: Loaded ÿc9[X.nip] [Y.nip] [Z.nip] [V.nip] [S.COLD.nip]
[10/05/26 03:54:48] D2BS 7780: Loaded ÿc9[S.COLD.js]
[10/05/26 03:54:48] D2BS 7780: equipped: [Head] 12
[10/05/26 03:54:48] D2BS 7780: equipped: [Neck] 13
[10/05/26 03:54:48] D2BS 7780: equipped: [Body] 16
[10/05/26 03:54:48] D2BS 7780: equipped: [ArmR] 17
[10/05/26 03:54:48] D2BS 7780: equipped: [ArmL] 26
[10/05/26 03:54:48] D2BS 7780: equipped: [RingR] 13
[10/05/26 03:54:48] D2BS 7780: equipped: [RingL] 11
[10/05/26 03:54:48] D2BS 7780: equipped: [Belt] 15
[10/05/26 03:54:48] D2BS 7780: equipped: [Boots] 11
[10/05/26 03:54:48] D2BS 7780: equipped: [Mitts] 21
[10/05/26 03:54:48] D2BS 7780: updateStat
[10/05/26 03:54:48] D2BS 7780: granted: [Head] 12
[10/05/26 03:54:48] D2BS 7780: granted: [Body] 11
[10/05/26 03:54:48] D2BS 7780: granted: [ArmR] 22
[10/05/26 03:54:48] D2BS 7780: Loaded ÿc9[AutoSmurf.js]
[10/05/26 03:54:51] D2BS 7780: MiniShopBot: true
[10/05/26 03:54:51] D2BS 7780: farmingON
[10/05/26 03:54:51] D2BS 7780: UseMerc: true HP: 70
[10/05/26 03:55:05] D2BS 7780: granted: [Body] 15
[10/05/26 03:55:05] D2BS 7780: Merc matched: Prayer
[10/05/26 03:55:13] D2BS 7780: Token needed
[10/05/26 03:55:20] D2BS 7780: act4+ BO
[10/05/26 03:55:34] D2BS 7780: ÿc4=== [DIABLO] ===
[10/05/26 03:56:20] D2BS 7780: party has left: fowo-xd
[10/05/26 03:56:20] D2BS 7780:  [01:33] +2.82% / [Level 73] 39.64%
[10/05/26 03:56:20] D2BS 7780: Script threads\autobuildthread.js ended
[10/05/26 03:56:20] D2BS 7780: Script threads\partythread.js ended
[10/05/26 03:56:21] D2BS 7780: Script threads\townchicken.js ended
[10/05/26 03:56:21] D2BS 7780: Script default.dbj ended
[10/05/26 03:56:33] D2BS 7780: joining game pz-75
[10/05/26 03:56:35] D2BS 7780: ÿc2D2BSÿc0 :: Starting default.dbj
[10/05/26 03:56:35] D2BS 7780: ÿc2D2BSÿc0 :: default.dbj running.
[10/05/26 03:56:35] D2BS 7780: Loaded ÿc9[X.nip] [Y.nip] [Z.nip] [V.nip] [S.COLD.nip]
[10/05/26 03:56:35] D2BS 7780: Loaded ÿc9[S.COLD.js]
[10/05/26 03:56:35] D2BS 7780: equipped: [Head] 12
[10/05/26 03:56:35] D2BS 7780: equipped: [Neck] 13
[10/05/26 03:56:35] D2BS 7780: equipped: [Body] 16
[10/05/26 03:56:35] D2BS 7780: equipped: [ArmR] 17
[10/05/26 03:56:35] D2BS 7780: equipped: [ArmL] 26
[10/05/26 03:56:35] D2BS 7780: equipped: [RingR] 13
[10/05/26 03:56:35] D2BS 7780: equipped: [RingL] 11
[10/05/26 03:56:35] D2BS 7780: equipped: [Belt] 15
[10/05/26 03:56:35] D2BS 7780: equipped: [Boots] 11
[10/05/26 03:56:35] D2BS 7780: equipped: [Mitts] 21
[10/05/26 03:56:35] D2BS 7780: Loaded ÿc9[AutoSmurf.js]
[10/05/26 03:56:36] D2BS 7780: MiniShopBot: true
[10/05/26 03:56:37] D2BS 7780: farmingON
[10/05/26 03:56:37] D2BS 7780: UseMerc: true HP: 70
[10/05/26 03:56:53] D2BS 7780: Merc matched: Prayer
[10/05/26 03:57:00] D2BS 7780: Token needed
[10/05/26 03:57:07] D2BS 7780: act4+ BO
[10/05/26 03:57:09] D2BS 7780: updateStat
[10/05/26 03:57:20] D2BS 7780: ÿc4=== [DIABLO] ===
[10/05/26 03:58:13] D2BS 7780: party has left: fowo-xe
[10/05/26 03:58:13] D2BS 7780:  [01:38] +7.41% / [Level 73] 47.32%
[10/05/26 03:58:13] D2BS 7780: Script threads\autobuildthread.js ended
[10/05/26 03:58:13] D2BS 7780: Script threads\partythread.js ended
[10/05/26 03:58:13] D2BS 7780: Script threads\townchicken.js ended
[10/05/26 03:58:13] D2BS 7780: Script default.dbj ended
[10/05/26 03:58:24] D2BS 7780: joining game pz-76
[10/05/26 03:58:27] D2BS 7780: ÿc2D2BSÿc0 :: Starting default.dbj
[10/05/26 03:58:27] D2BS 7780: ÿc2D2BSÿc0 :: default.dbj running.
[10/05/26 03:58:27] D2BS 7780: Loaded ÿc9[X.nip] [Y.nip] [Z.nip] [V.nip] [S.COLD.nip]
[10/05/26 03:58:27] D2BS 7780: Loaded ÿc9[S.COLD.js]
[10/05/26 03:58:27] D2BS 7780: equipped: [Head] 12
[10/05/26 03:58:27] D2BS 7780: equipped: [Neck] 13
[10/05/26 03:58:27] D2BS 7780: equipped: [Body] 16
[10/05/26 03:58:27] D2BS 7780: equipped: [ArmR] 17
[10/05/26 03:58:27] D2BS 7780: equipped: [ArmL] 26
[10/05/26 03:58:27] D2BS 7780: equipped: [RingR] 13
[10/05/26 03:58:27] D2BS 7780: equipped: [RingL] 11
[10/05/26 03:58:27] D2BS 7780: equipped: [Belt] 15
[10/05/26 03:58:27] D2BS 7780: equipped: [Boots] 11
[10/05/26 03:58:27] D2BS 7780: equipped: [Mitts] 21
[10/05/26 03:58:27] D2BS 7780: updateStat
[10/05/26 03:58:27] D2BS 7780: granted: [Head] 12
[10/05/26 03:58:27] D2BS 7780: granted: [Body] 15
[10/05/26 03:58:27] D2BS 7780: granted: [ArmR] 22
[10/05/26 03:58:27] D2BS 7780: Loaded ÿc9[AutoSmurf.js]
[10/05/26 03:58:29] D2BS 7780: MiniShopBot: true
[10/05/26 03:58:30] D2BS 7780: farmingON
[10/05/26 03:58:30] D2BS 7780: UseMerc: true HP: 70
[10/05/26 03:58:42] D2BS 7780: Merc matched: Prayer
[10/05/26 03:58:53] D2BS 7780: Token needed
[10/05/26 03:59:00] D2BS 7780: act4+ BO
[10/05/26 03:59:14] D2BS 7780: ÿc4=== [DIABLO] ===
[10/05/26 04:04:38] D2BS 7780: Going to town
[10/05/26 04:06:16] D2BS 7780: Config.LifeChicken: 0
[10/05/26 04:06:21] D2BS 7780: Config.LifeChicken: 35
[10/05/26 04:06:38] D2BS 7780: ÿc4=== [SHENK] ===
[10/05/26 04:06:41] D2BS 20708: D2BS Engine startup complete. 1.6.4U
[10/05/26 04:06:41] D2BS 20708: ÿc2D2BSÿc0 :: Switched to profile a2
[10/05/26 04:06:41] D2BS 20708: ÿc2D2BSÿc0 :: Engine startup complete!
[10/05/26 04:06:41] D2BS 20708: ÿc2D2BSÿc0 :: Starting D2BotFollow.dbj
[10/05/26 04:06:42] D2BS 20708: ÿc2D2BSÿc0 :: D2BotFollow.dbj running.
[10/05/26 04:06:42] D2BS 20708: Ã¿c2D2BSÃ¿c0 :: Started Console
[10/05/26 04:06:42] D2BS 20708: a2
[10/05/26 04:06:44] D2BS 20708: Recieved Game Info
[10/05/26 04:06:44] D2BS 20708: Heartbeat loaded
[10/05/26 04:07:03] D2BS 20708: joining game pz-77
[10/05/26 04:07:05] D2BS 20708: ÿc2D2BSÿc0 :: Starting default.dbj
[10/05/26 04:07:05] D2BS 20708: ÿc2D2BSÿc0 :: default.dbj running.
[10/05/26 04:07:05] D2BS 20708: Loaded ÿc9[X.nip] [Y.nip] [Z.nip] [V.nip] [S.COLD.nip]
[10/05/26 04:07:05] D2BS 20708: Loaded ÿc9[S.COLD.js]
[10/05/26 04:07:05] D2BS 20708: equipped: [Head] 12
[10/05/26 04:07:05] D2BS 20708: equipped: [Neck] 13
[10/05/26 04:07:05] D2BS 20708: equipped: [Body] 16
[10/05/26 04:07:05] D2BS 20708: equipped: [ArmR] 17
[10/05/26 04:07:06] D2BS 20708: equipped: [ArmL] 26
[10/05/26 04:07:06] D2BS 20708: equipped: [RingR] 13
[10/05/26 04:07:06] D2BS 20708: equipped: [RingL] 11
[10/05/26 04:07:06] D2BS 20708: equipped: [Belt] 15
[10/05/26 04:07:06] D2BS 20708: equipped: [Boots] 11
[10/05/26 04:07:06] D2BS 20708: equipped: [Mitts] 21
[10/05/26 04:07:06] D2BS 20708: updateStat
[10/05/26 04:07:06] D2BS 20708: granted: [Head] 12
[10/05/26 04:07:06] D2BS 20708: granted: [Body] 15
[10/05/26 04:07:06] D2BS 20708: granted: [ArmR] 22
[10/05/26 04:07:06] D2BS 20708: Loaded ÿc9[AutoSmurf.js]
[10/05/26 04:07:07] D2BS 20708: farmingON
[10/05/26 04:07:08] D2BS 20708: MiniShopBot: true
[10/05/26 04:07:08] D2BS 20708: UseMerc: true HP: 70
[10/05/26 04:07:27] D2BS 20708: Merc matched: Prayer
[10/05/26 04:07:37] D2BS 20708: Token needed
[10/05/26 04:07:41] D2BS 20708: act5 BO
[10/05/26 04:07:54] D2BS 20708: ÿc4=== [SHENK] ===
[10/05/26 04:10:19] D2BS 20708: Config.LifeChicken: 0
[10/05/26 04:11:25] D2BS 20708: Config.LifeChicken: 35
[10/05/26 04:11:30] D2BS 20708: ÿc4=== [ANYA] ===
[10/05/26 04:12:12] D2BS 20708: party has left: fowo-xa
[10/05/26 04:12:12] D2BS 20708:  [05:06] +4.75% / [Level 74] 22.55%
[10/05/26 04:12:12] D2BS 20708: Script threads\autobuildthread.js ended
[10/05/26 04:12:12] D2BS 20708: Script threads\partythread.js ended
[10/05/26 04:12:12] D2BS 20708: Script threads\townchicken.js ended
[10/05/26 04:12:12] D2BS 20708: Script default.dbj ended
[10/05/26 04:12:25] D2BS 20708: joining game pz-78
[10/05/26 04:12:27] D2BS 20708: ÿc2D2BSÿc0 :: Starting default.dbj
[10/05/26 04:12:27] D2BS 20708: ÿc2D2BSÿc0 :: default.dbj running.
[10/05/26 04:12:27] D2BS 20708: Loaded ÿc9[X.nip] [Y.nip] [Z.nip] [V.nip] [S.COLD.nip]
[10/05/26 04:12:27] D2BS 20708: Loaded ÿc9[S.COLD.js]
[10/05/26 04:12:27] D2BS 20708: equipped: [Head] 12
[10/05/26 04:12:27] D2BS 20708: equipped: [Neck] 13
[10/05/26 04:12:27] D2BS 20708: equipped: [Body] 16
[10/05/26 04:12:27] D2BS 20708: equipped: [ArmR] 17
[10/05/26 04:12:27] D2BS 20708: equipped: [ArmL] 26
[10/05/26 04:12:27] D2BS 20708: equipped: [RingR] 13
[10/05/26 04:12:27] D2BS 20708: equipped: [RingL] 11
[10/05/26 04:12:27] D2BS 20708: equipped: [Belt] 15
[10/05/26 04:12:27] D2BS 20708: equipped: [Boots] 11
[10/05/26 04:12:27] D2BS 20708: equipped: [Mitts] 21
[10/05/26 04:12:27] D2BS 20708: updateStat
[10/05/26 04:12:27] D2BS 20708: granted: [Head] 12
[10/05/26 04:12:27] D2BS 20708: granted: [Body] 15
[10/05/26 04:12:27] D2BS 20708: granted: [ArmR] 22
[10/05/26 04:12:27] D2BS 20708: Loaded ÿc9[AutoSmurf.js]
[10/05/26 04:12:29] D2BS 20708: farmingON
[10/05/26 04:12:29] D2BS 20708: MiniShopBot: true
[10/05/26 04:12:29] D2BS 20708: UseMerc: true HP: 70
[10/05/26 04:12:41] D2BS 20708: Merc matched: Prayer
[10/05/26 04:14:01] D2BS 20708: Token needed
[10/05/26 04:14:03] D2BS 20708: act5+ WP
[10/05/26 04:14:20] D2BS 20708: act5+ BO
[10/05/26 04:14:23] D2BS 20708: party has left: fowo-xd
[10/05/26 04:14:23] D2BS 20708: no exp [01:56]
[10/05/26 04:14:23] D2BS 20708: Script threads\autobuildthread.js ended
[10/05/26 04:14:23] D2BS 20708: Script threads\partythread.js ended
[10/05/26 04:14:23] D2BS 20708: Script threads\townchicken.js ended
[10/05/26 04:14:23] D2BS 20708: Script default.dbj ended
[10/05/26 04:14:36] D2BS 20708: joining game pz-79
[10/05/26 04:14:38] D2BS 20708: ÿc2D2BSÿc0 :: Starting default.dbj
[10/05/26 04:14:38] D2BS 20708: ÿc2D2BSÿc0 :: default.dbj running.
[10/05/26 04:14:38] D2BS 20708: Loaded ÿc9[X.nip] [Y.nip] [Z.nip] [V.nip] [S.COLD.nip]
[10/05/26 04:14:38] D2BS 20708: Loaded ÿc9[S.COLD.js]
[10/05/26 04:14:38] D2BS 20708: equipped: [Head] 12
[10/05/26 04:14:38] D2BS 20708: equipped: [Neck] 13
[10/05/26 04:14:39] D2BS 20708: equipped: [Body] 16
[10/05/26 04:14:39] D2BS 20708: equipped: [ArmR] 17
[10/05/26 04:14:39] D2BS 20708: equipped: [ArmL] 26
[10/05/26 04:14:39] D2BS 20708: equipped: [RingR] 13
[10/05/26 04:14:39] D2BS 20708: equipped: [RingL] 11
[10/05/26 04:14:39] D2BS 20708: equipped: [Belt] 15
[10/05/26 04:14:39] D2BS 20708: equipped: [Boots] 11
[10/05/26 04:14:39] D2BS 20708: equipped: [Mitts] 21
[10/05/26 04:14:39] D2BS 20708: updateStat
[10/05/26 04:14:39] D2BS 20708: granted: [Head] 12
[10/05/26 04:14:39] D2BS 20708: granted: [Body] 15
[10/05/26 04:14:39] D2BS 20708: granted: [ArmR] 22
[10/05/26 04:14:39] D2BS 20708: Loaded ÿc9[AutoSmurf.js]
[10/05/26 04:14:41] D2BS 20708: farmingON
[10/05/26 04:14:41] D2BS 20708: MiniShopBot: true
[10/05/26 04:14:41] D2BS 20708: UseMerc: true HP: 70
[10/05/26 04:14:55] D2BS 20708: equipped: [Belt] 16
[10/05/26 04:14:55] D2BS 20708: Merc matched: Prayer
[10/05/26 04:15:21] D2BS 20708: Token needed
[10/05/26 04:15:26] D2BS 20708: act5+ BO
[10/05/26 04:15:39] D2BS 20708: ÿc4=== [ANYA] ===
[10/05/26 04:17:19] D2BS 20708: ÿc8!!! [SCROLL] !!!
[10/05/26 04:17:37] D2BS 20708: ÿc4=== [ANCIENTS] ===
[10/05/26 04:17:39] D2BS 20708: equipped: [ArmR] 18
[10/05/26 04:18:27] D2BS 20708: party has left: fowo-xd
[10/05/26 04:18:27] D2BS 20708:  [03:49] +9.53% / [Level 74] 32.07%
[10/05/26 04:18:27] D2BS 20708: Script threads\autobuildthread.js ended
[10/05/26 04:18:28] D2BS 20708: Script threads\partythread.js ended
[10/05/26 04:18:28] D2BS 20708: Script threads\townchicken.js ended
[10/05/26 04:18:28] D2BS 20708: Script default.dbj ended
[10/05/26 04:18:40] D2BS 20708: joining game pz-80
[10/05/26 04:18:42] D2BS 20708: ÿc2D2BSÿc0 :: Starting default.dbj
[10/05/26 04:18:42] D2BS 20708: ÿc2D2BSÿc0 :: default.dbj running.
[10/05/26 04:18:42] D2BS 20708: Loaded ÿc9[X.nip] [Y.nip] [Z.nip] [V.nip] [S.COLD.nip]
[10/05/26 04:18:42] D2BS 20708: Loaded ÿc9[S.COLD.js]
[10/05/26 04:18:42] D2BS 20708: equipped: [Head] 12
[10/05/26 04:18:42] D2BS 20708: equipped: [Neck] 13
[10/05/26 04:18:42] D2BS 20708: equipped: [Body] 16
[10/05/26 04:18:42] D2BS 20708: equipped: [ArmR] 18
[10/05/26 04:18:42] D2BS 20708: equipped: [ArmL] 26
[10/05/26 04:18:42] D2BS 20708: equipped: [RingR] 13
[10/05/26 04:18:42] D2BS 20708: equipped: [RingL] 11
[10/05/26 04:18:42] D2BS 20708: equipped: [Belt] 16
[10/05/26 04:18:42] D2BS 20708: equipped: [Boots] 11
[10/05/26 04:18:42] D2BS 20708: equipped: [Mitts] 21
[10/05/26 04:18:43] D2BS 20708: updateStat
[10/05/26 04:18:43] D2BS 20708: granted: [Head] 12
[10/05/26 04:18:43] D2BS 20708: granted: [Body] 15
[10/05/26 04:18:43] D2BS 20708: granted: [ArmR] 22
[10/05/26 04:18:43] D2BS 20708: Loaded ÿc9[AutoSmurf.js]
[10/05/26 04:18:44] D2BS 20708: farmingON
[10/05/26 04:18:44] D2BS 20708: MiniShopBot: true
[10/05/26 04:18:44] D2BS 20708: UseMerc: true HP: 70
[10/05/26 04:19:02] D2BS 20708: Merc matched: Prayer
[10/05/26 04:19:11] D2BS 20708: Token needed
[10/05/26 04:19:15] D2BS 20708: act5+ BO
[10/05/26 04:19:28] D2BS 20708: ÿc4=== [ANCIENTS] ===
[10/05/26 04:20:35] D2BS 20708: Config.LifeChicken: 0
[10/05/26 04:20:49] D2BS 20708: Config.LifeChicken: 35
[10/05/26 04:21:14] D2BS 20708: ÿc4=== [BAAL] ===
[10/05/26 04:24:53] D2BS 20708: Going to town
[10/05/26 04:25:17] D2BS 20708: Config.LifeChicken: 0
[10/05/26 04:25:26] D2BS 20708: Config.LifeChicken: 35
[10/05/26 04:25:35] D2BS 20708: ÿc4=== [COUNTESS] ===
[10/05/26 04:26:53] D2BS 20708: ÿc4=== [PIT] ===
[10/05/26 04:28:51] D2BS 20708: ÿc4=== [ANDY] ===
[10/05/26 04:30:01] D2BS 20708: ÿc4=== [MEPHISTO] ===
[10/05/26 04:31:19] D2BS 20708: ÿc4=== [DIABLO] ===
[10/05/26 04:31:37] D2BS 20708: granted: [Body] 16
[10/05/26 04:34:42] D2BS 20708: party has left: fowo-xd
[10/05/26 04:34:42] D2BS 20708:  [16:00] +188.70% / [Level 76] 39.79%
[10/05/26 04:34:42] D2BS 20708: Script threads\autobuildthread.js ended
[10/05/26 04:34:42] D2BS 20708: Script threads\partythread.js ended
[10/05/26 04:34:43] D2BS 20708: Script threads\townchicken.js ended
[10/05/26 04:34:43] D2BS 20708: Script default.dbj ended
[10/05/26 04:39:42] D2BS 20708: joining game pz-81
[10/05/26 04:39:44] D2BS 20708: ÿc2D2BSÿc0 :: Starting default.dbj
[10/05/26 04:39:44] D2BS 20708: ÿc2D2BSÿc0 :: default.dbj running.
[10/05/26 04:39:44] D2BS 20708: Loaded ÿc9[X.nip] [Y.nip] [Z.nip] [V.nip] [S.COLD.nip]
[10/05/26 04:39:45] D2BS 20708: Loaded ÿc9[S.COLD.js]
[10/05/26 04:39:45] D2BS 20708: equipped: [Head] 12
[10/05/26 04:39:45] D2BS 20708: equipped: [Neck] 13
[10/05/26 04:39:45] D2BS 20708: equipped: [Body] 16
[10/05/26 04:39:45] D2BS 20708: equipped: [ArmR] 18
[10/05/26 04:39:45] D2BS 20708: equipped: [ArmL] 26
[10/05/26 04:39:45] D2BS 20708: equipped: [RingR] 13
[10/05/26 04:39:45] D2BS 20708: equipped: [RingL] 11
[10/05/26 04:39:45] D2BS 20708: equipped: [Belt] 16
[10/05/26 04:39:45] D2BS 20708: equipped: [Boots] 11
[10/05/26 04:39:45] D2BS 20708: equipped: [Mitts] 21
[10/05/26 04:39:45] D2BS 20708: updateStat
[10/05/26 04:39:45] D2BS 20708: granted: [Head] 12
[10/05/26 04:39:45] D2BS 20708: granted: [Body] 16
[10/05/26 04:39:45] D2BS 20708: granted: [ArmR] 22
[10/05/26 04:39:45] D2BS 20708: Loaded ÿc9[AutoSmurf.js]
[10/05/26 04:39:50] D2BS 20708: farmingON
[10/05/26 04:39:50] D2BS 20708: MiniShopBot: true
[10/05/26 04:39:50] D2BS 20708: UseMerc: true HP: 70
[10/05/26 04:40:12] D2BS 20708: equipped: [Body] 17
[10/05/26 04:40:13] D2BS 20708: equipped: [Head] 13
[10/05/26 04:40:14] D2BS 20708: granted: [Head] 13
[10/05/26 04:40:14] D2BS 20708: Merc matched: Prayer
[10/05/26 04:40:22] D2BS 20708: Token needed
[10/05/26 04:40:27] D2BS 20708: act5+ BO
[10/05/26 04:40:40] D2BS 20708: ÿc4=== [BAAL] ===
[10/05/26 04:40:54] D2BS 20708: party has left: fowo-xa
[10/05/26 04:40:54] D2BS 20708: no exp [01:11]
[10/05/26 04:40:54] D2BS 20708: Script threads\autobuildthread.js ended
[10/05/26 04:40:55] D2BS 20708: Script threads\partythread.js ended
[10/05/26 04:40:55] D2BS 20708: Script threads\townchicken.js ended
[10/05/26 04:40:55] D2BS 20708: Script default.dbj ended
[10/05/26 04:41:06] D2BS 20708: joining game pz-82
[10/05/26 04:41:08] D2BS 20708: ÿc2D2BSÿc0 :: Starting default.dbj
[10/05/26 04:41:08] D2BS 20708: ÿc2D2BSÿc0 :: default.dbj running.
[10/05/26 04:41:08] D2BS 20708: Loaded ÿc9[X.nip] [Y.nip] [Z.nip] [V.nip] [S.COLD.nip]
[10/05/26 04:41:08] D2BS 20708: Loaded ÿc9[S.COLD.js]
[10/05/26 04:41:08] D2BS 20708: equipped: [Head] 13
[10/05/26 04:41:08] D2BS 20708: equipped: [Neck] 13
[10/05/26 04:41:08] D2BS 20708: equipped: [Body] 17
[10/05/26 04:41:08] D2BS 20708: equipped: [ArmR] 18
[10/05/26 04:41:08] D2BS 20708: equipped: [ArmL] 26
[10/05/26 04:41:08] D2BS 20708: equipped: [RingR] 13
[10/05/26 04:41:08] D2BS 20708: equipped: [RingL] 11
[10/05/26 04:41:08] D2BS 20708: equipped: [Belt] 16
[10/05/26 04:41:08] D2BS 20708: equipped: [Boots] 11
[10/05/26 04:41:08] D2BS 20708: equipped: [Mitts] 21
[10/05/26 04:41:08] D2BS 20708: updateStat
[10/05/26 04:41:08] D2BS 20708: granted: [Head] 13
[10/05/26 04:41:08] D2BS 20708: granted: [Body] 16
[10/05/26 04:41:08] D2BS 20708: granted: [ArmR] 22
[10/05/26 04:41:08] D2BS 20708: Loaded ÿc9[AutoSmurf.js]
[10/05/26 04:41:10] D2BS 20708: MiniShopBot: true
[10/05/26 04:41:10] D2BS 20708: farmingON
[10/05/26 04:41:10] D2BS 20708: UseMerc: true HP: 70
[10/05/26 04:41:29] D2BS 20708: Merc matched: Prayer
[10/05/26 04:41:34] D2BS 20708: Token needed
[10/05/26 04:41:39] D2BS 20708: act5+ BO
[10/05/26 04:41:51] D2BS 20708: ÿc4=== [BAAL] ===
[10/05/26 04:44:45] D2BS 20708: Going to town
[10/05/26 04:45:28] D2BS 20708: Going to town
[10/05/26 04:45:48] D2BS 20708: ÿc4=== [COUNTESS] ===
[10/05/26 04:46:57] D2BS 20708: ÿc4=== [PIT] ===
[10/05/26 04:48:52] D2BS 20708: ÿc4=== [ANDY] ===
[10/05/26 04:49:52] D2BS 20708: ÿc4=== [MEPHISTO] ===
[10/05/26 04:51:24] D2BS 20708: ÿc4=== [DIABLO] ===
[10/05/26 04:56:58] D2BS 20708: party has left: fowo-xf
[10/05/26 04:56:58] D2BS 20708:  [15:50] +95.41% / [Level 77] 40.30%
[10/05/26 04:56:58] D2BS 20708: Script threads\autobuildthread.js ended
[10/05/26 04:56:58] D2BS 20708: Script threads\partythread.js ended
[10/05/26 04:56:58] D2BS 20708: Script threads\townchicken.js ended
[10/05/26 04:56:58] D2BS 20708: Script default.dbj ended
[10/05/26 04:57:10] D2BS 20708: joining game pz-83
[10/05/26 04:57:12] D2BS 20708: ÿc2D2BSÿc0 :: Starting default.dbj
[10/05/26 04:57:12] D2BS 20708: ÿc2D2BSÿc0 :: default.dbj running.
[10/05/26 04:57:12] D2BS 20708: Loaded ÿc9[X.nip] [Y.nip] [Z.nip] [V.nip] [S.COLD.nip]
[10/05/26 04:57:12] D2BS 20708: Loaded ÿc9[S.COLD.js]
[10/05/26 04:57:12] D2BS 20708: equipped: [Head] 13
[10/05/26 04:57:12] D2BS 20708: equipped: [Neck] 13
[10/05/26 04:57:13] D2BS 20708: equipped: [Body] 17
[10/05/26 04:57:13] D2BS 20708: equipped: [ArmR] 18
[10/05/26 04:57:13] D2BS 20708: equipped: [ArmL] 26
[10/05/26 04:57:13] D2BS 20708: equipped: [RingR] 13
[10/05/26 04:57:13] D2BS 20708: equipped: [RingL] 11
[10/05/26 04:57:13] D2BS 20708: equipped: [Belt] 16
[10/05/26 04:57:13] D2BS 20708: equipped: [Boots] 11
[10/05/26 04:57:13] D2BS 20708: equipped: [Mitts] 21
[10/05/26 04:57:13] D2BS 20708: updateStat
[10/05/26 04:57:13] D2BS 20708: granted: [Head] 13
[10/05/26 04:57:13] D2BS 20708: granted: [Body] 16
[10/05/26 04:57:13] D2BS 20708: granted: [ArmR] 22
[10/05/26 04:57:13] D2BS 20708: Loaded ÿc9[AutoSmurf.js]
[10/05/26 04:57:18] D2BS 20708: farmingON
[10/05/26 04:57:22] D2BS 20708: MiniShopBot: true
[10/05/26 04:57:22] D2BS 20708: UseMerc: true HP: 70
[10/05/26 04:57:41] D2BS 20708: Merc matched: Prayer
[10/05/26 04:57:48] D2BS 20708: Token needed
[10/05/26 04:57:52] D2BS 20708: act5+ BO
[10/05/26 04:58:05] D2BS 20708: ÿc4=== [BAAL] ===
[10/05/26 05:01:22] D2BS 20708: Going to town
[10/05/26 05:01:38] D2BS 20708: ÿc4=== [COUNTESS] ===
[10/05/26 05:03:10] D2BS 20708: ÿc4=== [PIT] ===
[10/05/26 05:05:14] D2BS 20708: ÿc4=== [ANDY] ===
[10/05/26 05:06:18] D2BS 20708: ÿc4=== [MEPHISTO] ===
[10/05/26 05:07:43] D2BS 20708: ÿc4=== [DIABLO] ===
[10/05/26 05:08:00] D2BS 20708: granted: [Body] 17
[10/05/26 05:12:31] D2BS 20708: party has left: fowo-xe
[10/05/26 05:12:32] D2BS 20708:  [15:20] +73.75% / [Level 78] 18.98%
[10/05/26 05:12:32] D2BS 20708: Script threads\autobuildthread.js ended
[10/05/26 05:12:32] D2BS 20708: Script threads\partythread.js ended
[10/05/26 05:12:32] D2BS 20708: Script threads\townchicken.js ended
[10/05/26 05:12:32] D2BS 20708: Script default.dbj ended
[10/05/26 05:12:45] D2BS 20708: joining game pz-84
[10/05/26 05:12:46] D2BS 20708: ÿc2D2BSÿc0 :: Starting default.dbj
[10/05/26 05:12:46] D2BS 20708: ÿc2D2BSÿc0 :: default.dbj running.
[10/05/26 05:12:46] D2BS 20708: Loaded ÿc9[X.nip] [Y.nip] [Z.nip] [V.nip] [S.COLD.nip]
[10/05/26 05:12:46] D2BS 20708: Loaded ÿc9[S.COLD.js]
[10/05/26 05:12:46] D2BS 20708: equipped: [Head] 13
[10/05/26 05:12:46] D2BS 20708: equipped: [Neck] 13
[10/05/26 05:12:46] D2BS 20708: equipped: [Body] 17
[10/05/26 05:12:47] D2BS 20708: equipped: [ArmR] 18
[10/05/26 05:12:47] D2BS 20708: equipped: [ArmL] 26
[10/05/26 05:12:47] D2BS 20708: equipped: [RingR] 13
[10/05/26 05:12:47] D2BS 20708: equipped: [RingL] 11
[10/05/26 05:12:47] D2BS 20708: equipped: [Belt] 16
[10/05/26 05:12:47] D2BS 20708: equipped: [Boots] 11
[10/05/26 05:12:47] D2BS 20708: equipped: [Mitts] 21
[10/05/26 05:12:47] D2BS 20708: updateStat
[10/05/26 05:12:47] D2BS 20708: granted: [Head] 13
[10/05/26 05:12:47] D2BS 20708: granted: [Body] 17
[10/05/26 05:12:47] D2BS 20708: granted: [ArmR] 22
[10/05/26 05:12:47] D2BS 20708: Loaded ÿc9[AutoSmurf.js]
[10/05/26 05:12:51] D2BS 20708: farmingON
[10/05/26 05:12:54] D2BS 20708: MiniShopBot: true
[10/05/26 05:12:54] D2BS 20708: UseMerc: true HP: 70
[10/05/26 05:13:14] D2BS 20708: Merc matched: Prayer
[10/05/26 05:13:23] D2BS 20708: Token needed
[10/05/26 05:13:28] D2BS 20708: act5+ BO
[10/05/26 05:13:42] D2BS 20708: ÿc4=== [BAAL] ===
[10/05/26 05:14:51] D2BS 20708: updateStat
[10/05/26 05:16:50] D2BS 20708: Going to town
[10/05/26 05:17:18] D2BS 20708: ÿc4=== [COUNTESS] ===
[10/05/26 05:18:34] D2BS 20708: ÿc4=== [PIT] ===
[10/05/26 05:20:23] D2BS 20708: ÿc4=== [ANDY] ===
[10/05/26 05:21:18] D2BS 20708: ÿc4=== [MEPHISTO] ===
[10/05/26 05:23:00] D2BS 20708: ÿc4=== [DIABLO] ===
[10/05/26 05:25:01] D2BS 20708: party has left: fowo-xe
[10/05/26 05:25:01] D2BS 20708:  [12:14] +69.99% / [Level 78] 88.97%
[10/05/26 05:25:01] D2BS 20708: Script threads\autobuildthread.js ended
[10/05/26 05:25:01] D2BS 20708: Script threads\partythread.js ended
[10/05/26 05:25:01] D2BS 20708: Script threads\townchicken.js ended
[10/05/26 05:25:01] D2BS 20708: Script default.dbj ended
[10/05/26 05:25:12] D2BS 20708: joining game pz-85
[10/05/26 05:25:15] D2BS 20708: ÿc2D2BSÿc0 :: Starting default.dbj
[10/05/26 05:25:15] D2BS 20708: ÿc2D2BSÿc0 :: default.dbj running.
[10/05/26 05:25:15] D2BS 20708: Loaded ÿc9[X.nip] [Y.nip] [Z.nip] [V.nip] [S.COLD.nip]
[10/05/26 05:25:15] D2BS 20708: Loaded ÿc9[S.COLD.js]
[10/05/26 05:25:15] D2BS 20708: equipped: [Head] 13
[10/05/26 05:25:15] D2BS 20708: equipped: [Neck] 13
[10/05/26 05:25:15] D2BS 20708: equipped: [Body] 17
[10/05/26 05:25:15] D2BS 20708: equipped: [ArmR] 18
[10/05/26 05:25:15] D2BS 20708: equipped: [ArmL] 26
[10/05/26 05:25:15] D2BS 20708: equipped: [RingR] 13
[10/05/26 05:25:15] D2BS 20708: equipped: [RingL] 11
[10/05/26 05:25:15] D2BS 20708: equipped: [Belt] 16
[10/05/26 05:25:15] D2BS 20708: equipped: [Boots] 11
[10/05/26 05:25:15] D2BS 20708: equipped: [Mitts] 21
[10/05/26 05:25:15] D2BS 20708: updateStat
[10/05/26 05:25:15] D2BS 20708: granted: [Head] 13
[10/05/26 05:25:15] D2BS 20708: granted: [Body] 17
[10/05/26 05:25:15] D2BS 20708: granted: [ArmR] 22
[10/05/26 05:25:15] D2BS 20708: Loaded ÿc9[AutoSmurf.js]
[10/05/26 05:25:19] D2BS 20708: MiniShopBot: true
[10/05/26 05:25:19] D2BS 20708: farmingON
[10/05/26 05:25:19] D2BS 20708: UseMerc: true HP: 70
[10/05/26 05:25:39] D2BS 20708: Merc matched: Prayer
[10/05/26 05:25:50] D2BS 20708: Token needed
[10/05/26 05:25:53] D2BS 20708: act5+ BO
[10/05/26 05:28:00] D2BS 20708: party has left: fowo-xe
[10/05/26 05:28:00] D2BS 20708: no exp [02:47]
[10/05/26 05:28:00] D2BS 20708: Script threads\autobuildthread.js ended
[10/05/26 05:28:00] D2BS 20708: Script threads\partythread.js ended
[10/05/26 05:28:01] D2BS 20708: Script threads\townchicken.js ended
[10/05/26 05:28:01] D2BS 20708: Script default.dbj ended
[10/05/26 05:28:12] D2BS 20708: joining game pz-86
[10/05/26 05:28:14] D2BS 20708: ÿc2D2BSÿc0 :: Starting default.dbj
[10/05/26 05:28:14] D2BS 20708: ÿc2D2BSÿc0 :: default.dbj running.
[10/05/26 05:28:14] D2BS 20708: Loaded ÿc9[X.nip] [Y.nip] [Z.nip] [V.nip] [S.COLD.nip]
[10/05/26 05:28:14] D2BS 20708: Loaded ÿc9[S.COLD.js]
[10/05/26 05:28:14] D2BS 20708: equipped: [Head] 13
[10/05/26 05:28:14] D2BS 20708: equipped: [Neck] 13
[10/05/26 05:28:14] D2BS 20708: equipped: [Body] 17
[10/05/26 05:28:14] D2BS 20708: equipped: [ArmR] 18
[10/05/26 05:28:14] D2BS 20708: equipped: [ArmL] 26
[10/05/26 05:28:14] D2BS 20708: equipped: [RingR] 13
[10/05/26 05:28:14] D2BS 20708: equipped: [RingL] 11
[10/05/26 05:28:15] D2BS 20708: equipped: [Belt] 16
[10/05/26 05:28:15] D2BS 20708: equipped: [Boots] 11
[10/05/26 05:28:15] D2BS 20708: equipped: [Mitts] 21
[10/05/26 05:28:15] D2BS 20708: updateStat
[10/05/26 05:28:15] D2BS 20708: granted: [Head] 13
[10/05/26 05:28:15] D2BS 20708: granted: [Body] 17
[10/05/26 05:28:15] D2BS 20708: granted: [ArmR] 22
[10/05/26 05:28:15] D2BS 20708: Loaded ÿc9[AutoSmurf.js]
[10/05/26 05:28:16] D2BS 20708: MiniShopBot: true
[10/05/26 05:28:16] D2BS 20708: farmingON
[10/05/26 05:28:16] D2BS 20708: UseMerc: true HP: 70
[10/05/26 05:28:29] D2BS 20708: Merc matched: Prayer
[10/05/26 05:28:42] D2BS 20708: Token needed
[10/05/26 05:28:46] D2BS 20708: act5+ BO
[10/05/26 05:28:59] D2BS 20708: ÿc4=== [BAAL] ===
[10/05/26 05:29:15] D2BS 20708: Baal failed: souls found
[10/05/26 05:29:15] D2BS 20708: ÿc4=== [COUNTESS] ===
[10/05/26 05:30:52] D2BS 20708: ÿc4=== [PIT] ===
[10/05/26 05:32:41] D2BS 20708: ÿc4=== [ANDY] ===
[10/05/26 05:33:45] D2BS 20708: ÿc4=== [MEPHISTO] ===
[10/05/26 05:35:22] D2BS 20708: ÿc4=== [DIABLO] ===
[10/05/26 05:41:13] D2BS 20708: party has left: fowo-xh
[10/05/26 05:41:13] D2BS 20708:  [13:00] +42.51% / [Level 79] 32.39%
[10/05/26 05:41:13] D2BS 20708: Script threads\autobuildthread.js ended
[10/05/26 05:41:13] D2BS 20708: Script threads\partythread.js ended
[10/05/26 05:41:14] D2BS 20708: Script threads\townchicken.js ended
[10/05/26 05:41:14] D2BS 20708: Script default.dbj ended
[10/05/26 05:41:26] D2BS 20708: joining game pz-87
[10/05/26 05:41:28] D2BS 20708: ÿc2D2BSÿc0 :: Starting default.dbj
[10/05/26 05:41:28] D2BS 20708: ÿc2D2BSÿc0 :: default.dbj running.
[10/05/26 05:41:29] D2BS 20708: Loaded ÿc9[X.nip] [Y.nip] [Z.nip] [V.nip] [S.COLD.nip]
[10/05/26 05:41:29] D2BS 20708: Loaded ÿc9[S.COLD.js]
[10/05/26 05:41:29] D2BS 20708: equipped: [Head] 13
[10/05/26 05:41:29] D2BS 20708: equipped: [Neck] 13
[10/05/26 05:41:29] D2BS 20708: equipped: [Body] 17
[10/05/26 05:41:29] D2BS 20708: equipped: [ArmR] 18
[10/05/26 05:41:29] D2BS 20708: equipped: [ArmL] 26
[10/05/26 05:41:29] D2BS 20708: equipped: [RingR] 13
[10/05/26 05:41:29] D2BS 20708: equipped: [RingL] 11
[10/05/26 05:41:29] D2BS 20708: equipped: [Belt] 16
[10/05/26 05:41:29] D2BS 20708: equipped: [Boots] 11
[10/05/26 05:41:29] D2BS 20708: equipped: [Mitts] 21
[10/05/26 05:41:29] D2BS 20708: updateStat
[10/05/26 05:41:29] D2BS 20708: granted: [Head] 13
[10/05/26 05:41:29] D2BS 20708: granted: [Body] 17
[10/05/26 05:41:29] D2BS 20708: granted: [ArmR] 22
[10/05/26 05:41:29] D2BS 20708: Loaded ÿc9[AutoSmurf.js]
[10/05/26 05:41:33] D2BS 20708: farmingON
[10/05/26 05:41:34] D2BS 20708: MiniShopBot: true
[10/05/26 05:41:34] D2BS 20708: UseMerc: true HP: 70
[10/05/26 05:41:56] D2BS 20708: Merc matched: Prayer
[10/05/26 05:42:07] D2BS 20708: Token needed
[10/05/26 05:42:10] D2BS 20708: act5+ BO
[10/05/26 05:42:24] D2BS 20708: ÿc4=== [BAAL] ===
[10/05/26 05:43:34] D2BS 20708: updateStat
[10/05/26 05:45:59] D2BS 20708: Going to town
[10/05/26 05:46:24] D2BS 20708: ÿc4=== [COUNTESS] ===
[10/05/26 05:47:42] D2BS 20708: party has left: fowo-xe
[10/05/26 05:47:42] D2BS 20708:  [06:15] +42.36% / [Level 79] 74.75%
[10/05/26 05:47:42] D2BS 20708: Script threads\autobuildthread.js ended
[10/05/26 05:47:42] D2BS 20708: Script threads\partythread.js ended
[10/05/26 05:47:42] D2BS 20708: Script threads\townchicken.js ended
[10/05/26 05:47:43] D2BS 20708: Script default.dbj ended
[10/05/26 05:47:54] D2BS 20708: joining game pz-88
[10/05/26 05:47:56] D2BS 20708: ÿc2D2BSÿc0 :: Starting default.dbj
[10/05/26 05:47:56] D2BS 20708: ÿc2D2BSÿc0 :: default.dbj running.
[10/05/26 05:47:56] D2BS 20708: Loaded ÿc9[X.nip] [Y.nip] [Z.nip] [V.nip] [S.COLD.nip]
[10/05/26 05:47:56] D2BS 20708: Loaded ÿc9[S.COLD.js]
[10/05/26 05:47:56] D2BS 20708: equipped: [Head] 13
[10/05/26 05:47:56] D2BS 20708: equipped: [Neck] 13
[10/05/26 05:47:56] D2BS 20708: equipped: [Body] 17
[10/05/26 05:47:56] D2BS 20708: equipped: [ArmR] 18
[10/05/26 05:47:56] D2BS 20708: equipped: [ArmL] 26
[10/05/26 05:47:57] D2BS 20708: equipped: [RingR] 13
[10/05/26 05:47:57] D2BS 20708: equipped: [RingL] 11
[10/05/26 05:47:57] D2BS 20708: equipped: [Belt] 16
[10/05/26 05:47:57] D2BS 20708: equipped: [Boots] 11
[10/05/26 05:47:57] D2BS 20708: equipped: [Mitts] 21
[10/05/26 05:47:57] D2BS 20708: updateStat
[10/05/26 05:47:57] D2BS 20708: granted: [Head] 13
[10/05/26 05:47:57] D2BS 20708: granted: [Body] 17
[10/05/26 05:47:57] D2BS 20708: granted: [ArmR] 22
[10/05/26 05:47:57] D2BS 20708: Loaded ÿc9[AutoSmurf.js]
[10/05/26 05:48:03] D2BS 20708: farmingON
[10/05/26 05:48:06] D2BS 20708: MiniShopBot: true
[10/05/26 05:48:06] D2BS 20708: UseMerc: true HP: 70
[10/05/26 05:48:34] D2BS 20708: Merc matched: Prayer
[10/05/26 05:48:38] D2BS 20708: Token needed
[10/05/26 05:48:43] D2BS 20708: act5+ BO
[10/05/26 05:48:58] D2BS 20708: ÿc4=== [BAAL] ===
[10/05/26 05:52:49] D2BS 20708: ÿc4=== [COUNTESS] ===
[10/05/26 05:54:21] D2BS 20708: ÿc4=== [PIT] ===
[10/05/26 05:56:15] D2BS 20708: ÿc4=== [ANDY] ===
[10/05/26 05:57:17] D2BS 20708: ÿc4=== [MEPHISTO] ===
[10/05/26 05:58:59] D2BS 20708: ÿc4=== [DIABLO] ===
[10/05/26 06:02:33] D2BS 20708: Going to town
[10/05/26 06:03:57] D2BS 20708: party has left: fowo-xe
[10/05/26 06:03:57] D2BS 20708:  [16:01] +62.84% / [Level 80] 39.67%
[10/05/26 06:03:57] D2BS 20708: Script threads\autobuildthread.js ended
[10/05/26 06:03:57] D2BS 20708: Script threads\partythread.js ended
[10/05/26 06:03:57] D2BS 20708: Script threads\townchicken.js ended
[10/05/26 06:03:57] D2BS 20708: Script default.dbj ended
[10/05/26 06:04:09] D2BS 20708: joining game pz-89
[10/05/26 06:04:11] D2BS 20708: ÿc2D2BSÿc0 :: Starting default.dbj
[10/05/26 06:04:11] D2BS 20708: ÿc2D2BSÿc0 :: default.dbj running.
[10/05/26 06:04:11] D2BS 20708: Loaded ÿc9[X.nip] [Y.nip] [Z.nip] [V.nip] [S.COLD.nip]
[10/05/26 06:04:11] D2BS 20708: Loaded ÿc9[S.COLD.js]
[10/05/26 06:04:11] D2BS 20708: equipped: [Head] 13
[10/05/26 06:04:11] D2BS 20708: equipped: [Neck] 13
[10/05/26 06:04:11] D2BS 20708: equipped: [Body] 17
[10/05/26 06:04:11] D2BS 20708: equipped: [ArmR] 18
[10/05/26 06:04:11] D2BS 20708: equipped: [ArmL] 26
[10/05/26 06:04:11] D2BS 20708: equipped: [RingR] 13
[10/05/26 06:04:11] D2BS 20708: equipped: [RingL] 11
[10/05/26 06:04:11] D2BS 20708: equipped: [Belt] 16
[10/05/26 06:04:12] D2BS 20708: equipped: [Boots] 11
[10/05/26 06:04:12] D2BS 20708: equipped: [Mitts] 21
[10/05/26 06:04:12] D2BS 20708: updateStat
[10/05/26 06:04:12] D2BS 20708: granted: [Head] 13
[10/05/26 06:04:12] D2BS 20708: granted: [Body] 17
[10/05/26 06:04:12] D2BS 20708: granted: [ArmR] 22
[10/05/26 06:04:12] D2BS 20708: Loaded ÿc9[AutoSmurf.js]
[10/05/26 06:04:18] D2BS 20708: farmingON
[10/05/26 06:04:18] D2BS 20708: MiniShopBot: true
[10/05/26 06:04:18] D2BS 20708: UseMerc: true HP: 70
[10/05/26 06:04:44] D2BS 20708: Merc matched: Prayer
[10/05/26 06:04:50] D2BS 20708: Token needed
[10/05/26 06:04:54] D2BS 20708: act5+ BO
[10/05/26 06:05:06] D2BS 20708: ÿc4=== [BAAL] ===
[10/05/26 06:05:57] D2BS 20708: updateStat
[10/05/26 06:08:24] D2BS 20708: Going to town
[10/05/26 06:09:16] D2BS 20708: ÿc4=== [COUNTESS] ===
[10/05/26 06:10:31] D2BS 20708: ÿc4=== [PIT] ===
[10/05/26 06:11:13] D2BS 20708: party has left: fowo-xe
[10/05/26 06:11:13] D2BS 20708:  [07:02] +33.14% / [Level 80] 72.82%
[10/05/26 06:11:13] D2BS 20708: Script threads\autobuildthread.js ended
[10/05/26 06:11:13] D2BS 20708: Script threads\partythread.js ended
[10/05/26 06:11:13] D2BS 20708: Script threads\townchicken.js ended
[10/05/26 06:11:13] D2BS 20708: Script default.dbj ended
[10/05/26 06:11:27] D2BS 20708: joining game pz-90
[10/05/26 06:11:29] D2BS 20708: ÿc2D2BSÿc0 :: Starting default.dbj
[10/05/26 06:11:29] D2BS 20708: ÿc2D2BSÿc0 :: default.dbj running.
[10/05/26 06:11:29] D2BS 20708: Loaded ÿc9[X.nip] [Y.nip] [Z.nip] [V.nip] [S.COLD.nip]
[10/05/26 06:11:29] D2BS 20708: Loaded ÿc9[S.COLD.js]
[10/05/26 06:11:29] D2BS 20708: equipped: [Head] 13
[10/05/26 06:11:29] D2BS 20708: equipped: [Neck] 13
[10/05/26 06:11:29] D2BS 20708: equipped: [Body] 17
[10/05/26 06:11:29] D2BS 20708: equipped: [ArmR] 18
[10/05/26 06:11:29] D2BS 20708: equipped: [ArmL] 26
[10/05/26 06:11:29] D2BS 20708: equipped: [RingR] 13
[10/05/26 06:11:29] D2BS 20708: equipped: [RingL] 11
[10/05/26 06:11:29] D2BS 20708: equipped: [Belt] 16
[10/05/26 06:11:29] D2BS 20708: equipped: [Boots] 11
[10/05/26 06:11:29] D2BS 20708: equipped: [Mitts] 21
[10/05/26 06:11:29] D2BS 20708: updateStat
[10/05/26 06:11:29] D2BS 20708: granted: [Head] 13
[10/05/26 06:11:29] D2BS 20708: granted: [Body] 17
[10/05/26 06:11:29] D2BS 20708: granted: [ArmR] 22
[10/05/26 06:11:29] D2BS 20708: Loaded ÿc9[AutoSmurf.js]
[10/05/26 06:11:35] D2BS 20708: farmingON
[10/05/26 06:11:38] D2BS 20708: MiniShopBot: true
[10/05/26 06:11:38] D2BS 20708: UseMerc: true HP: 70
[10/05/26 06:11:56] D2BS 20708: Merc matched: Prayer
[10/05/26 06:12:02] D2BS 20708: Token needed
[10/05/26 06:12:06] D2BS 20708: act5+ BO
[10/05/26 06:12:18] D2BS 20708: ÿc4=== [BAAL] ===
[10/05/26 06:12:55] D2BS 20708: Going to town
[10/05/26 06:17:33] D2BS 20708: Going to town
[10/05/26 06:17:44] D2BS 20708: equipped: [Boots] 12
[10/05/26 06:17:55] D2BS 20708: ÿc4=== [COUNTESS] ===
[10/05/26 06:19:21] D2BS 20708: party has left: fowo-xe
[10/05/26 06:19:21] D2BS 20708:  [07:53] +36.20% / [Level 81] 11.26%
[10/05/26 06:19:21] D2BS 20708: Script threads\autobuildthread.js ended
[10/05/26 06:19:21] D2BS 20708: Script threads\partythread.js ended
[10/05/26 06:19:21] D2BS 20708: Script threads\townchicken.js ended
[10/05/26 06:19:21] D2BS 20708: Script default.dbj ended
[10/05/26 06:19:33] D2BS 20708: joining game pz-91
[10/05/26 06:19:35] D2BS 20708: ÿc2D2BSÿc0 :: Starting default.dbj
[10/05/26 06:19:35] D2BS 20708: ÿc2D2BSÿc0 :: default.dbj running.
[10/05/26 06:19:35] D2BS 20708: Loaded ÿc9[X.nip] [Y.nip] [Z.nip] [V.nip] [S.COLD.nip]
[10/05/26 06:19:35] D2BS 20708: Loaded ÿc9[S.COLD.js]
[10/05/26 06:19:35] D2BS 20708: equipped: [Head] 13
[10/05/26 06:19:35] D2BS 20708: equipped: [Neck] 13
[10/05/26 06:19:35] D2BS 20708: equipped: [Body] 17
[10/05/26 06:19:35] D2BS 20708: equipped: [ArmR] 18
[10/05/26 06:19:35] D2BS 20708: equipped: [ArmL] 26
[10/05/26 06:19:35] D2BS 20708: equipped: [RingR] 13
[10/05/26 06:19:35] D2BS 20708: equipped: [RingL] 11
[10/05/26 06:19:35] D2BS 20708: equipped: [Belt] 16
[10/05/26 06:19:35] D2BS 20708: equipped: [Boots] 12
[10/05/26 06:19:35] D2BS 20708: equipped: [Mitts] 21
[10/05/26 06:19:35] D2BS 20708: Loaded ÿc9[AutoSmurf.js]
[10/05/26 06:19:40] D2BS 20708: MiniShopBot: true
[10/05/26 06:19:41] D2BS 20708: farmingON
[10/05/26 06:19:41] D2BS 20708: UseMerc: true HP: 70
[10/05/26 06:19:49] D2BS 20708: updateStat
[10/05/26 06:19:49] D2BS 20708: granted: [Head] 13
[10/05/26 06:19:49] D2BS 20708: granted: [Body] 17
[10/05/26 06:19:49] D2BS 20708: granted: [ArmR] 22
[10/05/26 06:20:05] D2BS 20708: Merc matched: Prayer
[10/05/26 06:20:10] D2BS 20708: Token needed
[10/05/26 06:20:14] D2BS 20708: act5+ BO
[10/05/26 06:20:15] D2BS 20708: updateStat
[10/05/26 06:20:37] D2BS 20708: ÿc4=== [BAAL] ===
[10/05/26 06:23:23] D2BS 20708: party has left: fowo-xe
[10/05/26 06:23:23] D2BS 20708:  [03:48] +22.82% / [Level 81] 34.08%
[10/05/26 06:23:23] D2BS 20708: Script threads\autobuildthread.js ended
[10/05/26 06:23:24] D2BS 20708: Script threads\partythread.js ended
[10/05/26 06:23:24] D2BS 20708: Script threads\townchicken.js ended
[10/05/26 06:23:24] D2BS 20708: Script default.dbj ended
[10/05/26 06:23:45] D2BS 20708: joining game pz-92
[10/05/26 06:23:47] D2BS 20708: ÿc2D2BSÿc0 :: Starting default.dbj
[10/05/26 06:23:47] D2BS 20708: ÿc2D2BSÿc0 :: default.dbj running.
[10/05/26 06:23:48] D2BS 20708: Loaded ÿc9[X.nip] [Y.nip] [Z.nip] [V.nip] [S.COLD.nip]
[10/05/26 06:23:48] D2BS 20708: Loaded ÿc9[S.COLD.js]
[10/05/26 06:23:48] D2BS 20708: equipped: [Head] 13
[10/05/26 06:23:48] D2BS 20708: equipped: [Neck] 13
[10/05/26 06:23:48] D2BS 20708: equipped: [Body] 17
[10/05/26 06:23:48] D2BS 20708: equipped: [ArmR] 18
[10/05/26 06:23:48] D2BS 20708: equipped: [ArmL] 26
[10/05/26 06:23:48] D2BS 20708: equipped: [RingR] 13
[10/05/26 06:23:48] D2BS 20708: equipped: [RingL] 11
[10/05/26 06:23:48] D2BS 20708: equipped: [Belt] 16
[10/05/26 06:23:48] D2BS 20708: equipped: [Boots] 12
[10/05/26 06:23:48] D2BS 20708: equipped: [Mitts] 21
[10/05/26 06:23:48] D2BS 20708: updateStat
[10/05/26 06:23:48] D2BS 20708: granted: [Head] 13
[10/05/26 06:23:48] D2BS 20708: granted: [Body] 17
[10/05/26 06:23:48] D2BS 20708: granted: [ArmR] 22
[10/05/26 06:23:48] D2BS 20708: Loaded ÿc9[AutoSmurf.js]
[10/05/26 06:23:49] D2BS 20708: farmingON
[10/05/26 06:23:49] D2BS 20708: MiniShopBot: true
[10/05/26 06:23:49] D2BS 20708: UseMerc: true HP: 70
[10/05/26 06:24:07] D2BS 20708: Merc matched: Prayer
[10/05/26 06:24:16] D2BS 20708: Token needed
[10/05/26 06:24:21] D2BS 20708: act5+ BO
[10/05/26 06:24:34] D2BS 20708: ÿc4=== [BAAL] ===
[10/05/26 06:26:40] D2BS 20708: Going to town
[10/05/26 06:28:47] D2BS 20708: party has left: fowo-xd
[10/05/26 06:28:47] D2BS 20708:  [05:01] +27.24% / [Level 81] 61.32%
[10/05/26 06:28:47] D2BS 20708: Script threads\autobuildthread.js ended
[10/05/26 06:28:48] D2BS 20708: Script threads\partythread.js ended
[10/05/26 06:28:48] D2BS 20708: Script threads\townchicken.js ended
[10/05/26 06:28:48] D2BS 20708: Script default.dbj ended
[10/05/26 06:29:00] D2BS 20708: joining game pz-93
[10/05/26 06:29:02] D2BS 20708: ÿc2D2BSÿc0 :: Starting default.dbj
[10/05/26 06:29:02] D2BS 20708: ÿc2D2BSÿc0 :: default.dbj running.
[10/05/26 06:29:02] D2BS 20708: Loaded ÿc9[X.nip] [Y.nip] [Z.nip] [V.nip] [S.COLD.nip]
[10/05/26 06:29:02] D2BS 20708: Loaded ÿc9[S.COLD.js]
[10/05/26 06:29:02] D2BS 20708: equipped: [Head] 13
[10/05/26 06:29:02] D2BS 20708: equipped: [Neck] 13
[10/05/26 06:29:02] D2BS 20708: equipped: [Body] 17
[10/05/26 06:29:02] D2BS 20708: equipped: [ArmR] 18
[10/05/26 06:29:02] D2BS 20708: equipped: [ArmL] 26
[10/05/26 06:29:03] D2BS 20708: equipped: [RingR] 13
[10/05/26 06:29:03] D2BS 20708: equipped: [RingL] 11
[10/05/26 06:29:03] D2BS 20708: equipped: [Belt] 16
[10/05/26 06:29:03] D2BS 20708: equipped: [Boots] 12
[10/05/26 06:29:03] D2BS 20708: equipped: [Mitts] 21
[10/05/26 06:29:03] D2BS 20708: updateStat
[10/05/26 06:29:03] D2BS 20708: granted: [Head] 13
[10/05/26 06:29:03] D2BS 20708: granted: [Body] 17
[10/05/26 06:29:03] D2BS 20708: granted: [ArmR] 22
[10/05/26 06:29:03] D2BS 20708: Loaded ÿc9[AutoSmurf.js]
[10/05/26 06:29:04] D2BS 20708: farmingON
[10/05/26 06:29:05] D2BS 20708: MiniShopBot: true
[10/05/26 06:29:05] D2BS 20708: UseMerc: true HP: 70
[10/05/26 06:29:19] D2BS 20708: Merc matched: Prayer
[10/05/26 06:29:33] D2BS 20708: Token needed
[10/05/26 06:29:37] D2BS 20708: act5+ BO
[10/05/26 06:29:51] D2BS 20708: ÿc4=== [BAAL] ===
[10/05/26 06:30:06] D2BS 20708: Baal failed: souls found
[10/05/26 06:30:06] D2BS 20708: ÿc4=== [COUNTESS] ===
[10/05/26 06:31:10] D2BS 20708: ÿc4=== [PIT] ===
[10/05/26 06:33:01] D2BS 20708: ÿc4=== [ANDY] ===
[10/05/26 06:33:57] D2BS 20708: ÿc4=== [MEPHISTO] ===
[10/05/26 06:35:01] D2BS 20708: party has left: fowo-xd
[10/05/26 06:35:01] D2BS 20708:  [05:59] +9.19% / [Level 81] 70.51%
[10/05/26 06:35:01] D2BS 20708: Script threads\autobuildthread.js ended
[10/05/26 06:35:01] D2BS 20708: Script threads\partythread.js ended
[10/05/26 06:35:01] D2BS 20708: Script threads\townchicken.js ended
[10/05/26 06:35:02] D2BS 20708: Script default.dbj ended
[10/05/26 06:35:14] D2BS 20708: joining game pz-94
[10/05/26 06:35:15] D2BS 20708: ÿc2D2BSÿc0 :: Starting default.dbj
[10/05/26 06:35:15] D2BS 20708: ÿc2D2BSÿc0 :: default.dbj running.
[10/05/26 06:35:16] D2BS 20708: Loaded ÿc9[X.nip] [Y.nip] [Z.nip] [V.nip] [S.COLD.nip]
[10/05/26 06:35:16] D2BS 20708: Loaded ÿc9[S.COLD.js]
[10/05/26 06:35:16] D2BS 20708: equipped: [Head] 13
[10/05/26 06:35:16] D2BS 20708: equipped: [Neck] 13
[10/05/26 06:35:16] D2BS 20708: equipped: [Body] 17
[10/05/26 06:35:16] D2BS 20708: equipped: [ArmR] 18
[10/05/26 06:35:16] D2BS 20708: equipped: [ArmL] 26
[10/05/26 06:35:16] D2BS 20708: equipped: [RingR] 13
[10/05/26 06:35:16] D2BS 20708: equipped: [RingL] 11
[10/05/26 06:35:16] D2BS 20708: equipped: [Belt] 16
[10/05/26 06:35:17] D2BS 20708: equipped: [Boots] 12
[10/05/26 06:35:17] D2BS 20708: equipped: [Mitts] 21
[10/05/26 06:35:17] D2BS 20708: updateStat
[10/05/26 06:35:17] D2BS 20708: granted: [Head] 13
[10/05/26 06:35:17] D2BS 20708: granted: [Body] 17
[10/05/26 06:35:17] D2BS 20708: granted: [ArmR] 22
[10/05/26 06:35:17] D2BS 20708: Loaded ÿc9[AutoSmurf.js]
[10/05/26 06:35:27] D2BS 20708: farmingON
[10/05/26 06:35:32] D2BS 20708: MiniShopBot: true
[10/05/26 06:35:32] D2BS 20708: UseMerc: true HP: 70
[10/05/26 06:35:51] D2BS 20708: Merc matched: Prayer
[10/05/26 06:36:00] D2BS 20708: Token needed
[10/05/26 06:36:05] D2BS 20708: act5+ BO
[10/05/26 06:36:17] D2BS 20708: ÿc4=== [BAAL] ===
[10/05/26 06:36:40] D2BS 20708: Baal failed: souls found
[10/05/26 06:36:40] D2BS 20708: ÿc4=== [COUNTESS] ===
[10/05/26 06:37:58] D2BS 20708: ÿc4=== [PIT] ===
[10/05/26 06:39:41] D2BS 20708: ÿc4=== [ANDY] ===
[10/05/26 06:40:37] D2BS 20708: ÿc4=== [MEPHISTO] ===
[10/05/26 06:42:05] D2BS 20708: ÿc4=== [DIABLO] ===
[10/05/26 06:42:54] D2BS 20708: updateStat
[10/05/26 06:43:19] D2BS 20708: Going to town
[10/05/26 06:43:27] D2BS 20708: party has left: fowo-xe
[10/05/26 06:43:27] D2BS 20708:  [08:12] +13.64% / [Level 81] 84.15%
[10/05/26 06:43:28] D2BS 20708: Script threads\autobuildthread.js ended
[10/05/26 06:43:28] D2BS 20708: Script threads\partythread.js ended
[10/05/26 06:43:28] D2BS 20708: Script threads\townchicken.js ended
[10/05/26 06:43:28] D2BS 20708: Script default.dbj ended
[10/05/26 06:43:41] D2BS 20708: joining game pz-95
[10/05/26 06:43:43] D2BS 20708: ÿc2D2BSÿc0 :: Starting default.dbj
[10/05/26 06:43:43] D2BS 20708: ÿc2D2BSÿc0 :: default.dbj running.
[10/05/26 06:43:43] D2BS 20708: Loaded ÿc9[X.nip] [Y.nip] [Z.nip] [V.nip] [S.COLD.nip]
[10/05/26 06:43:43] D2BS 20708: Loaded ÿc9[S.COLD.js]
[10/05/26 06:43:43] D2BS 20708: equipped: [Head] 13
[10/05/26 06:43:43] D2BS 20708: equipped: [Neck] 13
[10/05/26 06:43:43] D2BS 20708: equipped: [Body] 17
[10/05/26 06:43:43] D2BS 20708: equipped: [ArmR] 18
[10/05/26 06:43:43] D2BS 20708: equipped: [ArmL] 26
[10/05/26 06:43:43] D2BS 20708: equipped: [RingR] 13
[10/05/26 06:43:43] D2BS 20708: equipped: [RingL] 11
[10/05/26 06:43:43] D2BS 20708: equipped: [Belt] 16
[10/05/26 06:43:43] D2BS 20708: equipped: [Boots] 12
[10/05/26 06:43:43] D2BS 20708: equipped: [Mitts] 21
[10/05/26 06:43:43] D2BS 20708: Loaded ÿc9[AutoSmurf.js]
[10/05/26 06:43:48] D2BS 20708: farmingON
[10/05/26 06:43:48] D2BS 20708: MiniShopBot: true
[10/05/26 06:43:48] D2BS 20708: UseMerc: true HP: 70
[10/05/26 06:44:06] D2BS 20708: Merc matched: Prayer
[10/05/26 06:44:23] D2BS 20708: Token needed
[10/05/26 06:44:27] D2BS 20708: act5+ BO
[10/05/26 06:44:28] D2BS 20708: updateStat
[10/05/26 06:44:39] D2BS 20708: ÿc4=== [BAAL] ===
[10/05/26 06:46:52] D2BS 20708: updateStat
[10/05/26 06:48:12] D2BS 20708: ÿc4=== [COUNTESS] ===
[10/05/26 06:49:26] D2BS 20708: ÿc4=== [PIT] ===
[10/05/26 06:50:36] D2BS 20708: party has left: fowo-xd
[10/05/26 06:50:36] D2BS 20708:  [06:54] +25.38% / [Level 82] 10.84%
[10/05/26 06:50:36] D2BS 20708: Script threads\autobuildthread.js ended
[10/05/26 06:50:37] D2BS 20708: Script threads\partythread.js ended
[10/05/26 06:50:37] D2BS 20708: Script threads\townchicken.js ended
[10/05/26 06:50:37] D2BS 20708: Script default.dbj ended
[10/05/26 06:50:49] D2BS 20708: joining game pz-96
[10/05/26 06:50:51] D2BS 20708: ÿc2D2BSÿc0 :: Starting default.dbj
[10/05/26 06:50:51] D2BS 20708: ÿc2D2BSÿc0 :: default.dbj running.
[10/05/26 06:50:51] D2BS 20708: Loaded ÿc9[X.nip] [Y.nip] [Z.nip] [V.nip] [S.COLD.nip]
[10/05/26 06:50:51] D2BS 20708: Loaded ÿc9[S.COLD.js]
[10/05/26 06:50:51] D2BS 20708: equipped: [Head] 13
[10/05/26 06:50:51] D2BS 20708: equipped: [Neck] 13
[10/05/26 06:50:51] D2BS 20708: equipped: [Body] 17
[10/05/26 06:50:51] D2BS 20708: equipped: [ArmR] 18
[10/05/26 06:50:51] D2BS 20708: equipped: [ArmL] 26
[10/05/26 06:50:51] D2BS 20708: equipped: [RingR] 13
[10/05/26 06:50:51] D2BS 20708: equipped: [RingL] 11
[10/05/26 06:50:51] D2BS 20708: equipped: [Belt] 16
[10/05/26 06:50:51] D2BS 20708: equipped: [Boots] 12
[10/05/26 06:50:52] D2BS 20708: equipped: [Mitts] 21
[10/05/26 06:50:52] D2BS 20708: updateStat
[10/05/26 06:50:52] D2BS 20708: granted: [Head] 13
[10/05/26 06:50:52] D2BS 20708: granted: [Body] 17
[10/05/26 06:50:52] D2BS 20708: granted: [ArmR] 22
[10/05/26 06:50:52] D2BS 20708: Loaded ÿc9[AutoSmurf.js]
[10/05/26 06:50:57] D2BS 20708: farmingON
[10/05/26 06:50:59] D2BS 20708: MiniShopBot: true
[10/05/26 06:50:59] D2BS 20708: UseMerc: true HP: 70
[10/05/26 06:51:16] D2BS 20708: Merc matched: Prayer
[10/05/26 06:51:31] D2BS 20708: Token needed
[10/05/26 06:51:34] D2BS 20708: act5+ BO
[10/05/26 06:51:48] D2BS 20708: ÿc4=== [BAAL] ===
[10/05/26 06:52:09] D2BS 20708: Baal failed: souls found
[10/05/26 06:52:09] D2BS 20708: ÿc4=== [COUNTESS] ===
[10/05/26 06:53:20] D2BS 20708: ÿc4=== [PIT] ===
[10/05/26 06:55:10] D2BS 20708: ÿc4=== [ANDY] ===
[10/05/26 06:56:07] D2BS 20708: ÿc4=== [MEPHISTO] ===
[10/05/26 06:57:56] D2BS 20708: ÿc4=== [DIABLO] ===
[10/05/26 06:59:49] D2BS 20708: party has left: fowo-xe
[10/05/26 06:59:49] D2BS 20708:  [08:58] +17.23% / [Level 82] 28.06%
[10/05/26 06:59:49] D2BS 20708: Script threads\autobuildthread.js ended
[10/05/26 06:59:49] D2BS 20708: Script threads\partythread.js ended
[10/05/26 06:59:49] D2BS 20708: Script threads\townchicken.js ended
[10/05/26 06:59:49] D2BS 20708: Script default.dbj ended
[10/05/26 07:00:01] D2BS 20708: joining game pz-97
[10/05/26 07:00:03] D2BS 20708: ÿc2D2BSÿc0 :: Starting default.dbj
[10/05/26 07:00:03] D2BS 20708: ÿc2D2BSÿc0 :: default.dbj running.
[10/05/26 07:00:03] D2BS 20708: Loaded ÿc9[X.nip] [Y.nip] [Z.nip] [V.nip] [S.COLD.nip]
[10/05/26 07:00:03] D2BS 20708: Loaded ÿc9[S.COLD.js]
[10/05/26 07:00:03] D2BS 20708: equipped: [Head] 13
[10/05/26 07:00:03] D2BS 20708: equipped: [Neck] 13
[10/05/26 07:00:03] D2BS 20708: equipped: [Body] 17
[10/05/26 07:00:03] D2BS 20708: equipped: [ArmR] 18
[10/05/26 07:00:03] D2BS 20708: equipped: [ArmL] 26
[10/05/26 07:00:03] D2BS 20708: equipped: [RingR] 13
[10/05/26 07:00:03] D2BS 20708: equipped: [RingL] 11
[10/05/26 07:00:03] D2BS 20708: equipped: [Belt] 16
[10/05/26 07:00:03] D2BS 20708: equipped: [Boots] 12
[10/05/26 07:00:03] D2BS 20708: equipped: [Mitts] 21
[10/05/26 07:00:03] D2BS 20708: updateStat
[10/05/26 07:00:03] D2BS 20708: granted: [Head] 13
[10/05/26 07:00:03] D2BS 20708: granted: [Body] 17
[10/05/26 07:00:03] D2BS 20708: granted: [ArmR] 22
[10/05/26 07:00:03] D2BS 20708: Loaded ÿc9[AutoSmurf.js]
[10/05/26 07:00:09] D2BS 20708: farmingON
[10/05/26 07:00:11] D2BS 20708: MiniShopBot: true
[10/05/26 07:00:11] D2BS 20708: UseMerc: true HP: 70
[10/05/26 07:00:28] D2BS 20708: Merc matched: Prayer
[10/05/26 07:00:45] D2BS 20708: Token needed
[10/05/26 07:00:48] D2BS 20708: act5+ BO
[10/05/26 07:01:02] D2BS 20708: ÿc4=== [BAAL] ===
[10/05/26 07:04:15] D2BS 20708: Going to town
[10/05/26 07:04:31] D2BS 20708: ÿc4=== [COUNTESS] ===
[10/05/26 07:05:40] D2BS 20708: ÿc4=== [PIT] ===
[10/05/26 07:07:30] D2BS 20708: ÿc4=== [ANDY] ===
[10/05/26 07:08:25] D2BS 20708: ÿc4=== [MEPHISTO] ===
[10/05/26 07:10:25] D2BS 20708: ÿc4=== [DIABLO] ===
[10/05/26 07:11:55] D2BS 20708: updateStat
[10/05/26 07:16:44] D2BS 20708: party has left: fowo-xf
[10/05/26 07:16:45] D2BS 20708:  [16:42] +45.17% / [Level 82] 73.24%
[10/05/26 07:16:45] D2BS 20708: Script threads\autobuildthread.js ended
[10/05/26 07:16:45] D2BS 20708: Script threads\partythread.js ended
[10/05/26 07:16:45] D2BS 20708: Script threads\townchicken.js ended
[10/05/26 07:16:45] D2BS 20708: Script default.dbj ended
[10/05/26 07:16:56] D2BS 20708: joining game pz-98
[10/05/26 07:16:58] D2BS 20708: ÿc2D2BSÿc0 :: Starting default.dbj
[10/05/26 07:16:58] D2BS 20708: ÿc2D2BSÿc0 :: default.dbj running.
[10/05/26 07:16:58] D2BS 20708: Loaded ÿc9[X.nip] [Y.nip] [Z.nip] [V.nip] [S.COLD.nip]
[10/05/26 07:16:58] D2BS 20708: Loaded ÿc9[S.COLD.js]
[10/05/26 07:16:58] D2BS 20708: equipped: [Head] 13
[10/05/26 07:16:58] D2BS 20708: equipped: [Neck] 13
[10/05/26 07:16:58] D2BS 20708: equipped: [Body] 17
[10/05/26 07:16:58] D2BS 20708: equipped: [ArmR] 18
[10/05/26 07:16:58] D2BS 20708: equipped: [ArmL] 26
[10/05/26 07:16:58] D2BS 20708: equipped: [RingR] 13
[10/05/26 07:16:58] D2BS 20708: equipped: [RingL] 11
[10/05/26 07:16:58] D2BS 20708: equipped: [Belt] 16
[10/05/26 07:16:59] D2BS 20708: equipped: [Boots] 12
[10/05/26 07:16:59] D2BS 20708: equipped: [Mitts] 21
[10/05/26 07:16:59] D2BS 20708: updateStat
[10/05/26 07:16:59] D2BS 20708: granted: [Head] 13
[10/05/26 07:17:00] D2BS 20708: granted: [Body] 17
[10/05/26 07:17:00] D2BS 20708: granted: [ArmR] 22
[10/05/26 07:17:00] D2BS 20708: Loaded ÿc9[AutoSmurf.js]
[10/05/26 07:17:04] D2BS 20708: farmingON
[10/05/26 07:17:05] D2BS 20708: MiniShopBot: true
[10/05/26 07:17:05] D2BS 20708: UseMerc: true HP: 70
[10/05/26 07:17:35] D2BS 20708: Merc matched: Prayer
[10/05/26 07:17:40] D2BS 20708: Token needed
[10/05/26 07:17:44] D2BS 20708: act5+ BO
[10/05/26 07:17:56] D2BS 20708: ÿc4=== [BAAL] ===
[10/05/26 07:18:15] D2BS 20708: Baal failed: souls found
[10/05/26 07:18:15] D2BS 20708: ÿc4=== [COUNTESS] ===
[10/05/26 07:19:15] D2BS 20708: ÿc4=== [PIT] ===
[10/05/26 07:21:25] D2BS 20708: ÿc4=== [ANDY] ===
[10/05/26 07:22:24] D2BS 20708: ÿc4=== [MEPHISTO] ===
[10/05/26 07:24:13] D2BS 20708: ÿc4=== [DIABLO] ===
[10/05/26 07:30:43] D2BS 20708: party has left: fowo-xg
[10/05/26 07:30:43] D2BS 20708:  [13:45] +32.48% / [Level 83] 7.93%
[10/05/26 07:30:43] D2BS 20708: Script threads\autobuildthread.js ended
[10/05/26 07:30:43] D2BS 20708: Script threads\partythread.js ended
[10/05/26 07:30:44] D2BS 20708: Script threads\townchicken.js ended
[10/05/26 07:30:44] D2BS 20708: Script default.dbj ended
[10/05/26 07:30:56] D2BS 20708: joining game pz-99
[10/05/26 07:30:57] D2BS 20708: ÿc2D2BSÿc0 :: Starting default.dbj
[10/05/26 07:30:57] D2BS 20708: ÿc2D2BSÿc0 :: default.dbj running.
[10/05/26 07:30:59] D2BS 20708: Loaded ÿc9[X.nip] [Y.nip] [Z.nip] [V.nip] [S.COLD.nip]
[10/05/26 07:30:59] D2BS 20708: Loaded ÿc9[S.COLD.js]
[10/05/26 07:30:59] D2BS 20708: equipped: [Head] 13
[10/05/26 07:30:59] D2BS 20708: equipped: [Neck] 13
[10/05/26 07:30:59] D2BS 20708: equipped: [Body] 17
[10/05/26 07:30:59] D2BS 20708: equipped: [ArmR] 18
[10/05/26 07:30:59] D2BS 20708: equipped: [ArmL] 26
[10/05/26 07:30:59] D2BS 20708: equipped: [RingR] 13
[10/05/26 07:30:59] D2BS 20708: equipped: [RingL] 11
[10/05/26 07:30:59] D2BS 20708: equipped: [Belt] 16
[10/05/26 07:30:59] D2BS 20708: equipped: [Boots] 12
[10/05/26 07:30:59] D2BS 20708: equipped: [Mitts] 21
[10/05/26 07:30:59] D2BS 20708: updateStat
[10/05/26 07:30:59] D2BS 20708: granted: [Head] 13
[10/05/26 07:30:59] D2BS 20708: granted: [Body] 17
[10/05/26 07:30:59] D2BS 20708: granted: [ArmR] 22
[10/05/26 07:30:59] D2BS 20708: Loaded ÿc9[AutoSmurf.js]
[10/05/26 07:31:03] D2BS 20708: farmingON
[10/05/26 07:31:04] D2BS 20708: MiniShopBot: true
[10/05/26 07:31:04] D2BS 20708: UseMerc: true HP: 70
[10/05/26 07:31:25] D2BS 20708: Merc matched: Prayer
[10/05/26 07:31:34] D2BS 20708: Token needed
[10/05/26 07:31:38] D2BS 20708: act5+ BO
[10/05/26 07:31:51] D2BS 20708: ÿc4=== [BAAL] ===
[10/05/26 07:35:25] D2BS 20708: ÿc4=== [COUNTESS] ===
[10/05/26 07:36:35] D2BS 20708: ÿc4=== [PIT] ===
[10/05/26 07:38:16] D2BS 20708: ÿc4=== [ANDY] ===
[10/05/26 07:39:08] D2BS 20708: ÿc4=== [MEPHISTO] ===
[10/05/26 07:40:52] D2BS 20708: ÿc4=== [DIABLO] ===
[10/05/26 07:48:06] D2BS 20708: Script ended
[10/05/26 07:48:06] D2BS 20708:  [17:09] +41.16% / [Level 83] 49.09%
[10/05/26 07:48:06] D2BS 20708: Script threads\autobuildthread.js ended
[10/05/26 07:48:07] D2BS 20708: Script threads\partythread.js ended
[10/05/26 07:48:07] D2BS 20708: Script threads\townchicken.js ended
[10/05/26 07:48:20] D2BS 20708: joining game pz-100
[10/05/26 07:48:21] D2BS 20708: ÿc2D2BSÿc0 :: Starting default.dbj
[10/05/26 07:48:21] D2BS 20708: ÿc2D2BSÿc0 :: default.dbj running.
[10/05/26 07:48:22] D2BS 20708: Loaded ÿc9[X.nip] [Y.nip] [Z.nip] [V.nip] [S.COLD.nip]
[10/05/26 07:48:22] D2BS 20708: Loaded ÿc9[S.COLD.js]
[10/05/26 07:48:22] D2BS 20708: equipped: [Head] 13
[10/05/26 07:48:22] D2BS 20708: equipped: [Neck] 13
[10/05/26 07:48:22] D2BS 20708: equipped: [Body] 17
[10/05/26 07:48:22] D2BS 20708: equipped: [ArmR] 18
[10/05/26 07:48:22] D2BS 20708: equipped: [ArmL] 26
[10/05/26 07:48:23] D2BS 20708: equipped: [RingR] 13
[10/05/26 07:48:23] D2BS 20708: equipped: [RingL] 11
[10/05/26 07:48:23] D2BS 20708: equipped: [Belt] 16
[10/05/26 07:48:23] D2BS 20708: equipped: [Boots] 12
[10/05/26 07:48:23] D2BS 20708: equipped: [Mitts] 21
[10/05/26 07:48:23] D2BS 20708: updateStat
[10/05/26 07:48:23] D2BS 20708: granted: [Head] 13
[10/05/26 07:48:23] D2BS 20708: granted: [Body] 17
[10/05/26 07:48:23] D2BS 20708: granted: [ArmR] 22
[10/05/26 07:48:23] D2BS 20708: Loaded ÿc9[AutoSmurf.js]
[10/05/26 07:48:27] D2BS 20708: MiniShopBot: true
[10/05/26 07:48:27] D2BS 20708: farmingON
[10/05/26 07:48:27] D2BS 20708: UseMerc: true HP: 70
[10/05/26 07:48:47] D2BS 20708: Merc matched: Prayer
[10/05/26 07:48:57] D2BS 20708: Token needed
[10/05/26 07:49:02] D2BS 20708: act5+ BO
[10/05/26 07:49:15] D2BS 20708: ÿc4=== [BAAL] ===
[10/05/26 07:49:26] D2BS 20708: Baal failed: souls found
[10/05/26 07:49:26] D2BS 20708: ÿc4=== [COUNTESS] ===
[10/05/26 07:50:38] D2BS 20708: ÿc4=== [PIT] ===
[10/05/26 07:52:18] D2BS 20708: ÿc4=== [ANDY] ===
[10/05/26 07:53:12] D2BS 20708: updateStat
[10/05/26 07:53:24] D2BS 20708: ÿc4=== [MEPHISTO] ===
[10/05/26 07:54:58] D2BS 20708: ÿc4=== [DIABLO] ===
[10/05/26 07:59:46] D2BS 20708: party has left: fowo-xd
[10/05/26 07:59:46] D2BS 20708:  [11:24] +15.39% / [Level 83] 64.48%
[10/05/26 07:59:46] D2BS 20708: Script threads\autobuildthread.js ended
[10/05/26 07:59:46] D2BS 20708: Script threads\partythread.js ended
[10/05/26 07:59:46] D2BS 20708: Script threads\townchicken.js ended
[10/05/26 07:59:46] D2BS 20708: Script default.dbj ended
[10/05/26 07:59:57] D2BS 20708: joining game pz-101
[10/05/26 07:59:59] D2BS 20708: ÿc2D2BSÿc0 :: Starting default.dbj
[10/05/26 07:59:59] D2BS 20708: ÿc2D2BSÿc0 :: default.dbj running.
[10/05/26 08:00:00] D2BS 20708: Loaded ÿc9[X.nip] [Y.nip] [Z.nip] [V.nip] [S.COLD.nip]
[10/05/26 08:00:00] D2BS 20708: Loaded ÿc9[S.COLD.js]
[10/05/26 08:00:00] D2BS 20708: equipped: [Head] 13
[10/05/26 08:00:00] D2BS 20708: equipped: [Neck] 13
[10/05/26 08:00:00] D2BS 20708: equipped: [Body] 17
[10/05/26 08:00:00] D2BS 20708: equipped: [ArmR] 18
[10/05/26 08:00:00] D2BS 20708: equipped: [ArmL] 26
[10/05/26 08:00:00] D2BS 20708: equipped: [RingR] 13
[10/05/26 08:00:00] D2BS 20708: equipped: [RingL] 11
[10/05/26 08:00:00] D2BS 20708: equipped: [Belt] 16
[10/05/26 08:00:00] D2BS 20708: equipped: [Boots] 12
[10/05/26 08:00:00] D2BS 20708: equipped: [Mitts] 21
[10/05/26 08:00:00] D2BS 20708: updateStat
[10/05/26 08:00:00] D2BS 20708: granted: [Head] 13
[10/05/26 08:00:00] D2BS 20708: granted: [Body] 17
[10/05/26 08:00:00] D2BS 20708: granted: [ArmR] 22
[10/05/26 08:00:00] D2BS 20708: Loaded ÿc9[AutoSmurf.js]
[10/05/26 08:00:04] D2BS 20708: farmingON
[10/05/26 08:00:06] D2BS 20708: MiniShopBot: true
[10/05/26 08:00:06] D2BS 20708: UseMerc: true HP: 70
[10/05/26 08:00:25] D2BS 20708: Merc matched: Prayer
[10/05/26 08:00:35] D2BS 20708: Token needed
[10/05/26 08:00:39] D2BS 20708: act5+ BO
[10/05/26 08:00:53] D2BS 20708: ÿc4=== [BAAL] ===
[10/05/26 08:03:40] D2BS 20708: Script default.dbj ended
[10/05/26 08:03:40] D2BS 20708: party has left: fowo-xd
[10/05/26 08:03:40] D2BS 20708: Script threads\autobuildthread.js ended
[10/05/26 08:03:40] D2BS 20708: Script threads\partythread.js ended
[10/05/26 08:03:40] D2BS 20708: Script threads\toolsthread.js ended
[10/05/26 08:03:40] D2BS 20708: Script threads\townchicken.js ended
[10/05/26 08:03:52] D2BS 20708: joining game pz-102
[10/05/26 08:03:53] D2BS 20708: ÿc2D2BSÿc0 :: Starting default.dbj
[10/05/26 08:03:53] D2BS 20708: ÿc2D2BSÿc0 :: default.dbj running.
[10/05/26 08:03:54] D2BS 20708: Loaded ÿc9[X.nip] [Y.nip] [Z.nip] [V.nip] [S.COLD.nip]
[10/05/26 08:03:54] D2BS 20708: Loaded ÿc9[S.COLD.js]
[10/05/26 08:03:54] D2BS 20708: equipped: [Head] 13
[10/05/26 08:03:54] D2BS 20708: equipped: [Neck] 13
[10/05/26 08:03:54] D2BS 20708: equipped: [Body] 17
[10/05/26 08:03:54] D2BS 20708: equipped: [ArmR] 18
[10/05/26 08:03:54] D2BS 20708: equipped: [ArmL] 26
[10/05/26 08:03:54] D2BS 20708: equipped: [RingR] 13
[10/05/26 08:03:54] D2BS 20708: equipped: [RingL] 11
[10/05/26 08:03:54] D2BS 20708: equipped: [Belt] 16
[10/05/26 08:03:54] D2BS 20708: equipped: [Boots] 12
[10/05/26 08:03:54] D2BS 20708: equipped: [Mitts] 21
[10/05/26 08:03:54] D2BS 20708: updateStat
[10/05/26 08:03:54] D2BS 20708: granted: [Head] 13
[10/05/26 08:03:54] D2BS 20708: granted: [Body] 17
[10/05/26 08:03:54] D2BS 20708: granted: [ArmR] 22
[10/05/26 08:03:54] D2BS 20708: Loaded ÿc9[AutoSmurf.js]
[10/05/26 08:03:56] D2BS 20708: MiniShopBot: true
[10/05/26 08:03:57] D2BS 20708: farmingON
[10/05/26 08:03:57] D2BS 20708: UseMerc: true HP: 70
[10/05/26 08:04:14] D2BS 20708: Merc matched: Prayer
[10/05/26 08:04:22] D2BS 20708: Token needed
[10/05/26 08:04:25] D2BS 20708: act5+ BO
[10/05/26 08:04:38] D2BS 20708: ÿc4=== [BAAL] ===
[10/05/26 08:05:01] D2BS 20708: Baal failed: souls found
[10/05/26 08:05:01] D2BS 20708: ÿc4=== [COUNTESS] ===
[10/05/26 08:06:04] D2BS 20708: ÿc4=== [PIT] ===
[10/05/26 08:08:09] D2BS 20708: ÿc4=== [ANDY] ===
[10/05/26 08:09:06] D2BS 20708: ÿc4=== [MEPHISTO] ===
[10/05/26 08:10:33] D2BS 20708: ÿc4=== [DIABLO] ===
[10/05/26 08:16:50] D2BS 20708: party has left: fowo-xg
[10/05/26 08:16:50] D2BS 20708:  [12:56] +18.52% / [Level 84] 1.23%
[10/05/26 08:16:50] D2BS 20708: Script threads\autobuildthread.js ended
[10/05/26 08:16:51] D2BS 20708: Script threads\partythread.js ended
[10/05/26 08:16:51] D2BS 20708: Script threads\townchicken.js ended
[10/05/26 08:16:51] D2BS 20708: Script default.dbj ended
[10/05/26 08:17:03] D2BS 20708: joining game pz-103
[10/05/26 08:17:05] D2BS 20708: ÿc2D2BSÿc0 :: Starting default.dbj
[10/05/26 08:17:05] D2BS 20708: ÿc2D2BSÿc0 :: default.dbj running.
[10/05/26 08:17:05] D2BS 20708: Loaded ÿc9[X.nip] [Y.nip] [Z.nip] [V.nip] [S.COLD.nip]
[10/05/26 08:17:05] D2BS 20708: Loaded ÿc9[S.COLD.js]
[10/05/26 08:17:05] D2BS 20708: equipped: [Head] 13
[10/05/26 08:17:05] D2BS 20708: equipped: [Neck] 13
[10/05/26 08:17:05] D2BS 20708: equipped: [Body] 17
[10/05/26 08:17:05] D2BS 20708: equipped: [ArmR] 18
[10/05/26 08:17:05] D2BS 20708: equipped: [ArmL] 26
[10/05/26 08:17:05] D2BS 20708: equipped: [RingR] 13
[10/05/26 08:17:05] D2BS 20708: equipped: [RingL] 11
[10/05/26 08:17:05] D2BS 20708: equipped: [Belt] 16
[10/05/26 08:17:05] D2BS 20708: equipped: [Boots] 12
[10/05/26 08:17:05] D2BS 20708: equipped: [Mitts] 21
[10/05/26 08:17:05] D2BS 20708: updateStat
[10/05/26 08:17:05] D2BS 20708: granted: [Head] 13
[10/05/26 08:17:05] D2BS 20708: granted: [Body] 17
[10/05/26 08:17:05] D2BS 20708: granted: [ArmR] 22
[10/05/26 08:17:06] D2BS 20708: Loaded ÿc9[AutoSmurf.js]
[10/05/26 08:17:11] D2BS 20708: farmingON
[10/05/26 08:17:13] D2BS 20708: MiniShopBot: true
[10/05/26 08:17:13] D2BS 20708: UseMerc: true HP: 70
[10/05/26 08:17:36] D2BS 20708: Merc matched: Prayer
[10/05/26 08:17:48] D2BS 20708: Token needed
[10/05/26 08:17:52] D2BS 20708: act5+ BO
[10/05/26 08:18:05] D2BS 20708: ÿc4=== [BAAL] ===
[10/05/26 08:19:13] D2BS 20708: updateStat
[10/05/26 08:21:17] D2BS 20708: Going to town
[10/05/26 08:23:53] D2BS 20708: party has left: fowo-xh
[10/05/26 08:23:53] D2BS 20708:  [06:48] +12.99% / [Level 84] 14.22%
[10/05/26 08:23:53] D2BS 20708: Script threads\autobuildthread.js ended
[10/05/26 08:23:53] D2BS 20708: Script threads\partythread.js ended
[10/05/26 08:23:53] D2BS 20708: Script threads\townchicken.js ended
[10/05/26 08:23:53] D2BS 20708: Script default.dbj ended
[10/05/26 08:24:05] D2BS 20708: joining game pz-104
[10/05/26 08:24:06] D2BS 20708: ÿc2D2BSÿc0 :: Starting default.dbj
[10/05/26 08:24:06] D2BS 20708: ÿc2D2BSÿc0 :: default.dbj running.
[10/05/26 08:24:07] D2BS 20708: Loaded ÿc9[X.nip] [Y.nip] [Z.nip] [V.nip] [S.COLD.nip]
[10/05/26 08:24:07] D2BS 20708: Loaded ÿc9[S.COLD.js]
[10/05/26 08:24:07] D2BS 20708: equipped: [Head] 13
[10/05/26 08:24:07] D2BS 20708: equipped: [Neck] 13
[10/05/26 08:24:07] D2BS 20708: equipped: [Body] 17
[10/05/26 08:24:07] D2BS 20708: equipped: [ArmR] 18
[10/05/26 08:24:08] D2BS 20708: equipped: [ArmL] 26
[10/05/26 08:24:08] D2BS 20708: equipped: [RingR] 13
[10/05/26 08:24:08] D2BS 20708: equipped: [RingL] 11
[10/05/26 08:24:08] D2BS 20708: equipped: [Belt] 16
[10/05/26 08:24:08] D2BS 20708: equipped: [Boots] 12
[10/05/26 08:24:08] D2BS 20708: equipped: [Mitts] 21
[10/05/26 08:24:08] D2BS 20708: updateStat
[10/05/26 08:24:08] D2BS 20708: granted: [Head] 13
[10/05/26 08:24:08] D2BS 20708: granted: [Body] 17
[10/05/26 08:24:08] D2BS 20708: granted: [ArmR] 22
[10/05/26 08:24:08] D2BS 20708: Loaded ÿc9[AutoSmurf.js]
[10/05/26 08:24:09] D2BS 20708: MiniShopBot: true
[10/05/26 08:24:10] D2BS 20708: farmingON
[10/05/26 08:24:10] D2BS 20708: UseMerc: true HP: 70
[10/05/26 08:24:29] D2BS 20708: Merc matched: Prayer
[10/05/26 08:24:39] D2BS 20708: Token needed
[10/05/26 08:24:43] D2BS 20708: act5+ BO
[10/05/26 08:24:56] D2BS 20708: ÿc4=== [BAAL] ===
[10/05/26 08:25:03] D2BS 20708: party has left: fowo-xa
[10/05/26 08:25:03] D2BS 20708: no exp [00:56]
[10/05/26 08:25:03] D2BS 20708: Script threads\autobuildthread.js ended
[10/05/26 08:25:03] D2BS 20708: Script threads\partythread.js ended
[10/05/26 08:25:03] D2BS 20708: Script threads\townchicken.js ended
[10/05/26 08:25:03] D2BS 20708: Script default.dbj ended
[10/05/26 08:25:15] D2BS 20708: joining game pz-105
[10/05/26 08:25:16] D2BS 20708: ÿc2D2BSÿc0 :: Starting default.dbj
[10/05/26 08:25:16] D2BS 20708: ÿc2D2BSÿc0 :: default.dbj running.
[10/05/26 08:25:17] D2BS 20708: Loaded ÿc9[X.nip] [Y.nip] [Z.nip] [V.nip] [S.COLD.nip]
[10/05/26 08:25:17] D2BS 20708: Loaded ÿc9[S.COLD.js]
[10/05/26 08:25:17] D2BS 20708: equipped: [Head] 13
[10/05/26 08:25:17] D2BS 20708: equipped: [Neck] 13
[10/05/26 08:25:17] D2BS 20708: equipped: [Body] 17
[10/05/26 08:25:17] D2BS 20708: equipped: [ArmR] 18
[10/05/26 08:25:17] D2BS 20708: equipped: [ArmL] 26
[10/05/26 08:25:17] D2BS 20708: equipped: [RingR] 13
[10/05/26 08:25:17] D2BS 20708: equipped: [RingL] 11
[10/05/26 08:25:17] D2BS 20708: equipped: [Belt] 16
[10/05/26 08:25:17] D2BS 20708: equipped: [Boots] 12
[10/05/26 08:25:17] D2BS 20708: equipped: [Mitts] 21
[10/05/26 08:25:17] D2BS 20708: updateStat
[10/05/26 08:25:17] D2BS 20708: granted: [Head] 13
[10/05/26 08:25:18] D2BS 20708: granted: [Body] 17
[10/05/26 08:25:18] D2BS 20708: granted: [ArmR] 22
[10/05/26 08:25:18] D2BS 20708: Loaded ÿc9[AutoSmurf.js]
[10/05/26 08:25:20] D2BS 20708: farmingON
[10/05/26 08:25:20] D2BS 20708: MiniShopBot: true
[10/05/26 08:25:20] D2BS 20708: UseMerc: true HP: 70
[10/05/26 08:25:34] D2BS 20708: Merc matched: Prayer
[10/05/26 08:25:44] D2BS 20708: Token needed
[10/05/26 08:25:48] D2BS 20708: act5+ BO
[10/05/26 08:26:00] D2BS 20708: ÿc4=== [BAAL] ===
[10/05/26 08:29:04] D2BS 20708: ÿc4=== [COUNTESS] ===
[10/05/26 08:30:17] D2BS 20708: ÿc4=== [PIT] ===
[10/05/26 08:31:47] D2BS 20708: ÿc4=== [ANDY] ===
[10/05/26 08:32:47] D2BS 20708: ÿc4=== [MEPHISTO] ===
[10/05/26 08:34:12] D2BS 20708: ÿc4=== [DIABLO] ===
[10/05/26 08:39:39] D2BS 20708: party has left: fowo-xe
[10/05/26 08:39:39] D2BS 20708:  [14:22] +24.05% / [Level 84] 38.26%
[10/05/26 08:39:39] D2BS 20708: Script threads\autobuildthread.js ended
[10/05/26 08:39:39] D2BS 20708: Script threads\partythread.js ended
[10/05/26 08:39:39] D2BS 20708: Script threads\townchicken.js ended
[10/05/26 08:39:39] D2BS 20708: Script default.dbj ended
[10/05/26 08:39:51] D2BS 20708: joining game pz-106
[10/05/26 08:39:52] D2BS 20708: ÿc2D2BSÿc0 :: Starting default.dbj
[10/05/26 08:39:52] D2BS 20708: ÿc2D2BSÿc0 :: default.dbj running.
[10/05/26 08:39:52] D2BS 20708: Loaded ÿc9[X.nip] [Y.nip] [Z.nip] [V.nip] [S.COLD.nip]
[10/05/26 08:39:53] D2BS 20708: Loaded ÿc9[S.COLD.js]
[10/05/26 08:39:53] D2BS 20708: equipped: [Head] 13
[10/05/26 08:39:53] D2BS 20708: equipped: [Neck] 13
[10/05/26 08:39:53] D2BS 20708: equipped: [Body] 17
[10/05/26 08:39:53] D2BS 20708: equipped: [ArmR] 18
[10/05/26 08:39:53] D2BS 20708: equipped: [ArmL] 26
[10/05/26 08:39:53] D2BS 20708: equipped: [RingR] 13
[10/05/26 08:39:53] D2BS 20708: equipped: [RingL] 11
[10/05/26 08:39:53] D2BS 20708: equipped: [Belt] 16
[10/05/26 08:39:53] D2BS 20708: equipped: [Boots] 12
[10/05/26 08:39:53] D2BS 20708: equipped: [Mitts] 21
[10/05/26 08:39:53] D2BS 20708: updateStat
[10/05/26 08:39:53] D2BS 20708: granted: [Head] 13
[10/05/26 08:39:53] D2BS 20708: granted: [Body] 17
[10/05/26 08:39:53] D2BS 20708: granted: [ArmR] 22
[10/05/26 08:39:53] D2BS 20708: Loaded ÿc9[AutoSmurf.js]
[10/05/26 08:39:59] D2BS 20708: MiniShopBot: true
[10/05/26 08:39:59] D2BS 20708: farmingON
[10/05/26 08:39:59] D2BS 20708: UseMerc: true HP: 70
[10/05/26 08:40:15] D2BS 20708: Merc matched: Prayer
[10/05/26 08:40:30] D2BS 20708: Token needed
[10/05/26 08:40:34] D2BS 20708: act5+ BO
[10/05/26 08:40:47] D2BS 20708: ÿc4=== [BAAL] ===
[10/05/26 08:40:56] D2BS 20708: party has left: fowo-xa
[10/05/26 08:40:56] D2BS 20708: no exp [01:03]
[10/05/26 08:40:56] D2BS 20708: Script threads\autobuildthread.js ended
[10/05/26 08:40:56] D2BS 20708: Script threads\partythread.js ended
[10/05/26 08:40:56] D2BS 20708: Script threads\townchicken.js ended
[10/05/26 08:40:56] D2BS 20708: Script default.dbj ended
[10/05/26 08:41:08] D2BS 20708: joining game pz-107
[10/05/26 08:41:10] D2BS 20708: ÿc2D2BSÿc0 :: Starting default.dbj
[10/05/26 08:41:10] D2BS 20708: ÿc2D2BSÿc0 :: default.dbj running.
[10/05/26 08:41:10] D2BS 20708: Loaded ÿc9[X.nip] [Y.nip] [Z.nip] [V.nip] [S.COLD.nip]
[10/05/26 08:41:10] D2BS 20708: Loaded ÿc9[S.COLD.js]
[10/05/26 08:41:10] D2BS 20708: equipped: [Head] 13
[10/05/26 08:41:10] D2BS 20708: equipped: [Neck] 13
[10/05/26 08:41:10] D2BS 20708: equipped: [Body] 17
[10/05/26 08:41:10] D2BS 20708: equipped: [ArmR] 18
[10/05/26 08:41:10] D2BS 20708: equipped: [ArmL] 26
[10/05/26 08:41:10] D2BS 20708: equipped: [RingR] 13
[10/05/26 08:41:10] D2BS 20708: equipped: [RingL] 11
[10/05/26 08:41:10] D2BS 20708: equipped: [Belt] 16
[10/05/26 08:41:10] D2BS 20708: equipped: [Boots] 12
[10/05/26 08:41:10] D2BS 20708: equipped: [Mitts] 21
[10/05/26 08:41:10] D2BS 20708: updateStat
[10/05/26 08:41:10] D2BS 20708: granted: [Head] 13
[10/05/26 08:41:10] D2BS 20708: granted: [Body] 17
[10/05/26 08:41:10] D2BS 20708: granted: [ArmR] 22
[10/05/26 08:41:10] D2BS 20708: Loaded ÿc9[AutoSmurf.js]
[10/05/26 08:41:12] D2BS 20708: MiniShopBot: true
[10/05/26 08:41:12] D2BS 20708: farmingON
[10/05/26 08:41:12] D2BS 20708: UseMerc: true HP: 70
[10/05/26 08:41:25] D2BS 20708: Merc matched: Prayer
[10/05/26 08:41:35] D2BS 20708: Token needed
[10/05/26 08:41:40] D2BS 20708: act5+ BO
[10/05/26 08:41:52] D2BS 20708: ÿc4=== [BAAL] ===
[10/05/26 08:42:10] D2BS 20708: Baal failed: souls found
[10/05/26 08:42:10] D2BS 20708: ÿc4=== [COUNTESS] ===
[10/05/26 08:43:52] D2BS 20708: ÿc4=== [PIT] ===
[10/05/26 08:45:37] D2BS 20708: ÿc4=== [ANDY] ===
[10/05/26 08:46:13] D2BS 20708: updateStat
[10/05/26 08:46:34] D2BS 20708: ÿc4=== [MEPHISTO] ===
[10/05/26 08:46:48] D2BS 20708: equipped: [RingL] 12
[10/05/26 08:48:17] D2BS 20708: ÿc4=== [DIABLO] ===
[10/05/26 08:54:12] D2BS 20708: party has left: fowo-xe
[10/05/26 08:54:12] D2BS 20708:  [13:02] +18.93% / [Level 84] 57.19%
[10/05/26 08:54:12] D2BS 20708: Script threads\autobuildthread.js ended
[10/05/26 08:54:12] D2BS 20708: Script threads\partythread.js ended
[10/05/26 08:54:12] D2BS 20708: Script threads\townchicken.js ended
[10/05/26 08:54:12] D2BS 20708: Script default.dbj ended
[10/05/26 08:54:26] D2BS 20708: joining game pz-108
[10/05/26 08:54:27] D2BS 20708: ÿc2D2BSÿc0 :: Starting default.dbj
[10/05/26 08:54:27] D2BS 20708: ÿc2D2BSÿc0 :: default.dbj running.
[10/05/26 08:54:28] D2BS 20708: Loaded ÿc9[X.nip] [Y.nip] [Z.nip] [V.nip] [S.COLD.nip]
[10/05/26 08:54:28] D2BS 20708: Loaded ÿc9[S.COLD.js]
[10/05/26 08:54:28] D2BS 20708: equipped: [Head] 13
[10/05/26 08:54:28] D2BS 20708: equipped: [Neck] 13
[10/05/26 08:54:28] D2BS 20708: equipped: [Body] 17
[10/05/26 08:54:28] D2BS 20708: equipped: [ArmR] 18
[10/05/26 08:54:28] D2BS 20708: equipped: [ArmL] 26
[10/05/26 08:54:28] D2BS 20708: equipped: [RingR] 13
[10/05/26 08:54:28] D2BS 20708: equipped: [RingL] 12
[10/05/26 08:54:28] D2BS 20708: equipped: [Belt] 16
[10/05/26 08:54:28] D2BS 20708: equipped: [Boots] 12
[10/05/26 08:54:28] D2BS 20708: equipped: [Mitts] 21
[10/05/26 08:54:28] D2BS 20708: updateStat
[10/05/26 08:54:28] D2BS 20708: granted: [Head] 13
[10/05/26 08:54:28] D2BS 20708: granted: [Body] 17
[10/05/26 08:54:28] D2BS 20708: granted: [ArmR] 22
[10/05/26 08:54:28] D2BS 20708: Loaded ÿc9[AutoSmurf.js]
[10/05/26 08:54:33] D2BS 20708: farmingON
[10/05/26 08:54:35] D2BS 20708: MiniShopBot: true
[10/05/26 08:54:35] D2BS 20708: UseMerc: true HP: 70
[10/05/26 08:55:00] D2BS 20708: Merc matched: Prayer
[10/05/26 08:55:11] D2BS 20708: Token needed
[10/05/26 08:55:15] D2BS 20708: act5+ BO
[10/05/26 08:55:27] D2BS 20708: ÿc4=== [BAAL] ===
[10/05/26 08:55:41] D2BS 20708: Baal failed: souls found
[10/05/26 08:55:41] D2BS 20708: ÿc4=== [COUNTESS] ===
[10/05/26 08:56:43] D2BS 20708: ÿc4=== [PIT] ===
[10/05/26 08:58:09] D2BS 20708: ÿc4=== [ANDY] ===
[10/05/26 08:58:58] D2BS 20708: ÿc4=== [MEPHISTO] ===
[10/05/26 09:00:38] D2BS 20708: ÿc4=== [DIABLO] ===
[10/05/26 09:03:11] D2BS 20708: party has left: fowo-xa
[10/05/26 09:03:11] D2BS 20708:  [08:44] +9.31% / [Level 84] 66.50%
[10/05/26 09:03:11] D2BS 20708: Script threads\autobuildthread.js ended
[10/05/26 09:03:11] D2BS 20708: Script threads\partythread.js ended
[10/05/26 09:03:11] D2BS 20708: Script threads\townchicken.js ended
[10/05/26 09:03:11] D2BS 20708: Script default.dbj ended
[10/05/26 09:03:26] D2BS 20708: joining game pz-109
[10/05/26 09:03:27] D2BS 20708: ÿc2D2BSÿc0 :: Starting default.dbj
[10/05/26 09:03:27] D2BS 20708: ÿc2D2BSÿc0 :: default.dbj running.
[10/05/26 09:03:27] D2BS 20708: Loaded ÿc9[X.nip] [Y.nip] [Z.nip] [V.nip] [S.COLD.nip]
[10/05/26 09:03:27] D2BS 20708: Loaded ÿc9[S.COLD.js]
[10/05/26 09:03:27] D2BS 20708: equipped: [Head] 13
[10/05/26 09:03:27] D2BS 20708: equipped: [Neck] 13
[10/05/26 09:03:27] D2BS 20708: equipped: [Body] 17
[10/05/26 09:03:27] D2BS 20708: equipped: [ArmR] 18
[10/05/26 09:03:27] D2BS 20708: equipped: [ArmL] 26
[10/05/26 09:03:27] D2BS 20708: equipped: [RingR] 13
[10/05/26 09:03:27] D2BS 20708: equipped: [RingL] 12
[10/05/26 09:03:27] D2BS 20708: equipped: [Belt] 16
[10/05/26 09:03:28] D2BS 20708: equipped: [Boots] 12
[10/05/26 09:03:28] D2BS 20708: equipped: [Mitts] 21
[10/05/26 09:03:28] D2BS 20708: updateStat
[10/05/26 09:03:28] D2BS 20708: granted: [Head] 13
[10/05/26 09:03:28] D2BS 20708: granted: [Body] 17
[10/05/26 09:03:28] D2BS 20708: granted: [ArmR] 22
[10/05/26 09:03:28] D2BS 20708: Loaded ÿc9[AutoSmurf.js]
[10/05/26 09:03:33] D2BS 20708: farmingON
[10/05/26 09:03:33] D2BS 20708: MiniShopBot: true
[10/05/26 09:03:33] D2BS 20708: UseMerc: true HP: 70
[10/05/26 09:03:51] D2BS 20708: Merc matched: Prayer
[10/05/26 09:04:07] D2BS 20708: Token needed
[10/05/26 09:04:10] D2BS 20708: act5+ BO
[10/05/26 09:04:24] D2BS 20708: ÿc4=== [BAAL] ===
[10/05/26 09:07:54] D2BS 20708: Going to town
[10/05/26 09:08:12] D2BS 20708: ÿc4=== [COUNTESS] ===
[10/05/26 09:09:45] D2BS 20708: ÿc4=== [PIT] ===
[10/05/26 09:11:27] D2BS 20708: updateStat
[10/05/26 09:11:49] D2BS 20708: ÿc4=== [ANDY] ===
[10/05/26 09:12:37] D2BS 20708: ÿc4=== [MEPHISTO] ===
[10/05/26 09:14:19] D2BS 20708: ÿc4=== [DIABLO] ===
[10/05/26 09:20:48] D2BS 20708: party has left: fowo-xe
[10/05/26 09:20:48] D2BS 20708:  [17:21] +31.04% / [Level 85] 0.31%
[10/05/26 09:20:48] D2BS 20708: Script threads\autobuildthread.js ended
[10/05/26 09:20:48] D2BS 20708: Script threads\partythread.js ended
[10/05/26 09:20:48] D2BS 20708: Script threads\townchicken.js ended
[10/05/26 09:20:48] D2BS 20708: Script default.dbj ended
[10/05/26 09:21:01] D2BS 20708: joining game pz-110
[10/05/26 09:21:03] D2BS 20708: ÿc2D2BSÿc0 :: Starting default.dbj
[10/05/26 09:21:03] D2BS 20708: ÿc2D2BSÿc0 :: default.dbj running.
[10/05/26 09:21:03] D2BS 20708: Loaded ÿc9[X.nip] [Y.nip] [Z.nip] [V.nip] [S.COLD.nip]
[10/05/26 09:21:03] D2BS 20708: Loaded ÿc9[S.COLD.js]
[10/05/26 09:21:03] D2BS 20708: equipped: [Head] 13
[10/05/26 09:21:03] D2BS 20708: equipped: [Neck] 13
[10/05/26 09:21:03] D2BS 20708: equipped: [Body] 17
[10/05/26 09:21:03] D2BS 20708: equipped: [ArmR] 18
[10/05/26 09:21:03] D2BS 20708: equipped: [ArmL] 26
[10/05/26 09:21:03] D2BS 20708: equipped: [RingR] 13
[10/05/26 09:21:03] D2BS 20708: equipped: [RingL] 12
[10/05/26 09:21:04] D2BS 20708: equipped: [Belt] 16
[10/05/26 09:21:04] D2BS 20708: equipped: [Boots] 12
[10/05/26 09:21:04] D2BS 20708: equipped: [Mitts] 21
[10/05/26 09:21:04] D2BS 20708: Loaded ÿc9[AutoSmurf.js]
[10/05/26 09:21:08] D2BS 20708: MiniShopBot: true
[10/05/26 09:21:08] D2BS 20708: farmingON
[10/05/26 09:21:08] D2BS 20708: UseMerc: true HP: 70
[10/05/26 09:21:26] D2BS 20708: Merc matched: Prayer
[10/05/26 09:21:41] D2BS 20708: Token needed
[10/05/26 09:21:45] D2BS 20708: act5+ BO
[10/05/26 09:21:47] D2BS 20708: updateStat
[10/05/26 09:21:59] D2BS 20708: ÿc4=== [BAAL] ===
[10/05/26 09:22:07] D2BS 20708: party has left: fowo-xa
[10/05/26 09:22:07] D2BS 20708: no exp [01:04]
[10/05/26 09:22:07] D2BS 20708: Script threads\autobuildthread.js ended
[10/05/26 09:22:07] D2BS 20708: Script threads\partythread.js ended
[10/05/26 09:22:07] D2BS 20708: Script threads\townchicken.js ended
[10/05/26 09:22:07] D2BS 20708: Script default.dbj ended
[10/05/26 09:22:19] D2BS 20708: joining game pz-111
[10/05/26 09:22:20] D2BS 20708: ÿc2D2BSÿc0 :: Starting default.dbj
[10/05/26 09:22:20] D2BS 20708: ÿc2D2BSÿc0 :: default.dbj running.
[10/05/26 09:22:20] D2BS 20708: Loaded ÿc9[X.nip] [Y.nip] [Z.nip] [V.nip] [S.COLD.nip]
[10/05/26 09:22:21] D2BS 20708: Loaded ÿc9[S.COLD.js]
[10/05/26 09:22:21] D2BS 20708: equipped: [Head] 13
[10/05/26 09:22:21] D2BS 20708: equipped: [Neck] 13
[10/05/26 09:22:21] D2BS 20708: equipped: [Body] 17
[10/05/26 09:22:22] D2BS 20708: equipped: [ArmR] 18
[10/05/26 09:22:22] D2BS 20708: equipped: [ArmL] 26
[10/05/26 09:22:22] D2BS 20708: equipped: [RingR] 13
[10/05/26 09:22:22] D2BS 20708: equipped: [RingL] 12
[10/05/26 09:22:22] D2BS 20708: equipped: [Belt] 16
[10/05/26 09:22:22] D2BS 20708: equipped: [Boots] 12
[10/05/26 09:22:22] D2BS 20708: equipped: [Mitts] 21
[10/05/26 09:22:22] D2BS 20708: updateStat
[10/05/26 09:22:22] D2BS 20708: granted: [Head] 13
[10/05/26 09:22:22] D2BS 20708: granted: [Body] 17
[10/05/26 09:22:22] D2BS 20708: granted: [ArmR] 22
[10/05/26 09:22:22] D2BS 20708: Loaded ÿc9[AutoSmurf.js]
[10/05/26 09:22:24] D2BS 20708: farmingON
[10/05/26 09:22:24] D2BS 20708: MiniShopBot: true
[10/05/26 09:22:24] D2BS 20708: UseMerc: true HP: 70
[10/05/26 09:22:41] D2BS 20708: Merc matched: Prayer
[10/05/26 09:22:48] D2BS 20708: Token needed
[10/05/26 09:22:52] D2BS 20708: act5+ BO
[10/05/26 09:23:04] D2BS 20708: ÿc4=== [BAAL] ===
[10/05/26 09:23:13] D2BS 20708: party has left: fowo-xa
[10/05/26 09:23:13] D2BS 20708: no exp [00:53]
[10/05/26 09:23:13] D2BS 20708: Script threads\autobuildthread.js ended
[10/05/26 09:23:13] D2BS 20708: Script threads\partythread.js ended
[10/05/26 09:23:13] D2BS 20708: Script threads\townchicken.js ended
[10/05/26 09:23:13] D2BS 20708: Script default.dbj ended
[10/05/26 09:23:28] D2BS 20708: joining game pz-112
[10/05/26 09:23:30] D2BS 20708: ÿc2D2BSÿc0 :: Starting default.dbj
[10/05/26 09:23:30] D2BS 20708: ÿc2D2BSÿc0 :: default.dbj running.
[10/05/26 09:23:30] D2BS 20708: Loaded ÿc9[X.nip] [Y.nip] [Z.nip] [V.nip] [S.COLD.nip]
[10/05/26 09:23:30] D2BS 20708: Loaded ÿc9[S.COLD.js]
[10/05/26 09:23:30] D2BS 20708: equipped: [Head] 13
[10/05/26 09:23:30] D2BS 20708: equipped: [Neck] 13
[10/05/26 09:23:30] D2BS 20708: equipped: [Body] 17
[10/05/26 09:23:30] D2BS 20708: equipped: [ArmR] 18
[10/05/26 09:23:30] D2BS 20708: equipped: [ArmL] 26
[10/05/26 09:23:31] D2BS 20708: equipped: [RingR] 13
[10/05/26 09:23:31] D2BS 20708: equipped: [RingL] 12
[10/05/26 09:23:31] D2BS 20708: equipped: [Belt] 16
[10/05/26 09:23:31] D2BS 20708: equipped: [Boots] 12
[10/05/26 09:23:31] D2BS 20708: equipped: [Mitts] 21
[10/05/26 09:23:32] D2BS 20708: updateStat
[10/05/26 09:23:32] D2BS 20708: granted: [Head] 13
[10/05/26 09:23:32] D2BS 20708: granted: [Body] 17
[10/05/26 09:23:32] D2BS 20708: granted: [ArmR] 22
[10/05/26 09:23:32] D2BS 20708: Loaded ÿc9[AutoSmurf.js]
[10/05/26 09:23:33] D2BS 20708: farmingON
[10/05/26 09:23:34] D2BS 20708: MiniShopBot: true
[10/05/26 09:23:34] D2BS 20708: UseMerc: true HP: 70
[10/05/26 09:23:48] D2BS 20708: Merc matched: Prayer
[10/05/26 09:23:59] D2BS 20708: Token needed
[10/05/26 09:24:04] D2BS 20708: act5+ BO
[10/05/26 09:24:15] D2BS 20708: ÿc4=== [BAAL] ===
[10/05/26 09:27:39] D2BS 20708: ÿc4=== [COUNTESS] ===
[10/05/26 09:28:55] D2BS 20708: ÿc4=== [PIT] ===
[10/05/26 09:30:37] D2BS 20708: ÿc4=== [ANDY] ===
[10/05/26 09:31:51] D2BS 20708: ÿc4=== [MEPHISTO] ===
[10/05/26 09:33:02] D2BS 20708: ÿc4=== [DIABLO] ===
[10/05/26 09:35:32] D2BS 20708: updateStat
[10/05/26 09:35:56] D2BS 20708: Going to town
[10/05/26 09:41:04] D2BS 20708: party has left: fowo-xa
[10/05/26 09:41:04] D2BS 20708:  [17:34] +24.25% / [Level 85] 24.56%
[10/05/26 09:41:04] D2BS 20708: Script threads\autobuildthread.js ended
[10/05/26 09:41:04] D2BS 20708: Script threads\partythread.js ended
[10/05/26 09:41:04] D2BS 20708: Script threads\townchicken.js ended
[10/05/26 09:41:04] D2BS 20708: Script default.dbj ended
[10/05/26 09:41:16] D2BS 20708: joining game pz-113
[10/05/26 09:41:17] D2BS 20708: ÿc2D2BSÿc0 :: Starting default.dbj
[10/05/26 09:41:17] D2BS 20708: ÿc2D2BSÿc0 :: default.dbj running.
[10/05/26 09:41:18] D2BS 20708: Loaded ÿc9[X.nip] [Y.nip] [Z.nip] [V.nip] [S.COLD.nip]
[10/05/26 09:41:18] D2BS 20708: Loaded ÿc9[S.COLD.js]
[10/05/26 09:41:18] D2BS 20708: equipped: [Head] 13
[10/05/26 09:41:18] D2BS 20708: equipped: [Neck] 13
[10/05/26 09:41:18] D2BS 20708: equipped: [Body] 17
[10/05/26 09:41:18] D2BS 20708: equipped: [ArmR] 18
[10/05/26 09:41:18] D2BS 20708: equipped: [ArmL] 26
[10/05/26 09:41:18] D2BS 20708: equipped: [RingR] 13
[10/05/26 09:41:18] D2BS 20708: equipped: [RingL] 12
[10/05/26 09:41:18] D2BS 20708: equipped: [Belt] 16
[10/05/26 09:41:18] D2BS 20708: equipped: [Boots] 12
[10/05/26 09:41:18] D2BS 20708: equipped: [Mitts] 21
[10/05/26 09:41:18] D2BS 20708: updateStat
[10/05/26 09:41:18] D2BS 20708: granted: [Head] 13
[10/05/26 09:41:18] D2BS 20708: granted: [Body] 17
[10/05/26 09:41:18] D2BS 20708: granted: [ArmR] 22
[10/05/26 09:41:18] D2BS 20708: Loaded ÿc9[AutoSmurf.js]
[10/05/26 09:41:22] D2BS 20708: farmingON
[10/05/26 09:41:24] D2BS 20708: MiniShopBot: true
[10/05/26 09:41:24] D2BS 20708: UseMerc: true HP: 70
[10/05/26 09:41:29] D2BS 20708: [Socket] Broad Sword
[10/05/26 09:41:51] D2BS 20708: equipped: [Head] 16
[10/05/26 09:41:52] D2BS 20708: equipped: [RingL] 13
[10/05/26 09:41:53] D2BS 20708: Merc matched: Prayer
[10/05/26 09:41:58] D2BS 20708: Token needed
[10/05/26 09:42:03] D2BS 20708: act5+ BO
[10/05/26 09:42:15] D2BS 20708: ÿc4=== [BAAL] ===
[10/05/26 09:45:39] D2BS 20708: Going to town
[10/05/26 09:46:13] D2BS 20708: ÿc4=== [COUNTESS] ===
[10/05/26 09:47:34] D2BS 20708: ÿc4=== [PIT] ===
[10/05/26 09:49:19] D2BS 20708: ÿc4=== [ANDY] ===
[10/05/26 09:50:37] D2BS 20708: ÿc4=== [MEPHISTO] ===
[10/05/26 09:52:02] D2BS 20708: ÿc4=== [DIABLO] ===
[10/05/26 09:57:34] D2BS 20708: updateStat
[10/05/26 09:57:52] D2BS 20708: Going to town
[10/05/26 09:59:47] D2BS 20708:  [18:30] +22.55% / [Level 85] 47.12%
[10/05/26 09:59:47] D2BS 20708: Script threads\autobuildthread.js ended
[10/05/26 09:59:47] D2BS 20708: Script threads\partythread.js ended
[10/05/26 09:59:47] D2BS 20708: Script threads\townchicken.js ended
[10/05/26 09:59:47] D2BS 20708: Script default.dbj ended
[10/05/26 10:00:00] D2BS 20708: joining game pz-114
[10/05/26 10:00:01] D2BS 20708: ÿc2D2BSÿc0 :: Starting default.dbj
[10/05/26 10:00:01] D2BS 20708: ÿc2D2BSÿc0 :: default.dbj running.
[10/05/26 10:00:01] D2BS 20708: Loaded ÿc9[X.nip] [Y.nip] [Z.nip] [V.nip] [S.COLD.nip]
[10/05/26 10:00:01] D2BS 20708: Loaded ÿc9[S.COLD.js]
[10/05/26 10:00:01] D2BS 20708: equipped: [Head] 16
[10/05/26 10:00:01] D2BS 20708: equipped: [Neck] 13
[10/05/26 10:00:01] D2BS 20708: equipped: [Body] 17
[10/05/26 10:00:02] D2BS 20708: equipped: [ArmR] 18
[10/05/26 10:00:02] D2BS 20708: equipped: [ArmL] 26
[10/05/26 10:00:02] D2BS 20708: equipped: [RingR] 13
[10/05/26 10:00:02] D2BS 20708: equipped: [RingL] 13
[10/05/26 10:00:02] D2BS 20708: equipped: [Belt] 16
[10/05/26 10:00:02] D2BS 20708: equipped: [Boots] 12
[10/05/26 10:00:02] D2BS 20708: equipped: [Mitts] 21
[10/05/26 10:00:02] D2BS 20708: updateStat
[10/05/26 10:00:02] D2BS 20708: granted: [Head] 13
[10/05/26 10:00:02] D2BS 20708: granted: [Body] 17
[10/05/26 10:00:03] D2BS 20708: granted: [ArmR] 22
[10/05/26 10:00:03] D2BS 20708: Loaded ÿc9[AutoSmurf.js]
[10/05/26 10:00:07] D2BS 20708: farmingON
[10/05/26 10:00:08] D2BS 20708: MiniShopBot: true
[10/05/26 10:00:08] D2BS 20708: UseMerc: true HP: 70
[10/05/26 10:00:23] D2BS 20708: Merc matched: Prayer
[10/05/26 10:00:38] D2BS 20708: Token needed
[10/05/26 10:00:42] D2BS 20708: act5+ BO
[10/05/26 10:00:55] D2BS 20708: ÿc4=== [BAAL] ===
[10/05/26 10:01:11] D2BS 20708: Baal failed: souls found
[10/05/26 10:01:11] D2BS 20708: ÿc4=== [COUNTESS] ===
[10/05/26 10:02:21] D2BS 20708: ÿc4=== [PIT] ===
[10/05/26 10:04:42] D2BS 20708: ÿc4=== [ANDY] ===
[10/05/26 10:05:33] D2BS 20708: ÿc4=== [MEPHISTO] ===
[10/05/26 10:05:42] D2BS 20708: granted: [Head] 14
[10/05/26 10:06:47] D2BS 20708: ÿc4=== [DIABLO] ===
[10/05/26 10:13:05] D2BS 20708: party has left: fowo-xa
[10/05/26 10:13:05] D2BS 20708:  [13:04] +12.29% / [Level 85] 59.41%
[10/05/26 10:13:05] D2BS 20708: Script threads\autobuildthread.js ended
[10/05/26 10:13:05] D2BS 20708: Script threads\partythread.js ended
[10/05/26 10:13:05] D2BS 20708: Script threads\townchicken.js ended
[10/05/26 10:13:05] D2BS 20708: Script default.dbj ended
[10/05/26 10:13:17] D2BS 20708: joining game pz-115
[10/05/26 10:13:19] D2BS 20708: ÿc2D2BSÿc0 :: Starting default.dbj
[10/05/26 10:13:19] D2BS 20708: ÿc2D2BSÿc0 :: default.dbj running.
[10/05/26 10:13:19] D2BS 20708: Loaded ÿc9[X.nip] [Y.nip] [Z.nip] [V.nip] [S.COLD.nip]
[10/05/26 10:13:19] D2BS 20708: Loaded ÿc9[S.COLD.js]
[10/05/26 10:13:19] D2BS 20708: equipped: [Head] 16
[10/05/26 10:13:19] D2BS 20708: equipped: [Neck] 13
[10/05/26 10:13:19] D2BS 20708: equipped: [Body] 17
[10/05/26 10:13:19] D2BS 20708: equipped: [ArmR] 18
[10/05/26 10:13:19] D2BS 20708: equipped: [ArmL] 26
[10/05/26 10:13:19] D2BS 20708: equipped: [RingR] 13
[10/05/26 10:13:19] D2BS 20708: equipped: [RingL] 13
[10/05/26 10:13:19] D2BS 20708: equipped: [Belt] 16
[10/05/26 10:13:19] D2BS 20708: equipped: [Boots] 12
[10/05/26 10:13:19] D2BS 20708: equipped: [Mitts] 21
[10/05/26 10:13:19] D2BS 20708: updateStat
[10/05/26 10:13:19] D2BS 20708: granted: [Head] 14
[10/05/26 10:13:19] D2BS 20708: granted: [Body] 17
[10/05/26 10:13:19] D2BS 20708: granted: [ArmR] 22
[10/05/26 10:13:19] D2BS 20708: Loaded ÿc9[AutoSmurf.js]
[10/05/26 10:13:24] D2BS 20708: farmingON
[10/05/26 10:13:27] D2BS 20708: MiniShopBot: true
[10/05/26 10:13:27] D2BS 20708: UseMerc: true HP: 70
[10/05/26 10:13:45] D2BS 20708: Merc matched: Prayer
[10/05/26 10:13:53] D2BS 20708: Token needed
[10/05/26 10:13:57] D2BS 20708: act5+ BO
[10/05/26 10:14:11] D2BS 20708: ÿc4=== [BAAL] ===
[10/05/26 10:18:01] D2BS 20708: ÿc4=== [COUNTESS] ===
[10/05/26 10:19:16] D2BS 20708: ÿc4=== [PIT] ===
[10/05/26 10:20:59] D2BS 20708: ÿc4=== [ANDY] ===
[10/05/26 10:21:11] D2BS 20708: equipped: [Neck] 16
[10/05/26 10:21:57] D2BS 20708: ÿc4=== [MEPHISTO] ===
[10/05/26 10:23:18] D2BS 20708: ÿc4=== [DIABLO] ===
[10/05/26 10:23:30] D2BS 20708: equipped: [Body] 20
[10/05/26 10:23:31] D2BS 20708: granted: [Body] 19
[10/05/26 10:29:55] D2BS 20708: party has left: fowo-xe, fowo-xg
[10/05/26 10:29:55] D2BS 20708:  [16:37] +22.74% / [Level 85] 82.14%
[10/05/26 10:29:55] D2BS 20708: Script threads\autobuildthread.js ended
[10/05/26 10:29:56] D2BS 20708: Script threads\partythread.js ended
[10/05/26 10:29:56] D2BS 20708: Script threads\townchicken.js ended
[10/05/26 10:29:56] D2BS 20708: Script default.dbj ended
[10/05/26 10:30:08] D2BS 20708: joining game pz-116
[10/05/26 10:30:09] D2BS 20708: ÿc2D2BSÿc0 :: Starting default.dbj
[10/05/26 10:30:09] D2BS 20708: ÿc2D2BSÿc0 :: default.dbj running.
[10/05/26 10:30:10] D2BS 20708: Loaded ÿc9[X.nip] [Y.nip] [Z.nip] [V.nip] [S.COLD.nip]
[10/05/26 10:30:10] D2BS 20708: Loaded ÿc9[S.COLD.js]
[10/05/26 10:30:10] D2BS 20708: equipped: [Head] 16
[10/05/26 10:30:10] D2BS 20708: equipped: [Neck] 16
[10/05/26 10:30:10] D2BS 20708: equipped: [Body] 20
[10/05/26 10:30:10] D2BS 20708: equipped: [ArmR] 18
[10/05/26 10:30:10] D2BS 20708: equipped: [ArmL] 26
[10/05/26 10:30:10] D2BS 20708: equipped: [RingR] 13
[10/05/26 10:30:10] D2BS 20708: equipped: [RingL] 13
[10/05/26 10:30:10] D2BS 20708: equipped: [Belt] 16
[10/05/26 10:30:10] D2BS 20708: equipped: [Boots] 12
[10/05/26 10:30:10] D2BS 20708: equipped: [Mitts] 21
[10/05/26 10:30:10] D2BS 20708: updateStat
[10/05/26 10:30:10] D2BS 20708: granted: [Head] 14
[10/05/26 10:30:10] D2BS 20708: granted: [Body] 19
[10/05/26 10:30:10] D2BS 20708: granted: [ArmR] 22
[10/05/26 10:30:10] D2BS 20708: Loaded ÿc9[AutoSmurf.js]
[10/05/26 10:30:16] D2BS 20708: farmingON
[10/05/26 10:30:17] D2BS 20708: MiniShopBot: true
[10/05/26 10:30:17] D2BS 20708: UseMerc: true HP: 70
[10/05/26 10:30:39] D2BS 20708: Merc matched: Prayer
[10/05/26 10:30:48] D2BS 20708: Token needed
[10/05/26 10:30:51] D2BS 20708: act5+ BO
[10/05/26 10:31:04] D2BS 20708: ÿc4=== [BAAL] ===
[10/05/26 10:34:52] D2BS 20708: ÿc4=== [COUNTESS] ===
[10/05/26 10:36:13] D2BS 20708: ÿc4=== [PIT] ===
[10/05/26 10:38:06] D2BS 20708: ÿc4=== [ANDY] ===
[10/05/26 10:39:00] D2BS 20708: ÿc4=== [MEPHISTO] ===
[10/05/26 10:40:09] D2BS 20708: ÿc4=== [DIABLO] ===
[10/05/26 10:43:11] D2BS 20708: party has left: fowo-xf
[10/05/26 10:43:11] D2BS 20708:  [13:02] +17.39% / [Level 86] 1.01%
[10/05/26 10:43:11] D2BS 20708: Script threads\autobuildthread.js ended
[10/05/26 10:43:11] D2BS 20708: Script threads\partythread.js ended
[10/05/26 10:43:11] D2BS 20708: Script threads\townchicken.js ended
[10/05/26 10:43:11] D2BS 20708: Script default.dbj ended
[10/05/26 10:43:24] D2BS 20708: joining game pz-117
[10/05/26 10:43:26] D2BS 20708: ÿc2D2BSÿc0 :: Starting default.dbj
[10/05/26 10:43:26] D2BS 20708: ÿc2D2BSÿc0 :: default.dbj running.
[10/05/26 10:43:26] D2BS 20708: Loaded ÿc9[X.nip] [Y.nip] [Z.nip] [V.nip] [S.COLD.nip]
[10/05/26 10:43:26] D2BS 20708: Loaded ÿc9[S.COLD.js]
[10/05/26 10:43:26] D2BS 20708: equipped: [Head] 16
[10/05/26 10:43:26] D2BS 20708: equipped: [Neck] 16
[10/05/26 10:43:26] D2BS 20708: equipped: [Body] 20
[10/05/26 10:43:26] D2BS 20708: equipped: [ArmR] 18
[10/05/26 10:43:26] D2BS 20708: equipped: [ArmL] 26
[10/05/26 10:43:26] D2BS 20708: equipped: [RingR] 13
[10/05/26 10:43:26] D2BS 20708: equipped: [RingL] 13
[10/05/26 10:43:26] D2BS 20708: equipped: [Belt] 16
[10/05/26 10:43:26] D2BS 20708: equipped: [Boots] 12
[10/05/26 10:43:26] D2BS 20708: equipped: [Mitts] 21
[10/05/26 10:43:26] D2BS 20708: updateStat
[10/05/26 10:43:26] D2BS 20708: granted: [Head] 14
[10/05/26 10:43:26] D2BS 20708: granted: [Body] 19
[10/05/26 10:43:26] D2BS 20708: granted: [ArmR] 22
[10/05/26 10:43:26] D2BS 20708: Loaded ÿc9[AutoSmurf.js]
[10/05/26 10:43:32] D2BS 20708: farmingON
[10/05/26 10:43:32] D2BS 20708: MiniShopBot: true
[10/05/26 10:43:32] D2BS 20708: UseMerc: true HP: 70
[10/05/26 10:43:49] D2BS 20708: Merc matched: Prayer
[10/05/26 10:44:04] D2BS 20708: Token needed
[10/05/26 10:44:08] D2BS 20708: act5+ BO
[10/05/26 10:44:21] D2BS 20708: ÿc4=== [BAAL] ===
[10/05/26 10:44:55] D2BS 20708: Going to town
[10/05/26 10:48:16] D2BS 20708: ÿc4=== [COUNTESS] ===
[10/05/26 10:49:43] D2BS 20708: ÿc4=== [PIT] ===
[10/05/26 10:51:38] D2BS 20708: ÿc4=== [ANDY] ===
[10/05/26 10:52:48] D2BS 20708: ÿc4=== [MEPHISTO] ===
[10/05/26 10:54:10] D2BS 20708: ÿc4=== [DIABLO] ===
[10/05/26 11:00:17] D2BS 20708: party has left: fowo-xa
[10/05/26 11:00:17] D2BS 20708:  [16:52] +18.22% / [Level 86] 19.23%
[10/05/26 11:00:17] D2BS 20708: Script threads\autobuildthread.js ended
[10/05/26 11:00:17] D2BS 20708: Script threads\partythread.js ended
[10/05/26 11:00:17] D2BS 20708: Script threads\townchicken.js ended
[10/05/26 11:00:17] D2BS 20708: Script default.dbj ended
[10/05/26 11:00:30] D2BS 20708: joining game pz-118
[10/05/26 11:00:31] D2BS 20708: ÿc2D2BSÿc0 :: Starting default.dbj
[10/05/26 11:00:31] D2BS 20708: ÿc2D2BSÿc0 :: default.dbj running.
[10/05/26 11:00:31] D2BS 20708: Loaded ÿc9[X.nip] [Y.nip] [Z.nip] [V.nip] [S.COLD.nip]
[10/05/26 11:00:31] D2BS 20708: Loaded ÿc9[S.COLD.js]
[10/05/26 11:00:31] D2BS 20708: equipped: [Head] 16
[10/05/26 11:00:31] D2BS 20708: equipped: [Neck] 16
[10/05/26 11:00:32] D2BS 20708: equipped: [Body] 20
[10/05/26 11:00:32] D2BS 20708: equipped: [ArmR] 18
[10/05/26 11:00:32] D2BS 20708: equipped: [ArmL] 26
[10/05/26 11:00:32] D2BS 20708: equipped: [RingR] 13
[10/05/26 11:00:32] D2BS 20708: equipped: [RingL] 13
[10/05/26 11:00:32] D2BS 20708: equipped: [Belt] 16
[10/05/26 11:00:32] D2BS 20708: equipped: [Boots] 12
[10/05/26 11:00:32] D2BS 20708: equipped: [Mitts] 21
[10/05/26 11:00:32] D2BS 20708: updateStat
[10/05/26 11:00:32] D2BS 20708: granted: [Head] 14
[10/05/26 11:00:32] D2BS 20708: granted: [Body] 19
[10/05/26 11:00:32] D2BS 20708: granted: [ArmR] 22
[10/05/26 11:00:32] D2BS 20708: Loaded ÿc9[AutoSmurf.js]
[10/05/26 11:00:37] D2BS 20708: farmingON
[10/05/26 11:00:38] D2BS 20708: MiniShopBot: true
[10/05/26 11:00:38] D2BS 20708: UseMerc: true HP: 70
[10/05/26 11:00:56] D2BS 20708: Merc matched: Prayer
[10/05/26 11:01:12] D2BS 20708: Token needed
[10/05/26 11:01:17] D2BS 20708: act5+ BO
[10/05/26 11:01:29] D2BS 20708: ÿc4=== [BAAL] ===
[10/05/26 11:02:14] D2BS 20708: updateStat
[10/05/26 11:05:06] D2BS 20708: ÿc4=== [COUNTESS] ===
[10/05/26 11:06:07] D2BS 20708: ÿc4=== [PIT] ===
[10/05/26 11:07:42] D2BS 20708: ÿc4=== [ANDY] ===
[10/05/26 11:08:31] D2BS 20708: ÿc4=== [MEPHISTO] ===
[10/05/26 11:09:42] D2BS 20708: ÿc4=== [DIABLO] ===
[10/05/26 11:15:06] D2BS 20708: Script ended
[10/05/26 11:15:06] D2BS 20708:  [14:35] +16.93% / [Level 86] 36.16%
[10/05/26 11:15:06] D2BS 20708: Script threads\autobuildthread.js ended
[10/05/26 11:15:06] D2BS 20708: Script threads\partythread.js ended
[10/05/26 11:15:06] D2BS 20708: Script threads\townchicken.js ended
[10/05/26 11:15:18] D2BS 20708: joining game pz-119
[10/05/26 11:15:20] D2BS 20708: ÿc2D2BSÿc0 :: Starting default.dbj
[10/05/26 11:15:20] D2BS 20708: ÿc2D2BSÿc0 :: default.dbj running.
[10/05/26 11:15:20] D2BS 20708: Loaded ÿc9[X.nip] [Y.nip] [Z.nip] [V.nip] [S.COLD.nip]
[10/05/26 11:15:20] D2BS 20708: Loaded ÿc9[S.COLD.js]
[10/05/26 11:15:20] D2BS 20708: equipped: [Head] 16
[10/05/26 11:15:20] D2BS 20708: equipped: [Neck] 16
[10/05/26 11:15:20] D2BS 20708: equipped: [Body] 20
[10/05/26 11:15:20] D2BS 20708: equipped: [ArmR] 18
[10/05/26 11:15:20] D2BS 20708: equipped: [ArmL] 26
[10/05/26 11:15:20] D2BS 20708: equipped: [RingR] 13
[10/05/26 11:15:20] D2BS 20708: equipped: [RingL] 13
[10/05/26 11:15:20] D2BS 20708: equipped: [Belt] 16
[10/05/26 11:15:20] D2BS 20708: equipped: [Boots] 12
[10/05/26 11:15:20] D2BS 20708: equipped: [Mitts] 21
[10/05/26 11:15:20] D2BS 20708: updateStat
[10/05/26 11:15:20] D2BS 20708: granted: [Head] 14
[10/05/26 11:15:20] D2BS 20708: granted: [Body] 19
[10/05/26 11:15:20] D2BS 20708: granted: [ArmR] 22
[10/05/26 11:15:20] D2BS 20708: Loaded ÿc9[AutoSmurf.js]
[10/05/26 11:15:26] D2BS 20708: farmingON
[10/05/26 11:15:26] D2BS 20708: MiniShopBot: true
[10/05/26 11:15:26] D2BS 20708: UseMerc: true HP: 70
[10/05/26 11:15:44] D2BS 20708: Merc matched: Prayer
[10/05/26 11:16:03] D2BS 20708: Token needed
[10/05/26 11:16:06] D2BS 20708: act5+ BO
[10/05/26 11:16:19] D2BS 20708: ÿc4=== [BAAL] ===
[10/05/26 11:16:42] D2BS 20708: Baal failed: souls found
[10/05/26 11:16:42] D2BS 20708: ÿc4=== [COUNTESS] ===
[10/05/26 11:17:54] D2BS 20708: ÿc4=== [PIT] ===
[10/05/26 11:20:01] D2BS 20708: ÿc4=== [ANDY] ===
[10/05/26 11:21:17] D2BS 20708: ÿc4=== [MEPHISTO] ===
[10/05/26 11:22:26] D2BS 20708: ÿc4=== [DIABLO] ===
[10/05/26 11:28:43] D2BS 20708: party has left: fowo-xh
[10/05/26 11:28:43] D2BS 20708:  [13:24] +11.06% / [Level 86] 47.22%
[10/05/26 11:28:43] D2BS 20708: Script threads\autobuildthread.js ended
[10/05/26 11:28:43] D2BS 20708: Script threads\partythread.js ended
[10/05/26 11:28:44] D2BS 20708: Script threads\townchicken.js ended
[10/05/26 11:28:44] D2BS 20708: Script default.dbj ended
[10/05/26 11:28:56] D2BS 20708: joining game pz-120
[10/05/26 11:28:58] D2BS 20708: ÿc2D2BSÿc0 :: Starting default.dbj
[10/05/26 11:28:58] D2BS 20708: ÿc2D2BSÿc0 :: default.dbj running.
[10/05/26 11:28:59] D2BS 20708: Loaded ÿc9[X.nip] [Y.nip] [Z.nip] [V.nip] [S.COLD.nip]
[10/05/26 11:28:59] D2BS 20708: Loaded ÿc9[S.COLD.js]
[10/05/26 11:28:59] D2BS 20708: equipped: [Head] 16
[10/05/26 11:28:59] D2BS 20708: equipped: [Neck] 16
[10/05/26 11:28:59] D2BS 20708: equipped: [Body] 20
[10/05/26 11:28:59] D2BS 20708: equipped: [ArmR] 18
[10/05/26 11:28:59] D2BS 20708: equipped: [ArmL] 26
[10/05/26 11:28:59] D2BS 20708: equipped: [RingR] 13
[10/05/26 11:28:59] D2BS 20708: equipped: [RingL] 13
[10/05/26 11:28:59] D2BS 20708: equipped: [Belt] 16
[10/05/26 11:28:59] D2BS 20708: equipped: [Boots] 12
[10/05/26 11:28:59] D2BS 20708: equipped: [Mitts] 21
[10/05/26 11:28:59] D2BS 20708: updateStat
[10/05/26 11:28:59] D2BS 20708: granted: [Head] 14
[10/05/26 11:28:59] D2BS 20708: granted: [Body] 19
[10/05/26 11:28:59] D2BS 20708: granted: [ArmR] 22
[10/05/26 11:28:59] D2BS 20708: Loaded ÿc9[AutoSmurf.js]
[10/05/26 11:29:04] D2BS 20708: farmingON
[10/05/26 11:29:06] D2BS 20708: MiniShopBot: true
[10/05/26 11:29:06] D2BS 20708: UseMerc: true HP: 70
[10/05/26 11:29:23] D2BS 20708: Merc matched: Prayer
[10/05/26 11:29:57] D2BS 20708: Token needed
[10/05/26 11:30:00] D2BS 20708: act5+ BO
[10/05/26 11:30:13] D2BS 20708: ÿc4=== [BAAL] ===
[10/05/26 11:33:52] D2BS 20708: ÿc4=== [COUNTESS] ===
[10/05/26 11:35:10] D2BS 20708: ÿc4=== [PIT] ===
[10/05/26 11:36:59] D2BS 20708: ÿc4=== [ANDY] ===
[10/05/26 11:37:56] D2BS 20708: ÿc4=== [MEPHISTO] ===
[10/05/26 11:39:15] D2BS 20708: ÿc4=== [DIABLO] ===
[10/05/26 11:45:51] D2BS 20708: party has left: fowo-xa
[10/05/26 11:45:51] D2BS 20708:  [16:53] +15.93% / [Level 86] 63.15%
[10/05/26 11:45:51] D2BS 20708: Script threads\autobuildthread.js ended
[10/05/26 11:45:51] D2BS 20708: Script threads\partythread.js ended
[10/05/26 11:45:51] D2BS 20708: Script threads\townchicken.js ended
[10/05/26 11:45:51] D2BS 20708: Script default.dbj ended
[10/05/26 11:46:05] D2BS 20708: joining game pz-121
[10/05/26 11:46:06] D2BS 20708: ÿc2D2BSÿc0 :: Starting default.dbj
[10/05/26 11:46:06] D2BS 20708: ÿc2D2BSÿc0 :: default.dbj running.
[10/05/26 11:46:07] D2BS 20708: Loaded ÿc9[X.nip] [Y.nip] [Z.nip] [V.nip] [S.COLD.nip]
[10/05/26 11:46:07] D2BS 20708: Loaded ÿc9[S.COLD.js]
[10/05/26 11:46:07] D2BS 20708: equipped: [Head] 16
[10/05/26 11:46:07] D2BS 20708: equipped: [Neck] 16
[10/05/26 11:46:07] D2BS 20708: equipped: [Body] 20
[10/05/26 11:46:07] D2BS 20708: equipped: [ArmR] 18
[10/05/26 11:46:07] D2BS 20708: equipped: [ArmL] 26
[10/05/26 11:46:07] D2BS 20708: equipped: [RingR] 13
[10/05/26 11:46:07] D2BS 20708: equipped: [RingL] 13
[10/05/26 11:46:07] D2BS 20708: equipped: [Belt] 16
[10/05/26 11:46:07] D2BS 20708: equipped: [Boots] 12
[10/05/26 11:46:07] D2BS 20708: equipped: [Mitts] 21
[10/05/26 11:46:07] D2BS 20708: updateStat
[10/05/26 11:46:07] D2BS 20708: granted: [Head] 14
[10/05/26 11:46:07] D2BS 20708: granted: [Body] 19
[10/05/26 11:46:07] D2BS 20708: granted: [ArmR] 22
[10/05/26 11:46:07] D2BS 20708: Loaded ÿc9[AutoSmurf.js]
[10/05/26 11:46:12] D2BS 20708: farmingON
[10/05/26 11:46:13] D2BS 20708: MiniShopBot: true
[10/05/26 11:46:13] D2BS 20708: UseMerc: true HP: 70
[10/05/26 11:46:30] D2BS 20708: Merc matched: Prayer
[10/05/26 11:46:44] D2BS 20708: Token needed
[10/05/26 11:46:48] D2BS 20708: act5+ BO
[10/05/26 11:47:01] D2BS 20708: ÿc4=== [BAAL] ===
[10/05/26 11:47:13] D2BS 20708: Baal failed: souls found
[10/05/26 11:47:13] D2BS 20708: ÿc4=== [COUNTESS] ===
[10/05/26 11:48:13] D2BS 20708: ÿc4=== [PIT] ===
[10/05/26 11:50:05] D2BS 20708: ÿc4=== [ANDY] ===
[10/05/26 11:51:20] D2BS 20708: ÿc4=== [MEPHISTO] ===
[10/05/26 11:52:43] D2BS 20708: ÿc4=== [DIABLO] ===
[10/05/26 11:59:51] D2BS 20708: party has left: fowo-xf
[10/05/26 11:59:51] D2BS 20708:  [13:45] +8.14% / [Level 86] 71.29%
[10/05/26 11:59:51] D2BS 20708: Script threads\autobuildthread.js ended
[10/05/26 11:59:52] D2BS 20708: Script threads\partythread.js ended
[10/05/26 11:59:52] D2BS 20708: Script threads\townchicken.js ended
[10/05/26 11:59:52] D2BS 20708: Script default.dbj ended
[10/05/26 12:00:05] D2BS 20708: joining game pz-122
[10/05/26 12:00:07] D2BS 20708: ÿc2D2BSÿc0 :: Starting default.dbj
[10/05/26 12:00:07] D2BS 20708: ÿc2D2BSÿc0 :: default.dbj running.
[10/05/26 12:00:07] D2BS 20708: Loaded ÿc9[X.nip] [Y.nip] [Z.nip] [V.nip] [S.COLD.nip]
[10/05/26 12:00:07] D2BS 20708: Loaded ÿc9[S.COLD.js]
[10/05/26 12:00:07] D2BS 20708: equipped: [Head] 16
[10/05/26 12:00:07] D2BS 20708: equipped: [Neck] 16
[10/05/26 12:00:07] D2BS 20708: equipped: [Body] 20
[10/05/26 12:00:07] D2BS 20708: equipped: [ArmR] 18
[10/05/26 12:00:07] D2BS 20708: equipped: [ArmL] 26
[10/05/26 12:00:07] D2BS 20708: equipped: [RingR] 13
[10/05/26 12:00:07] D2BS 20708: equipped: [RingL] 13
[10/05/26 12:00:07] D2BS 20708: equipped: [Belt] 16
[10/05/26 12:00:07] D2BS 20708: equipped: [Boots] 12
[10/05/26 12:00:07] D2BS 20708: equipped: [Mitts] 21
[10/05/26 12:00:07] D2BS 20708: updateStat
[10/05/26 12:00:07] D2BS 20708: granted: [Head] 14
[10/05/26 12:00:07] D2BS 20708: granted: [Body] 19
[10/05/26 12:00:07] D2BS 20708: granted: [ArmR] 22
[10/05/26 12:00:07] D2BS 20708: Loaded ÿc9[AutoSmurf.js]
[10/05/26 12:00:13] D2BS 20708: farmingON
[10/05/26 12:00:16] D2BS 20708: MiniShopBot: true
[10/05/26 12:00:16] D2BS 20708: UseMerc: true HP: 70
[10/05/26 12:00:36] D2BS 20708: Merc matched: Prayer
[10/05/26 12:00:48] D2BS 20708: Token needed
[10/05/26 12:00:52] D2BS 20708: act5+ BO
[10/05/26 12:01:06] D2BS 20708: ÿc4=== [BAAL] ===
[10/05/26 12:04:23] D2BS 20708: Going to town
[10/05/26 12:05:04] D2BS 20708: ÿc4=== [COUNTESS] ===
[10/05/26 12:06:32] D2BS 20708: ÿc4=== [PIT] ===
[10/05/26 12:08:12] D2BS 20708: ÿc4=== [ANDY] ===
[10/05/26 12:09:12] D2BS 20708: ÿc4=== [MEPHISTO] ===
[10/05/26 12:10:51] D2BS 20708: ÿc4=== [DIABLO] ===
[10/05/26 12:17:18] D2BS 20708: party has left: fowo-xa
[10/05/26 12:17:19] D2BS 20708:  [17:12] +16.52% / [Level 86] 87.81%
[10/05/26 12:17:19] D2BS 20708: Script threads\autobuildthread.js ended
[10/05/26 12:17:19] D2BS 20708: Script threads\partythread.js ended
[10/05/26 12:17:19] D2BS 20708: Script threads\townchicken.js ended
[10/05/26 12:17:19] D2BS 20708: Script default.dbj ended
[10/05/26 12:17:31] D2BS 20708: joining game pz-123
[10/05/26 12:17:33] D2BS 20708: ÿc2D2BSÿc0 :: Starting default.dbj
[10/05/26 12:17:33] D2BS 20708: ÿc2D2BSÿc0 :: default.dbj running.
[10/05/26 12:17:33] D2BS 20708: Loaded ÿc9[X.nip] [Y.nip] [Z.nip] [V.nip] [S.COLD.nip]
[10/05/26 12:17:33] D2BS 20708: Loaded ÿc9[S.COLD.js]
[10/05/26 12:17:34] D2BS 20708: equipped: [Head] 16
[10/05/26 12:17:34] D2BS 20708: equipped: [Neck] 16
[10/05/26 12:17:34] D2BS 20708: equipped: [Body] 20
[10/05/26 12:17:34] D2BS 20708: equipped: [ArmR] 18
[10/05/26 12:17:34] D2BS 20708: equipped: [ArmL] 26
[10/05/26 12:17:34] D2BS 20708: equipped: [RingR] 13
[10/05/26 12:17:34] D2BS 20708: equipped: [RingL] 13
[10/05/26 12:17:34] D2BS 20708: equipped: [Belt] 16
[10/05/26 12:17:34] D2BS 20708: equipped: [Boots] 12
[10/05/26 12:17:34] D2BS 20708: equipped: [Mitts] 21
[10/05/26 12:17:34] D2BS 20708: updateStat
[10/05/26 12:17:34] D2BS 20708: granted: [Head] 14
[10/05/26 12:17:34] D2BS 20708: granted: [Body] 19
[10/05/26 12:17:34] D2BS 20708: granted: [ArmR] 22
[10/05/26 12:17:34] D2BS 20708: Loaded ÿc9[AutoSmurf.js]
[10/05/26 12:17:40] D2BS 20708: farmingON
[10/05/26 12:17:41] D2BS 20708: MiniShopBot: true
[10/05/26 12:17:41] D2BS 20708: UseMerc: true HP: 70
[10/05/26 12:17:59] D2BS 20708: Merc matched: Prayer
[10/05/26 12:18:14] D2BS 20708: Token needed
[10/05/26 12:18:18] D2BS 20708: act5+ BO
[10/05/26 12:18:30] D2BS 20708: ÿc4=== [BAAL] ===
[10/05/26 12:21:38] D2BS 20708: ÿc4=== [COUNTESS] ===
[10/05/26 12:22:53] D2BS 20708: ÿc4=== [PIT] ===
[10/05/26 12:24:19] D2BS 20708: ÿc4=== [ANDY] ===
[10/05/26 12:25:14] D2BS 20708: ÿc4=== [MEPHISTO] ===
[10/05/26 12:26:20] D2BS 20708: ÿc4=== [DIABLO] ===
[10/05/26 12:32:02] D2BS 20708: party has left: fowo-xh
[10/05/26 12:32:02] D2BS 20708:  [14:29] +12.56% / [Level 87] 1.37%
[10/05/26 12:32:02] D2BS 20708: Script threads\autobuildthread.js ended
[10/05/26 12:32:03] D2BS 20708: Script threads\partythread.js ended
[10/05/26 12:32:03] D2BS 20708: Script threads\townchicken.js ended
[10/05/26 12:32:03] D2BS 20708: Script default.dbj ended
[10/05/26 12:32:15] D2BS 20708: joining game pz-124
[10/05/26 12:32:16] D2BS 20708: ÿc2D2BSÿc0 :: Starting default.dbj
[10/05/26 12:32:16] D2BS 20708: ÿc2D2BSÿc0 :: default.dbj running.
[10/05/26 12:32:18] D2BS 20708: Loaded ÿc9[X.nip] [Y.nip] [Z.nip] [V.nip] [S.COLD.nip]
[10/05/26 12:32:18] D2BS 20708: Loaded ÿc9[S.COLD.js]
[10/05/26 12:32:18] D2BS 20708: equipped: [Head] 16
[10/05/26 12:32:18] D2BS 20708: equipped: [Neck] 16
[10/05/26 12:32:18] D2BS 20708: equipped: [Body] 20
[10/05/26 12:32:18] D2BS 20708: equipped: [ArmR] 18
[10/05/26 12:32:18] D2BS 20708: equipped: [ArmL] 26
[10/05/26 12:32:18] D2BS 20708: equipped: [RingR] 13
[10/05/26 12:32:18] D2BS 20708: equipped: [RingL] 13
[10/05/26 12:32:18] D2BS 20708: equipped: [Belt] 16
[10/05/26 12:32:18] D2BS 20708: equipped: [Boots] 12
[10/05/26 12:32:18] D2BS 20708: equipped: [Mitts] 21
[10/05/26 12:32:18] D2BS 20708: updateStat
[10/05/26 12:32:18] D2BS 20708: granted: [Head] 14
[10/05/26 12:32:18] D2BS 20708: granted: [Body] 19
[10/05/26 12:32:18] D2BS 20708: granted: [ArmR] 22
[10/05/26 12:32:18] D2BS 20708: Loaded ÿc9[AutoSmurf.js]
[10/05/26 12:32:22] D2BS 20708: farmingON
[10/05/26 12:32:25] D2BS 20708: MiniShopBot: true
[10/05/26 12:32:25] D2BS 20708: UseMerc: true HP: 70
[10/05/26 12:32:52] D2BS 20708: Merc matched: Prayer
[10/05/26 12:32:56] D2BS 20708: Token needed
[10/05/26 12:33:00] D2BS 20708: act5+ BO
[10/05/26 12:33:14] D2BS 20708: ÿc4=== [BAAL] ===
[10/05/26 12:36:42] D2BS 20708: ÿc4=== [COUNTESS] ===
[10/05/26 12:37:49] D2BS 20708: ÿc4=== [PIT] ===
[10/05/26 12:39:38] D2BS 20708: ÿc4=== [ANDY] ===
[10/05/26 12:40:31] D2BS 20708: ÿc4=== [MEPHISTO] ===
[10/05/26 12:41:40] D2BS 20708: ÿc4=== [DIABLO] ===
[10/05/26 12:46:34] D2BS 20708: Script ended
[10/05/26 12:46:34] D2BS 20708:  [14:18] +9.85% / [Level 87] 11.22%
[10/05/26 12:46:34] D2BS 20708: Script threads\autobuildthread.js ended
[10/05/26 12:46:34] D2BS 20708: Script threads\partythread.js ended
[10/05/26 12:46:34] D2BS 20708: Script threads\townchicken.js ended
[10/05/26 12:46:48] D2BS 20708: joining game pz-125
[10/05/26 12:46:50] D2BS 20708: ÿc2D2BSÿc0 :: Starting default.dbj
[10/05/26 12:46:50] D2BS 20708: ÿc2D2BSÿc0 :: default.dbj running.
[10/05/26 12:46:50] D2BS 20708: Loaded ÿc9[X.nip] [Y.nip] [Z.nip] [V.nip] [S.COLD.nip]
[10/05/26 12:46:50] D2BS 20708: Loaded ÿc9[S.COLD.js]
[10/05/26 12:46:50] D2BS 20708: equipped: [Head] 16
[10/05/26 12:46:51] D2BS 20708: equipped: [Neck] 16
[10/05/26 12:46:51] D2BS 20708: equipped: [Body] 20
[10/05/26 12:46:51] D2BS 20708: equipped: [ArmR] 18
[10/05/26 12:46:51] D2BS 20708: equipped: [ArmL] 26
[10/05/26 12:46:51] D2BS 20708: equipped: [RingR] 13
[10/05/26 12:46:51] D2BS 20708: equipped: [RingL] 13
[10/05/26 12:46:51] D2BS 20708: equipped: [Belt] 16
[10/05/26 12:46:51] D2BS 20708: equipped: [Boots] 12
[10/05/26 12:46:51] D2BS 20708: equipped: [Mitts] 21
[10/05/26 12:46:51] D2BS 20708: updateStat
[10/05/26 12:46:51] D2BS 20708: granted: [Head] 14
[10/05/26 12:46:51] D2BS 20708: granted: [Body] 19
[10/05/26 12:46:51] D2BS 20708: granted: [ArmR] 22
[10/05/26 12:46:51] D2BS 20708: Loaded ÿc9[AutoSmurf.js]
[10/05/26 12:46:55] D2BS 20708: farmingON
[10/05/26 12:46:56] D2BS 20708: MiniShopBot: true
[10/05/26 12:46:56] D2BS 20708: UseMerc: true HP: 70
[10/05/26 12:47:22] D2BS 20708: Merc matched: Prayer
[10/05/26 12:47:27] D2BS 20708: Token needed
[10/05/26 12:47:32] D2BS 20708: act5+ BO
[10/05/26 12:47:45] D2BS 20708: ÿc4=== [BAAL] ===
[10/05/26 12:48:03] D2BS 20708: Baal failed: souls found
[10/05/26 12:48:03] D2BS 20708: ÿc4=== [COUNTESS] ===
[10/05/26 12:49:18] D2BS 20708: ÿc4=== [PIT] ===
[10/05/26 12:50:39] D2BS 20708: ÿc4=== [ANDY] ===
[10/05/26 12:51:35] D2BS 20708: ÿc4=== [MEPHISTO] ===
[10/05/26 12:52:47] D2BS 20708: ÿc4=== [DIABLO] ===
[10/05/26 12:56:34] D2BS 20708: updateStat
[10/05/26 12:58:33] D2BS 20708: party has left: fowo-xf
[10/05/26 12:58:33] D2BS 20708:  [11:43] +5.42% / [Level 87] 16.65%
[10/05/26 12:58:33] D2BS 20708: Script threads\autobuildthread.js ended
[10/05/26 12:58:33] D2BS 20708: Script threads\partythread.js ended
[10/05/26 12:58:34] D2BS 20708: Script threads\townchicken.js ended
[10/05/26 12:58:34] D2BS 20708: Script default.dbj ended
[10/05/26 12:58:44] D2BS 20708: joining game pz-126
[10/05/26 12:58:46] D2BS 20708: ÿc2D2BSÿc0 :: Starting default.dbj
[10/05/26 12:58:46] D2BS 20708: ÿc2D2BSÿc0 :: default.dbj running.
[10/05/26 12:58:47] D2BS 20708: Loaded ÿc9[X.nip] [Y.nip] [Z.nip] [V.nip] [S.COLD.nip]
[10/05/26 12:58:47] D2BS 20708: Loaded ÿc9[S.COLD.js]
[10/05/26 12:58:47] D2BS 20708: equipped: [Head] 16
[10/05/26 12:58:47] D2BS 20708: equipped: [Neck] 16
[10/05/26 12:58:47] D2BS 20708: equipped: [Body] 20
[10/05/26 12:58:47] D2BS 20708: equipped: [ArmR] 18
[10/05/26 12:58:47] D2BS 20708: equipped: [ArmL] 26
[10/05/26 12:58:47] D2BS 20708: equipped: [RingR] 13
[10/05/26 12:58:47] D2BS 20708: equipped: [RingL] 13
[10/05/26 12:58:47] D2BS 20708: equipped: [Belt] 16
[10/05/26 12:58:47] D2BS 20708: equipped: [Boots] 12
[10/05/26 12:58:47] D2BS 20708: equipped: [Mitts] 21
[10/05/26 12:58:47] D2BS 20708: updateStat
[10/05/26 12:58:47] D2BS 20708: granted: [Head] 14
[10/05/26 12:58:47] D2BS 20708: granted: [Body] 19
[10/05/26 12:58:47] D2BS 20708: granted: [ArmR] 22
[10/05/26 12:58:47] D2BS 20708: Loaded ÿc9[AutoSmurf.js]
[10/05/26 12:58:52] D2BS 20708: farmingON
[10/05/26 12:58:53] D2BS 20708: MiniShopBot: true
[10/05/26 12:58:53] D2BS 20708: UseMerc: true HP: 70
[10/05/26 12:59:10] D2BS 20708: Merc matched: Prayer
[10/05/26 12:59:27] D2BS 20708: Token needed
[10/05/26 12:59:32] D2BS 20708: act5+ BO
[10/05/26 12:59:44] D2BS 20708: ÿc4=== [BAAL] ===
[10/05/26 12:59:57] D2BS 20708: party has left: fowo-xa
[10/05/26 12:59:57] D2BS 20708: no exp [01:12]
[10/05/26 12:59:58] D2BS 20708: Script threads\autobuildthread.js ended
[10/05/26 12:59:58] D2BS 20708: Script threads\partythread.js ended
[10/05/26 12:59:58] D2BS 20708: Script threads\townchicken.js ended
[10/05/26 12:59:58] D2BS 20708: Script default.dbj ended
[10/05/26 13:00:09] D2BS 20708: joining game pz-127
[10/05/26 13:00:11] D2BS 20708: ÿc2D2BSÿc0 :: Starting default.dbj
[10/05/26 13:00:11] D2BS 20708: ÿc2D2BSÿc0 :: default.dbj running.
[10/05/26 13:00:11] D2BS 20708: Loaded ÿc9[X.nip] [Y.nip] [Z.nip] [V.nip] [S.COLD.nip]
[10/05/26 13:00:11] D2BS 20708: Loaded ÿc9[S.COLD.js]
[10/05/26 13:00:11] D2BS 20708: equipped: [Head] 16
[10/05/26 13:00:11] D2BS 20708: equipped: [Neck] 16
[10/05/26 13:00:11] D2BS 20708: equipped: [Body] 20
[10/05/26 13:00:11] D2BS 20708: equipped: [ArmR] 18
[10/05/26 13:00:11] D2BS 20708: equipped: [ArmL] 26
[10/05/26 13:00:11] D2BS 20708: equipped: [RingR] 13
[10/05/26 13:00:11] D2BS 20708: equipped: [RingL] 13
[10/05/26 13:00:11] D2BS 20708: equipped: [Belt] 16
[10/05/26 13:00:11] D2BS 20708: equipped: [Boots] 12
[10/05/26 13:00:11] D2BS 20708: equipped: [Mitts] 21
[10/05/26 13:00:11] D2BS 20708: updateStat
[10/05/26 13:00:11] D2BS 20708: granted: [Head] 14
[10/05/26 13:00:11] D2BS 20708: granted: [Body] 19
[10/05/26 13:00:11] D2BS 20708: granted: [ArmR] 22
[10/05/26 13:00:11] D2BS 20708: Loaded ÿc9[AutoSmurf.js]
[10/05/26 13:00:14] D2BS 20708: MiniShopBot: true
[10/05/26 13:00:14] D2BS 20708: farmingON
[10/05/26 13:00:14] D2BS 20708: UseMerc: true HP: 70
[10/05/26 13:00:32] D2BS 20708: Merc matched: Prayer
[10/05/26 13:00:38] D2BS 20708: Token needed
[10/05/26 13:00:43] D2BS 20708: act5+ BO
[10/05/26 13:00:55] D2BS 20708: ÿc4=== [BAAL] ===
[10/05/26 13:01:19] D2BS 20708: Baal failed: souls found
[10/05/26 13:01:19] D2BS 20708: ÿc4=== [COUNTESS] ===
[10/05/26 13:02:40] D2BS 20708: ÿc4=== [PIT] ===
[10/05/26 13:04:36] D2BS 20708: ÿc4=== [ANDY] ===
[10/05/26 13:05:43] D2BS 20708: ÿc4=== [MEPHISTO] ===
[10/05/26 13:08:58] D2BS 20708: party has left: fowo-xf
[10/05/26 13:08:58] D2BS 20708:  [08:48] +2.18% / [Level 87] 18.83%
[10/05/26 13:08:58] D2BS 20708: Script threads\autobuildthread.js ended
[10/05/26 13:08:58] D2BS 20708: Script threads\partythread.js ended
[10/05/26 13:08:58] D2BS 20708: Script threads\townchicken.js ended
[10/05/26 13:08:58] D2BS 20708: Script default.dbj ended
[10/05/26 13:09:11] D2BS 20708: joining game pz-128
[10/05/26 13:09:13] D2BS 20708: ÿc2D2BSÿc0 :: Starting default.dbj
[10/05/26 13:09:13] D2BS 20708: ÿc2D2BSÿc0 :: default.dbj running.
[10/05/26 13:09:13] D2BS 20708: Loaded ÿc9[X.nip] [Y.nip] [Z.nip] [V.nip] [S.COLD.nip]
[10/05/26 13:09:14] D2BS 20708: Loaded ÿc9[S.COLD.js]
[10/05/26 13:09:14] D2BS 20708: equipped: [Head] 16
[10/05/26 13:09:14] D2BS 20708: equipped: [Neck] 16
[10/05/26 13:09:14] D2BS 20708: equipped: [Body] 20
[10/05/26 13:09:14] D2BS 20708: equipped: [ArmR] 18
[10/05/26 13:09:14] D2BS 20708: equipped: [ArmL] 26
[10/05/26 13:09:14] D2BS 20708: equipped: [RingR] 13
[10/05/26 13:09:14] D2BS 20708: equipped: [RingL] 13
[10/05/26 13:09:14] D2BS 20708: equipped: [Belt] 16
[10/05/26 13:09:14] D2BS 20708: equipped: [Boots] 12
[10/05/26 13:09:14] D2BS 20708: equipped: [Mitts] 21
[10/05/26 13:09:14] D2BS 20708: updateStat
[10/05/26 13:09:14] D2BS 20708: granted: [Head] 14
[10/05/26 13:09:14] D2BS 20708: granted: [Body] 19
[10/05/26 13:09:14] D2BS 20708: granted: [ArmR] 22
[10/05/26 13:09:14] D2BS 20708: Loaded ÿc9[AutoSmurf.js]
[10/05/26 13:09:19] D2BS 20708: farmingON
[10/05/26 13:09:25] D2BS 20708: MiniShopBot: true
[10/05/26 13:09:25] D2BS 20708: UseMerc: true HP: 70
[10/05/26 13:09:45] D2BS 20708: Merc matched: Prayer
[10/05/26 13:09:49] D2BS 20708: Token needed
[10/05/26 13:09:53] D2BS 20708: act5+ BO
[10/05/26 13:10:07] D2BS 20708: ÿc4=== [BAAL] ===
[10/05/26 13:13:00] D2BS 20708: Going to town
[10/05/26 13:13:45] D2BS 20708: ÿc4=== [COUNTESS] ===
[10/05/26 13:14:48] D2BS 20708: ÿc4=== [PIT] ===
[10/05/26 13:16:10] D2BS 20708: ÿc4=== [ANDY] ===
[10/05/26 13:17:09] D2BS 20708: ÿc4=== [MEPHISTO] ===
[10/05/26 13:18:39] D2BS 20708: ÿc4=== [DIABLO] ===
[10/05/26 13:24:23] D2BS 20708: Script ended
[10/05/26 13:24:23] D2BS 20708:  [15:10] +10.24% / [Level 87] 29.07%
[10/05/26 13:24:23] D2BS 20708: Script threads\autobuildthread.js ended
[10/05/26 13:24:23] D2BS 20708: Script threads\partythread.js ended
[10/05/26 13:24:24] D2BS 20708: Script threads\townchicken.js ended
[10/05/26 13:24:36] D2BS 20708: joining game pz-129
[10/05/26 13:24:38] D2BS 20708: ÿc2D2BSÿc0 :: Starting default.dbj
[10/05/26 13:24:38] D2BS 20708: ÿc2D2BSÿc0 :: default.dbj running.
[10/05/26 13:24:38] D2BS 20708: Loaded ÿc9[X.nip] [Y.nip] [Z.nip] [V.nip] [S.COLD.nip]
[10/05/26 13:24:38] D2BS 20708: Loaded ÿc9[S.COLD.js]
[10/05/26 13:24:38] D2BS 20708: equipped: [Head] 16
[10/05/26 13:24:38] D2BS 20708: equipped: [Neck] 16
[10/05/26 13:24:38] D2BS 20708: equipped: [Body] 20
[10/05/26 13:24:38] D2BS 20708: equipped: [ArmR] 18
[10/05/26 13:24:38] D2BS 20708: equipped: [ArmL] 26
[10/05/26 13:24:38] D2BS 20708: equipped: [RingR] 13
[10/05/26 13:24:38] D2BS 20708: equipped: [RingL] 13
[10/05/26 13:24:38] D2BS 20708: equipped: [Belt] 16
[10/05/26 13:24:38] D2BS 20708: equipped: [Boots] 12
[10/05/26 13:24:38] D2BS 20708: equipped: [Mitts] 21
[10/05/26 13:24:38] D2BS 20708: updateStat
[10/05/26 13:24:38] D2BS 20708: granted: [Head] 14
[10/05/26 13:24:38] D2BS 20708: granted: [Body] 19
[10/05/26 13:24:38] D2BS 20708: granted: [ArmR] 22
[10/05/26 13:24:38] D2BS 20708: Loaded ÿc9[AutoSmurf.js]
[10/05/26 13:24:43] D2BS 20708: farmingON
[10/05/26 13:24:44] D2BS 20708: MiniShopBot: true
[10/05/26 13:24:44] D2BS 20708: UseMerc: true HP: 70
[10/05/26 13:25:08] D2BS 20708: Merc matched: Prayer
[10/05/26 13:25:15] D2BS 20708: Token needed
[10/05/26 13:25:19] D2BS 20708: act5+ BO
[10/05/26 13:25:33] D2BS 20708: ÿc4=== [BAAL] ===
[10/05/26 13:28:48] D2BS 20708: Going to town
[10/05/26 13:29:20] D2BS 20708: ÿc4=== [COUNTESS] ===
[10/05/26 13:30:30] D2BS 20708: ÿc4=== [PIT] ===
[10/05/26 13:32:04] D2BS 20708: ÿc4=== [ANDY] ===
[10/05/26 13:33:00] D2BS 20708: ÿc4=== [MEPHISTO] ===
[10/05/26 13:34:22] D2BS 20708: ÿc4=== [DIABLO] ===
[10/05/26 13:40:22] D2BS 20708: party has left: fowo-xg
[10/05/26 13:40:22] D2BS 20708:  [15:45] +11.94% / [Level 87] 41.01%
[10/05/26 13:40:22] D2BS 20708: Script threads\autobuildthread.js ended
[10/05/26 13:40:22] D2BS 20708: Script threads\partythread.js ended
[10/05/26 13:40:23] D2BS 20708: Script threads\townchicken.js ended
[10/05/26 13:40:23] D2BS 20708: Script default.dbj ended
[10/05/26 13:40:35] D2BS 20708: joining game pz-130
[10/05/26 13:40:36] D2BS 20708: ÿc2D2BSÿc0 :: Starting default.dbj
[10/05/26 13:40:36] D2BS 20708: ÿc2D2BSÿc0 :: default.dbj running.
[10/05/26 13:40:36] D2BS 20708: Loaded ÿc9[X.nip] [Y.nip] [Z.nip] [V.nip] [S.COLD.nip]
[10/05/26 13:40:36] D2BS 20708: Loaded ÿc9[S.COLD.js]
[10/05/26 13:40:36] D2BS 20708: equipped: [Head] 16
[10/05/26 13:40:36] D2BS 20708: equipped: [Neck] 16
[10/05/26 13:40:36] D2BS 20708: equipped: [Body] 20
[10/05/26 13:40:36] D2BS 20708: equipped: [ArmR] 18
[10/05/26 13:40:36] D2BS 20708: equipped: [ArmL] 26
[10/05/26 13:40:36] D2BS 20708: equipped: [RingR] 13
[10/05/26 13:40:36] D2BS 20708: equipped: [RingL] 13
[10/05/26 13:40:37] D2BS 20708: equipped: [Belt] 16
[10/05/26 13:40:37] D2BS 20708: equipped: [Boots] 12
[10/05/26 13:40:37] D2BS 20708: equipped: [Mitts] 21
[10/05/26 13:40:37] D2BS 20708: updateStat
[10/05/26 13:40:37] D2BS 20708: granted: [Head] 14
[10/05/26 13:40:37] D2BS 20708: granted: [Body] 19
[10/05/26 13:40:37] D2BS 20708: granted: [ArmR] 22
[10/05/26 13:40:37] D2BS 20708: Loaded ÿc9[AutoSmurf.js]
[10/05/26 13:40:43] D2BS 20708: farmingON
[10/05/26 13:40:43] D2BS 20708: MiniShopBot: true
[10/05/26 13:40:43] D2BS 20708: UseMerc: true HP: 70
[10/05/26 13:41:09] D2BS 20708: Merc matched: Prayer
[10/05/26 13:41:14] D2BS 20708: Token needed
[10/05/26 13:41:18] D2BS 20708: act5+ BO
[10/05/26 13:41:31] D2BS 20708: ÿc4=== [BAAL] ===
[10/05/26 13:45:08] D2BS 20708: Going to town
[10/05/26 13:45:41] D2BS 20708: ÿc4=== [COUNTESS] ===
[10/05/26 13:46:51] D2BS 20708: ÿc4=== [PIT] ===
[10/05/26 13:48:32] D2BS 20708: ÿc4=== [ANDY] ===
[10/05/26 13:49:30] D2BS 20708: ÿc4=== [MEPHISTO] ===
[10/05/26 13:50:46] D2BS 20708: ÿc4=== [DIABLO] ===
[10/05/26 13:57:08] D2BS 20708: Script ended
[10/05/26 13:57:08] D2BS 20708:  [16:32] +11.57% / [Level 87] 52.58%
[10/05/26 13:57:08] D2BS 20708: Script threads\autobuildthread.js ended
[10/05/26 13:57:09] D2BS 20708: Script threads\partythread.js ended
[10/05/26 13:57:09] D2BS 20708: Script threads\townchicken.js ended
[10/05/26 13:57:22] D2BS 20708: joining game pz-131
[10/05/26 13:57:24] D2BS 20708: ÿc2D2BSÿc0 :: Starting default.dbj
[10/05/26 13:57:24] D2BS 20708: ÿc2D2BSÿc0 :: default.dbj running.
[10/05/26 13:57:24] D2BS 20708: Loaded ÿc9[X.nip] [Y.nip] [Z.nip] [V.nip] [S.COLD.nip]
[10/05/26 13:57:24] D2BS 20708: Loaded ÿc9[S.COLD.js]
[10/05/26 13:57:25] D2BS 20708: equipped: [Head] 16
[10/05/26 13:57:25] D2BS 20708: equipped: [Neck] 16
[10/05/26 13:57:25] D2BS 20708: equipped: [Body] 20
[10/05/26 13:57:25] D2BS 20708: equipped: [ArmR] 18
[10/05/26 13:57:25] D2BS 20708: equipped: [ArmL] 26
[10/05/26 13:57:25] D2BS 20708: equipped: [RingR] 13
[10/05/26 13:57:25] D2BS 20708: equipped: [RingL] 13
[10/05/26 13:57:25] D2BS 20708: equipped: [Belt] 16
[10/05/26 13:57:25] D2BS 20708: equipped: [Boots] 12
[10/05/26 13:57:25] D2BS 20708: equipped: [Mitts] 21
[10/05/26 13:57:25] D2BS 20708: updateStat
[10/05/26 13:57:25] D2BS 20708: granted: [Head] 14
[10/05/26 13:57:25] D2BS 20708: granted: [Body] 19
[10/05/26 13:57:25] D2BS 20708: granted: [ArmR] 22
[10/05/26 13:57:25] D2BS 20708: Loaded ÿc9[AutoSmurf.js]
[10/05/26 13:57:29] D2BS 20708: farmingON
[10/05/26 13:57:30] D2BS 20708: MiniShopBot: true
[10/05/26 13:57:30] D2BS 20708: UseMerc: true HP: 70
[10/05/26 13:57:46] D2BS 20708: Merc matched: Prayer
[10/05/26 13:58:04] D2BS 20708: Token needed
[10/05/26 13:58:09] D2BS 20708: act5+ BO
[10/05/26 13:58:21] D2BS 20708: ÿc4=== [BAAL] ===
[10/05/26 13:58:36] D2BS 20708: Baal failed: souls found
[10/05/26 13:58:36] D2BS 20708: ÿc4=== [COUNTESS] ===
[10/05/26 13:59:47] D2BS 20708: ÿc4=== [PIT] ===
[10/05/26 14:01:17] D2BS 20708: ÿc4=== [ANDY] ===
[10/05/26 14:02:08] D2BS 20708: ÿc4=== [MEPHISTO] ===
[10/05/26 14:03:32] D2BS 20708: ÿc4=== [DIABLO] ===
[10/05/26 14:05:59] D2BS 20708: party has left: fowo-xc
[10/05/26 14:05:59] D2BS 20708:  [08:35] +1.91% / [Level 87] 54.49%
[10/05/26 14:05:59] D2BS 20708: Script threads\autobuildthread.js ended
[10/05/26 14:05:59] D2BS 20708: Script threads\partythread.js ended
[10/05/26 14:05:59] D2BS 20708: Script threads\townchicken.js ended
[10/05/26 14:05:59] D2BS 20708: Script default.dbj ended
[10/05/26 14:06:13] D2BS 20708: joining game pz-132
[10/05/26 14:06:15] D2BS 20708: ÿc2D2BSÿc0 :: Starting default.dbj
[10/05/26 14:06:15] D2BS 20708: ÿc2D2BSÿc0 :: default.dbj running.
[10/05/26 14:06:15] D2BS 20708: Loaded ÿc9[X.nip] [Y.nip] [Z.nip] [V.nip] [S.COLD.nip]
[10/05/26 14:06:15] D2BS 20708: Loaded ÿc9[S.COLD.js]
[10/05/26 14:06:15] D2BS 20708: equipped: [Head] 16
[10/05/26 14:06:15] D2BS 20708: equipped: [Neck] 16
[10/05/26 14:06:15] D2BS 20708: equipped: [Body] 20
[10/05/26 14:06:15] D2BS 20708: equipped: [ArmR] 18
[10/05/26 14:06:15] D2BS 20708: equipped: [ArmL] 26
[10/05/26 14:06:15] D2BS 20708: equipped: [RingR] 13
[10/05/26 14:06:15] D2BS 20708: equipped: [RingL] 13
[10/05/26 14:06:15] D2BS 20708: equipped: [Belt] 16
[10/05/26 14:06:15] D2BS 20708: equipped: [Boots] 12
[10/05/26 14:06:15] D2BS 20708: equipped: [Mitts] 21
[10/05/26 14:06:16] D2BS 20708: updateStat
[10/05/26 14:06:16] D2BS 20708: granted: [Head] 14
[10/05/26 14:06:16] D2BS 20708: granted: [Body] 19
[10/05/26 14:06:16] D2BS 20708: granted: [ArmR] 22
[10/05/26 14:06:16] D2BS 20708: Loaded ÿc9[AutoSmurf.js]
[10/05/26 14:06:20] D2BS 20708: farmingON
[10/05/26 14:06:22] D2BS 20708: MiniShopBot: true
[10/05/26 14:06:22] D2BS 20708: UseMerc: true HP: 70
[10/05/26 14:06:41] D2BS 20708: Merc matched: Prayer
[10/05/26 14:06:53] D2BS 20708: Token needed
[10/05/26 14:06:57] D2BS 20708: act5+ BO
[10/05/26 14:07:10] D2BS 20708: ÿc4=== [BAAL] ===
[10/05/26 14:10:20] D2BS 20708: Going to town
[10/05/26 14:10:59] D2BS 20708: party has left: fowo-xg
[10/05/26 14:10:59] D2BS 20708:  [04:45] +4.87% / [Level 87] 59.36%
[10/05/26 14:10:59] D2BS 20708: Script threads\autobuildthread.js ended
[10/05/26 14:10:59] D2BS 20708: Script threads\partythread.js ended
[10/05/26 14:10:59] D2BS 20708: Script threads\townchicken.js ended
[10/05/26 14:10:59] D2BS 20708: Script default.dbj ended
[10/05/26 14:11:11] D2BS 20708: joining game pz-133
[10/05/26 14:11:13] D2BS 20708: ÿc2D2BSÿc0 :: Starting default.dbj
[10/05/26 14:11:13] D2BS 20708: ÿc2D2BSÿc0 :: default.dbj running.
[10/05/26 14:11:13] D2BS 20708: Loaded ÿc9[X.nip] [Y.nip] [Z.nip] [V.nip] [S.COLD.nip]
[10/05/26 14:11:13] D2BS 20708: Loaded ÿc9[S.COLD.js]
[10/05/26 14:11:13] D2BS 20708: equipped: [Head] 16
[10/05/26 14:11:13] D2BS 20708: equipped: [Neck] 16
[10/05/26 14:11:13] D2BS 20708: equipped: [Body] 20
[10/05/26 14:11:13] D2BS 20708: equipped: [ArmR] 18
[10/05/26 14:11:13] D2BS 20708: equipped: [ArmL] 26
[10/05/26 14:11:13] D2BS 20708: equipped: [RingR] 13
[10/05/26 14:11:13] D2BS 20708: equipped: [RingL] 13
[10/05/26 14:11:13] D2BS 20708: equipped: [Belt] 16
[10/05/26 14:11:13] D2BS 20708: equipped: [Boots] 12
[10/05/26 14:11:13] D2BS 20708: equipped: [Mitts] 21
[10/05/26 14:11:13] D2BS 20708: updateStat
[10/05/26 14:11:14] D2BS 20708: granted: [Head] 14
[10/05/26 14:11:14] D2BS 20708: granted: [Body] 19
[10/05/26 14:11:14] D2BS 20708: granted: [ArmR] 22
[10/05/26 14:11:14] D2BS 20708: Loaded ÿc9[AutoSmurf.js]
[10/05/26 14:11:15] D2BS 20708: farmingON
[10/05/26 14:11:16] D2BS 20708: MiniShopBot: true
[10/05/26 14:11:16] D2BS 20708: UseMerc: true HP: 70
[10/05/26 14:11:30] D2BS 20708: Merc matched: Prayer
[10/05/26 14:11:44] D2BS 20708: Token needed
[10/05/26 14:11:48] D2BS 20708: act5+ BO
[10/05/26 14:12:00] D2BS 20708: ÿc4=== [BAAL] ===
[10/05/26 14:12:15] D2BS 20708: party has left: fowo-xa
[10/05/26 14:12:15] D2BS 20708: no exp [01:03]
[10/05/26 14:12:15] D2BS 20708: Script threads\autobuildthread.js ended
[10/05/26 14:12:15] D2BS 20708: Script threads\partythread.js ended
[10/05/26 14:12:15] D2BS 20708: Script threads\townchicken.js ended
[10/05/26 14:12:15] D2BS 20708: Script default.dbj ended
[10/05/26 14:12:30] D2BS 20708: joining game pz-134
[10/05/26 14:12:31] D2BS 20708: ÿc2D2BSÿc0 :: Starting default.dbj
[10/05/26 14:12:31] D2BS 20708: ÿc2D2BSÿc0 :: default.dbj running.
[10/05/26 14:12:32] D2BS 20708: Loaded ÿc9[X.nip] [Y.nip] [Z.nip] [V.nip] [S.COLD.nip]
[10/05/26 14:12:32] D2BS 20708: Loaded ÿc9[S.COLD.js]
[10/05/26 14:12:32] D2BS 20708: equipped: [Head] 16
[10/05/26 14:12:32] D2BS 20708: equipped: [Neck] 16
[10/05/26 14:12:32] D2BS 20708: equipped: [Body] 20
[10/05/26 14:12:32] D2BS 20708: equipped: [ArmR] 18
[10/05/26 14:12:32] D2BS 20708: equipped: [ArmL] 26
[10/05/26 14:12:32] D2BS 20708: equipped: [RingR] 13
[10/05/26 14:12:32] D2BS 20708: equipped: [RingL] 13
[10/05/26 14:12:32] D2BS 20708: equipped: [Belt] 16
[10/05/26 14:12:32] D2BS 20708: equipped: [Boots] 12
[10/05/26 14:12:32] D2BS 20708: equipped: [Mitts] 21
[10/05/26 14:12:32] D2BS 20708: updateStat
[10/05/26 14:12:32] D2BS 20708: granted: [Head] 14
[10/05/26 14:12:32] D2BS 20708: granted: [Body] 19
[10/05/26 14:12:32] D2BS 20708: granted: [ArmR] 22
[10/05/26 14:12:32] D2BS 20708: Loaded ÿc9[AutoSmurf.js]
[10/05/26 14:12:34] D2BS 20708: MiniShopBot: true
[10/05/26 14:12:34] D2BS 20708: farmingON
[10/05/26 14:12:34] D2BS 20708: UseMerc: true HP: 70
[10/05/26 14:12:52] D2BS 20708: Merc matched: Prayer
[10/05/26 14:13:00] D2BS 20708: Token needed
[10/05/26 14:13:05] D2BS 20708: act5+ BO
[10/05/26 14:13:17] D2BS 20708: ÿc4=== [BAAL] ===
[10/05/26 14:13:22] D2BS 20708: party has left: fowo-xa
[10/05/26 14:13:23] D2BS 20708: no exp [00:51]
[10/05/26 14:13:23] D2BS 20708: Script threads\autobuildthread.js ended
[10/05/26 14:13:23] D2BS 20708: Script threads\partythread.js ended
[10/05/26 14:13:23] D2BS 20708: Script threads\townchicken.js ended
[10/05/26 14:13:23] D2BS 20708: Script default.dbj ended
[10/05/26 14:13:39] D2BS 20708: joining game pz-135
[10/05/26 14:13:42] D2BS 20708: ÿc2D2BSÿc0 :: Starting default.dbj
[10/05/26 14:13:42] D2BS 20708: ÿc2D2BSÿc0 :: default.dbj running.
[10/05/26 14:13:42] D2BS 20708: Loaded ÿc9[X.nip] [Y.nip] [Z.nip] [V.nip] [S.COLD.nip]
[10/05/26 14:13:42] D2BS 20708: Loaded ÿc9[S.COLD.js]
[10/05/26 14:13:42] D2BS 20708: equipped: [Head] 16
[10/05/26 14:13:42] D2BS 20708: equipped: [Neck] 16
[10/05/26 14:13:42] D2BS 20708: equipped: [Body] 20
[10/05/26 14:13:42] D2BS 20708: equipped: [ArmR] 18
[10/05/26 14:13:42] D2BS 20708: equipped: [ArmL] 26
[10/05/26 14:13:42] D2BS 20708: equipped: [RingR] 13
[10/05/26 14:13:42] D2BS 20708: equipped: [RingL] 13
[10/05/26 14:13:42] D2BS 20708: equipped: [Belt] 16
[10/05/26 14:13:42] D2BS 20708: equipped: [Boots] 12
[10/05/26 14:13:42] D2BS 20708: equipped: [Mitts] 21
[10/05/26 14:13:42] D2BS 20708: updateStat
[10/05/26 14:13:42] D2BS 20708: granted: [Head] 14
[10/05/26 14:13:42] D2BS 20708: granted: [Body] 19
[10/05/26 14:13:42] D2BS 20708: granted: [ArmR] 22
[10/05/26 14:13:42] D2BS 20708: Loaded ÿc9[AutoSmurf.js]
[10/05/26 14:13:43] D2BS 20708: MiniShopBot: true
[10/05/26 14:13:44] D2BS 20708: farmingON
[10/05/26 14:13:44] D2BS 20708: UseMerc: true HP: 70
[10/05/26 14:14:00] D2BS 20708: equipped: [Belt] 18
[10/05/26 14:14:00] D2BS 20708: Merc matched: Prayer
[10/05/26 14:14:09] D2BS 20708: Token needed
[10/05/26 14:14:13] D2BS 20708: act5+ BO
[10/05/26 14:14:26] D2BS 20708: ÿc4=== [BAAL] ===
[10/05/26 14:17:51] D2BS 20708: ÿc4=== [COUNTESS] ===
[10/05/26 14:18:52] D2BS 20708: ÿc4=== [PIT] ===
[10/05/26 14:20:28] D2BS 20708: ÿc4=== [ANDY] ===
[10/05/26 14:21:17] D2BS 20708: ÿc4=== [MEPHISTO] ===
[10/05/26 14:22:37] D2BS 20708: ÿc4=== [DIABLO] ===
[10/05/26 14:28:55] D2BS 20708: party has left: fowo-xc
[10/05/26 14:28:55] D2BS 20708:  [15:14] +12.10% / [Level 87] 71.46%
[10/05/26 14:28:55] D2BS 20708: Script threads\autobuildthread.js ended
[10/05/26 14:28:55] D2BS 20708: Script threads\partythread.js ended
[10/05/26 14:28:55] D2BS 20708: Script threads\townchicken.js ended
[10/05/26 14:28:55] D2BS 20708: Script default.dbj ended
[10/05/26 14:29:07] D2BS 20708: joining game pz-136
[10/05/26 14:29:09] D2BS 20708: ÿc2D2BSÿc0 :: Starting default.dbj
[10/05/26 14:29:09] D2BS 20708: ÿc2D2BSÿc0 :: default.dbj running.
[10/05/26 14:29:09] D2BS 20708: Loaded ÿc9[X.nip] [Y.nip] [Z.nip] [V.nip] [S.COLD.nip]
[10/05/26 14:29:09] D2BS 20708: Loaded ÿc9[S.COLD.js]
[10/05/26 14:29:09] D2BS 20708: equipped: [Head] 16
[10/05/26 14:29:09] D2BS 20708: equipped: [Neck] 16
[10/05/26 14:29:09] D2BS 20708: equipped: [Body] 20
[10/05/26 14:29:10] D2BS 20708: equipped: [ArmR] 18
[10/05/26 14:29:10] D2BS 20708: equipped: [ArmL] 26
[10/05/26 14:29:10] D2BS 20708: equipped: [RingR] 13
[10/05/26 14:29:10] D2BS 20708: equipped: [RingL] 13
[10/05/26 14:29:10] D2BS 20708: equipped: [Belt] 18
[10/05/26 14:29:10] D2BS 20708: equipped: [Boots] 12
[10/05/26 14:29:10] D2BS 20708: equipped: [Mitts] 21
[10/05/26 14:29:10] D2BS 20708: updateStat
[10/05/26 14:29:10] D2BS 20708: granted: [Head] 14
[10/05/26 14:29:10] D2BS 20708: granted: [Body] 19
[10/05/26 14:29:10] D2BS 20708: granted: [ArmR] 22
[10/05/26 14:29:10] D2BS 20708: Loaded ÿc9[AutoSmurf.js]
[10/05/26 14:29:15] D2BS 20708: farmingON
[10/05/26 14:29:17] D2BS 20708: MiniShopBot: true
[10/05/26 14:29:17] D2BS 20708: UseMerc: true HP: 70
[10/05/26 14:29:39] D2BS 20708: Merc matched: Prayer
[10/05/26 14:29:48] D2BS 20708: Token needed
[10/05/26 14:29:52] D2BS 20708: act5+ BO
[10/05/26 14:30:04] D2BS 20708: ÿc4=== [BAAL] ===
[10/05/26 14:30:13] D2BS 20708: Baal failed: souls found
[10/05/26 14:30:13] D2BS 20708: ÿc4=== [COUNTESS] ===
[10/05/26 14:31:12] D2BS 20708: ÿc4=== [PIT] ===
[10/05/26 14:32:52] D2BS 20708: ÿc4=== [ANDY] ===
[10/05/26 14:33:46] D2BS 20708: ÿc4=== [MEPHISTO] ===
[10/05/26 14:35:16] D2BS 20708: ÿc4=== [DIABLO] ===
[10/05/26 14:36:39] D2BS 20708: party has left: fowo-xd
[10/05/26 14:36:39] D2BS 20708:  [07:30] +2.56% / [Level 87] 74.02%
[10/05/26 14:36:39] D2BS 20708: Script threads\autobuildthread.js ended
[10/05/26 14:36:39] D2BS 20708: Script threads\partythread.js ended
[10/05/26 14:36:39] D2BS 20708: Script threads\townchicken.js ended
[10/05/26 14:36:39] D2BS 20708: Script default.dbj ended
[10/05/26 14:36:51] D2BS 20708: joining game pz-137
[10/05/26 14:36:52] D2BS 20708: ÿc2D2BSÿc0 :: Starting default.dbj
[10/05/26 14:36:52] D2BS 20708: ÿc2D2BSÿc0 :: default.dbj running.
[10/05/26 14:36:52] D2BS 20708: Loaded ÿc9[X.nip] [Y.nip] [Z.nip] [V.nip] [S.COLD.nip]
[10/05/26 14:36:52] D2BS 20708: Loaded ÿc9[S.COLD.js]
[10/05/26 14:36:52] D2BS 20708: equipped: [Head] 16
[10/05/26 14:36:52] D2BS 20708: equipped: [Neck] 16
[10/05/26 14:36:52] D2BS 20708: equipped: [Body] 20
[10/05/26 14:36:53] D2BS 20708: equipped: [ArmR] 18
[10/05/26 14:36:53] D2BS 20708: equipped: [ArmL] 26
[10/05/26 14:36:53] D2BS 20708: equipped: [RingR] 13
[10/05/26 14:36:53] D2BS 20708: equipped: [RingL] 13
[10/05/26 14:36:53] D2BS 20708: equipped: [Belt] 18
[10/05/26 14:36:53] D2BS 20708: equipped: [Boots] 12
[10/05/26 14:36:53] D2BS 20708: equipped: [Mitts] 21
[10/05/26 14:36:53] D2BS 20708: updateStat
[10/05/26 14:36:53] D2BS 20708: granted: [Head] 14
[10/05/26 14:36:53] D2BS 20708: granted: [Body] 19
[10/05/26 14:36:53] D2BS 20708: granted: [ArmR] 22
[10/05/26 14:36:53] D2BS 20708: Loaded ÿc9[AutoSmurf.js]
[10/05/26 14:36:58] D2BS 20708: farmingON
[10/05/26 14:36:59] D2BS 20708: MiniShopBot: true
[10/05/26 14:36:59] D2BS 20708: UseMerc: true HP: 70
[10/05/26 14:37:20] D2BS 20708: Merc matched: Prayer
[10/05/26 14:37:32] D2BS 20708: Token needed
[10/05/26 14:37:36] D2BS 20708: act5+ BO
[10/05/26 14:37:49] D2BS 20708: ÿc4=== [BAAL] ===
[10/05/26 14:39:02] D2BS 20708: Going to town
[10/05/26 14:41:15] D2BS 20708: ÿc4=== [COUNTESS] ===
[10/05/26 14:42:22] D2BS 20708: ÿc4=== [PIT] ===
[10/05/26 14:43:53] D2BS 20708: ÿc4=== [ANDY] ===
[10/05/26 14:45:03] D2BS 20708: ÿc4=== [MEPHISTO] ===
[10/05/26 14:46:15] D2BS 20708: ÿc4=== [DIABLO] ===
[10/05/26 14:52:48] D2BS 20708: party has left: fowo-xa
[10/05/26 14:52:48] D2BS 20708:  [15:56] +11.41% / [Level 87] 85.44%
[10/05/26 14:52:48] D2BS 20708: Script threads\autobuildthread.js ended
[10/05/26 14:52:49] D2BS 20708: Script threads\partythread.js ended
[10/05/26 14:52:49] D2BS 20708: Script threads\townchicken.js ended
[10/05/26 14:52:49] D2BS 20708: Script default.dbj ended
[10/05/26 14:53:01] D2BS 20708: joining game pz-138
[10/05/26 14:53:02] D2BS 20708: ÿc2D2BSÿc0 :: Starting default.dbj
[10/05/26 14:53:02] D2BS 20708: ÿc2D2BSÿc0 :: default.dbj running.
[10/05/26 14:53:03] D2BS 20708: Loaded ÿc9[X.nip] [Y.nip] [Z.nip] [V.nip] [S.COLD.nip]
[10/05/26 14:53:03] D2BS 20708: Loaded ÿc9[S.COLD.js]
[10/05/26 14:53:03] D2BS 20708: equipped: [Head] 16
[10/05/26 14:53:03] D2BS 20708: equipped: [Neck] 16
[10/05/26 14:53:03] D2BS 20708: equipped: [Body] 20
[10/05/26 14:53:03] D2BS 20708: equipped: [ArmR] 18
[10/05/26 14:53:03] D2BS 20708: equipped: [ArmL] 26
[10/05/26 14:53:03] D2BS 20708: equipped: [RingR] 13
[10/05/26 14:53:03] D2BS 20708: equipped: [RingL] 13
[10/05/26 14:53:03] D2BS 20708: equipped: [Belt] 18
[10/05/26 14:53:03] D2BS 20708: equipped: [Boots] 12
[10/05/26 14:53:03] D2BS 20708: equipped: [Mitts] 21
[10/05/26 14:53:03] D2BS 20708: updateStat
[10/05/26 14:53:03] D2BS 20708: granted: [Head] 14
[10/05/26 14:53:03] D2BS 20708: granted: [Body] 19
[10/05/26 14:53:03] D2BS 20708: granted: [ArmR] 22
[10/05/26 14:53:03] D2BS 20708: Loaded ÿc9[AutoSmurf.js]
[10/05/26 14:53:08] D2BS 20708: farmingON
[10/05/26 14:53:09] D2BS 20708: MiniShopBot: true
[10/05/26 14:53:09] D2BS 20708: UseMerc: true HP: 70
[10/05/26 14:53:32] D2BS 20708: Merc matched: Prayer
[10/05/26 14:53:42] D2BS 20708: Token needed
[10/05/26 14:53:47] D2BS 20708: act5+ BO
[10/05/26 14:53:59] D2BS 20708: ÿc4=== [BAAL] ===
[10/05/26 14:54:14] D2BS 20708: Baal failed: souls found
[10/05/26 14:54:14] D2BS 20708: ÿc4=== [COUNTESS] ===
[10/05/26 14:54:16] D2BS 20708: party has left: fowo-xa
[10/05/26 14:54:16] D2BS 20708: no exp [01:13]
[10/05/26 14:54:16] D2BS 20708: Script threads\autobuildthread.js ended
[10/05/26 14:54:16] D2BS 20708: Script threads\partythread.js ended
[10/05/26 14:54:16] D2BS 20708: Script threads\townchicken.js ended
[10/05/26 14:54:16] D2BS 20708: Script default.dbj ended
[10/05/26 14:54:29] D2BS 20708: joining game pz-139
[10/05/26 14:54:32] D2BS 20708: ÿc2D2BSÿc0 :: Starting default.dbj
[10/05/26 14:54:32] D2BS 20708: ÿc2D2BSÿc0 :: default.dbj running.
[10/05/26 14:54:32] D2BS 20708: Loaded ÿc9[X.nip] [Y.nip] [Z.nip] [V.nip] [S.COLD.nip]
[10/05/26 14:54:32] D2BS 20708: Loaded ÿc9[S.COLD.js]
[10/05/26 14:54:32] D2BS 20708: equipped: [Head] 16
[10/05/26 14:54:32] D2BS 20708: equipped: [Neck] 16
[10/05/26 14:54:32] D2BS 20708: equipped: [Body] 20
[10/05/26 14:54:32] D2BS 20708: equipped: [ArmR] 18
[10/05/26 14:54:32] D2BS 20708: equipped: [ArmL] 26
[10/05/26 14:54:32] D2BS 20708: equipped: [RingR] 13
[10/05/26 14:54:32] D2BS 20708: equipped: [RingL] 13
[10/05/26 14:54:32] D2BS 20708: equipped: [Belt] 18
[10/05/26 14:54:32] D2BS 20708: equipped: [Boots] 12
[10/05/26 14:54:32] D2BS 20708: equipped: [Mitts] 21
[10/05/26 14:54:32] D2BS 20708: updateStat
[10/05/26 14:54:32] D2BS 20708: granted: [Head] 14
[10/05/26 14:54:32] D2BS 20708: granted: [Body] 19
[10/05/26 14:54:32] D2BS 20708: granted: [ArmR] 22
[10/05/26 14:54:32] D2BS 20708: Loaded ÿc9[AutoSmurf.js]
[10/05/26 14:56:32] D2BS 20708: no exp [02:01]
[10/05/26 14:56:32] D2BS 20708: Script threads\autobuildthread.js ended
[10/05/26 14:56:33] D2BS 20708: Script threads\partythread.js ended
[10/05/26 14:56:33] D2BS 20708: Script threads\townchicken.js ended
[10/05/26 14:56:33] D2BS 20708: Script default.dbj ended
[10/05/26 14:56:45] D2BS 20708: joining game pz-140
[10/05/26 14:56:48] D2BS 20708: ÿc2D2BSÿc0 :: Starting default.dbj
[10/05/26 14:56:48] D2BS 20708: ÿc2D2BSÿc0 :: default.dbj running.
[10/05/26 14:56:48] D2BS 20708: Loaded ÿc9[X.nip] [Y.nip] [Z.nip] [V.nip] [S.COLD.nip]
[10/05/26 14:56:48] D2BS 20708: Loaded ÿc9[S.COLD.js]
[10/05/26 14:56:48] D2BS 20708: equipped: [Head] 16
[10/05/26 14:56:48] D2BS 20708: equipped: [Neck] 16
[10/05/26 14:56:48] D2BS 20708: equipped: [Body] 20
[10/05/26 14:56:48] D2BS 20708: equipped: [ArmR] 18
[10/05/26 14:56:48] D2BS 20708: equipped: [ArmL] 26
[10/05/26 14:56:48] D2BS 20708: equipped: [RingR] 13
[10/05/26 14:56:48] D2BS 20708: equipped: [RingL] 13
[10/05/26 14:56:48] D2BS 20708: equipped: [Belt] 18
[10/05/26 14:56:48] D2BS 20708: equipped: [Boots] 12
[10/05/26 14:56:48] D2BS 20708: equipped: [Mitts] 21
[10/05/26 14:56:48] D2BS 20708: updateStat
[10/05/26 14:56:48] D2BS 20708: granted: [Head] 14
[10/05/26 14:56:48] D2BS 20708: granted: [Body] 19
[10/05/26 14:56:48] D2BS 20708: granted: [ArmR] 22
[10/05/26 14:56:48] D2BS 20708: Loaded ÿc9[AutoSmurf.js]
[10/05/26 14:56:49] D2BS 20708: farmingON
[10/05/26 14:56:49] D2BS 20708: MiniShopBot: true
[10/05/26 14:56:49] D2BS 20708: UseMerc: true HP: 70
[10/05/26 14:57:00] D2BS 20708: Merc matched: Prayer
[10/05/26 14:57:17] D2BS 20708: Token needed
[10/05/26 14:57:21] D2BS 20708: act5+ BO
[10/05/26 14:57:25] D2BS 20708: party has left: fowo-xg
[10/05/26 14:57:25] D2BS 20708: no exp [00:39]
[10/05/26 14:57:25] D2BS 20708: Script threads\autobuildthread.js ended
[10/05/26 14:57:28] D2BS 20708: Script threads\partythread.js ended
[10/05/26 14:57:28] D2BS 20708: Script threads\townchicken.js ended
[10/05/26 14:57:28] D2BS 20708: Script default.dbj ended
[10/05/26 14:57:53] D2BS 20708: joining game pz-141
[10/05/26 14:57:54] D2BS 20708: ÿc2D2BSÿc0 :: Starting default.dbj
[10/05/26 14:57:54] D2BS 20708: ÿc2D2BSÿc0 :: default.dbj running.
[10/05/26 14:57:55] D2BS 20708: Loaded ÿc9[X.nip] [Y.nip] [Z.nip] [V.nip] [S.COLD.nip]
[10/05/26 14:57:55] D2BS 20708: Loaded ÿc9[S.COLD.js]
[10/05/26 14:57:55] D2BS 20708: equipped: [Head] 16
[10/05/26 14:57:55] D2BS 20708: equipped: [Neck] 16
[10/05/26 14:57:55] D2BS 20708: equipped: [Body] 20
[10/05/26 14:57:55] D2BS 20708: equipped: [ArmR] 18
[10/05/26 14:57:55] D2BS 20708: equipped: [ArmL] 26
[10/05/26 14:57:55] D2BS 20708: equipped: [RingR] 13
[10/05/26 14:57:55] D2BS 20708: equipped: [RingL] 13
[10/05/26 14:57:55] D2BS 20708: equipped: [Belt] 18
[10/05/26 14:57:55] D2BS 20708: equipped: [Boots] 12
[10/05/26 14:57:55] D2BS 20708: equipped: [Mitts] 21
[10/05/26 14:57:55] D2BS 20708: updateStat
[10/05/26 14:57:55] D2BS 20708: granted: [Head] 14
[10/05/26 14:57:55] D2BS 20708: granted: [Body] 19
[10/05/26 14:57:55] D2BS 20708: granted: [ArmR] 22
[10/05/26 14:57:55] D2BS 20708: Loaded ÿc9[AutoSmurf.js]
[10/05/26 14:57:58] D2BS 20708: MiniShopBot: true
[10/05/26 14:57:58] D2BS 20708: farmingON
[10/05/26 14:57:58] D2BS 20708: UseMerc: true HP: 70
[10/05/26 14:58:14] D2BS 20708: equipped: [Belt] 19
[10/05/26 14:58:14] D2BS 20708: Merc matched: Prayer
[10/05/26 14:58:21] D2BS 20708: Token needed
[10/05/26 14:58:25] D2BS 20708: party has left: fowo-xd
[10/05/26 14:58:25] D2BS 20708: no exp [00:31]
[10/05/26 14:58:25] D2BS 20708: Script threads\autobuildthread.js ended
[10/05/26 14:58:25] D2BS 20708: Script threads\partythread.js ended
[10/05/26 14:58:25] D2BS 20708: Script threads\townchicken.js ended
[10/05/26 14:58:25] D2BS 20708: Script default.dbj ended
[10/05/26 14:59:02] D2BS 20708: joining game pz-142
[10/05/26 14:59:04] D2BS 20708: ÿc2D2BSÿc0 :: Starting default.dbj
[10/05/26 14:59:04] D2BS 20708: ÿc2D2BSÿc0 :: default.dbj running.
[10/05/26 14:59:04] D2BS 20708: Loaded ÿc9[X.nip] [Y.nip] [Z.nip] [V.nip] [S.COLD.nip]
[10/05/26 14:59:04] D2BS 20708: Loaded ÿc9[S.COLD.js]
[10/05/26 14:59:04] D2BS 20708: equipped: [Head] 16
[10/05/26 14:59:04] D2BS 20708: equipped: [Neck] 16
[10/05/26 14:59:04] D2BS 20708: equipped: [Body] 20
[10/05/26 14:59:04] D2BS 20708: equipped: [ArmR] 18
[10/05/26 14:59:04] D2BS 20708: equipped: [ArmL] 26
[10/05/26 14:59:04] D2BS 20708: equipped: [RingR] 13
[10/05/26 14:59:05] D2BS 20708: equipped: [RingL] 13
[10/05/26 14:59:05] D2BS 20708: equipped: [Belt] 19
[10/05/26 14:59:05] D2BS 20708: equipped: [Boots] 12
[10/05/26 14:59:05] D2BS 20708: equipped: [Mitts] 21
[10/05/26 14:59:05] D2BS 20708: updateStat
[10/05/26 14:59:05] D2BS 20708: granted: [Head] 14
[10/05/26 14:59:05] D2BS 20708: granted: [Body] 19
[10/05/26 14:59:05] D2BS 20708: granted: [ArmR] 22
[10/05/26 14:59:05] D2BS 20708: Loaded ÿc9[AutoSmurf.js]
[10/05/26 14:59:06] D2BS 20708: farmingON
[10/05/26 14:59:07] D2BS 20708: MiniShopBot: true
[10/05/26 14:59:07] D2BS 20708: UseMerc: true HP: 70
[10/05/26 14:59:24] D2BS 20708: Merc matched: Prayer
[10/05/26 14:59:31] D2BS 20708: Token needed
[10/05/26 14:59:34] D2BS 20708: act5+ BO
[10/05/26 14:59:47] D2BS 20708: ÿc4=== [BAAL] ===
[10/05/26 15:03:10] D2BS 20708: ÿc4=== [COUNTESS] ===
[10/05/26 15:04:27] D2BS 20708: ÿc4=== [PIT] ===
[10/05/26 15:05:55] D2BS 20708: ÿc4=== [ANDY] ===
[10/05/26 15:06:54] D2BS 20708: ÿc4=== [MEPHISTO] ===
[10/05/26 15:07:57] D2BS 20708: ÿc4=== [DIABLO] ===
[10/05/26 15:13:44] D2BS 20708: party has left: fowo-xc
[10/05/26 15:13:44] D2BS 20708:  [14:40] +11.12% / [Level 87] 96.55%
[10/05/26 15:13:45] D2BS 20708: Script threads\autobuildthread.js ended
[10/05/26 15:13:45] D2BS 20708: Script threads\partythread.js ended
[10/05/26 15:13:45] D2BS 20708: Script threads\townchicken.js ended
[10/05/26 15:13:45] D2BS 20708: Script default.dbj ended
[10/05/26 15:13:57] D2BS 20708: joining game pz-143
[10/05/26 15:13:59] D2BS 20708: ÿc2D2BSÿc0 :: Starting default.dbj
[10/05/26 15:13:59] D2BS 20708: ÿc2D2BSÿc0 :: default.dbj running.
[10/05/26 15:13:59] D2BS 20708: Loaded ÿc9[X.nip] [Y.nip] [Z.nip] [V.nip] [S.COLD.nip]
[10/05/26 15:13:59] D2BS 20708: Loaded ÿc9[S.COLD.js]
[10/05/26 15:13:59] D2BS 20708: equipped: [Head] 16
[10/05/26 15:13:59] D2BS 20708: equipped: [Neck] 16
[10/05/26 15:13:59] D2BS 20708: equipped: [Body] 20
[10/05/26 15:13:59] D2BS 20708: equipped: [ArmR] 18
[10/05/26 15:13:59] D2BS 20708: equipped: [ArmL] 26
[10/05/26 15:13:59] D2BS 20708: equipped: [RingR] 13
[10/05/26 15:13:59] D2BS 20708: equipped: [RingL] 13
[10/05/26 15:13:59] D2BS 20708: equipped: [Belt] 19
[10/05/26 15:13:59] D2BS 20708: equipped: [Boots] 12
[10/05/26 15:13:59] D2BS 20708: equipped: [Mitts] 21
[10/05/26 15:14:00] D2BS 20708: updateStat
[10/05/26 15:14:00] D2BS 20708: granted: [Head] 14
[10/05/26 15:14:00] D2BS 20708: granted: [Body] 19
[10/05/26 15:14:00] D2BS 20708: granted: [ArmR] 22
[10/05/26 15:14:00] D2BS 20708: Loaded ÿc9[AutoSmurf.js]
[10/05/26 15:14:05] D2BS 20708: farmingON
[10/05/26 15:14:06] D2BS 20708: MiniShopBot: true
[10/05/26 15:14:06] D2BS 20708: UseMerc: true HP: 70
[10/05/26 15:14:25] D2BS 20708: Merc matched: Prayer
[10/05/26 15:14:36] D2BS 20708: Token needed
[10/05/26 15:14:41] D2BS 20708: act5+ BO
[10/05/26 15:14:53] D2BS 20708: ÿc4=== [BAAL] ===
[10/05/26 15:15:00] D2BS 20708: party has left: fowo-xa
[10/05/26 15:15:00] D2BS 20708: no exp [01:01]
[10/05/26 15:15:00] D2BS 20708: Script threads\autobuildthread.js ended
[10/05/26 15:15:00] D2BS 20708: Script threads\partythread.js ended
[10/05/26 15:15:00] D2BS 20708: Script threads\townchicken.js ended
[10/05/26 15:15:00] D2BS 20708: Script default.dbj ended
[10/05/26 15:15:12] D2BS 20708: joining game pz-144
[10/05/26 15:15:14] D2BS 20708: ÿc2D2BSÿc0 :: Starting default.dbj
[10/05/26 15:15:14] D2BS 20708: ÿc2D2BSÿc0 :: default.dbj running.
[10/05/26 15:15:14] D2BS 20708: Loaded ÿc9[X.nip] [Y.nip] [Z.nip] [V.nip] [S.COLD.nip]
[10/05/26 15:15:14] D2BS 20708: Loaded ÿc9[S.COLD.js]
[10/05/26 15:15:14] D2BS 20708: equipped: [Head] 16
[10/05/26 15:15:14] D2BS 20708: equipped: [Neck] 16
[10/05/26 15:15:14] D2BS 20708: equipped: [Body] 20
[10/05/26 15:15:14] D2BS 20708: equipped: [ArmR] 18
[10/05/26 15:15:14] D2BS 20708: equipped: [ArmL] 26
[10/05/26 15:15:14] D2BS 20708: equipped: [RingR] 13
[10/05/26 15:15:15] D2BS 20708: equipped: [RingL] 13
[10/05/26 15:15:15] D2BS 20708: equipped: [Belt] 19
[10/05/26 15:15:15] D2BS 20708: equipped: [Boots] 12
[10/05/26 15:15:15] D2BS 20708: equipped: [Mitts] 21
[10/05/26 15:15:15] D2BS 20708: updateStat
[10/05/26 15:15:15] D2BS 20708: granted: [Head] 14
[10/05/26 15:15:15] D2BS 20708: granted: [Body] 19
[10/05/26 15:15:15] D2BS 20708: granted: [ArmR] 22
[10/05/26 15:15:15] D2BS 20708: Loaded ÿc9[AutoSmurf.js]
[10/05/26 15:15:17] D2BS 20708: MiniShopBot: true
[10/05/26 15:15:17] D2BS 20708: farmingON
[10/05/26 15:15:17] D2BS 20708: UseMerc: true HP: 70
[10/05/26 15:15:34] D2BS 20708: Merc matched: Prayer
[10/05/26 15:15:42] D2BS 20708: Token needed
[10/05/26 15:15:45] D2BS 20708: act5+ BO
[10/05/26 15:15:57] D2BS 20708: ÿc4=== [BAAL] ===
[10/05/26 15:16:13] D2BS 20708: Baal failed: souls found
[10/05/26 15:16:13] D2BS 20708: ÿc4=== [COUNTESS] ===
[10/05/26 15:17:20] D2BS 20708: ÿc4=== [PIT] ===
[10/05/26 15:18:52] D2BS 20708: ÿc4=== [ANDY] ===
[10/05/26 15:19:48] D2BS 20708: ÿc4=== [MEPHISTO] ===
[10/05/26 15:20:56] D2BS 20708: ÿc4=== [DIABLO] ===
[10/05/26 15:26:42] D2BS 20708: party has left: fowo-xc, fowo-xf
[10/05/26 15:26:42] D2BS 20708:  [11:29] +4.14% / [Level 88] 0.98%
[10/05/26 15:26:42] D2BS 20708: Script threads\autobuildthread.js ended
[10/05/26 15:26:42] D2BS 20708: Script threads\partythread.js ended
[10/05/26 15:26:43] D2BS 20708: Script threads\townchicken.js ended
[10/05/26 15:26:43] D2BS 20708: Script default.dbj ended
[10/05/26 15:26:56] D2BS 20708: joining game pz-145
[10/05/26 15:26:58] D2BS 20708: ÿc2D2BSÿc0 :: Starting default.dbj
[10/05/26 15:26:58] D2BS 20708: ÿc2D2BSÿc0 :: default.dbj running.
[10/05/26 15:26:58] D2BS 20708: Loaded ÿc9[X.nip] [Y.nip] [Z.nip] [V.nip] [S.COLD.nip]
[10/05/26 15:26:58] D2BS 20708: Loaded ÿc9[S.COLD.js]
[10/05/26 15:26:58] D2BS 20708: equipped: [Head] 16
[10/05/26 15:26:58] D2BS 20708: equipped: [Neck] 16
[10/05/26 15:26:58] D2BS 20708: equipped: [Body] 20
[10/05/26 15:26:58] D2BS 20708: equipped: [ArmR] 18
[10/05/26 15:26:58] D2BS 20708: equipped: [ArmL] 26
[10/05/26 15:26:58] D2BS 20708: equipped: [RingR] 13
[10/05/26 15:26:58] D2BS 20708: equipped: [RingL] 13
[10/05/26 15:26:58] D2BS 20708: equipped: [Belt] 19
[10/05/26 15:26:58] D2BS 20708: equipped: [Boots] 12
[10/05/26 15:26:58] D2BS 20708: equipped: [Mitts] 21
[10/05/26 15:26:58] D2BS 20708: updateStat
[10/05/26 15:26:58] D2BS 20708: granted: [Head] 14
[10/05/26 15:26:58] D2BS 20708: granted: [Body] 19
[10/05/26 15:26:58] D2BS 20708: granted: [ArmR] 22
[10/05/26 15:26:58] D2BS 20708: Loaded ÿc9[AutoSmurf.js]
[10/05/26 15:27:02] D2BS 20708: farmingON
[10/05/26 15:27:04] D2BS 20708: MiniShopBot: true
[10/05/26 15:27:04] D2BS 20708: UseMerc: true HP: 70
[10/05/26 15:27:22] D2BS 20708: Merc matched: Prayer
[10/05/26 15:27:34] D2BS 20708: Token needed
[10/05/26 15:27:38] D2BS 20708: act5+ BO
[10/05/26 15:27:50] D2BS 20708: ÿc4=== [BAAL] ===
[10/05/26 15:30:53] D2BS 20708: Going to town
[10/05/26 15:31:09] D2BS 20708: ÿc4=== [COUNTESS] ===
[10/05/26 15:32:30] D2BS 20708: ÿc4=== [PIT] ===
[10/05/26 15:34:01] D2BS 20708: ÿc4=== [ANDY] ===
[10/05/26 15:34:52] D2BS 20708: ÿc4=== [MEPHISTO] ===
[10/05/26 15:36:11] D2BS 20708: ÿc4=== [DIABLO] ===
[10/05/26 15:43:18] D2BS 20708: Script ended
[10/05/26 15:43:18] D2BS 20708:  [16:21] +6.85% / [Level 88] 7.83%
[10/05/26 15:43:18] D2BS 20708: Script threads\autobuildthread.js ended
[10/05/26 15:43:18] D2BS 20708: Script threads\partythread.js ended
[10/05/26 15:43:19] D2BS 20708: Script threads\townchicken.js ended
[10/05/26 15:43:31] D2BS 20708: joining game pz-146
[10/05/26 15:43:32] D2BS 20708: ÿc2D2BSÿc0 :: Starting default.dbj
[10/05/26 15:43:32] D2BS 20708: ÿc2D2BSÿc0 :: default.dbj running.
[10/05/26 15:43:32] D2BS 20708: Loaded ÿc9[X.nip] [Y.nip] [Z.nip] [V.nip] [S.COLD.nip]
[10/05/26 15:43:32] D2BS 20708: Loaded ÿc9[S.COLD.js]
[10/05/26 15:43:32] D2BS 20708: equipped: [Head] 16
[10/05/26 15:43:33] D2BS 20708: equipped: [Neck] 16
[10/05/26 15:43:33] D2BS 20708: equipped: [Body] 20
[10/05/26 15:43:33] D2BS 20708: equipped: [ArmR] 18
[10/05/26 15:43:33] D2BS 20708: equipped: [ArmL] 26
[10/05/26 15:43:33] D2BS 20708: equipped: [RingR] 13
[10/05/26 15:43:33] D2BS 20708: equipped: [RingL] 13
[10/05/26 15:43:33] D2BS 20708: equipped: [Belt] 19
[10/05/26 15:43:33] D2BS 20708: equipped: [Boots] 12
[10/05/26 15:43:33] D2BS 20708: equipped: [Mitts] 21
[10/05/26 15:43:33] D2BS 20708: updateStat
[10/05/26 15:43:33] D2BS 20708: granted: [Head] 14
[10/05/26 15:43:33] D2BS 20708: granted: [Body] 19
[10/05/26 15:43:33] D2BS 20708: granted: [ArmR] 22
[10/05/26 15:43:33] D2BS 20708: Loaded ÿc9[AutoSmurf.js]
[10/05/26 15:43:40] D2BS 20708: farmingON
[10/05/26 15:43:40] D2BS 20708: MiniShopBot: true
[10/05/26 15:43:40] D2BS 20708: UseMerc: true HP: 70
[10/05/26 15:43:59] D2BS 20708: Merc matched: Prayer
[10/05/26 15:44:13] D2BS 20708: Token needed
[10/05/26 15:44:18] D2BS 20708: act5+ BO
[10/05/26 15:44:31] D2BS 20708: ÿc4=== [BAAL] ===
[10/05/26 15:44:40] D2BS 20708: Baal failed: souls found
[10/05/26 15:44:40] D2BS 20708: ÿc4=== [COUNTESS] ===
[10/05/26 15:45:50] D2BS 20708: ÿc4=== [PIT] ===
[10/05/26 15:47:03] D2BS 20708: ÿc4=== [ANDY] ===
[10/05/26 15:47:58] D2BS 20708: ÿc4=== [MEPHISTO] ===
[10/05/26 15:49:05] D2BS 20708: ÿc4=== [DIABLO] ===
[10/05/26 15:52:22] D2BS 20708: updateStat
[10/05/26 15:52:48] D2BS 20708: Going to town
[10/05/26 15:54:48] D2BS 20708:  [11:16] +3.59% / [Level 88] 11.42%
[10/05/26 15:54:48] D2BS 20708: Script threads\autobuildthread.js ended
[10/05/26 15:54:48] D2BS 20708: Script threads\partythread.js ended
[10/05/26 15:54:48] D2BS 20708: Script threads\townchicken.js ended
[10/05/26 15:54:49] D2BS 20708: Script default.dbj ended
[10/05/26 15:55:01] D2BS 20708: joining game pz-147
[10/05/26 15:55:03] D2BS 20708: ÿc2D2BSÿc0 :: Starting default.dbj
[10/05/26 15:55:03] D2BS 20708: ÿc2D2BSÿc0 :: default.dbj running.
[10/05/26 15:55:04] D2BS 20708: Loaded ÿc9[X.nip] [Y.nip] [Z.nip] [V.nip] [S.COLD.nip]
[10/05/26 15:55:04] D2BS 20708: Loaded ÿc9[S.COLD.js]
[10/05/26 15:55:04] D2BS 20708: equipped: [Head] 16
[10/05/26 15:55:04] D2BS 20708: equipped: [Neck] 16
[10/05/26 15:55:04] D2BS 20708: equipped: [Body] 20
[10/05/26 15:55:04] D2BS 20708: equipped: [ArmR] 18
[10/05/26 15:55:04] D2BS 20708: equipped: [ArmL] 26
[10/05/26 15:55:04] D2BS 20708: equipped: [RingR] 13
[10/05/26 15:55:04] D2BS 20708: equipped: [RingL] 13
[10/05/26 15:55:04] D2BS 20708: equipped: [Belt] 19
[10/05/26 15:55:04] D2BS 20708: equipped: [Boots] 12
[10/05/26 15:55:04] D2BS 20708: equipped: [Mitts] 21
[10/05/26 15:55:04] D2BS 20708: updateStat
[10/05/26 15:55:04] D2BS 20708: granted: [Head] 14
[10/05/26 15:55:04] D2BS 20708: granted: [Body] 19
[10/05/26 15:55:04] D2BS 20708: granted: [ArmR] 22
[10/05/26 15:55:04] D2BS 20708: Loaded ÿc9[AutoSmurf.js]
[10/05/26 15:55:09] D2BS 20708: farmingON
[10/05/26 15:55:10] D2BS 20708: MiniShopBot: true
[10/05/26 15:55:10] D2BS 20708: UseMerc: true HP: 70
[10/05/26 15:55:28] D2BS 20708: equipped: [Neck] 22
[10/05/26 15:55:29] D2BS 20708: Merc matched: Prayer
[10/05/26 15:55:59] D2BS 20708: Token needed
[10/05/26 15:56:03] D2BS 20708: act5+ BO
[10/05/26 15:56:14] D2BS 20708: ÿc4=== [BAAL] ===
[10/05/26 15:59:27] D2BS 20708: Going to town
[10/05/26 15:59:45] D2BS 20708: ÿc4=== [COUNTESS] ===
[10/05/26 16:00:58] D2BS 20708: ÿc4=== [PIT] ===
[10/05/26 16:02:34] D2BS 20708: ÿc4=== [ANDY] ===
[10/05/26 16:03:19] D2BS 20708: ÿc4=== [MEPHISTO] ===
[10/05/26 16:04:40] D2BS 20708: ÿc4=== [DIABLO] ===
[10/05/26 16:10:51] D2BS 20708: party has left: fowo-xc, fowo-xe
[10/05/26 16:10:51] D2BS 20708:  [15:49] +7.88% / [Level 88] 19.30%
[10/05/26 16:10:51] D2BS 20708: Script threads\autobuildthread.js ended
[10/05/26 16:10:52] D2BS 20708: Script threads\partythread.js ended
[10/05/26 16:10:52] D2BS 20708: Script threads\townchicken.js ended
[10/05/26 16:10:52] D2BS 20708: Script default.dbj ended
[10/05/26 16:11:04] D2BS 20708: joining game pz-148
[10/05/26 16:11:07] D2BS 20708: ÿc2D2BSÿc0 :: Starting default.dbj
[10/05/26 16:11:07] D2BS 20708: ÿc2D2BSÿc0 :: default.dbj running.
[10/05/26 16:11:07] D2BS 20708: Loaded ÿc9[X.nip] [Y.nip] [Z.nip] [V.nip] [S.COLD.nip]
[10/05/26 16:11:07] D2BS 20708: Loaded ÿc9[S.COLD.js]
[10/05/26 16:11:07] D2BS 20708: equipped: [Head] 16
[10/05/26 16:11:07] D2BS 20708: equipped: [Neck] 22
[10/05/26 16:11:07] D2BS 20708: equipped: [Body] 20
[10/05/26 16:11:07] D2BS 20708: equipped: [ArmR] 18
[10/05/26 16:11:07] D2BS 20708: equipped: [ArmL] 26
[10/05/26 16:11:07] D2BS 20708: equipped: [RingR] 13
[10/05/26 16:11:07] D2BS 20708: equipped: [RingL] 13
[10/05/26 16:11:07] D2BS 20708: equipped: [Belt] 19
[10/05/26 16:11:07] D2BS 20708: equipped: [Boots] 12
[10/05/26 16:11:07] D2BS 20708: equipped: [Mitts] 21
[10/05/26 16:11:07] D2BS 20708: updateStat
[10/05/26 16:11:07] D2BS 20708: granted: [Head] 14
[10/05/26 16:11:07] D2BS 20708: granted: [Body] 19
[10/05/26 16:11:07] D2BS 20708: granted: [ArmR] 22
[10/05/26 16:11:07] D2BS 20708: Loaded ÿc9[AutoSmurf.js]
[10/05/26 16:11:12] D2BS 20708: farmingON
[10/05/26 16:11:13] D2BS 20708: MiniShopBot: true
[10/05/26 16:11:13] D2BS 20708: UseMerc: true HP: 70
[10/05/26 16:11:29] D2BS 20708: Merc matched: Prayer
[10/05/26 16:11:39] D2BS 20708: Token needed
[10/05/26 16:11:44] D2BS 20708: act5+ BO
[10/05/26 16:11:56] D2BS 20708: ÿc4=== [BAAL] ===
[10/05/26 16:15:06] D2BS 20708: Going to town
[10/05/26 16:15:22] D2BS 20708: ÿc4=== [COUNTESS] ===
[10/05/26 16:16:44] D2BS 20708: ÿc4=== [PIT] ===
[10/05/26 16:18:34] D2BS 20708: ÿc4=== [ANDY] ===
[10/05/26 16:19:31] D2BS 20708: ÿc4=== [MEPHISTO] ===
[10/05/26 16:20:45] D2BS 20708: ÿc4=== [DIABLO] ===
[10/05/26 16:26:39] D2BS 20708: Script ended
[10/05/26 16:26:39] D2BS 20708:  [15:33] +8.16% / [Level 88] 27.46%
[10/05/26 16:26:39] D2BS 20708: Script threads\autobuildthread.js ended
[10/05/26 16:26:40] D2BS 20708: Script threads\partythread.js ended
[10/05/26 16:26:40] D2BS 20708: Script threads\townchicken.js ended
[10/05/26 16:26:51] D2BS 20708: joining game pz-149
[10/05/26 16:26:53] D2BS 20708: ÿc2D2BSÿc0 :: Starting default.dbj
[10/05/26 16:26:53] D2BS 20708: ÿc2D2BSÿc0 :: default.dbj running.
[10/05/26 16:26:53] D2BS 20708: Loaded ÿc9[X.nip] [Y.nip] [Z.nip] [V.nip] [S.COLD.nip]
[10/05/26 16:26:53] D2BS 20708: Loaded ÿc9[S.COLD.js]
[10/05/26 16:26:53] D2BS 20708: equipped: [Head] 16
[10/05/26 16:26:53] D2BS 20708: equipped: [Neck] 22
[10/05/26 16:26:53] D2BS 20708: equipped: [Body] 20
[10/05/26 16:26:53] D2BS 20708: equipped: [ArmR] 18
[10/05/26 16:26:53] D2BS 20708: equipped: [ArmL] 26
[10/05/26 16:26:53] D2BS 20708: equipped: [RingR] 13
[10/05/26 16:26:53] D2BS 20708: equipped: [RingL] 13
[10/05/26 16:26:53] D2BS 20708: equipped: [Belt] 19
[10/05/26 16:26:53] D2BS 20708: equipped: [Boots] 12
[10/05/26 16:26:53] D2BS 20708: equipped: [Mitts] 21
[10/05/26 16:26:53] D2BS 20708: updateStat
[10/05/26 16:26:53] D2BS 20708: granted: [Head] 14
[10/05/26 16:26:53] D2BS 20708: granted: [Body] 19
[10/05/26 16:26:53] D2BS 20708: granted: [ArmR] 22
[10/05/26 16:26:53] D2BS 20708: Loaded ÿc9[AutoSmurf.js]
[10/05/26 16:26:59] D2BS 20708: farmingON
[10/05/26 16:27:01] D2BS 20708: MiniShopBot: true
[10/05/26 16:27:01] D2BS 20708: UseMerc: true HP: 70
[10/05/26 16:27:17] D2BS 20708: Merc matched: Prayer
[10/05/26 16:27:34] D2BS 20708: Token needed
[10/05/26 16:27:38] D2BS 20708: act5+ BO
[10/05/26 16:27:50] D2BS 20708: ÿc4=== [BAAL] ===
[10/05/26 16:28:04] D2BS 20708: Baal failed: souls found
[10/05/26 16:28:04] D2BS 20708: ÿc4=== [COUNTESS] ===
[10/05/26 16:29:17] D2BS 20708: ÿc4=== [PIT] ===
[10/05/26 16:30:48] D2BS 20708: ÿc4=== [ANDY] ===
[10/05/26 16:31:41] D2BS 20708: ÿc4=== [MEPHISTO] ===
[10/05/26 16:33:03] D2BS 20708: ÿc4=== [DIABLO] ===
[10/05/26 16:38:38] D2BS 20708: party has left: fowo-xg
[10/05/26 16:38:38] D2BS 20708:  [11:46] +3.94% / [Level 88] 31.40%
[10/05/26 16:38:38] D2BS 20708: Script threads\autobuildthread.js ended
[10/05/26 16:38:38] D2BS 20708: Script threads\partythread.js ended
[10/05/26 16:38:39] D2BS 20708: Script threads\townchicken.js ended
[10/05/26 16:38:39] D2BS 20708: Script default.dbj ended
[10/05/26 16:38:51] D2BS 20708: joining game pz-150
[10/05/26 16:38:53] D2BS 20708: ÿc2D2BSÿc0 :: Starting default.dbj
[10/05/26 16:38:53] D2BS 20708: ÿc2D2BSÿc0 :: default.dbj running.
[10/05/26 16:38:53] D2BS 20708: Loaded ÿc9[X.nip] [Y.nip] [Z.nip] [V.nip] [S.COLD.nip]
[10/05/26 16:38:53] D2BS 20708: Loaded ÿc9[S.COLD.js]
[10/05/26 16:38:53] D2BS 20708: equipped: [Head] 16
[10/05/26 16:38:53] D2BS 20708: equipped: [Neck] 22
[10/05/26 16:38:53] D2BS 20708: equipped: [Body] 20
[10/05/26 16:38:53] D2BS 20708: equipped: [ArmR] 18
[10/05/26 16:38:53] D2BS 20708: equipped: [ArmL] 26
[10/05/26 16:38:53] D2BS 20708: equipped: [RingR] 13
[10/05/26 16:38:53] D2BS 20708: equipped: [RingL] 13
[10/05/26 16:38:53] D2BS 20708: equipped: [Belt] 19
[10/05/26 16:38:53] D2BS 20708: equipped: [Boots] 12
[10/05/26 16:38:53] D2BS 20708: equipped: [Mitts] 21
[10/05/26 16:38:53] D2BS 20708: updateStat
[10/05/26 16:38:53] D2BS 20708: granted: [Head] 14
[10/05/26 16:38:53] D2BS 20708: granted: [Body] 19
[10/05/26 16:38:53] D2BS 20708: granted: [ArmR] 22
[10/05/26 16:38:53] D2BS 20708: Loaded ÿc9[AutoSmurf.js]
[10/05/26 16:38:58] D2BS 20708: MiniShopBot: true
[10/05/26 16:38:58] D2BS 20708: farmingON
[10/05/26 16:38:58] D2BS 20708: UseMerc: true HP: 70
[10/05/26 16:39:19] D2BS 20708: Merc matched: Prayer
[10/05/26 16:39:27] D2BS 20708: Token needed
[10/05/26 16:39:31] D2BS 20708: act5+ BO
[10/05/26 16:39:44] D2BS 20708: ÿc4=== [BAAL] ===
[10/05/26 16:39:59] D2BS 20708: Baal failed: souls found
[10/05/26 16:39:59] D2BS 20708: ÿc4=== [COUNTESS] ===
[10/05/26 16:41:12] D2BS 20708: ÿc4=== [PIT] ===
[10/05/26 16:43:04] D2BS 20708: ÿc4=== [ANDY] ===
[10/05/26 16:43:54] D2BS 20708: ÿc4=== [MEPHISTO] ===
[10/05/26 16:45:15] D2BS 20708: ÿc4=== [DIABLO] ===
[10/05/26 16:51:02] D2BS 20708: Script ended
[10/05/26 16:51:02] D2BS 20708:  [12:09] +4.69% / [Level 88] 36.09%
[10/05/26 16:51:02] D2BS 20708: Script threads\autobuildthread.js ended
[10/05/26 16:51:02] D2BS 20708: Script threads\partythread.js ended
[10/05/26 16:51:02] D2BS 20708: Script threads\townchicken.js ended
[10/05/26 16:51:15] D2BS 20708: joining game pz-151
[10/05/26 16:51:18] D2BS 20708: ÿc2D2BSÿc0 :: Starting default.dbj
[10/05/26 16:51:18] D2BS 20708: ÿc2D2BSÿc0 :: default.dbj running.
[10/05/26 16:51:18] D2BS 20708: Loaded ÿc9[X.nip] [Y.nip] [Z.nip] [V.nip] [S.COLD.nip]
[10/05/26 16:51:18] D2BS 20708: Loaded ÿc9[S.COLD.js]
[10/05/26 16:51:18] D2BS 20708: equipped: [Head] 16
[10/05/26 16:51:18] D2BS 20708: equipped: [Neck] 22
[10/05/26 16:51:18] D2BS 20708: equipped: [Body] 20
[10/05/26 16:51:18] D2BS 20708: equipped: [ArmR] 18
[10/05/26 16:51:18] D2BS 20708: equipped: [ArmL] 26
[10/05/26 16:51:18] D2BS 20708: equipped: [RingR] 13
[10/05/26 16:51:18] D2BS 20708: equipped: [RingL] 13
[10/05/26 16:51:18] D2BS 20708: equipped: [Belt] 19
[10/05/26 16:51:18] D2BS 20708: equipped: [Boots] 12
[10/05/26 16:51:18] D2BS 20708: equipped: [Mitts] 21
[10/05/26 16:51:18] D2BS 20708: updateStat
[10/05/26 16:51:18] D2BS 20708: granted: [Head] 14
[10/05/26 16:51:18] D2BS 20708: granted: [Body] 19
[10/05/26 16:51:18] D2BS 20708: granted: [ArmR] 22
[10/05/26 16:51:18] D2BS 20708: Loaded ÿc9[AutoSmurf.js]
[10/05/26 16:51:22] D2BS 20708: MiniShopBot: true
[10/05/26 16:51:22] D2BS 20708: farmingON
[10/05/26 16:51:22] D2BS 20708: UseMerc: true HP: 70
[10/05/26 16:51:37] D2BS 20708: Merc matched: Prayer
[10/05/26 16:51:56] D2BS 20708: Token needed
[10/05/26 16:52:00] D2BS 20708: act5+ BO
[10/05/26 16:52:12] D2BS 20708: ÿc4=== [BAAL] ===
[10/05/26 16:52:25] D2BS 20708: Baal failed: souls found
[10/05/26 16:52:25] D2BS 20708: ÿc4=== [COUNTESS] ===
[10/05/26 16:53:37] D2BS 20708: ÿc4=== [PIT] ===
[10/05/26 16:55:19] D2BS 20708: ÿc4=== [ANDY] ===
[10/05/26 16:56:06] D2BS 20708: ÿc4=== [MEPHISTO] ===
[10/05/26 16:57:24] D2BS 20708: ÿc4=== [DIABLO] ===
[10/05/26 17:03:33] D2BS 20708: Script ended
[10/05/26 17:03:33] D2BS 20708:  [12:16] +3.88% / [Level 88] 39.98%
[10/05/26 17:03:33] D2BS 20708: Script threads\autobuildthread.js ended
[10/05/26 17:03:33] D2BS 20708: Script threads\partythread.js ended
[10/05/26 17:03:34] D2BS 20708: Script threads\townchicken.js ended
[10/05/26 17:03:45] D2BS 20708: joining game pz-152
[10/05/26 17:03:46] D2BS 20708: ÿc2D2BSÿc0 :: Starting default.dbj
[10/05/26 17:03:46] D2BS 20708: ÿc2D2BSÿc0 :: default.dbj running.
[10/05/26 17:03:46] D2BS 20708: Loaded ÿc9[X.nip] [Y.nip] [Z.nip] [V.nip] [S.COLD.nip]
[10/05/26 17:03:46] D2BS 20708: Loaded ÿc9[S.COLD.js]
[10/05/26 17:03:46] D2BS 20708: equipped: [Head] 16
[10/05/26 17:03:46] D2BS 20708: equipped: [Neck] 22
[10/05/26 17:03:46] D2BS 20708: equipped: [Body] 20
[10/05/26 17:03:46] D2BS 20708: equipped: [ArmR] 18
[10/05/26 17:03:47] D2BS 20708: equipped: [ArmL] 26
[10/05/26 17:03:47] D2BS 20708: equipped: [RingR] 13
[10/05/26 17:03:47] D2BS 20708: equipped: [RingL] 13
[10/05/26 17:03:47] D2BS 20708: equipped: [Belt] 19
[10/05/26 17:03:47] D2BS 20708: equipped: [Boots] 12
[10/05/26 17:03:47] D2BS 20708: equipped: [Mitts] 21
[10/05/26 17:03:47] D2BS 20708: updateStat
[10/05/26 17:03:47] D2BS 20708: granted: [Head] 14
[10/05/26 17:03:47] D2BS 20708: granted: [Body] 19
[10/05/26 17:03:47] D2BS 20708: granted: [ArmR] 22
[10/05/26 17:03:48] D2BS 20708: Loaded ÿc9[AutoSmurf.js]
[10/05/26 17:03:52] D2BS 20708: farmingON
[10/05/26 17:03:52] D2BS 20708: MiniShopBot: true
[10/05/26 17:03:52] D2BS 20708: UseMerc: true HP: 70
[10/05/26 17:04:18] D2BS 20708: Merc matched: Prayer
[10/05/26 17:04:23] D2BS 20708: Token needed
[10/05/26 17:04:27] D2BS 20708: act5+ BO
[10/05/26 17:04:40] D2BS 20708: ÿc4=== [BAAL] ===
[10/05/26 17:07:47] D2BS 20708: Going to town
[10/05/26 17:08:11] D2BS 20708: ÿc4=== [COUNTESS] ===
[10/05/26 17:09:20] D2BS 20708: ÿc4=== [PIT] ===
[10/05/26 17:11:05] D2BS 20708: ÿc4=== [ANDY] ===
[10/05/26 17:11:55] D2BS 20708: ÿc4=== [MEPHISTO] ===
[10/05/26 17:13:19] D2BS 20708: ÿc4=== [DIABLO] ===
[10/05/26 17:19:12] D2BS 20708: party has left: fowo-xh
[10/05/26 17:19:12] D2BS 20708:  [15:26] +7.69% / [Level 88] 47.67%
[10/05/26 17:19:12] D2BS 20708: Script threads\autobuildthread.js ended
[10/05/26 17:19:12] D2BS 20708: Script threads\partythread.js ended
[10/05/26 17:19:13] D2BS 20708: Script threads\townchicken.js ended
[10/05/26 17:19:13] D2BS 20708: Script default.dbj ended
[10/05/26 17:19:26] D2BS 20708: joining game pz-153
[10/05/26 17:19:28] D2BS 20708: ÿc2D2BSÿc0 :: Starting default.dbj
[10/05/26 17:19:28] D2BS 20708: ÿc2D2BSÿc0 :: default.dbj running.
[10/05/26 17:19:28] D2BS 20708: Loaded ÿc9[X.nip] [Y.nip] [Z.nip] [V.nip] [S.COLD.nip]
[10/05/26 17:19:28] D2BS 20708: Loaded ÿc9[S.COLD.js]
[10/05/26 17:19:29] D2BS 20708: equipped: [Head] 16
[10/05/26 17:19:29] D2BS 20708: equipped: [Neck] 22
[10/05/26 17:19:29] D2BS 20708: equipped: [Body] 20
[10/05/26 17:19:29] D2BS 20708: equipped: [ArmR] 18
[10/05/26 17:19:29] D2BS 20708: equipped: [ArmL] 26
[10/05/26 17:19:29] D2BS 20708: equipped: [RingR] 13
[10/05/26 17:19:29] D2BS 20708: equipped: [RingL] 13
[10/05/26 17:19:29] D2BS 20708: equipped: [Belt] 19
[10/05/26 17:19:29] D2BS 20708: equipped: [Boots] 12
[10/05/26 17:19:29] D2BS 20708: equipped: [Mitts] 21
[10/05/26 17:19:29] D2BS 20708: updateStat
[10/05/26 17:19:29] D2BS 20708: granted: [Head] 14
[10/05/26 17:19:29] D2BS 20708: granted: [Body] 19
[10/05/26 17:19:30] D2BS 20708: granted: [ArmR] 22
[10/05/26 17:19:30] D2BS 20708: Loaded ÿc9[AutoSmurf.js]
[10/05/26 17:19:33] D2BS 20708: farmingON
[10/05/26 17:19:34] D2BS 20708: MiniShopBot: true
[10/05/26 17:19:34] D2BS 20708: UseMerc: true HP: 70
[10/05/26 17:19:54] D2BS 20708: Merc matched: Prayer
[10/05/26 17:20:02] D2BS 20708: Token needed
[10/05/26 17:20:06] D2BS 20708: act5+ BO
[10/05/26 17:20:19] D2BS 20708: ÿc4=== [BAAL] ===
[10/05/26 17:23:47] D2BS 20708: ÿc4=== [COUNTESS] ===
[10/05/26 17:25:11] D2BS 20708: ÿc4=== [PIT] ===
[10/05/26 17:26:31] D2BS 20708: ÿc4=== [ANDY] ===
[10/05/26 17:27:29] D2BS 20708: ÿc4=== [MEPHISTO] ===
[10/05/26 17:28:44] D2BS 20708: ÿc4=== [DIABLO] ===
[10/05/26 17:34:09] D2BS 20708: party has left: fowo-xf
[10/05/26 17:34:09] D2BS 20708:  [14:40] +7.80% / [Level 88] 55.47%
[10/05/26 17:34:09] D2BS 20708: Script threads\autobuildthread.js ended
[10/05/26 17:34:09] D2BS 20708: Script threads\partythread.js ended
[10/05/26 17:34:09] D2BS 20708: Script threads\townchicken.js ended
[10/05/26 17:34:09] D2BS 20708: Script default.dbj ended
[10/05/26 17:34:21] D2BS 20708: joining game pz-154
[10/05/26 17:34:22] D2BS 20708: ÿc2D2BSÿc0 :: Starting default.dbj
[10/05/26 17:34:22] D2BS 20708: ÿc2D2BSÿc0 :: default.dbj running.
[10/05/26 17:34:22] D2BS 20708: Loaded ÿc9[X.nip] [Y.nip] [Z.nip] [V.nip] [S.COLD.nip]
[10/05/26 17:34:22] D2BS 20708: Loaded ÿc9[S.COLD.js]
[10/05/26 17:34:22] D2BS 20708: equipped: [Head] 16
[10/05/26 17:34:22] D2BS 20708: equipped: [Neck] 22
[10/05/26 17:34:23] D2BS 20708: equipped: [Body] 20
[10/05/26 17:34:23] D2BS 20708: equipped: [ArmR] 18
[10/05/26 17:34:23] D2BS 20708: equipped: [ArmL] 26
[10/05/26 17:34:23] D2BS 20708: equipped: [RingR] 13
[10/05/26 17:34:23] D2BS 20708: equipped: [RingL] 13
[10/05/26 17:34:23] D2BS 20708: equipped: [Belt] 19
[10/05/26 17:34:23] D2BS 20708: equipped: [Boots] 12
[10/05/26 17:34:23] D2BS 20708: equipped: [Mitts] 21
[10/05/26 17:34:23] D2BS 20708: updateStat
[10/05/26 17:34:23] D2BS 20708: granted: [Head] 14
[10/05/26 17:34:23] D2BS 20708: granted: [Body] 19
[10/05/26 17:34:24] D2BS 20708: granted: [ArmR] 22
[10/05/26 17:34:24] D2BS 20708: Loaded ÿc9[AutoSmurf.js]
[10/05/26 17:34:28] D2BS 20708: farmingON
[10/05/26 17:34:28] D2BS 20708: MiniShopBot: true
[10/05/26 17:34:28] D2BS 20708: UseMerc: true HP: 70
[10/05/26 17:34:50] D2BS 20708: Merc matched: Prayer
[10/05/26 17:34:57] D2BS 20708: Token needed
[10/05/26 17:35:01] D2BS 20708: act5+ BO
[10/05/26 17:35:14] D2BS 20708: ÿc4=== [BAAL] ===
[10/05/26 17:38:23] D2BS 20708: Going to town
[10/05/26 17:38:40] D2BS 20708: ÿc4=== [COUNTESS] ===
[10/05/26 17:39:48] D2BS 20708: ÿc4=== [PIT] ===
[10/05/26 17:41:26] D2BS 20708: ÿc4=== [ANDY] ===
[10/05/26 17:42:16] D2BS 20708: ÿc4=== [MEPHISTO] ===
[10/05/26 17:43:42] D2BS 20708: ÿc4=== [DIABLO] ===
[10/05/26 17:49:27] D2BS 20708: Script ended
[10/05/26 17:49:27] D2BS 20708:  [15:05] +8.16% / [Level 88] 63.64%
[10/05/26 17:49:27] D2BS 20708: Script threads\autobuildthread.js ended
[10/05/26 17:49:29] D2BS 20708: Script threads\partythread.js ended
[10/05/26 17:49:29] D2BS 20708: Script threads\townchicken.js ended
[10/05/26 17:49:42] D2BS 20708: joining game pz-155
[10/05/26 17:49:44] D2BS 20708: ÿc2D2BSÿc0 :: Starting default.dbj
[10/05/26 17:49:44] D2BS 20708: ÿc2D2BSÿc0 :: default.dbj running.
[10/05/26 17:49:44] D2BS 20708: Loaded ÿc9[X.nip] [Y.nip] [Z.nip] [V.nip] [S.COLD.nip]
[10/05/26 17:49:44] D2BS 20708: Loaded ÿc9[S.COLD.js]
[10/05/26 17:49:44] D2BS 20708: equipped: [Head] 16
[10/05/26 17:49:44] D2BS 20708: equipped: [Neck] 22
[10/05/26 17:49:44] D2BS 20708: equipped: [Body] 20
[10/05/26 17:49:44] D2BS 20708: equipped: [ArmR] 18
[10/05/26 17:49:44] D2BS 20708: equipped: [ArmL] 26
[10/05/26 17:49:44] D2BS 20708: equipped: [RingR] 13
[10/05/26 17:49:44] D2BS 20708: equipped: [RingL] 13
[10/05/26 17:49:45] D2BS 20708: equipped: [Belt] 19
[10/05/26 17:49:45] D2BS 20708: equipped: [Boots] 12
[10/05/26 17:49:45] D2BS 20708: equipped: [Mitts] 21
[10/05/26 17:49:45] D2BS 20708: updateStat
[10/05/26 17:49:45] D2BS 20708: granted: [Head] 14
[10/05/26 17:49:45] D2BS 20708: granted: [Body] 19
[10/05/26 17:49:45] D2BS 20708: granted: [ArmR] 22
[10/05/26 17:49:45] D2BS 20708: Loaded ÿc9[AutoSmurf.js]
[10/05/26 17:49:50] D2BS 20708: farmingON
[10/05/26 17:49:52] D2BS 20708: MiniShopBot: true
[10/05/26 17:49:52] D2BS 20708: UseMerc: true HP: 70
[10/05/26 17:50:10] D2BS 20708: Merc matched: Prayer
[10/05/26 17:50:24] D2BS 20708: Token needed
[10/05/26 17:50:27] D2BS 20708: act5+ BO
[10/05/26 17:50:40] D2BS 20708: ÿc4=== [BAAL] ===
[10/05/26 17:53:29] D2BS 20708: Script default.dbj ended
[10/05/26 17:53:29] D2BS 20708: Script threads\autobuildthread.js ended
[10/05/26 17:53:29] D2BS 20708: Script threads\partythread.js ended
[10/05/26 17:53:29] D2BS 20708: Script threads\toolsthread.js ended
[10/05/26 17:53:29] D2BS 20708: Script threads\townchicken.js ended
[10/05/26 17:53:40] D2BS 20708: joining game pz-156
[10/05/26 17:53:41] D2BS 20708: ÿc2D2BSÿc0 :: Starting default.dbj
[10/05/26 17:53:41] D2BS 20708: ÿc2D2BSÿc0 :: default.dbj running.
[10/05/26 17:53:42] D2BS 20708: Loaded ÿc9[X.nip] [Y.nip] [Z.nip] [V.nip] [S.COLD.nip]
[10/05/26 17:53:42] D2BS 20708: Loaded ÿc9[S.COLD.js]
[10/05/26 17:53:42] D2BS 20708: equipped: [Head] 16
[10/05/26 17:53:42] D2BS 20708: equipped: [Neck] 22
[10/05/26 17:53:42] D2BS 20708: equipped: [Body] 20
[10/05/26 17:53:42] D2BS 20708: equipped: [ArmR] 18
[10/05/26 17:53:42] D2BS 20708: equipped: [ArmL] 26
[10/05/26 17:53:42] D2BS 20708: equipped: [RingR] 13
[10/05/26 17:53:42] D2BS 20708: equipped: [RingL] 13
[10/05/26 17:53:42] D2BS 20708: equipped: [Belt] 19
[10/05/26 17:53:42] D2BS 20708: equipped: [Boots] 12
[10/05/26 17:53:42] D2BS 20708: equipped: [Mitts] 21
[10/05/26 17:53:42] D2BS 20708: updateStat
[10/05/26 17:53:42] D2BS 20708: granted: [Head] 14
[10/05/26 17:53:42] D2BS 20708: granted: [Body] 19
[10/05/26 17:53:42] D2BS 20708: granted: [ArmR] 22
[10/05/26 17:53:42] D2BS 20708: Loaded ÿc9[AutoSmurf.js]
[10/05/26 17:53:45] D2BS 20708: farmingON
[10/05/26 17:53:46] D2BS 20708: MiniShopBot: true
[10/05/26 17:53:46] D2BS 20708: UseMerc: true HP: 70
[10/05/26 17:54:00] D2BS 20708: Merc matched: Prayer
[10/05/26 17:54:14] D2BS 20708: Token needed
[10/05/26 17:54:17] D2BS 20708: act5+ BO
[10/05/26 17:54:29] D2BS 20708: ÿc4=== [BAAL] ===
[10/05/26 17:58:11] D2BS 20708: Going to town
[10/05/26 17:58:27] D2BS 20708: ÿc4=== [COUNTESS] ===
[10/05/26 17:59:55] D2BS 20708: ÿc4=== [PIT] ===
[10/05/26 18:01:50] D2BS 20708: ÿc4=== [ANDY] ===
[10/05/26 18:02:33] D2BS 20708: ÿc4=== [MEPHISTO] ===
[10/05/26 18:03:52] D2BS 20708: ÿc4=== [DIABLO] ===
[10/05/26 18:09:43] D2BS 20708: Script ended
[10/05/26 18:09:43] D2BS 20708:  [16:00] +8.25% / [Level 88] 75.34%
[10/05/26 18:09:43] D2BS 20708: Script threads\autobuildthread.js ended
[10/05/26 18:09:43] D2BS 20708: Script threads\partythread.js ended
[10/05/26 18:09:44] D2BS 20708: Script threads\townchicken.js ended
[10/05/26 18:09:56] D2BS 20708: joining game pz-157
[10/05/26 18:09:58] D2BS 20708: ÿc2D2BSÿc0 :: Starting default.dbj
[10/05/26 18:09:58] D2BS 20708: ÿc2D2BSÿc0 :: default.dbj running.
[10/05/26 18:09:58] D2BS 20708: Loaded ÿc9[X.nip] [Y.nip] [Z.nip] [V.nip] [S.COLD.nip]
[10/05/26 18:09:58] D2BS 20708: Loaded ÿc9[S.COLD.js]
[10/05/26 18:09:59] D2BS 20708: equipped: [Head] 16
[10/05/26 18:09:59] D2BS 20708: equipped: [Neck] 22
[10/05/26 18:09:59] D2BS 20708: equipped: [Body] 20
[10/05/26 18:09:59] D2BS 20708: equipped: [ArmR] 18
[10/05/26 18:09:59] D2BS 20708: equipped: [ArmL] 26
[10/05/26 18:09:59] D2BS 20708: equipped: [RingR] 13
[10/05/26 18:09:59] D2BS 20708: equipped: [RingL] 13
[10/05/26 18:09:59] D2BS 20708: equipped: [Belt] 19
[10/05/26 18:09:59] D2BS 20708: equipped: [Boots] 12
[10/05/26 18:09:59] D2BS 20708: equipped: [Mitts] 21
[10/05/26 18:09:59] D2BS 20708: updateStat
[10/05/26 18:09:59] D2BS 20708: granted: [Head] 14
[10/05/26 18:09:59] D2BS 20708: granted: [Body] 19
[10/05/26 18:09:59] D2BS 20708: granted: [ArmR] 22
[10/05/26 18:09:59] D2BS 20708: Loaded ÿc9[AutoSmurf.js]
[10/05/26 18:10:03] D2BS 20708: MiniShopBot: true
[10/05/26 18:10:03] D2BS 20708: farmingON
[10/05/26 18:10:03] D2BS 20708: UseMerc: true HP: 70
[10/05/26 18:10:21] D2BS 20708: Merc matched: Prayer
[10/05/26 18:10:34] D2BS 20708: Token needed
[10/05/26 18:10:38] D2BS 20708: act5+ BO
[10/05/26 18:10:49] D2BS 20708: ÿc4=== [BAAL] ===
[10/05/26 18:14:09] D2BS 20708: Going to town
[10/05/26 18:14:28] D2BS 20708: ÿc4=== [COUNTESS] ===
[10/05/26 18:15:38] D2BS 20708: ÿc4=== [PIT] ===
[10/05/26 18:17:10] D2BS 20708: ÿc4=== [ANDY] ===
[10/05/26 18:18:00] D2BS 20708: ÿc4=== [MEPHISTO] ===
[10/05/26 18:19:17] D2BS 20708: ÿc4=== [DIABLO] ===
[10/05/26 18:25:37] D2BS 20708: party has left: fowo-xa
[10/05/26 18:25:37] D2BS 20708:  [15:39] +7.11% / [Level 88] 82.46%
[10/05/26 18:25:37] D2BS 20708: Script threads\autobuildthread.js ended
[10/05/26 18:25:37] D2BS 20708: Script threads\partythread.js ended
[10/05/26 18:25:38] D2BS 20708: Script threads\townchicken.js ended
[10/05/26 18:25:38] D2BS 20708: Script default.dbj ended
[10/05/26 18:25:50] D2BS 20708: joining game pz-158
[10/05/26 18:25:52] D2BS 20708: ÿc2D2BSÿc0 :: Starting default.dbj
[10/05/26 18:25:52] D2BS 20708: ÿc2D2BSÿc0 :: default.dbj running.
[10/05/26 18:25:52] D2BS 20708: Loaded ÿc9[X.nip] [Y.nip] [Z.nip] [V.nip] [S.COLD.nip]
[10/05/26 18:25:52] D2BS 20708: Loaded ÿc9[S.COLD.js]
[10/05/26 18:25:52] D2BS 20708: equipped: [Head] 16
[10/05/26 18:25:52] D2BS 20708: equipped: [Neck] 22
[10/05/26 18:25:52] D2BS 20708: equipped: [Body] 20
[10/05/26 18:25:52] D2BS 20708: equipped: [ArmR] 18
[10/05/26 18:25:52] D2BS 20708: equipped: [ArmL] 26
[10/05/26 18:25:52] D2BS 20708: equipped: [RingR] 13
[10/05/26 18:25:52] D2BS 20708: equipped: [RingL] 13
[10/05/26 18:25:52] D2BS 20708: equipped: [Belt] 19
[10/05/26 18:25:52] D2BS 20708: equipped: [Boots] 12
[10/05/26 18:25:52] D2BS 20708: equipped: [Mitts] 21
[10/05/26 18:25:52] D2BS 20708: updateStat
[10/05/26 18:25:52] D2BS 20708: granted: [Head] 14
[10/05/26 18:25:52] D2BS 20708: granted: [Body] 19
[10/05/26 18:25:52] D2BS 20708: granted: [ArmR] 22
[10/05/26 18:25:52] D2BS 20708: Loaded ÿc9[AutoSmurf.js]
[10/05/26 18:25:57] D2BS 20708: farmingON
[10/05/26 18:25:58] D2BS 20708: MiniShopBot: true
[10/05/26 18:25:58] D2BS 20708: UseMerc: true HP: 70
[10/05/26 18:26:16] D2BS 20708: Merc matched: Prayer
[10/05/26 18:26:37] D2BS 20708: Token needed
[10/05/26 18:26:41] D2BS 20708: act5+ BO
[10/05/26 18:27:08] D2BS 20708: ÿc4=== [BAAL] ===
[10/05/26 18:28:42] D2BS 20708: party has left: fowo-xf
[10/05/26 18:28:42] D2BS 20708:  [02:51] +0.93% / [Level 88] 83.38%
[10/05/26 18:28:42] D2BS 20708: Script threads\autobuildthread.js ended
[10/05/26 18:28:42] D2BS 20708: Script threads\partythread.js ended
[10/05/26 18:28:42] D2BS 20708: Script threads\townchicken.js ended
[10/05/26 18:28:43] D2BS 20708: Script default.dbj ended
[10/05/26 18:28:54] D2BS 20708: joining game pz-159
[10/05/26 18:28:56] D2BS 20708: ÿc2D2BSÿc0 :: Starting default.dbj
[10/05/26 18:28:56] D2BS 20708: ÿc2D2BSÿc0 :: default.dbj running.
[10/05/26 18:28:57] D2BS 20708: Loaded ÿc9[X.nip] [Y.nip] [Z.nip] [V.nip] [S.COLD.nip]
[10/05/26 18:28:57] D2BS 20708: Loaded ÿc9[S.COLD.js]
[10/05/26 18:28:57] D2BS 20708: equipped: [Head] 16
[10/05/26 18:28:57] D2BS 20708: equipped: [Neck] 22
[10/05/26 18:28:57] D2BS 20708: equipped: [Body] 20
[10/05/26 18:28:57] D2BS 20708: equipped: [ArmR] 18
[10/05/26 18:28:57] D2BS 20708: equipped: [ArmL] 26
[10/05/26 18:28:57] D2BS 20708: equipped: [RingR] 13
[10/05/26 18:28:57] D2BS 20708: equipped: [RingL] 13
[10/05/26 18:28:57] D2BS 20708: equipped: [Belt] 19
[10/05/26 18:28:57] D2BS 20708: equipped: [Boots] 12
[10/05/26 18:28:57] D2BS 20708: equipped: [Mitts] 21
[10/05/26 18:28:57] D2BS 20708: updateStat
[10/05/26 18:28:57] D2BS 20708: granted: [Head] 14
[10/05/26 18:28:57] D2BS 20708: granted: [Body] 19
[10/05/26 18:28:57] D2BS 20708: granted: [ArmR] 22
[10/05/26 18:28:57] D2BS 20708: Loaded ÿc9[AutoSmurf.js]
[10/05/26 18:28:59] D2BS 20708: MiniShopBot: true
[10/05/26 18:28:59] D2BS 20708: farmingON
[10/05/26 18:28:59] D2BS 20708: UseMerc: true HP: 70
[10/05/26 18:29:13] D2BS 20708: granted: [ArmR] 25
[10/05/26 18:29:13] D2BS 20708: Merc matched: Prayer
[10/05/26 18:29:22] D2BS 20708: Token needed
[10/05/26 18:29:26] D2BS 20708: act5+ BO
[10/05/26 18:29:39] D2BS 20708: ÿc4=== [BAAL] ===
[10/05/26 18:32:57] D2BS 20708: ÿc4=== [COUNTESS] ===
[10/05/26 18:34:06] D2BS 20708: ÿc4=== [PIT] ===
[10/05/26 18:35:51] D2BS 20708: ÿc4=== [ANDY] ===
[10/05/26 18:36:42] D2BS 20708: ÿc4=== [MEPHISTO] ===
[10/05/26 18:37:54] D2BS 20708: ÿc4=== [DIABLO] ===
[10/05/26 18:44:42] D2BS 20708: Going to town
[10/05/26 18:44:48] D2BS 20708: party has left: fowo-xg
[10/05/26 18:44:48] D2BS 20708:  [15:52] +7.55% / [Level 88] 90.94%
[10/05/26 18:44:48] D2BS 20708: Script threads\autobuildthread.js ended
[10/05/26 18:44:48] D2BS 20708: Script threads\partythread.js ended
[10/05/26 18:44:49] D2BS 20708: Script threads\townchicken.js ended
[10/05/26 18:44:49] D2BS 20708: Script default.dbj ended
[10/05/26 18:45:01] D2BS 20708: joining game pz-160
[10/05/26 18:45:03] D2BS 20708: ÿc2D2BSÿc0 :: Starting default.dbj
[10/05/26 18:45:03] D2BS 20708: ÿc2D2BSÿc0 :: default.dbj running.
[10/05/26 18:45:03] D2BS 20708: Loaded ÿc9[X.nip] [Y.nip] [Z.nip] [V.nip] [S.COLD.nip]
[10/05/26 18:45:03] D2BS 20708: Loaded ÿc9[S.COLD.js]
[10/05/26 18:45:03] D2BS 20708: equipped: [Head] 16
[10/05/26 18:45:03] D2BS 20708: equipped: [Neck] 22
[10/05/26 18:45:04] D2BS 20708: equipped: [Body] 20
[10/05/26 18:45:04] D2BS 20708: equipped: [ArmR] 18
[10/05/26 18:45:04] D2BS 20708: equipped: [ArmL] 26
[10/05/26 18:45:04] D2BS 20708: equipped: [RingR] 13
[10/05/26 18:45:04] D2BS 20708: equipped: [RingL] 13
[10/05/26 18:45:04] D2BS 20708: equipped: [Belt] 19
[10/05/26 18:45:04] D2BS 20708: equipped: [Boots] 12
[10/05/26 18:45:04] D2BS 20708: equipped: [Mitts] 21
[10/05/26 18:45:04] D2BS 20708: updateStat
[10/05/26 18:45:04] D2BS 20708: granted: [Head] 14
[10/05/26 18:45:04] D2BS 20708: granted: [Body] 19
[10/05/26 18:45:04] D2BS 20708: granted: [ArmR] 25
[10/05/26 18:45:04] D2BS 20708: Loaded ÿc9[AutoSmurf.js]
[10/05/26 18:45:08] D2BS 20708: farmingON
[10/05/26 18:45:09] D2BS 20708: MiniShopBot: true
[10/05/26 18:45:09] D2BS 20708: UseMerc: true HP: 70
[10/05/26 18:45:26] D2BS 20708: Merc matched: Prayer
[10/05/26 18:45:36] D2BS 20708: Token needed
[10/05/26 18:45:41] D2BS 20708: act5+ BO
[10/05/26 18:45:54] D2BS 20708: ÿc4=== [BAAL] ===
[10/05/26 18:46:16] D2BS 20708: Baal failed: souls found
[10/05/26 18:46:16] D2BS 20708: ÿc4=== [COUNTESS] ===
[10/05/26 18:47:28] D2BS 20708: ÿc4=== [PIT] ===
[10/05/26 18:49:15] D2BS 20708: ÿc4=== [ANDY] ===
[10/05/26 18:50:17] D2BS 20708: ÿc4=== [MEPHISTO] ===
[10/05/26 18:51:42] D2BS 20708: ÿc4=== [DIABLO] ===
[10/05/26 18:56:41] D2BS 20708: party has left: fowo-xe
[10/05/26 18:56:41] D2BS 20708:  [11:38] +2.56% / [Level 88] 93.49%
[10/05/26 18:56:41] D2BS 20708: Script threads\autobuildthread.js ended
[10/05/26 18:56:41] D2BS 20708: Script threads\partythread.js ended
[10/05/26 18:56:41] D2BS 20708: Script threads\townchicken.js ended
[10/05/26 18:56:41] D2BS 20708: Script default.dbj ended
[10/05/26 18:56:54] D2BS 20708: joining game pz-161
[10/05/26 18:56:56] D2BS 20708: ÿc2D2BSÿc0 :: Starting default.dbj
[10/05/26 18:56:56] D2BS 20708: ÿc2D2BSÿc0 :: default.dbj running.
[10/05/26 18:56:57] D2BS 20708: Loaded ÿc9[X.nip] [Y.nip] [Z.nip] [V.nip] [S.COLD.nip]
[10/05/26 18:56:57] D2BS 20708: Loaded ÿc9[S.COLD.js]
[10/05/26 18:56:57] D2BS 20708: equipped: [Head] 16
[10/05/26 18:56:57] D2BS 20708: equipped: [Neck] 22
[10/05/26 18:56:57] D2BS 20708: equipped: [Body] 20
[10/05/26 18:56:57] D2BS 20708: equipped: [ArmR] 18
[10/05/26 18:56:57] D2BS 20708: equipped: [ArmL] 26
[10/05/26 18:56:57] D2BS 20708: equipped: [RingR] 13
[10/05/26 18:56:57] D2BS 20708: equipped: [RingL] 13
[10/05/26 18:56:57] D2BS 20708: equipped: [Belt] 19
[10/05/26 18:56:57] D2BS 20708: equipped: [Boots] 12
[10/05/26 18:56:57] D2BS 20708: equipped: [Mitts] 21
[10/05/26 18:56:57] D2BS 20708: updateStat
[10/05/26 18:56:57] D2BS 20708: granted: [Head] 14
[10/05/26 18:56:57] D2BS 20708: granted: [Body] 19
[10/05/26 18:56:57] D2BS 20708: granted: [ArmR] 25
[10/05/26 18:56:57] D2BS 20708: Loaded ÿc9[AutoSmurf.js]
[10/05/26 18:57:01] D2BS 20708: MiniShopBot: true
[10/05/26 18:57:01] D2BS 20708: farmingON
[10/05/26 18:57:01] D2BS 20708: UseMerc: true HP: 70
[10/05/26 18:57:15] D2BS 20708: Merc matched: Prayer
[10/05/26 18:57:27] D2BS 20708: Token needed
[10/05/26 18:57:31] D2BS 20708: act5+ BO
[10/05/26 18:57:43] D2BS 20708: ÿc4=== [BAAL] ===
[10/05/26 18:58:00] D2BS 20708: Baal failed: souls found
[10/05/26 18:58:00] D2BS 20708: ÿc4=== [COUNTESS] ===
[10/05/26 18:59:04] D2BS 20708: ÿc4=== [PIT] ===
[10/05/26 19:01:02] D2BS 20708: ÿc4=== [ANDY] ===
[10/05/26 19:01:58] D2BS 20708: ÿc4=== [MEPHISTO] ===
[10/05/26 19:03:15] D2BS 20708: ÿc4=== [DIABLO] ===
[10/05/26 19:08:41] D2BS 20708: Going to town
[10/05/26 19:08:43] D2BS 20708: party has left: fowo-xd
[10/05/26 19:08:43] D2BS 20708:  [11:47] +4.54% / [Level 88] 98.03%
[10/05/26 19:08:43] D2BS 20708: Script threads\autobuildthread.js ended
[10/05/26 19:08:44] D2BS 20708: Script threads\partythread.js ended
[10/05/26 19:08:44] D2BS 20708: Script threads\townchicken.js ended
[10/05/26 19:08:44] D2BS 20708: Script default.dbj ended
[10/05/26 19:08:56] D2BS 20708: joining game pz-162
[10/05/26 19:08:58] D2BS 20708: ÿc2D2BSÿc0 :: Starting default.dbj
[10/05/26 19:08:58] D2BS 20708: ÿc2D2BSÿc0 :: default.dbj running.
[10/05/26 19:08:58] D2BS 20708: Loaded ÿc9[X.nip] [Y.nip] [Z.nip] [V.nip] [S.COLD.nip]
[10/05/26 19:08:58] D2BS 20708: Loaded ÿc9[S.COLD.js]
[10/05/26 19:08:58] D2BS 20708: equipped: [Head] 16
[10/05/26 19:08:58] D2BS 20708: equipped: [Neck] 22
[10/05/26 19:08:58] D2BS 20708: equipped: [Body] 20
[10/05/26 19:08:58] D2BS 20708: equipped: [ArmR] 18
[10/05/26 19:08:58] D2BS 20708: equipped: [ArmL] 26
[10/05/26 19:08:58] D2BS 20708: equipped: [RingR] 13
[10/05/26 19:08:58] D2BS 20708: equipped: [RingL] 13
[10/05/26 19:08:58] D2BS 20708: equipped: [Belt] 19
[10/05/26 19:08:58] D2BS 20708: equipped: [Boots] 12
[10/05/26 19:08:58] D2BS 20708: equipped: [Mitts] 21
[10/05/26 19:08:58] D2BS 20708: updateStat
[10/05/26 19:08:58] D2BS 20708: granted: [Head] 14
[10/05/26 19:08:58] D2BS 20708: granted: [Body] 19
[10/05/26 19:08:58] D2BS 20708: granted: [ArmR] 25
[10/05/26 19:08:58] D2BS 20708: Loaded ÿc9[AutoSmurf.js]
[10/05/26 19:09:03] D2BS 20708: farmingON
[10/05/26 19:09:04] D2BS 20708: MiniShopBot: true
[10/05/26 19:09:04] D2BS 20708: UseMerc: true HP: 70
[10/05/26 19:09:20] D2BS 20708: Merc matched: Prayer
[10/05/26 19:09:37] D2BS 20708: Token needed
[10/05/26 19:09:41] D2BS 20708: act5+ BO
[10/05/26 19:09:53] D2BS 20708: ÿc4=== [BAAL] ===
[10/05/26 19:10:04] D2BS 20708: Baal failed: souls found
[10/05/26 19:10:04] D2BS 20708: ÿc4=== [COUNTESS] ===
[10/05/26 19:11:08] D2BS 20708: ÿc4=== [PIT] ===
[10/05/26 19:12:54] D2BS 20708: ÿc4=== [ANDY] ===
[10/05/26 19:13:55] D2BS 20708: ÿc4=== [MEPHISTO] ===
[10/05/26 19:15:16] D2BS 20708: ÿc4=== [DIABLO] ===
[10/05/26 19:20:36] D2BS 20708: party has left: fowo-xa
[10/05/26 19:20:36] D2BS 20708:  [11:38] +2.98% / [Level 89] 1.17%
[10/05/26 19:20:36] D2BS 20708: Script threads\autobuildthread.js ended
[10/05/26 19:20:36] D2BS 20708: Script threads\partythread.js ended
[10/05/26 19:20:36] D2BS 20708: Script threads\townchicken.js ended
[10/05/26 19:20:36] D2BS 20708: Script default.dbj ended
[10/05/26 19:20:48] D2BS 20708: joining game pz-163
[10/05/26 19:20:49] D2BS 20708: ÿc2D2BSÿc0 :: Starting default.dbj
[10/05/26 19:20:49] D2BS 20708: ÿc2D2BSÿc0 :: default.dbj running.
[10/05/26 19:20:50] D2BS 20708: Loaded ÿc9[X.nip] [Y.nip] [Z.nip] [V.nip] [S.COLD.nip]
[10/05/26 19:20:50] D2BS 20708: Loaded ÿc9[S.COLD.js]
[10/05/26 19:20:50] D2BS 20708: equipped: [Head] 16
[10/05/26 19:20:50] D2BS 20708: equipped: [Neck] 22
[10/05/26 19:20:50] D2BS 20708: equipped: [Body] 20
[10/05/26 19:20:50] D2BS 20708: equipped: [ArmR] 18
[10/05/26 19:20:51] D2BS 20708: equipped: [ArmL] 26
[10/05/26 19:20:51] D2BS 20708: equipped: [RingR] 13
[10/05/26 19:20:51] D2BS 20708: equipped: [RingL] 13
[10/05/26 19:20:51] D2BS 20708: equipped: [Belt] 19
[10/05/26 19:20:51] D2BS 20708: equipped: [Boots] 12
[10/05/26 19:20:51] D2BS 20708: equipped: [Mitts] 21
[10/05/26 19:20:51] D2BS 20708: updateStat
[10/05/26 19:20:51] D2BS 20708: granted: [Head] 14
[10/05/26 19:20:51] D2BS 20708: granted: [Body] 19
[10/05/26 19:20:51] D2BS 20708: granted: [ArmR] 25
[10/05/26 19:20:51] D2BS 20708: Loaded ÿc9[AutoSmurf.js]
[10/05/26 19:20:55] D2BS 20708: farmingON
[10/05/26 19:20:58] D2BS 20708: MiniShopBot: true
[10/05/26 19:20:58] D2BS 20708: UseMerc: true HP: 70
[10/05/26 19:21:14] D2BS 20708: Merc matched: Prayer
[10/05/26 19:21:28] D2BS 20708: Token needed
[10/05/26 19:21:32] D2BS 20708: act5+ BO
[10/05/26 19:21:45] D2BS 20708: ÿc4=== [BAAL] ===
[10/05/26 19:25:23] D2BS 20708: Going to town
[10/05/26 19:25:40] D2BS 20708: ÿc4=== [COUNTESS] ===
[10/05/26 19:26:44] D2BS 20708: ÿc4=== [PIT] ===
[10/05/26 19:28:23] D2BS 20708: ÿc4=== [ANDY] ===
[10/05/26 19:29:11] D2BS 20708: ÿc4=== [MEPHISTO] ===
[10/05/26 19:30:25] D2BS 20708: ÿc4=== [DIABLO] ===
[10/05/26 19:36:31] D2BS 20708: Script ended
[10/05/26 19:36:31] D2BS 20708:  [15:42] +5.47% / [Level 89] 6.64%
[10/05/26 19:36:31] D2BS 20708: Script threads\autobuildthread.js ended
[10/05/26 19:36:31] D2BS 20708: Script threads\partythread.js ended
[10/05/26 19:36:32] D2BS 20708: Script threads\townchicken.js ended
[10/05/26 19:36:44] D2BS 20708: joining game pz-164
[10/05/26 19:36:46] D2BS 20708: ÿc2D2BSÿc0 :: Starting default.dbj
[10/05/26 19:36:46] D2BS 20708: ÿc2D2BSÿc0 :: default.dbj running.
[10/05/26 19:36:46] D2BS 20708: Loaded ÿc9[X.nip] [Y.nip] [Z.nip] [V.nip] [S.COLD.nip]
[10/05/26 19:36:46] D2BS 20708: Loaded ÿc9[S.COLD.js]
[10/05/26 19:36:46] D2BS 20708: equipped: [Head] 16
[10/05/26 19:36:46] D2BS 20708: equipped: [Neck] 22
[10/05/26 19:36:46] D2BS 20708: equipped: [Body] 20
[10/05/26 19:36:46] D2BS 20708: equipped: [ArmR] 18
[10/05/26 19:36:46] D2BS 20708: equipped: [ArmL] 26
[10/05/26 19:36:46] D2BS 20708: equipped: [RingR] 13
[10/05/26 19:36:46] D2BS 20708: equipped: [RingL] 13
[10/05/26 19:36:46] D2BS 20708: equipped: [Belt] 19
[10/05/26 19:36:46] D2BS 20708: equipped: [Boots] 12
[10/05/26 19:36:46] D2BS 20708: equipped: [Mitts] 21
[10/05/26 19:36:46] D2BS 20708: updateStat
[10/05/26 19:36:46] D2BS 20708: granted: [Head] 14
[10/05/26 19:36:46] D2BS 20708: granted: [Body] 19
[10/05/26 19:36:46] D2BS 20708: granted: [ArmR] 25
[10/05/26 19:36:46] D2BS 20708: Loaded ÿc9[AutoSmurf.js]
[10/05/26 19:36:52] D2BS 20708: MiniShopBot: true
[10/05/26 19:36:52] D2BS 20708: farmingON
[10/05/26 19:36:52] D2BS 20708: UseMerc: true HP: 70
[10/05/26 19:37:19] D2BS 20708: Merc matched: Prayer
[10/05/26 19:37:29] D2BS 20708: Token needed
[10/05/26 19:37:32] D2BS 20708: act5+ BO
[10/05/26 19:39:39] D2BS 20708: party has left: fowo-xd
[10/05/26 19:39:39] D2BS 20708: no exp [02:54]
[10/05/26 19:39:39] D2BS 20708: Script threads\autobuildthread.js ended
[10/05/26 19:39:40] D2BS 20708: Script threads\partythread.js ended
[10/05/26 19:39:40] D2BS 20708: Script threads\townchicken.js ended
[10/05/26 19:39:40] D2BS 20708: Script default.dbj ended
[10/05/26 19:39:52] D2BS 20708: joining game pz-165
[10/05/26 19:39:54] D2BS 20708: ÿc2D2BSÿc0 :: Starting default.dbj
[10/05/26 19:39:54] D2BS 20708: ÿc2D2BSÿc0 :: default.dbj running.
[10/05/26 19:39:54] D2BS 20708: Loaded ÿc9[X.nip] [Y.nip] [Z.nip] [V.nip] [S.COLD.nip]
[10/05/26 19:39:54] D2BS 20708: Loaded ÿc9[S.COLD.js]
[10/05/26 19:39:54] D2BS 20708: equipped: [Head] 16
[10/05/26 19:39:54] D2BS 20708: equipped: [Neck] 22
[10/05/26 19:39:54] D2BS 20708: equipped: [Body] 20
[10/05/26 19:39:54] D2BS 20708: equipped: [ArmR] 18
[10/05/26 19:39:54] D2BS 20708: equipped: [ArmL] 26
[10/05/26 19:39:54] D2BS 20708: equipped: [RingR] 13
[10/05/26 19:39:54] D2BS 20708: equipped: [RingL] 13
[10/05/26 19:39:54] D2BS 20708: equipped: [Belt] 19
[10/05/26 19:39:54] D2BS 20708: equipped: [Boots] 12
[10/05/26 19:39:54] D2BS 20708: equipped: [Mitts] 21
[10/05/26 19:39:54] D2BS 20708: updateStat
[10/05/26 19:39:54] D2BS 20708: granted: [Head] 14
[10/05/26 19:39:54] D2BS 20708: granted: [Body] 19
[10/05/26 19:39:54] D2BS 20708: granted: [ArmR] 25
[10/05/26 19:39:54] D2BS 20708: Loaded ÿc9[AutoSmurf.js]
[10/05/26 19:39:56] D2BS 20708: farmingON
[10/05/26 19:39:56] D2BS 20708: MiniShopBot: true
[10/05/26 19:39:56] D2BS 20708: UseMerc: true HP: 70
[10/05/26 19:40:12] D2BS 20708: Merc matched: Prayer
[10/05/26 19:40:19] D2BS 20708: Token needed
[10/05/26 19:40:22] D2BS 20708: act5+ BO
[10/05/26 19:40:36] D2BS 20708: ÿc4=== [BAAL] ===
[10/05/26 19:40:47] D2BS 20708: Baal failed: souls found
[10/05/26 19:40:47] D2BS 20708: ÿc4=== [COUNTESS] ===
[10/05/26 19:40:49] D2BS 20708: granted: [Body] 20
[10/05/26 19:41:49] D2BS 20708: ÿc4=== [PIT] ===
[10/05/26 19:43:32] D2BS 20708: ÿc4=== [ANDY] ===
[10/05/26 19:44:20] D2BS 20708: ÿc4=== [MEPHISTO] ===
[10/05/26 19:45:35] D2BS 20708: ÿc4=== [DIABLO] ===
[10/05/26 19:46:57] D2BS 20708: updateStat
[10/05/26 19:47:31] D2BS 20708: Going to town
[10/05/26 19:51:23] D2BS 20708: party has left: fowo-xa
[10/05/26 19:51:23] D2BS 20708:  [11:30] +3.07% / [Level 89] 9.71%
[10/05/26 19:51:23] D2BS 20708: Script threads\autobuildthread.js ended
[10/05/26 19:51:23] D2BS 20708: Script threads\partythread.js ended
[10/05/26 19:51:24] D2BS 20708: Script threads\townchicken.js ended
[10/05/26 19:51:24] D2BS 20708: Script default.dbj ended
[10/05/26 19:51:36] D2BS 20708: joining game pz-166
[10/05/26 19:51:38] D2BS 20708: ÿc2D2BSÿc0 :: Starting default.dbj
[10/05/26 19:51:38] D2BS 20708: ÿc2D2BSÿc0 :: default.dbj running.
[10/05/26 19:51:38] D2BS 20708: Loaded ÿc9[X.nip] [Y.nip] [Z.nip] [V.nip] [S.COLD.nip]
[10/05/26 19:51:38] D2BS 20708: Loaded ÿc9[S.COLD.js]
[10/05/26 19:51:38] D2BS 20708: equipped: [Head] 16
[10/05/26 19:51:38] D2BS 20708: equipped: [Neck] 22
[10/05/26 19:51:39] D2BS 20708: equipped: [Body] 20
[10/05/26 19:51:39] D2BS 20708: equipped: [ArmR] 18
[10/05/26 19:51:39] D2BS 20708: equipped: [ArmL] 26
[10/05/26 19:51:39] D2BS 20708: equipped: [RingR] 13
[10/05/26 19:51:39] D2BS 20708: equipped: [RingL] 13
[10/05/26 19:51:39] D2BS 20708: equipped: [Belt] 19
[10/05/26 19:51:39] D2BS 20708: equipped: [Boots] 12
[10/05/26 19:51:39] D2BS 20708: equipped: [Mitts] 21
[10/05/26 19:51:39] D2BS 20708: updateStat
[10/05/26 19:51:39] D2BS 20708: granted: [Head] 14
[10/05/26 19:51:39] D2BS 20708: granted: [Body] 20
[10/05/26 19:51:39] D2BS 20708: granted: [ArmR] 25
[10/05/26 19:51:39] D2BS 20708: Loaded ÿc9[AutoSmurf.js]
[10/05/26 19:51:44] D2BS 20708: farmingON
[10/05/26 19:51:45] D2BS 20708: MiniShopBot: true
[10/05/26 19:51:45] D2BS 20708: UseMerc: true HP: 70
[10/05/26 19:52:00] D2BS 20708: Merc matched: Prayer
[10/05/26 19:52:18] D2BS 20708: Token needed
[10/05/26 19:52:21] D2BS 20708: act5+ BO
[10/05/26 19:52:35] D2BS 20708: ÿc4=== [BAAL] ===
[10/05/26 19:53:04] D2BS 20708: Baal failed: souls found
[10/05/26 19:53:04] D2BS 20708: ÿc4=== [COUNTESS] ===
[10/05/26 19:53:05] D2BS 20708: equipped: [RingR] 14
[10/05/26 19:54:10] D2BS 20708: ÿc4=== [PIT] ===
[10/05/26 19:55:50] D2BS 20708: ÿc4=== [ANDY] ===
[10/05/26 19:56:53] D2BS 20708: ÿc4=== [MEPHISTO] ===
[10/05/26 19:58:10] D2BS 20708: ÿc4=== [DIABLO] ===
[10/05/26 20:03:18] D2BS 20708: party has left: fowo-xg, fowo-xh
[10/05/26 20:03:18] D2BS 20708:  [11:40] +2.75% / [Level 89] 12.46%
[10/05/26 20:03:18] D2BS 20708: Script threads\autobuildthread.js ended
[10/05/26 20:03:18] D2BS 20708: Script threads\partythread.js ended
[10/05/26 20:03:18] D2BS 20708: Script threads\townchicken.js ended
[10/05/26 20:03:18] D2BS 20708: Script default.dbj ended
[10/05/26 20:03:32] D2BS 20708: joining game pz-167
[10/05/26 20:03:34] D2BS 20708: ÿc2D2BSÿc0 :: Starting default.dbj
[10/05/26 20:03:34] D2BS 20708: ÿc2D2BSÿc0 :: default.dbj running.
[10/05/26 20:03:34] D2BS 20708: Loaded ÿc9[X.nip] [Y.nip] [Z.nip] [V.nip] [S.COLD.nip]
[10/05/26 20:03:34] D2BS 20708: Loaded ÿc9[S.COLD.js]
[10/05/26 20:03:34] D2BS 20708: equipped: [Head] 16
[10/05/26 20:03:34] D2BS 20708: equipped: [Neck] 22
[10/05/26 20:03:34] D2BS 20708: equipped: [Body] 20
[10/05/26 20:03:34] D2BS 20708: equipped: [ArmR] 18
[10/05/26 20:03:34] D2BS 20708: equipped: [ArmL] 26
[10/05/26 20:03:34] D2BS 20708: equipped: [RingR] 14
[10/05/26 20:03:34] D2BS 20708: equipped: [RingL] 13
[10/05/26 20:03:34] D2BS 20708: equipped: [Belt] 19
[10/05/26 20:03:34] D2BS 20708: equipped: [Boots] 12
[10/05/26 20:03:34] D2BS 20708: equipped: [Mitts] 21
[10/05/26 20:03:34] D2BS 20708: updateStat
[10/05/26 20:03:34] D2BS 20708: granted: [Head] 14
[10/05/26 20:03:34] D2BS 20708: granted: [Body] 20
[10/05/26 20:03:34] D2BS 20708: granted: [ArmR] 25
[10/05/26 20:03:34] D2BS 20708: Loaded ÿc9[AutoSmurf.js]
[10/05/26 20:03:39] D2BS 20708: farmingON
[10/05/26 20:03:40] D2BS 20708: MiniShopBot: true
[10/05/26 20:03:40] D2BS 20708: UseMerc: true HP: 70
[10/05/26 20:04:03] D2BS 20708: Merc matched: Prayer
[10/05/26 20:04:17] D2BS 20708: Token needed
[10/05/26 20:04:20] D2BS 20708: act5+ BO
[10/05/26 20:04:34] D2BS 20708: ÿc4=== [BAAL] ===
[10/05/26 20:04:46] D2BS 20708: Baal failed: souls found
[10/05/26 20:04:46] D2BS 20708: ÿc4=== [COUNTESS] ===
[10/05/26 20:05:56] D2BS 20708: ÿc4=== [PIT] ===
[10/05/26 20:07:36] D2BS 20708: ÿc4=== [ANDY] ===
[10/05/26 20:08:29] D2BS 20708: ÿc4=== [MEPHISTO] ===
[10/05/26 20:09:45] D2BS 20708: ÿc4=== [DIABLO] ===
[10/05/26 20:15:09] D2BS 20708: Script ended
[10/05/26 20:15:09] D2BS 20708:  [11:35] +2.89% / [Level 89] 15.35%
[10/05/26 20:15:09] D2BS 20708: Script threads\autobuildthread.js ended
[10/05/26 20:15:09] D2BS 20708: Script threads\partythread.js ended
[10/05/26 20:15:10] D2BS 20708: Script threads\townchicken.js ended
[10/05/26 20:15:21] D2BS 20708: joining game pz-168
[10/05/26 20:15:22] D2BS 20708: ÿc2D2BSÿc0 :: Starting default.dbj
[10/05/26 20:15:22] D2BS 20708: ÿc2D2BSÿc0 :: default.dbj running.
[10/05/26 20:15:23] D2BS 20708: Loaded ÿc9[X.nip] [Y.nip] [Z.nip] [V.nip] [S.COLD.nip]
[10/05/26 20:15:23] D2BS 20708: Loaded ÿc9[S.COLD.js]
[10/05/26 20:15:23] D2BS 20708: equipped: [Head] 16
[10/05/26 20:15:23] D2BS 20708: equipped: [Neck] 22
[10/05/26 20:15:23] D2BS 20708: equipped: [Body] 20
[10/05/26 20:15:24] D2BS 20708: equipped: [ArmR] 18
[10/05/26 20:15:24] D2BS 20708: equipped: [ArmL] 26
[10/05/26 20:15:24] D2BS 20708: equipped: [RingR] 14
[10/05/26 20:15:24] D2BS 20708: equipped: [RingL] 13
[10/05/26 20:15:24] D2BS 20708: equipped: [Belt] 19
[10/05/26 20:15:24] D2BS 20708: equipped: [Boots] 12
[10/05/26 20:15:24] D2BS 20708: equipped: [Mitts] 21
[10/05/26 20:15:24] D2BS 20708: updateStat
[10/05/26 20:15:24] D2BS 20708: granted: [Head] 14
[10/05/26 20:15:24] D2BS 20708: granted: [Body] 20
[10/05/26 20:15:24] D2BS 20708: granted: [ArmR] 25
[10/05/26 20:15:24] D2BS 20708: Loaded ÿc9[AutoSmurf.js]
[10/05/26 20:15:29] D2BS 20708: farmingON
[10/05/26 20:15:30] D2BS 20708: MiniShopBot: true
[10/05/26 20:15:30] D2BS 20708: UseMerc: true HP: 70
[10/05/26 20:15:48] D2BS 20708: Merc matched: Prayer
[10/05/26 20:15:59] D2BS 20708: Token needed
[10/05/26 20:16:03] D2BS 20708: act5+ BO
[10/05/26 20:16:15] D2BS 20708: ÿc4=== [BAAL] ===
[10/05/26 20:19:27] D2BS 20708: Going to town
[10/05/26 20:19:44] D2BS 20708: ÿc4=== [COUNTESS] ===
[10/05/26 20:21:08] D2BS 20708: ÿc4=== [PIT] ===
[10/05/26 20:22:36] D2BS 20708: ÿc4=== [ANDY] ===
[10/05/26 20:23:33] D2BS 20708: ÿc4=== [MEPHISTO] ===
[10/05/26 20:24:56] D2BS 20708: ÿc4=== [DIABLO] ===
[10/05/26 20:31:07] D2BS 20708: party has left: fowo-xh
[10/05/26 20:31:07] D2BS 20708:  [15:45] +5.50% / [Level 89] 20.85%
[10/05/26 20:31:07] D2BS 20708: Script threads\autobuildthread.js ended
[10/05/26 20:31:07] D2BS 20708: Script threads\partythread.js ended
[10/05/26 20:31:07] D2BS 20708: Script threads\townchicken.js ended
[10/05/26 20:31:07] D2BS 20708: Script default.dbj ended
[10/05/26 20:31:20] D2BS 20708: joining game pz-169
[10/05/26 20:31:22] D2BS 20708: ÿc2D2BSÿc0 :: Starting default.dbj
[10/05/26 20:31:22] D2BS 20708: ÿc2D2BSÿc0 :: default.dbj running.
[10/05/26 20:31:22] D2BS 20708: Loaded ÿc9[X.nip] [Y.nip] [Z.nip] [V.nip] [S.COLD.nip]
[10/05/26 20:31:23] D2BS 20708: Loaded ÿc9[S.COLD.js]
[10/05/26 20:31:23] D2BS 20708: equipped: [Head] 16
[10/05/26 20:31:23] D2BS 20708: equipped: [Neck] 22
[10/05/26 20:31:23] D2BS 20708: equipped: [Body] 20
[10/05/26 20:31:23] D2BS 20708: equipped: [ArmR] 18
[10/05/26 20:31:23] D2BS 20708: equipped: [ArmL] 26
[10/05/26 20:31:23] D2BS 20708: equipped: [RingR] 14
[10/05/26 20:31:23] D2BS 20708: equipped: [RingL] 13
[10/05/26 20:31:23] D2BS 20708: equipped: [Belt] 19
[10/05/26 20:31:23] D2BS 20708: equipped: [Boots] 12
[10/05/26 20:31:23] D2BS 20708: equipped: [Mitts] 21
[10/05/26 20:31:23] D2BS 20708: updateStat
[10/05/26 20:31:23] D2BS 20708: granted: [Head] 14
[10/05/26 20:31:23] D2BS 20708: granted: [Body] 20
[10/05/26 20:31:23] D2BS 20708: granted: [ArmR] 25
[10/05/26 20:31:23] D2BS 20708: Loaded ÿc9[AutoSmurf.js]
[10/05/26 20:31:28] D2BS 20708: farmingON
[10/05/26 20:31:29] D2BS 20708: MiniShopBot: true
[10/05/26 20:31:29] D2BS 20708: UseMerc: true HP: 70
[10/05/26 20:31:45] D2BS 20708: Merc matched: Prayer
[10/05/26 20:31:59] D2BS 20708: Token needed
[10/05/26 20:32:02] D2BS 20708: act5+ BO
[10/05/26 20:32:14] D2BS 20708: ÿc4=== [BAAL] ===
[10/05/26 20:32:32] D2BS 20708: Baal failed: souls found
[10/05/26 20:32:32] D2BS 20708: ÿc4=== [COUNTESS] ===
[10/05/26 20:33:40] D2BS 20708: ÿc4=== [PIT] ===
[10/05/26 20:35:17] D2BS 20708: ÿc4=== [ANDY] ===
[10/05/26 20:36:24] D2BS 20708: ÿc4=== [MEPHISTO] ===
[10/05/26 20:37:46] D2BS 20708: ÿc4=== [DIABLO] ===
[10/05/26 20:43:23] D2BS 20708: Script ended
[10/05/26 20:43:23] D2BS 20708:  [12:01] +2.78% / [Level 89] 23.63%
[10/05/26 20:43:23] D2BS 20708: Script threads\autobuildthread.js ended
[10/05/26 20:43:23] D2BS 20708: Script threads\partythread.js ended
[10/05/26 20:43:23] D2BS 20708: Script threads\townchicken.js ended
[10/05/26 20:43:36] D2BS 20708: joining game pz-170
[10/05/26 20:43:37] D2BS 20708: ÿc2D2BSÿc0 :: Starting default.dbj
[10/05/26 20:43:37] D2BS 20708: ÿc2D2BSÿc0 :: default.dbj running.
[10/05/26 20:43:38] D2BS 20708: Loaded ÿc9[X.nip] [Y.nip] [Z.nip] [V.nip] [S.COLD.nip]
[10/05/26 20:43:38] D2BS 20708: Loaded ÿc9[S.COLD.js]
[10/05/26 20:43:38] D2BS 20708: equipped: [Head] 16
[10/05/26 20:43:38] D2BS 20708: equipped: [Neck] 22
[10/05/26 20:43:38] D2BS 20708: equipped: [Body] 20
[10/05/26 20:43:38] D2BS 20708: equipped: [ArmR] 18
[10/05/26 20:43:38] D2BS 20708: equipped: [ArmL] 26
[10/05/26 20:43:38] D2BS 20708: equipped: [RingR] 14
[10/05/26 20:43:38] D2BS 20708: equipped: [RingL] 13
[10/05/26 20:43:38] D2BS 20708: equipped: [Belt] 19
[10/05/26 20:43:38] D2BS 20708: equipped: [Boots] 12
[10/05/26 20:43:38] D2BS 20708: equipped: [Mitts] 21
[10/05/26 20:43:38] D2BS 20708: updateStat
[10/05/26 20:43:38] D2BS 20708: granted: [Head] 14
[10/05/26 20:43:39] D2BS 20708: granted: [Body] 20
[10/05/26 20:43:39] D2BS 20708: granted: [ArmR] 25
[10/05/26 20:43:39] D2BS 20708: Loaded ÿc9[AutoSmurf.js]
[10/05/26 20:43:42] D2BS 20708: farmingON
[10/05/26 20:43:44] D2BS 20708: MiniShopBot: true
[10/05/26 20:43:44] D2BS 20708: UseMerc: true HP: 70
[10/05/26 20:44:00] D2BS 20708: Merc matched: Prayer
[10/05/26 20:44:14] D2BS 20708: Token needed
[10/05/26 20:44:18] D2BS 20708: act5+ BO
[10/05/26 20:44:30] D2BS 20708: ÿc4=== [BAAL] ===
[10/05/26 20:47:30] D2BS 20708: ÿc4=== [COUNTESS] ===
[10/05/26 20:48:52] D2BS 20708: ÿc4=== [PIT] ===
[10/05/26 20:50:26] D2BS 20708: ÿc4=== [ANDY] ===
[10/05/26 20:51:16] D2BS 20708: ÿc4=== [MEPHISTO] ===
[10/05/26 20:52:44] D2BS 20708: ÿc4=== [DIABLO] ===
[10/05/26 20:58:20] D2BS 20708: party has left: fowo-xh
[10/05/26 20:58:20] D2BS 20708:  [14:43] +5.38% / [Level 89] 29.01%
[10/05/26 20:58:20] D2BS 20708: Script threads\autobuildthread.js ended
[10/05/26 20:58:20] D2BS 20708: Script threads\partythread.js ended
[10/05/26 20:58:21] D2BS 20708: Script threads\townchicken.js ended
[10/05/26 20:58:21] D2BS 20708: Script default.dbj ended
[10/05/26 20:58:32] D2BS 20708: joining game pz-171
[10/05/26 20:58:35] D2BS 20708: ÿc2D2BSÿc0 :: Starting default.dbj
[10/05/26 20:58:35] D2BS 20708: ÿc2D2BSÿc0 :: default.dbj running.
[10/05/26 20:58:35] D2BS 20708: Loaded ÿc9[X.nip] [Y.nip] [Z.nip] [V.nip] [S.COLD.nip]
[10/05/26 20:58:35] D2BS 20708: Loaded ÿc9[S.COLD.js]
[10/05/26 20:58:35] D2BS 20708: equipped: [Head] 16
[10/05/26 20:58:35] D2BS 20708: equipped: [Neck] 22
[10/05/26 20:58:35] D2BS 20708: equipped: [Body] 20
[10/05/26 20:58:35] D2BS 20708: equipped: [ArmR] 18
[10/05/26 20:58:35] D2BS 20708: equipped: [ArmL] 26
[10/05/26 20:58:35] D2BS 20708: equipped: [RingR] 14
[10/05/26 20:58:35] D2BS 20708: equipped: [RingL] 13
[10/05/26 20:58:35] D2BS 20708: equipped: [Belt] 19
[10/05/26 20:58:35] D2BS 20708: equipped: [Boots] 12
[10/05/26 20:58:35] D2BS 20708: equipped: [Mitts] 21
[10/05/26 20:58:35] D2BS 20708: updateStat
[10/05/26 20:58:35] D2BS 20708: granted: [Head] 14
[10/05/26 20:58:35] D2BS 20708: granted: [Body] 20
[10/05/26 20:58:35] D2BS 20708: granted: [ArmR] 25
[10/05/26 20:58:35] D2BS 20708: Loaded ÿc9[AutoSmurf.js]
[10/05/26 20:58:39] D2BS 20708: farmingON
[10/05/26 20:58:41] D2BS 20708: MiniShopBot: true
[10/05/26 20:58:41] D2BS 20708: UseMerc: true HP: 70
[10/05/26 20:59:01] D2BS 20708: Merc matched: Prayer
[10/05/26 20:59:11] D2BS 20708: Token needed
[10/05/26 20:59:14] D2BS 20708: act5+ BO
[10/05/26 20:59:26] D2BS 20708: ÿc4=== [BAAL] ===
[10/05/26 20:59:40] D2BS 20708: Baal failed: souls found
[10/05/26 20:59:40] D2BS 20708: ÿc4=== [COUNTESS] ===
[10/05/26 21:00:53] D2BS 20708: ÿc4=== [PIT] ===
[10/05/26 21:02:34] D2BS 20708: ÿc4=== [ANDY] ===
[10/05/26 21:03:29] D2BS 20708: ÿc4=== [MEPHISTO] ===
[10/05/26 21:04:29] D2BS 20708: ÿc4=== [DIABLO] ===
[10/05/26 21:09:27] D2BS 20708: party has left: fowo-xf
[10/05/26 21:09:27] D2BS 20708:  [10:53] +2.22% / [Level 89] 31.23%
[10/05/26 21:09:27] D2BS 20708: Script threads\autobuildthread.js ended
[10/05/26 21:09:27] D2BS 20708: Script threads\partythread.js ended
[10/05/26 21:09:28] D2BS 20708: Script threads\townchicken.js ended
[10/05/26 21:09:28] D2BS 20708: Script default.dbj ended
[10/05/26 21:09:39] D2BS 20708: joining game pz-172
[10/05/26 21:09:41] D2BS 20708: ÿc2D2BSÿc0 :: Starting default.dbj
[10/05/26 21:09:41] D2BS 20708: ÿc2D2BSÿc0 :: default.dbj running.
[10/05/26 21:09:41] D2BS 20708: Loaded ÿc9[X.nip] [Y.nip] [Z.nip] [V.nip] [S.COLD.nip]
[10/05/26 21:09:41] D2BS 20708: Loaded ÿc9[S.COLD.js]
[10/05/26 21:09:41] D2BS 20708: equipped: [Head] 16
[10/05/26 21:09:41] D2BS 20708: equipped: [Neck] 22
[10/05/26 21:09:41] D2BS 20708: equipped: [Body] 20
[10/05/26 21:09:41] D2BS 20708: equipped: [ArmR] 18
[10/05/26 21:09:41] D2BS 20708: equipped: [ArmL] 26
[10/05/26 21:09:41] D2BS 20708: equipped: [RingR] 14
[10/05/26 21:09:41] D2BS 20708: equipped: [RingL] 13
[10/05/26 21:09:41] D2BS 20708: equipped: [Belt] 19
[10/05/26 21:09:41] D2BS 20708: equipped: [Boots] 12
[10/05/26 21:09:41] D2BS 20708: equipped: [Mitts] 21
[10/05/26 21:09:41] D2BS 20708: updateStat
[10/05/26 21:09:41] D2BS 20708: granted: [Head] 14
[10/05/26 21:09:41] D2BS 20708: granted: [Body] 20
[10/05/26 21:09:41] D2BS 20708: granted: [ArmR] 25
[10/05/26 21:09:41] D2BS 20708: Loaded ÿc9[AutoSmurf.js]
[10/05/26 21:09:47] D2BS 20708: farmingON
[10/05/26 21:09:48] D2BS 20708: MiniShopBot: true
[10/05/26 21:09:48] D2BS 20708: UseMerc: true HP: 70
[10/05/26 21:10:08] D2BS 20708: granted: [Head] 15
[10/05/26 21:10:08] D2BS 20708: Merc matched: Prayer
[10/05/26 21:10:17] D2BS 20708: Token needed
[10/05/26 21:10:21] D2BS 20708: act5+ BO
[10/05/26 21:10:33] D2BS 20708: ÿc4=== [BAAL] ===
[10/05/26 21:10:47] D2BS 20708: Baal failed: souls found
[10/05/26 21:10:47] D2BS 20708: ÿc4=== [COUNTESS] ===
[10/05/26 21:11:52] D2BS 20708: ÿc4=== [PIT] ===
[10/05/26 21:13:38] D2BS 20708: ÿc4=== [ANDY] ===
[10/05/26 21:14:37] D2BS 20708: ÿc4=== [MEPHISTO] ===
[10/05/26 21:16:07] D2BS 20708: ÿc4=== [DIABLO] ===
[10/05/26 21:21:34] D2BS 20708: party has left: fowo-xa
[10/05/26 21:21:34] D2BS 20708:  [11:54] +3.07% / [Level 89] 34.30%
[10/05/26 21:21:34] D2BS 20708: Script threads\autobuildthread.js ended
[10/05/26 21:21:34] D2BS 20708: Script threads\partythread.js ended
[10/05/26 21:21:34] D2BS 20708: Script threads\townchicken.js ended
[10/05/26 21:21:34] D2BS 20708: Script default.dbj ended
[10/05/26 21:21:47] D2BS 20708: joining game pz-173
[10/05/26 21:21:49] D2BS 20708: ÿc2D2BSÿc0 :: Starting default.dbj
[10/05/26 21:21:49] D2BS 20708: ÿc2D2BSÿc0 :: default.dbj running.
[10/05/26 21:21:49] D2BS 20708: Loaded ÿc9[X.nip] [Y.nip] [Z.nip] [V.nip] [S.COLD.nip]
[10/05/26 21:21:49] D2BS 20708: Loaded ÿc9[S.COLD.js]
[10/05/26 21:21:49] D2BS 20708: equipped: [Head] 16
[10/05/26 21:21:49] D2BS 20708: equipped: [Neck] 22
[10/05/26 21:21:49] D2BS 20708: equipped: [Body] 20
[10/05/26 21:21:49] D2BS 20708: equipped: [ArmR] 18
[10/05/26 21:21:50] D2BS 20708: equipped: [ArmL] 26
[10/05/26 21:21:50] D2BS 20708: equipped: [RingR] 14
[10/05/26 21:21:50] D2BS 20708: equipped: [RingL] 13
[10/05/26 21:21:50] D2BS 20708: equipped: [Belt] 19
[10/05/26 21:21:50] D2BS 20708: equipped: [Boots] 12
[10/05/26 21:21:50] D2BS 20708: equipped: [Mitts] 21
[10/05/26 21:21:50] D2BS 20708: updateStat
[10/05/26 21:21:50] D2BS 20708: granted: [Head] 15
[10/05/26 21:21:50] D2BS 20708: granted: [Body] 20
[10/05/26 21:21:50] D2BS 20708: granted: [ArmR] 25
[10/05/26 21:21:50] D2BS 20708: Loaded ÿc9[AutoSmurf.js]
[10/05/26 21:21:55] D2BS 20708: farmingON
[10/05/26 21:21:56] D2BS 20708: MiniShopBot: true
[10/05/26 21:21:56] D2BS 20708: UseMerc: true HP: 70
[10/05/26 21:22:12] D2BS 20708: Merc matched: Prayer
[10/05/26 21:22:26] D2BS 20708: Token needed
[10/05/26 21:22:29] D2BS 20708: act5+ BO
[10/05/26 21:22:42] D2BS 20708: ÿc4=== [BAAL] ===
[10/05/26 21:23:04] D2BS 20708: Baal failed: souls found
[10/05/26 21:23:04] D2BS 20708: ÿc4=== [COUNTESS] ===
[10/05/26 21:24:13] D2BS 20708: ÿc4=== [PIT] ===
[10/05/26 21:27:45] D2BS 20708: party has left: fowo-xf
[10/05/26 21:27:45] D2BS 20708:  [05:56] +0.31% / [Level 89] 34.61%
[10/05/26 21:27:45] D2BS 20708: Script threads\autobuildthread.js ended
[10/05/26 21:27:45] D2BS 20708: Script threads\partythread.js ended
[10/05/26 21:27:45] D2BS 20708: Script threads\townchicken.js ended
[10/05/26 21:27:45] D2BS 20708: Script default.dbj ended
[10/05/26 21:27:59] D2BS 20708: joining game pz-174
[10/05/26 21:28:01] D2BS 20708: ÿc2D2BSÿc0 :: Starting default.dbj
[10/05/26 21:28:01] D2BS 20708: ÿc2D2BSÿc0 :: default.dbj running.
[10/05/26 21:28:01] D2BS 20708: Loaded ÿc9[X.nip] [Y.nip] [Z.nip] [V.nip] [S.COLD.nip]
[10/05/26 21:28:01] D2BS 20708: Loaded ÿc9[S.COLD.js]
[10/05/26 21:28:01] D2BS 20708: equipped: [Head] 16
[10/05/26 21:28:01] D2BS 20708: equipped: [Neck] 22
[10/05/26 21:28:01] D2BS 20708: equipped: [Body] 20
[10/05/26 21:28:01] D2BS 20708: equipped: [ArmR] 18
[10/05/26 21:28:01] D2BS 20708: equipped: [ArmL] 26
[10/05/26 21:28:01] D2BS 20708: equipped: [RingR] 14
[10/05/26 21:28:01] D2BS 20708: equipped: [RingL] 13
[10/05/26 21:28:01] D2BS 20708: equipped: [Belt] 19
[10/05/26 21:28:01] D2BS 20708: equipped: [Boots] 12
[10/05/26 21:28:01] D2BS 20708: equipped: [Mitts] 21
[10/05/26 21:28:01] D2BS 20708: updateStat
[10/05/26 21:28:01] D2BS 20708: granted: [Head] 15
[10/05/26 21:28:02] D2BS 20708: granted: [Body] 20
[10/05/26 21:28:02] D2BS 20708: granted: [ArmR] 25
[10/05/26 21:28:02] D2BS 20708: Loaded ÿc9[AutoSmurf.js]
[10/05/26 21:28:06] D2BS 20708: MiniShopBot: true
[10/05/26 21:28:06] D2BS 20708: farmingON
[10/05/26 21:28:06] D2BS 20708: UseMerc: true HP: 70
[10/05/26 21:28:20] D2BS 20708: Merc matched: Prayer
[10/05/26 21:28:33] D2BS 20708: Token needed
[10/05/26 21:28:38] D2BS 20708: act5+ BO
[10/05/26 21:28:51] D2BS 20708: ÿc4=== [BAAL] ===
[10/05/26 21:29:02] D2BS 20708: Baal failed: souls found
[10/05/26 21:29:02] D2BS 20708: ÿc4=== [COUNTESS] ===
[10/05/26 21:30:35] D2BS 20708: ÿc4=== [PIT] ===
[10/05/26 21:32:08] D2BS 20708: ÿc4=== [ANDY] ===
[10/05/26 21:32:58] D2BS 20708: ÿc4=== [MEPHISTO] ===
[10/05/26 21:34:18] D2BS 20708: ÿc4=== [DIABLO] ===
[10/05/26 21:40:14] D2BS 20708: party has left: fowo-xa
[10/05/26 21:40:14] D2BS 20708:  [12:13] +2.95% / [Level 89] 37.56%
[10/05/26 21:40:14] D2BS 20708: Script threads\autobuildthread.js ended
[10/05/26 21:40:14] D2BS 20708: Script threads\partythread.js ended
[10/05/26 21:40:14] D2BS 20708: Script threads\townchicken.js ended
[10/05/26 21:40:14] D2BS 20708: Script default.dbj ended
[10/05/26 21:40:27] D2BS 20708: joining game pz-175
[10/05/26 21:40:30] D2BS 20708: ÿc2D2BSÿc0 :: Starting default.dbj
[10/05/26 21:40:30] D2BS 20708: ÿc2D2BSÿc0 :: default.dbj running.
[10/05/26 21:40:30] D2BS 20708: Loaded ÿc9[X.nip] [Y.nip] [Z.nip] [V.nip] [S.COLD.nip]
[10/05/26 21:40:30] D2BS 20708: Loaded ÿc9[S.COLD.js]
[10/05/26 21:40:30] D2BS 20708: equipped: [Head] 16
[10/05/26 21:40:30] D2BS 20708: equipped: [Neck] 22
[10/05/26 21:40:30] D2BS 20708: equipped: [Body] 20
[10/05/26 21:40:30] D2BS 20708: equipped: [ArmR] 18
[10/05/26 21:40:30] D2BS 20708: equipped: [ArmL] 26
[10/05/26 21:40:30] D2BS 20708: equipped: [RingR] 14
[10/05/26 21:40:30] D2BS 20708: equipped: [RingL] 13
[10/05/26 21:40:30] D2BS 20708: equipped: [Belt] 19
[10/05/26 21:40:30] D2BS 20708: equipped: [Boots] 12
[10/05/26 21:40:30] D2BS 20708: equipped: [Mitts] 21
[10/05/26 21:40:30] D2BS 20708: updateStat
[10/05/26 21:40:30] D2BS 20708: granted: [Head] 15
[10/05/26 21:40:30] D2BS 20708: granted: [Body] 20
[10/05/26 21:40:30] D2BS 20708: granted: [ArmR] 25
[10/05/26 21:40:30] D2BS 20708: Loaded ÿc9[AutoSmurf.js]
[10/05/26 21:40:35] D2BS 20708: farmingON
[10/05/26 21:40:37] D2BS 20708: MiniShopBot: true
[10/05/26 21:40:37] D2BS 20708: UseMerc: true HP: 70
[10/05/26 21:41:00] D2BS 20708: Merc matched: Prayer
[10/05/26 21:41:09] D2BS 20708: Token needed
[10/05/26 21:41:13] D2BS 20708: act5+ BO
[10/05/26 21:41:25] D2BS 20708: ÿc4=== [BAAL] ===
[10/05/26 21:41:44] D2BS 20708: Baal failed: souls found
[10/05/26 21:41:44] D2BS 20708: ÿc4=== [COUNTESS] ===
[10/05/26 21:42:45] D2BS 20708: ÿc4=== [PIT] ===
[10/05/26 21:44:21] D2BS 20708: ÿc4=== [ANDY] ===
[10/05/26 21:45:47] D2BS 20708: ÿc4=== [MEPHISTO] ===
[10/05/26 21:46:53] D2BS 20708: ÿc4=== [DIABLO] ===
[10/05/26 21:52:15] D2BS 20708: party has left: fowo-xf
[10/05/26 21:52:15] D2BS 20708:  [11:46] +3.04% / [Level 89] 40.60%
[10/05/26 21:52:15] D2BS 20708: Script threads\autobuildthread.js ended
[10/05/26 21:52:15] D2BS 20708: Script threads\partythread.js ended
[10/05/26 21:52:15] D2BS 20708: Script threads\townchicken.js ended
[10/05/26 21:52:16] D2BS 20708: Script default.dbj ended
[10/05/26 21:52:29] D2BS 20708: joining game pz-176
[10/05/26 21:52:30] D2BS 20708: ÿc2D2BSÿc0 :: Starting default.dbj
[10/05/26 21:52:30] D2BS 20708: ÿc2D2BSÿc0 :: default.dbj running.
[10/05/26 21:52:31] D2BS 20708: Loaded ÿc9[X.nip] [Y.nip] [Z.nip] [V.nip] [S.COLD.nip]
[10/05/26 21:52:31] D2BS 20708: Loaded ÿc9[S.COLD.js]
[10/05/26 21:52:31] D2BS 20708: equipped: [Head] 16
[10/05/26 21:52:31] D2BS 20708: equipped: [Neck] 22
[10/05/26 21:52:31] D2BS 20708: equipped: [Body] 20
[10/05/26 21:52:31] D2BS 20708: equipped: [ArmR] 18
[10/05/26 21:52:31] D2BS 20708: equipped: [ArmL] 26
[10/05/26 21:52:31] D2BS 20708: equipped: [RingR] 14
[10/05/26 21:52:31] D2BS 20708: equipped: [RingL] 13
[10/05/26 21:52:31] D2BS 20708: equipped: [Belt] 19
[10/05/26 21:52:31] D2BS 20708: equipped: [Boots] 12
[10/05/26 21:52:31] D2BS 20708: equipped: [Mitts] 21
[10/05/26 21:52:31] D2BS 20708: updateStat
[10/05/26 21:52:31] D2BS 20708: granted: [Head] 15
[10/05/26 21:52:31] D2BS 20708: granted: [Body] 20
[10/05/26 21:52:31] D2BS 20708: granted: [ArmR] 25
[10/05/26 21:52:32] D2BS 20708: Loaded ÿc9[AutoSmurf.js]
[10/05/26 21:52:37] D2BS 20708: farmingON
[10/05/26 21:52:38] D2BS 20708: MiniShopBot: true
[10/05/26 21:52:38] D2BS 20708: UseMerc: true HP: 70
[10/05/26 21:52:59] D2BS 20708: Merc matched: Prayer
[10/05/26 21:53:06] D2BS 20708: Token needed
[10/05/26 21:53:09] D2BS 20708: act5+ BO
[10/05/26 21:55:17] D2BS 20708: party has left: fowo-xe
[10/05/26 21:55:17] D2BS 20708: no exp [02:47]
[10/05/26 21:55:17] D2BS 20708: Script threads\autobuildthread.js ended
[10/05/26 21:55:17] D2BS 20708: Script threads\partythread.js ended
[10/05/26 21:55:17] D2BS 20708: Script threads\townchicken.js ended
[10/05/26 21:55:17] D2BS 20708: Script default.dbj ended
[10/05/26 21:55:30] D2BS 20708: joining game pz-177
[10/05/26 21:55:32] D2BS 20708: ÿc2D2BSÿc0 :: Starting default.dbj
[10/05/26 21:55:32] D2BS 20708: ÿc2D2BSÿc0 :: default.dbj running.
[10/05/26 21:55:32] D2BS 20708: Loaded ÿc9[X.nip] [Y.nip] [Z.nip] [V.nip] [S.COLD.nip]
[10/05/26 21:55:32] D2BS 20708: Loaded ÿc9[S.COLD.js]
[10/05/26 21:55:32] D2BS 20708: equipped: [Head] 16
[10/05/26 21:55:32] D2BS 20708: equipped: [Neck] 22
[10/05/26 21:55:32] D2BS 20708: equipped: [Body] 20
[10/05/26 21:55:33] D2BS 20708: equipped: [ArmR] 18
[10/05/26 21:55:33] D2BS 20708: equipped: [ArmL] 26
[10/05/26 21:55:33] D2BS 20708: equipped: [RingR] 14
[10/05/26 21:55:33] D2BS 20708: equipped: [RingL] 13
[10/05/26 21:55:33] D2BS 20708: equipped: [Belt] 19
[10/05/26 21:55:33] D2BS 20708: equipped: [Boots] 12
[10/05/26 21:55:33] D2BS 20708: equipped: [Mitts] 21
[10/05/26 21:55:33] D2BS 20708: updateStat
[10/05/26 21:55:33] D2BS 20708: granted: [Head] 15
[10/05/26 21:55:33] D2BS 20708: granted: [Body] 20
[10/05/26 21:55:33] D2BS 20708: granted: [ArmR] 25
[10/05/26 21:55:33] D2BS 20708: Loaded ÿc9[AutoSmurf.js]
[10/05/26 21:55:35] D2BS 20708: MiniShopBot: true
[10/05/26 21:55:35] D2BS 20708: farmingON
[10/05/26 21:55:35] D2BS 20708: UseMerc: true HP: 70
[10/05/26 21:55:50] D2BS 20708: Merc matched: Prayer
[10/05/26 21:55:57] D2BS 20708: Token needed
[10/05/26 21:56:01] D2BS 20708: act5+ BO
[10/05/26 21:56:13] D2BS 20708: ÿc4=== [BAAL] ===
[10/05/26 22:00:33] D2BS 20708: party has left: fowo-xe
[10/05/26 22:00:33] D2BS 20708:  [05:01] +2.99% / [Level 89] 43.59%
[10/05/26 22:00:33] D2BS 20708: Script threads\autobuildthread.js ended
[10/05/26 22:00:33] D2BS 20708: Script threads\partythread.js ended
[10/05/26 22:00:33] D2BS 20708: Script threads\townchicken.js ended
[10/05/26 22:00:33] D2BS 20708: Script default.dbj ended
[10/05/26 22:00:47] D2BS 20708: joining game pz-178
[10/05/26 22:00:48] D2BS 20708: ÿc2D2BSÿc0 :: Starting default.dbj
[10/05/26 22:00:48] D2BS 20708: ÿc2D2BSÿc0 :: default.dbj running.
[10/05/26 22:00:49] D2BS 20708: Loaded ÿc9[X.nip] [Y.nip] [Z.nip] [V.nip] [S.COLD.nip]
[10/05/26 22:00:49] D2BS 20708: Loaded ÿc9[S.COLD.js]
[10/05/26 22:00:49] D2BS 20708: equipped: [Head] 16
[10/05/26 22:00:49] D2BS 20708: equipped: [Neck] 22
[10/05/26 22:00:49] D2BS 20708: equipped: [Body] 20
[10/05/26 22:00:49] D2BS 20708: equipped: [ArmR] 18
[10/05/26 22:00:49] D2BS 20708: equipped: [ArmL] 26
[10/05/26 22:00:49] D2BS 20708: equipped: [RingR] 14
[10/05/26 22:00:49] D2BS 20708: equipped: [RingL] 13
[10/05/26 22:00:49] D2BS 20708: equipped: [Belt] 19
[10/05/26 22:00:49] D2BS 20708: equipped: [Boots] 12
[10/05/26 22:00:49] D2BS 20708: equipped: [Mitts] 21
[10/05/26 22:00:49] D2BS 20708: updateStat
[10/05/26 22:00:49] D2BS 20708: granted: [Head] 15
[10/05/26 22:00:49] D2BS 20708: granted: [Body] 20
[10/05/26 22:00:49] D2BS 20708: granted: [ArmR] 25
[10/05/26 22:00:49] D2BS 20708: Loaded ÿc9[AutoSmurf.js]
[10/05/26 22:00:52] D2BS 20708: MiniShopBot: true
[10/05/26 22:00:52] D2BS 20708: farmingON
[10/05/26 22:00:52] D2BS 20708: UseMerc: true HP: 70
[10/05/26 22:01:10] D2BS 20708: equipped: [RingL] 14
[10/05/26 22:01:13] D2BS 20708: Merc matched: Prayer
[10/05/26 22:01:20] D2BS 20708: Token needed
[10/05/26 22:01:24] D2BS 20708: act5+ BO
[10/05/26 22:01:35] D2BS 20708: ÿc4=== [BAAL] ===
[10/05/26 22:05:15] D2BS 20708: ÿc4=== [COUNTESS] ===
[10/05/26 22:06:29] D2BS 20708: ÿc4=== [PIT] ===
[10/05/26 22:07:56] D2BS 20708: ÿc4=== [ANDY] ===
[10/05/26 22:08:53] D2BS 20708: ÿc4=== [MEPHISTO] ===
[10/05/26 22:09:59] D2BS 20708: ÿc4=== [DIABLO] ===
[10/05/26 22:15:32] D2BS 20708: Script ended
[10/05/26 22:15:32] D2BS 20708:  [14:44] +5.49% / [Level 89] 49.09%
[10/05/26 22:15:32] D2BS 20708: Script threads\autobuildthread.js ended
[10/05/26 22:15:33] D2BS 20708: Script threads\partythread.js ended
[10/05/26 22:15:33] D2BS 20708: Script threads\townchicken.js ended
[10/05/26 22:15:46] D2BS 20708: joining game pz-179
[10/05/26 22:15:48] D2BS 20708: ÿc2D2BSÿc0 :: Starting default.dbj
[10/05/26 22:15:48] D2BS 20708: ÿc2D2BSÿc0 :: default.dbj running.
[10/05/26 22:15:49] D2BS 20708: Loaded ÿc9[X.nip] [Y.nip] [Z.nip] [V.nip] [S.COLD.nip]
[10/05/26 22:15:49] D2BS 20708: Loaded ÿc9[S.COLD.js]
[10/05/26 22:15:49] D2BS 20708: equipped: [Head] 16
[10/05/26 22:15:49] D2BS 20708: equipped: [Neck] 22
[10/05/26 22:15:49] D2BS 20708: equipped: [Body] 20
[10/05/26 22:15:49] D2BS 20708: equipped: [ArmR] 18
[10/05/26 22:15:49] D2BS 20708: equipped: [ArmL] 26
[10/05/26 22:15:49] D2BS 20708: equipped: [RingR] 14
[10/05/26 22:15:49] D2BS 20708: equipped: [RingL] 14
[10/05/26 22:15:49] D2BS 20708: equipped: [Belt] 19
[10/05/26 22:15:49] D2BS 20708: equipped: [Boots] 12
[10/05/26 22:15:49] D2BS 20708: equipped: [Mitts] 21
[10/05/26 22:15:49] D2BS 20708: updateStat
[10/05/26 22:15:49] D2BS 20708: granted: [Head] 15
[10/05/26 22:15:49] D2BS 20708: granted: [Body] 20
[10/05/26 22:15:49] D2BS 20708: granted: [ArmR] 25
[10/05/26 22:15:49] D2BS 20708: Loaded ÿc9[AutoSmurf.js]
[10/05/26 22:15:53] D2BS 20708: MiniShopBot: true
[10/05/26 22:15:54] D2BS 20708: farmingON
[10/05/26 22:15:54] D2BS 20708: UseMerc: true HP: 70
[10/05/26 22:16:08] D2BS 20708: Merc matched: Prayer
[10/05/26 22:16:21] D2BS 20708: Token needed
[10/05/26 22:16:25] D2BS 20708: act5+ BO
[10/05/26 22:16:37] D2BS 20708: ÿc4=== [BAAL] ===
[10/05/26 22:16:53] D2BS 20708: Baal failed: souls found
[10/05/26 22:16:53] D2BS 20708: ÿc4=== [COUNTESS] ===
[10/05/26 22:17:58] D2BS 20708: ÿc4=== [PIT] ===
[10/05/26 22:19:36] D2BS 20708: ÿc4=== [ANDY] ===
[10/05/26 22:20:34] D2BS 20708: ÿc4=== [MEPHISTO] ===
[10/05/26 22:22:03] D2BS 20708: ÿc4=== [DIABLO] ===
[10/05/26 22:28:38] D2BS 20708: party has left: fowo-xf
[10/05/26 22:28:38] D2BS 20708:  [12:50] +3.20% / [Level 89] 52.29%
[10/05/26 22:28:38] D2BS 20708: Script threads\autobuildthread.js ended
[10/05/26 22:28:38] D2BS 20708: Script threads\partythread.js ended
[10/05/26 22:28:38] D2BS 20708: Script threads\townchicken.js ended
[10/05/26 22:28:39] D2BS 20708: Script default.dbj ended
[10/05/26 22:28:50] D2BS 20708: joining game pz-180
[10/05/26 22:28:51] D2BS 20708: ÿc2D2BSÿc0 :: Starting default.dbj
[10/05/26 22:28:51] D2BS 20708: ÿc2D2BSÿc0 :: default.dbj running.
[10/05/26 22:28:52] D2BS 20708: Loaded ÿc9[X.nip] [Y.nip] [Z.nip] [V.nip] [S.COLD.nip]
[10/05/26 22:28:52] D2BS 20708: Loaded ÿc9[S.COLD.js]
[10/05/26 22:28:52] D2BS 20708: equipped: [Head] 16
[10/05/26 22:28:52] D2BS 20708: equipped: [Neck] 22
[10/05/26 22:28:52] D2BS 20708: equipped: [Body] 20
[10/05/26 22:28:52] D2BS 20708: equipped: [ArmR] 18
[10/05/26 22:28:53] D2BS 20708: equipped: [ArmL] 26
[10/05/26 22:28:53] D2BS 20708: equipped: [RingR] 14
[10/05/26 22:28:53] D2BS 20708: equipped: [RingL] 14
[10/05/26 22:28:53] D2BS 20708: equipped: [Belt] 19
[10/05/26 22:28:53] D2BS 20708: equipped: [Boots] 12
[10/05/26 22:28:53] D2BS 20708: equipped: [Mitts] 21
[10/05/26 22:28:53] D2BS 20708: updateStat
[10/05/26 22:28:53] D2BS 20708: granted: [Head] 15
[10/05/26 22:28:53] D2BS 20708: granted: [Body] 20
[10/05/26 22:28:53] D2BS 20708: granted: [ArmR] 25
[10/05/26 22:28:53] D2BS 20708: Loaded ÿc9[AutoSmurf.js]
[10/05/26 22:28:58] D2BS 20708: farmingON
[10/05/26 22:29:00] D2BS 20708: MiniShopBot: true
[10/05/26 22:29:00] D2BS 20708: UseMerc: true HP: 70
[10/05/26 22:29:19] D2BS 20708: Merc matched: Prayer
[10/05/26 22:29:27] D2BS 20708: Token needed
[10/05/26 22:29:31] D2BS 20708: act5+ BO
[10/05/26 22:29:44] D2BS 20708: ÿc4=== [BAAL] ===
[10/05/26 22:29:53] D2BS 20708: Baal failed: souls found
[10/05/26 22:29:53] D2BS 20708: ÿc4=== [COUNTESS] ===
[10/05/26 22:31:06] D2BS 20708: ÿc4=== [PIT] ===
[10/05/26 22:32:38] D2BS 20708: ÿc4=== [ANDY] ===
[10/05/26 22:33:39] D2BS 20708: ÿc4=== [MEPHISTO] ===
[10/05/26 22:34:56] D2BS 20708: ÿc4=== [DIABLO] ===
[10/05/26 22:38:43] D2BS 20708: party has left: fowo-xa
[10/05/26 22:38:43] D2BS 20708:  [09:52] +0.92% / [Level 89] 53.21%
[10/05/26 22:38:44] D2BS 20708: Script threads\autobuildthread.js ended
[10/05/26 22:38:44] D2BS 20708: Script threads\partythread.js ended
[10/05/26 22:38:44] D2BS 20708: Script threads\townchicken.js ended
[10/05/26 22:38:44] D2BS 20708: Script default.dbj ended
[10/05/26 22:38:56] D2BS 20708: joining game pz-181
[10/05/26 22:38:58] D2BS 20708: ÿc2D2BSÿc0 :: Starting default.dbj
[10/05/26 22:38:58] D2BS 20708: ÿc2D2BSÿc0 :: default.dbj running.
[10/05/26 22:38:58] D2BS 20708: Loaded ÿc9[X.nip] [Y.nip] [Z.nip] [V.nip] [S.COLD.nip]
[10/05/26 22:38:58] D2BS 20708: Loaded ÿc9[S.COLD.js]
[10/05/26 22:38:58] D2BS 20708: equipped: [Head] 16
[10/05/26 22:38:58] D2BS 20708: equipped: [Neck] 22
[10/05/26 22:38:58] D2BS 20708: equipped: [Body] 20
[10/05/26 22:38:58] D2BS 20708: equipped: [ArmR] 18
[10/05/26 22:38:58] D2BS 20708: equipped: [ArmL] 26
[10/05/26 22:38:58] D2BS 20708: equipped: [RingR] 14
[10/05/26 22:38:58] D2BS 20708: equipped: [RingL] 14
[10/05/26 22:38:58] D2BS 20708: equipped: [Belt] 19
[10/05/26 22:38:58] D2BS 20708: equipped: [Boots] 12
[10/05/26 22:38:58] D2BS 20708: equipped: [Mitts] 21
[10/05/26 22:38:58] D2BS 20708: updateStat
[10/05/26 22:38:58] D2BS 20708: granted: [Head] 15
[10/05/26 22:38:58] D2BS 20708: granted: [Body] 20
[10/05/26 22:38:59] D2BS 20708: granted: [ArmR] 25
[10/05/26 22:38:59] D2BS 20708: Loaded ÿc9[AutoSmurf.js]
[10/05/26 22:39:04] D2BS 20708: farmingON
[10/05/26 22:39:06] D2BS 20708: MiniShopBot: true
[10/05/26 22:39:06] D2BS 20708: UseMerc: true HP: 70
[10/05/26 22:39:23] D2BS 20708: Merc matched: Prayer
[10/05/26 22:39:32] D2BS 20708: Token needed
[10/05/26 22:39:35] D2BS 20708: act5+ BO
[10/05/26 22:39:48] D2BS 20708: ÿc4=== [BAAL] ===
[10/05/26 22:40:01] D2BS 20708: Baal failed: souls found
[10/05/26 22:40:01] D2BS 20708: ÿc4=== [COUNTESS] ===
[10/05/26 22:41:01] D2BS 20708: ÿc4=== [PIT] ===
[10/05/26 22:42:13] D2BS 20708: ÿc4=== [ANDY] ===
[10/05/26 22:43:09] D2BS 20708: ÿc4=== [MEPHISTO] ===
[10/05/26 22:44:27] D2BS 20708: ÿc4=== [DIABLO] ===
[10/05/26 22:50:14] D2BS 20708: party has left: fowo-xd, fowo-xg
[10/05/26 22:50:14] D2BS 20708:  [11:17] +2.81% / [Level 89] 56.02%
[10/05/26 22:50:14] D2BS 20708: Script threads\autobuildthread.js ended
[10/05/26 22:50:15] D2BS 20708: Script threads\partythread.js ended
[10/05/26 22:50:15] D2BS 20708: Script threads\townchicken.js ended
[10/05/26 22:50:15] D2BS 20708: Script default.dbj ended
[10/05/26 22:50:27] D2BS 20708: joining game pz-182
[10/05/26 22:50:28] D2BS 20708: ÿc2D2BSÿc0 :: Starting default.dbj
[10/05/26 22:50:28] D2BS 20708: ÿc2D2BSÿc0 :: default.dbj running.
[10/05/26 22:50:28] D2BS 20708: Loaded ÿc9[X.nip] [Y.nip] [Z.nip] [V.nip] [S.COLD.nip]
[10/05/26 22:50:28] D2BS 20708: Loaded ÿc9[S.COLD.js]
[10/05/26 22:50:28] D2BS 20708: equipped: [Head] 16
[10/05/26 22:50:28] D2BS 20708: equipped: [Neck] 22
[10/05/26 22:50:28] D2BS 20708: equipped: [Body] 20
[10/05/26 22:50:28] D2BS 20708: equipped: [ArmR] 18
[10/05/26 22:50:28] D2BS 20708: equipped: [ArmL] 26
[10/05/26 22:50:29] D2BS 20708: equipped: [RingR] 14
[10/05/26 22:50:29] D2BS 20708: equipped: [RingL] 14
[10/05/26 22:50:29] D2BS 20708: equipped: [Belt] 19
[10/05/26 22:50:29] D2BS 20708: equipped: [Boots] 12
[10/05/26 22:50:29] D2BS 20708: equipped: [Mitts] 21
[10/05/26 22:50:30] D2BS 20708: updateStat
[10/05/26 22:50:30] D2BS 20708: granted: [Head] 15
[10/05/26 22:50:30] D2BS 20708: granted: [Body] 20
[10/05/26 22:50:30] D2BS 20708: granted: [ArmR] 25
[10/05/26 22:50:30] D2BS 20708: Loaded ÿc9[AutoSmurf.js]
[10/05/26 22:50:34] D2BS 20708: MiniShopBot: true
[10/05/26 22:50:34] D2BS 20708: farmingON
[10/05/26 22:50:34] D2BS 20708: UseMerc: true HP: 70
[10/05/26 22:50:58] D2BS 20708: Merc matched: Prayer
[10/05/26 22:51:11] D2BS 20708: act5+ BO
[10/05/26 22:51:23] D2BS 20708: ÿc4=== [BAAL] ===
[10/05/26 22:54:31] D2BS 20708: ÿc4=== [COUNTESS] ===
[10/05/26 22:55:50] D2BS 20708: ÿc4=== [PIT] ===
[10/05/26 22:57:15] D2BS 20708: ÿc4=== [ANDY] ===
[10/05/26 22:58:08] D2BS 20708: ÿc4=== [MEPHISTO] ===
[10/05/26 22:59:28] D2BS 20708: ÿc4=== [DIABLO] ===
[10/05/26 23:06:35] D2BS 20708: party has left: fowo-xg
[10/05/26 23:06:36] D2BS 20708: party has left: fowo-xg
[10/05/26 23:06:36] D2BS 20708: party has left: fowo-xg
[10/05/26 23:06:36] D2BS 20708:  [16:07] +5.54% / [Level 89] 61.55%
[10/05/26 23:06:36] D2BS 20708: Script threads\autobuildthread.js ended
[10/05/26 23:06:36] D2BS 20708: Script threads\partythread.js ended
[10/05/26 23:06:36] D2BS 20708: Script threads\townchicken.js ended
[10/05/26 23:06:36] D2BS 20708: Script default.dbj ended
[10/05/26 23:06:48] D2BS 20708: joining game pz-183
[10/05/26 23:06:50] D2BS 20708: ÿc2D2BSÿc0 :: Starting default.dbj
[10/05/26 23:06:50] D2BS 20708: ÿc2D2BSÿc0 :: default.dbj running.
[10/05/26 23:06:50] D2BS 20708: Loaded ÿc9[X.nip] [Y.nip] [Z.nip] [V.nip] [S.COLD.nip]
[10/05/26 23:06:50] D2BS 20708: Loaded ÿc9[S.COLD.js]
[10/05/26 23:06:50] D2BS 20708: equipped: [Head] 16
[10/05/26 23:06:50] D2BS 20708: equipped: [Neck] 22
[10/05/26 23:06:50] D2BS 20708: equipped: [Body] 20
[10/05/26 23:06:50] D2BS 20708: equipped: [ArmR] 18
[10/05/26 23:06:50] D2BS 20708: equipped: [ArmL] 26
[10/05/26 23:06:50] D2BS 20708: equipped: [RingR] 14
[10/05/26 23:06:50] D2BS 20708: equipped: [RingL] 14
[10/05/26 23:06:50] D2BS 20708: equipped: [Belt] 19
[10/05/26 23:06:51] D2BS 20708: equipped: [Boots] 12
[10/05/26 23:06:51] D2BS 20708: equipped: [Mitts] 21
[10/05/26 23:06:51] D2BS 20708: updateStat
[10/05/26 23:06:51] D2BS 20708: granted: [Head] 15
[10/05/26 23:06:51] D2BS 20708: granted: [Body] 20
[10/05/26 23:06:51] D2BS 20708: granted: [ArmR] 25
[10/05/26 23:06:51] D2BS 20708: Loaded ÿc9[AutoSmurf.js]
[10/05/26 23:06:56] D2BS 20708: farmingON
[10/05/26 23:06:57] D2BS 20708: MiniShopBot: true
[10/05/26 23:06:57] D2BS 20708: UseMerc: true HP: 70
[10/05/26 23:07:22] D2BS 20708: Merc matched: Prayer
[10/05/26 23:07:31] D2BS 20708: act5+ BO
[10/05/26 23:07:44] D2BS 20708: ÿc4=== [BAAL] ===
[10/05/26 23:11:23] D2BS 20708: ÿc4=== [COUNTESS] ===
[10/05/26 23:12:35] D2BS 20708: ÿc4=== [PIT] ===
[10/05/26 23:14:01] D2BS 20708: ÿc4=== [ANDY] ===
[10/05/26 23:15:00] D2BS 20708: ÿc4=== [MEPHISTO] ===
[10/05/26 23:16:31] D2BS 20708: ÿc4=== [DIABLO] ===
[10/05/26 23:21:53] D2BS 20708: Script ended
[10/05/26 23:21:53] D2BS 20708:  [15:03] +5.36% / [Level 89] 66.91%
[10/05/26 23:21:53] D2BS 20708: Script threads\autobuildthread.js ended
[10/05/26 23:21:53] D2BS 20708: Script threads\partythread.js ended
[10/05/26 23:21:53] D2BS 20708: Script threads\townchicken.js ended
[10/05/26 23:22:07] D2BS 20708: joining game pz-184
[10/05/26 23:22:08] D2BS 20708: ÿc2D2BSÿc0 :: Starting default.dbj
[10/05/26 23:22:08] D2BS 20708: ÿc2D2BSÿc0 :: default.dbj running.
[10/05/26 23:22:08] D2BS 20708: Loaded ÿc9[X.nip] [Y.nip] [Z.nip] [V.nip] [S.COLD.nip]
[10/05/26 23:22:08] D2BS 20708: Loaded ÿc9[S.COLD.js]
[10/05/26 23:22:08] D2BS 20708: equipped: [Head] 16
[10/05/26 23:22:08] D2BS 20708: equipped: [Neck] 22
[10/05/26 23:22:09] D2BS 20708: equipped: [Body] 20
[10/05/26 23:22:09] D2BS 20708: equipped: [ArmR] 18
[10/05/26 23:22:09] D2BS 20708: equipped: [ArmL] 26
[10/05/26 23:22:09] D2BS 20708: equipped: [RingR] 14
[10/05/26 23:22:09] D2BS 20708: equipped: [RingL] 14
[10/05/26 23:22:09] D2BS 20708: equipped: [Belt] 19
[10/05/26 23:22:09] D2BS 20708: equipped: [Boots] 12
[10/05/26 23:22:09] D2BS 20708: equipped: [Mitts] 21
[10/05/26 23:22:09] D2BS 20708: updateStat
[10/05/26 23:22:09] D2BS 20708: granted: [Head] 15
[10/05/26 23:22:09] D2BS 20708: granted: [Body] 20
[10/05/26 23:22:09] D2BS 20708: granted: [ArmR] 25
[10/05/26 23:22:10] D2BS 20708: Loaded ÿc9[AutoSmurf.js]
[10/05/26 23:22:14] D2BS 20708: MiniShopBot: true
[10/05/26 23:22:14] D2BS 20708: farmingON
[10/05/26 23:22:14] D2BS 20708: UseMerc: true HP: 70
[10/05/26 23:22:30] D2BS 20708: Merc matched: Prayer
[10/05/26 23:22:48] D2BS 20708: act5+ BO
[10/05/26 23:23:01] D2BS 20708: ÿc4=== [BAAL] ===
[10/05/26 23:26:20] D2BS 20708: ÿc4=== [COUNTESS] ===
[10/05/26 23:27:30] D2BS 20708: ÿc4=== [PIT] ===
[10/05/26 23:29:26] D2BS 20708: ÿc4=== [ANDY] ===
[10/05/26 23:30:25] D2BS 20708: ÿc4=== [MEPHISTO] ===
[10/05/26 23:31:32] D2BS 20708: ÿc4=== [DIABLO] ===
[10/05/26 23:37:13] D2BS 20708: party has left: fowo-xa
[10/05/26 23:37:13] D2BS 20708:  [15:05] +5.41% / [Level 89] 72.32%
[10/05/26 23:37:13] D2BS 20708: Script threads\autobuildthread.js ended
[10/05/26 23:37:13] D2BS 20708: Script threads\partythread.js ended
[10/05/26 23:37:13] D2BS 20708: Script threads\townchicken.js ended
[10/05/26 23:37:13] D2BS 20708: Script default.dbj ended
[10/05/26 23:37:27] D2BS 20708: joining game pz-185
[10/05/26 23:37:29] D2BS 20708: ÿc2D2BSÿc0 :: Starting default.dbj
[10/05/26 23:37:29] D2BS 20708: ÿc2D2BSÿc0 :: default.dbj running.
[10/05/26 23:37:30] D2BS 20708: Loaded ÿc9[X.nip] [Y.nip] [Z.nip] [V.nip] [S.COLD.nip]
[10/05/26 23:37:30] D2BS 20708: Loaded ÿc9[S.COLD.js]
[10/05/26 23:37:30] D2BS 20708: equipped: [Head] 16
[10/05/26 23:37:30] D2BS 20708: equipped: [Neck] 22
[10/05/26 23:37:30] D2BS 20708: equipped: [Body] 20
[10/05/26 23:37:30] D2BS 20708: equipped: [ArmR] 18
[10/05/26 23:37:30] D2BS 20708: equipped: [ArmL] 26
[10/05/26 23:37:30] D2BS 20708: equipped: [RingR] 14
[10/05/26 23:37:30] D2BS 20708: equipped: [RingL] 14
[10/05/26 23:37:30] D2BS 20708: equipped: [Belt] 19
[10/05/26 23:37:30] D2BS 20708: equipped: [Boots] 12
[10/05/26 23:37:30] D2BS 20708: equipped: [Mitts] 21
[10/05/26 23:37:30] D2BS 20708: updateStat
[10/05/26 23:37:30] D2BS 20708: granted: [Head] 15
[10/05/26 23:37:30] D2BS 20708: granted: [Body] 20
[10/05/26 23:37:30] D2BS 20708: granted: [ArmR] 25
[10/05/26 23:37:30] D2BS 20708: Loaded ÿc9[AutoSmurf.js]
[10/05/26 23:37:34] D2BS 20708: farmingON
[10/05/26 23:37:37] D2BS 20708: MiniShopBot: true
[10/05/26 23:37:37] D2BS 20708: UseMerc: true HP: 70
[10/05/26 23:37:59] D2BS 20708: Merc matched: Prayer
[10/05/26 23:38:22] D2BS 20708: act5+ BO
[10/05/26 23:38:34] D2BS 20708: ÿc4=== [BAAL] ===
[10/05/26 23:41:48] D2BS 20708: ÿc4=== [COUNTESS] ===
[10/05/26 23:43:06] D2BS 20708: ÿc4=== [PIT] ===
[10/05/26 23:44:33] D2BS 20708: ÿc4=== [ANDY] ===
[10/05/26 23:45:15] D2BS 20708: ÿc4=== [MEPHISTO] ===
[10/05/26 23:45:25] D2BS 20708: granted: [Body] 31
[10/05/26 23:46:21] D2BS 20708: ÿc4=== [DIABLO] ===
[10/05/26 23:51:21] D2BS 20708: Script ended
[10/05/26 23:51:21] D2BS 20708:  [13:52] +4.86% / [Level 89] 77.18%
[10/05/26 23:51:21] D2BS 20708: Script threads\autobuildthread.js ended
[10/05/26 23:51:21] D2BS 20708: Script threads\partythread.js ended
[10/05/26 23:51:22] D2BS 20708: Script threads\townchicken.js ended
[10/05/26 23:51:35] D2BS 20708: joining game pz-186
[10/05/26 23:51:36] D2BS 20708: ÿc2D2BSÿc0 :: Starting default.dbj
[10/05/26 23:51:36] D2BS 20708: ÿc2D2BSÿc0 :: default.dbj running.
[10/05/26 23:51:37] D2BS 20708: Loaded ÿc9[X.nip] [Y.nip] [Z.nip] [V.nip] [S.COLD.nip]
[10/05/26 23:51:37] D2BS 20708: Loaded ÿc9[S.COLD.js]
[10/05/26 23:51:37] D2BS 20708: equipped: [Head] 16
[10/05/26 23:51:37] D2BS 20708: equipped: [Neck] 22
[10/05/26 23:51:37] D2BS 20708: equipped: [Body] 20
[10/05/26 23:51:37] D2BS 20708: equipped: [ArmR] 18
[10/05/26 23:51:37] D2BS 20708: equipped: [ArmL] 26
[10/05/26 23:51:37] D2BS 20708: equipped: [RingR] 14
[10/05/26 23:51:37] D2BS 20708: equipped: [RingL] 14
[10/05/26 23:51:37] D2BS 20708: equipped: [Belt] 19
[10/05/26 23:51:37] D2BS 20708: equipped: [Boots] 12
[10/05/26 23:51:37] D2BS 20708: equipped: [Mitts] 21
[10/05/26 23:51:37] D2BS 20708: updateStat
[10/05/26 23:51:37] D2BS 20708: granted: [Head] 15
[10/05/26 23:51:38] D2BS 20708: granted: [Body] 31
[10/05/26 23:51:38] D2BS 20708: granted: [ArmR] 25
[10/05/26 23:51:38] D2BS 20708: Loaded ÿc9[AutoSmurf.js]
[10/05/26 23:51:42] D2BS 20708: farmingON
[10/05/26 23:51:44] D2BS 20708: MiniShopBot: true
[10/05/26 23:51:44] D2BS 20708: UseMerc: true HP: 70
[10/05/26 23:52:01] D2BS 20708: Merc matched: Prayer
[10/05/26 23:52:20] D2BS 20708: act5+ BO
[10/05/26 23:52:33] D2BS 20708: ÿc4=== [BAAL] ===
[10/05/26 23:56:18] D2BS 20708: ÿc4=== [COUNTESS] ===
[10/05/26 23:57:37] D2BS 20708: ÿc4=== [PIT] ===
[10/05/26 23:59:07] D2BS 20708: ÿc4=== [ANDY] ===
[10/05/26 23:59:58] D2BS 20708: ÿc4=== [MEPHISTO] ===
