[10/05/26 00:00:58] D2BS 7156: ÿc4=== [POA] ===
[10/05/26 00:03:49] D2BS 7156: ÿc4=== [INFERNAL] ===
[10/05/26 00:06:57] D2BS 7156: ÿc4=== [DIABLO] ===
[10/05/26 00:07:17] D2BS 7156: equipped: [ArmR] 12
[10/05/26 00:12:54] D2BS 7156: party has left: fowo-xg
[10/05/26 00:12:54] D2BS 7156:  [17:43] +337.96% / [Level 57] 76.30%
[10/05/26 00:12:54] D2BS 7156: Script threads\autobuildthread.js ended
[10/05/26 00:12:54] D2BS 7156: Script threads\partythread.js ended
[10/05/26 00:12:54] D2BS 7156: Script threads\townchicken.js ended
[10/05/26 00:12:54] D2BS 7156: Script default.dbj ended
[10/05/26 00:13:07] D2BS 7156: joining game pz-53
[10/05/26 00:13:09] D2BS 7156: ÿc2D2BSÿc0 :: Starting default.dbj
[10/05/26 00:13:09] D2BS 7156: ÿc2D2BSÿc0 :: default.dbj running.
[10/05/26 00:13:09] D2BS 7156: Loaded ÿc9[X.nip] [Y.nip] [Z.nip] [V.nip] [P.CONV.nip]
[10/05/26 00:13:09] D2BS 7156: Loaded ÿc9[P.CONV.js]
[10/05/26 00:13:09] D2BS 7156: equipped: [Head] 12
[10/05/26 00:13:09] D2BS 7156: equipped: [Neck] 13
[10/05/26 00:13:09] D2BS 7156: equipped: [Body] 17
[10/05/26 00:13:09] D2BS 7156: equipped: [ArmR] 12
[10/05/26 00:13:09] D2BS 7156: equipped: [ArmL] 28
[10/05/26 00:13:09] D2BS 7156: equipped: [RingR] 11
[10/05/26 00:13:09] D2BS 7156: equipped: [RingL] 11
[10/05/26 00:13:09] D2BS 7156: equipped: [Belt] 13
[10/05/26 00:13:09] D2BS 7156: equipped: [Boots] 1
[10/05/26 00:13:09] D2BS 7156: equipped: [Mitts] 11
[10/05/26 00:13:09] D2BS 7156: Loaded ÿc9[AutoSmurf.js]
[10/05/26 00:13:15] D2BS 7156: MiniShopBot: true
[10/05/26 00:13:41] D2BS 7156: equipped: [Boots] 11
[10/05/26 00:13:54] D2BS 7156: act5+ BO
[10/05/26 00:14:07] D2BS 7156: ÿc4=== [BAAL] ===
[10/05/26 00:16:40] D2BS 7156: Not ready to kill Baal
[10/05/26 00:16:40] D2BS 7156: ÿc4=== [ABADDON] ===
[10/05/26 00:19:05] D2BS 7156: ÿc4=== [POA] ===
[10/05/26 00:21:53] D2BS 7156: ÿc4=== [INFERNAL] ===
[10/05/26 00:24:07] D2BS 7156: ÿc4=== [DIABLO] ===
[10/05/26 00:29:30] D2BS 7156: party has left: fowo-xf
[10/05/26 00:29:30] D2BS 7156:  [16:21] +220.06% / [Level 60] 25.85%
[10/05/26 00:29:30] D2BS 7156: Script threads\autobuildthread.js ended
[10/05/26 00:29:30] D2BS 7156: Script threads\partythread.js ended
[10/05/26 00:29:30] D2BS 7156: Script threads\townchicken.js ended
[10/05/26 00:29:30] D2BS 7156: Script default.dbj ended
[10/05/26 00:29:43] D2BS 7156: joining game pz-54
[10/05/26 00:29:44] D2BS 7156: ÿc2D2BSÿc0 :: Starting default.dbj
[10/05/26 00:29:44] D2BS 7156: ÿc2D2BSÿc0 :: default.dbj running.
[10/05/26 00:29:44] D2BS 7156: Loaded ÿc9[X.nip] [Y.nip] [Z.nip] [V.nip] [P.CONV.nip]
[10/05/26 00:29:44] D2BS 7156: Loaded ÿc9[P.CONV.js]
[10/05/26 00:29:44] D2BS 7156: equipped: [Head] 12
[10/05/26 00:29:44] D2BS 7156: equipped: [Neck] 13
[10/05/26 00:29:44] D2BS 7156: equipped: [Body] 17
[10/05/26 00:29:44] D2BS 7156: equipped: [ArmR] 12
[10/05/26 00:29:44] D2BS 7156: equipped: [ArmL] 28
[10/05/26 00:29:44] D2BS 7156: equipped: [RingR] 11
[10/05/26 00:29:44] D2BS 7156: equipped: [RingL] 11
[10/05/26 00:29:44] D2BS 7156: equipped: [Belt] 13
[10/05/26 00:29:44] D2BS 7156: equipped: [Boots] 11
[10/05/26 00:29:44] D2BS 7156: equipped: [Mitts] 11
[10/05/26 00:29:45] D2BS 7156: Loaded ÿc9[AutoSmurf.js]
[10/05/26 00:29:51] D2BS 7156: MiniShopBot: true
[10/05/26 00:30:30] D2BS 7156: act5+ BO
[10/05/26 00:30:43] D2BS 7156: ÿc4=== [BAAL] ===
[10/05/26 00:33:02] D2BS 7156: Not ready to kill Baal
[10/05/26 00:33:02] D2BS 7156: ÿc4=== [ABADDON] ===
[10/05/26 00:36:44] D2BS 7156: ÿc4=== [POA] ===
[10/05/26 00:39:45] D2BS 7156: ÿc4=== [INFERNAL] ===
[10/05/26 00:42:53] D2BS 7156: ÿc4=== [DIABLO] ===
[10/05/26 00:43:15] D2BS 7156: equipped: [Body] 20
[10/05/26 00:47:54] D2BS 7156: party has left: fowo-xb
[10/05/26 00:47:55] D2BS 7156:  [18:10] +220.22% / [Level 62] 66.07%
[10/05/26 00:47:55] D2BS 7156: Script threads\autobuildthread.js ended
[10/05/26 00:47:55] D2BS 7156: Script threads\partythread.js ended
[10/05/26 00:47:55] D2BS 7156: Script threads\townchicken.js ended
[10/05/26 00:47:55] D2BS 7156: Script default.dbj ended
[10/05/26 00:48:07] D2BS 7156: joining game pz-55
[10/05/26 00:48:09] D2BS 7156: ÿc2D2BSÿc0 :: Starting default.dbj
[10/05/26 00:48:09] D2BS 7156: ÿc2D2BSÿc0 :: default.dbj running.
[10/05/26 00:48:09] D2BS 7156: Loaded ÿc9[X.nip] [Y.nip] [Z.nip] [V.nip] [P.CONV.nip]
[10/05/26 00:48:09] D2BS 7156: Loaded ÿc9[P.CONV.js]
[10/05/26 00:48:09] D2BS 7156: equipped: [Head] 12
[10/05/26 00:48:09] D2BS 7156: equipped: [Neck] 13
[10/05/26 00:48:09] D2BS 7156: equipped: [Body] 20
[10/05/26 00:48:09] D2BS 7156: equipped: [ArmR] 12
[10/05/26 00:48:09] D2BS 7156: equipped: [ArmL] 28
[10/05/26 00:48:09] D2BS 7156: equipped: [RingR] 11
[10/05/26 00:48:09] D2BS 7156: equipped: [RingL] 11
[10/05/26 00:48:09] D2BS 7156: equipped: [Belt] 13
[10/05/26 00:48:09] D2BS 7156: equipped: [Boots] 11
[10/05/26 00:48:09] D2BS 7156: equipped: [Mitts] 11
[10/05/26 00:48:09] D2BS 7156: Loaded ÿc9[AutoSmurf.js]
[10/05/26 00:48:17] D2BS 7156: MiniShopBot: true
[10/05/26 00:48:52] D2BS 7156: act5+ BO
[10/05/26 00:49:05] D2BS 7156: ÿc4=== [BAAL] ===
[10/05/26 00:51:30] D2BS 7156: Not ready to kill Baal
[10/05/26 00:51:30] D2BS 7156: ÿc4=== [ABADDON] ===
[10/05/26 00:54:38] D2BS 7156: ÿc4=== [POA] ===
[10/05/26 00:57:22] D2BS 7156: ÿc4=== [INFERNAL] ===
[10/05/26 01:00:09] D2BS 7156: ÿc4=== [DIABLO] ===
[10/05/26 01:00:37] D2BS 7156: equipped: [Boots] 13
[10/05/26 01:05:52] D2BS 7156: Script ended
[10/05/26 01:05:52] D2BS 7156:  [17:43] +185.65% / [Level 64] 65.34%
[10/05/26 01:05:52] D2BS 7156: Script threads\autobuildthread.js ended
[10/05/26 01:05:52] D2BS 7156: Script threads\partythread.js ended
[10/05/26 01:05:52] D2BS 7156: Script threads\townchicken.js ended
[10/05/26 01:06:06] D2BS 7156: joining game pz-56
[10/05/26 01:06:08] D2BS 7156: ÿc2D2BSÿc0 :: Starting default.dbj
[10/05/26 01:06:08] D2BS 7156: ÿc2D2BSÿc0 :: default.dbj running.
[10/05/26 01:06:08] D2BS 7156: Loaded ÿc9[X.nip] [Y.nip] [Z.nip] [V.nip] [P.CONV.nip]
[10/05/26 01:06:08] D2BS 7156: Loaded ÿc9[P.CONV.js]
[10/05/26 01:06:09] D2BS 7156: equipped: [Head] 12
[10/05/26 01:06:09] D2BS 7156: equipped: [Neck] 13
[10/05/26 01:06:09] D2BS 7156: equipped: [Body] 20
[10/05/26 01:06:09] D2BS 7156: equipped: [ArmR] 12
[10/05/26 01:06:09] D2BS 7156: equipped: [ArmL] 28
[10/05/26 01:06:09] D2BS 7156: equipped: [RingR] 11
[10/05/26 01:06:09] D2BS 7156: equipped: [RingL] 11
[10/05/26 01:06:09] D2BS 7156: equipped: [Belt] 13
[10/05/26 01:06:09] D2BS 7156: equipped: [Boots] 13
[10/05/26 01:06:09] D2BS 7156: equipped: [Mitts] 11
[10/05/26 01:06:09] D2BS 7156: Loaded ÿc9[AutoSmurf.js]
[10/05/26 01:06:13] D2BS 7156: MiniShopBot: true
[10/05/26 01:06:50] D2BS 7156: act5+ BO
[10/05/26 01:07:03] D2BS 7156: ÿc4=== [BAAL] ===
[10/05/26 01:09:29] D2BS 7156: Not ready to kill Baal
[10/05/26 01:09:29] D2BS 7156: ÿc4=== [ABADDON] ===
[10/05/26 01:11:50] D2BS 7156: ÿc4=== [POA] ===
[10/05/26 01:14:18] D2BS 7156: ÿc4=== [INFERNAL] ===
[10/05/26 01:16:53] D2BS 7156: ÿc4=== [DIABLO] ===
[10/05/26 01:22:09] D2BS 7156: party has left: fowo-xb
[10/05/26 01:22:09] D2BS 7156:  [16:00] +149.90% / [Level 66] 28.99%
[10/05/26 01:22:09] D2BS 7156: Script threads\autobuildthread.js ended
[10/05/26 01:22:09] D2BS 7156: Script threads\partythread.js ended
[10/05/26 01:22:09] D2BS 7156: Script threads\townchicken.js ended
[10/05/26 01:22:09] D2BS 7156: Script default.dbj ended
[10/05/26 01:22:22] D2BS 7156: joining game pz-57
[10/05/26 01:22:23] D2BS 7156: ÿc2D2BSÿc0 :: Starting default.dbj
[10/05/26 01:22:23] D2BS 7156: ÿc2D2BSÿc0 :: default.dbj running.
[10/05/26 01:22:23] D2BS 7156: Loaded ÿc9[X.nip] [Y.nip] [Z.nip] [V.nip] [P.CONV.nip]
[10/05/26 01:22:23] D2BS 7156: Loaded ÿc9[P.CONV.js]
[10/05/26 01:22:23] D2BS 7156: equipped: [Head] 12
[10/05/26 01:22:23] D2BS 7156: equipped: [Neck] 13
[10/05/26 01:22:23] D2BS 7156: equipped: [Body] 20
[10/05/26 01:22:24] D2BS 7156: equipped: [ArmR] 12
[10/05/26 01:22:24] D2BS 7156: equipped: [ArmL] 28
[10/05/26 01:22:24] D2BS 7156: equipped: [RingR] 11
[10/05/26 01:22:24] D2BS 7156: equipped: [RingL] 11
[10/05/26 01:22:24] D2BS 7156: equipped: [Belt] 13
[10/05/26 01:22:24] D2BS 7156: equipped: [Boots] 13
[10/05/26 01:22:24] D2BS 7156: equipped: [Mitts] 11
[10/05/26 01:22:24] D2BS 7156: Loaded ÿc9[AutoSmurf.js]
[10/05/26 01:22:29] D2BS 7156: MiniShopBot: true
[10/05/26 01:23:06] D2BS 7156: act5+ BO
[10/05/26 01:23:19] D2BS 7156: ÿc4=== [BAAL] ===
[10/05/26 01:25:23] D2BS 7156: Not ready to kill Baal
[10/05/26 01:25:23] D2BS 7156: ÿc4=== [ABADDON] ===
[10/05/26 01:28:09] D2BS 7156: ÿc4=== [POA] ===
[10/05/26 01:30:41] D2BS 7156: ÿc4=== [INFERNAL] ===
[10/05/26 01:33:21] D2BS 7156: party has left: fowo-xa
[10/05/26 01:33:21] D2BS 7156:  [10:58] +100.30% / [Level 67] 35.15%
[10/05/26 01:33:22] D2BS 7156: Script threads\autobuildthread.js ended
[10/05/26 01:33:22] D2BS 7156: Script threads\partythread.js ended
[10/05/26 01:33:22] D2BS 7156: Script threads\townchicken.js ended
[10/05/26 01:33:22] D2BS 7156: Script default.dbj ended
[10/05/26 01:33:34] D2BS 7156: joining game pz-58
[10/05/26 01:33:36] D2BS 7156: ÿc2D2BSÿc0 :: Starting default.dbj
[10/05/26 01:33:36] D2BS 7156: ÿc2D2BSÿc0 :: default.dbj running.
[10/05/26 01:33:36] D2BS 7156: Loaded ÿc9[X.nip] [Y.nip] [Z.nip] [V.nip] [P.CONV.nip]
[10/05/26 01:33:36] D2BS 7156: Loaded ÿc9[P.CONV.js]
[10/05/26 01:33:36] D2BS 7156: equipped: [Head] 12
[10/05/26 01:33:36] D2BS 7156: equipped: [Neck] 13
[10/05/26 01:33:36] D2BS 7156: equipped: [Body] 20
[10/05/26 01:33:36] D2BS 7156: equipped: [ArmR] 12
[10/05/26 01:33:36] D2BS 7156: equipped: [ArmL] 28
[10/05/26 01:33:36] D2BS 7156: equipped: [RingR] 11
[10/05/26 01:33:36] D2BS 7156: equipped: [RingL] 11
[10/05/26 01:33:36] D2BS 7156: equipped: [Belt] 13
[10/05/26 01:33:36] D2BS 7156: equipped: [Boots] 13
[10/05/26 01:33:36] D2BS 7156: equipped: [Mitts] 11
[10/05/26 01:33:36] D2BS 7156: Loaded ÿc9[AutoSmurf.js]
[10/05/26 01:33:39] D2BS 7156: MiniShopBot: true
[10/05/26 01:33:53] D2BS 7156: equipped: [ArmR] 14
[10/05/26 01:34:12] D2BS 7156: act5+ BO
[10/05/26 01:34:26] D2BS 7156: ÿc4=== [BAAL] ===
[10/05/26 01:36:40] D2BS 7156: Not ready to kill Baal
[10/05/26 01:36:40] D2BS 7156: ÿc4=== [ABADDON] ===
[10/05/26 01:39:28] D2BS 7156: ÿc4=== [POA] ===
[10/05/26 01:41:52] D2BS 7156: ÿc4=== [INFERNAL] ===
[10/05/26 01:44:23] D2BS 7156: party has left: fowo-xa, fowo-xg
[10/05/26 01:44:23] D2BS 7156:  [10:47] +89.90% / [Level 68] 30.41%
[10/05/26 01:44:23] D2BS 7156: Script threads\autobuildthread.js ended
[10/05/26 01:44:23] D2BS 7156: Script threads\partythread.js ended
[10/05/26 01:44:23] D2BS 7156: Script threads\townchicken.js ended
[10/05/26 01:44:23] D2BS 7156: Script default.dbj ended
[10/05/26 01:44:34] D2BS 7156: joining game pz-59
[10/05/26 01:44:36] D2BS 7156: ÿc2D2BSÿc0 :: Starting default.dbj
[10/05/26 01:44:36] D2BS 7156: ÿc2D2BSÿc0 :: default.dbj running.
[10/05/26 01:44:37] D2BS 7156: Loaded ÿc9[X.nip] [Y.nip] [Z.nip] [V.nip] [P.CONV.nip]
[10/05/26 01:44:37] D2BS 7156: Loaded ÿc9[P.CONV.js]
[10/05/26 01:44:37] D2BS 7156: equipped: [Head] 12
[10/05/26 01:44:37] D2BS 7156: equipped: [Neck] 13
[10/05/26 01:44:37] D2BS 7156: equipped: [Body] 20
[10/05/26 01:44:37] D2BS 7156: equipped: [ArmR] 14
[10/05/26 01:44:37] D2BS 7156: equipped: [ArmL] 28
[10/05/26 01:44:37] D2BS 7156: equipped: [RingR] 11
[10/05/26 01:44:37] D2BS 7156: equipped: [RingL] 11
[10/05/26 01:44:37] D2BS 7156: equipped: [Belt] 13
[10/05/26 01:44:37] D2BS 7156: equipped: [Boots] 13
[10/05/26 01:44:37] D2BS 7156: equipped: [Mitts] 11
[10/05/26 01:44:37] D2BS 7156: Loaded ÿc9[AutoSmurf.js]
[10/05/26 01:44:39] D2BS 7156: MiniShopBot: true
[10/05/26 01:45:10] D2BS 7156: act5+ BO
[10/05/26 01:45:23] D2BS 7156: ÿc4=== [BAAL] ===
[10/05/26 01:47:45] D2BS 7156: Not ready to kill Baal
[10/05/26 01:47:45] D2BS 7156: ÿc4=== [ABADDON] ===
[10/05/26 01:50:34] D2BS 7156: ÿc4=== [POA] ===
[10/05/26 01:53:04] D2BS 7156: ÿc4=== [INFERNAL] ===
[10/05/26 01:55:17] D2BS 7156: party has left: fowo-xg
[10/05/26 01:55:17] D2BS 7156:  [10:41] +78.53% / [Level 69] 14.68%
[10/05/26 01:55:17] D2BS 7156: Script threads\autobuildthread.js ended
[10/05/26 01:55:17] D2BS 7156: Script threads\partythread.js ended
[10/05/26 01:55:17] D2BS 7156: Script threads\townchicken.js ended
[10/05/26 01:55:17] D2BS 7156: Script default.dbj ended
[10/05/26 01:55:30] D2BS 7156: joining game pz-60
[10/05/26 01:55:32] D2BS 7156: ÿc2D2BSÿc0 :: Starting default.dbj
[10/05/26 01:55:32] D2BS 7156: ÿc2D2BSÿc0 :: default.dbj running.
[10/05/26 01:55:32] D2BS 7156: Loaded ÿc9[X.nip] [Y.nip] [Z.nip] [V.nip] [P.CONV.nip]
[10/05/26 01:55:32] D2BS 7156: Loaded ÿc9[P.CONV.js]
[10/05/26 01:55:32] D2BS 7156: equipped: [Head] 12
[10/05/26 01:55:32] D2BS 7156: equipped: [Neck] 13
[10/05/26 01:55:32] D2BS 7156: equipped: [Body] 20
[10/05/26 01:55:32] D2BS 7156: equipped: [ArmR] 14
[10/05/26 01:55:32] D2BS 7156: equipped: [ArmL] 28
[10/05/26 01:55:32] D2BS 7156: equipped: [RingR] 11
[10/05/26 01:55:32] D2BS 7156: equipped: [RingL] 11
[10/05/26 01:55:32] D2BS 7156: equipped: [Belt] 13
[10/05/26 01:55:32] D2BS 7156: equipped: [Boots] 13
[10/05/26 01:55:32] D2BS 7156: equipped: [Mitts] 11
[10/05/26 01:55:32] D2BS 7156: Loaded ÿc9[AutoSmurf.js]
[10/05/26 01:55:34] D2BS 7156: MiniShopBot: true
[10/05/26 01:55:34] D2BS 7156: UseMerc: true HP: 70
[10/05/26 01:55:47] D2BS 7156: Merc unmatched
[10/05/26 01:55:54] D2BS 7156: [Hired] Level 67 Holy Freeze
[10/05/26 01:55:54] D2BS 7156: updateStat
[10/05/26 01:55:55] D2BS 7156: granted: [Head] -1
[10/05/26 01:55:55] D2BS 7156: granted: [Body] -1
[10/05/26 01:55:55] D2BS 7156: granted: [ArmR] -1
[10/05/26 01:56:22] D2BS 7156: act5+ BO
[10/05/26 01:56:25] D2BS 7156: updateStat
[10/05/26 01:56:36] D2BS 7156: ÿc4=== [BAAL] ===
[10/05/26 01:58:59] D2BS 7156: Not ready to kill Baal
[10/05/26 01:58:59] D2BS 7156: ÿc4=== [ABADDON] ===
[10/05/26 02:01:52] D2BS 7156: ÿc4=== [POA] ===
[10/05/26 02:04:33] D2BS 7156: ÿc4=== [INFERNAL] ===
[10/05/26 02:07:12] D2BS 7156: party has left: fowo-xa
[10/05/26 02:07:12] D2BS 7156:  [11:41] +86.89% / [Level 70] 8.61%
[10/05/26 02:07:12] D2BS 7156: Script threads\autobuildthread.js ended
[10/05/26 02:07:12] D2BS 7156: Script threads\partythread.js ended
[10/05/26 02:07:12] D2BS 7156: Script threads\townchicken.js ended
[10/05/26 02:07:13] D2BS 7156: Script default.dbj ended
[10/05/26 02:07:25] D2BS 7156: joining game pz-61
[10/05/26 02:07:27] D2BS 7156: ÿc2D2BSÿc0 :: Starting default.dbj
[10/05/26 02:07:27] D2BS 7156: ÿc2D2BSÿc0 :: default.dbj running.
[10/05/26 02:07:27] D2BS 7156: Loaded ÿc9[X.nip] [Y.nip] [Z.nip] [V.nip] [P.CONV.nip]
[10/05/26 02:07:27] D2BS 7156: Loaded ÿc9[P.CONV.js]
[10/05/26 02:07:27] D2BS 7156: equipped: [Head] 12
[10/05/26 02:07:27] D2BS 7156: equipped: [Neck] 13
[10/05/26 02:07:27] D2BS 7156: equipped: [Body] 20
[10/05/26 02:07:27] D2BS 7156: equipped: [ArmR] 14
[10/05/26 02:07:27] D2BS 7156: equipped: [ArmL] 28
[10/05/26 02:07:27] D2BS 7156: equipped: [RingR] 11
[10/05/26 02:07:27] D2BS 7156: equipped: [RingL] 11
[10/05/26 02:07:27] D2BS 7156: equipped: [Belt] 13
[10/05/26 02:07:27] D2BS 7156: equipped: [Boots] 13
[10/05/26 02:07:27] D2BS 7156: equipped: [Mitts] 11
[10/05/26 02:07:27] D2BS 7156: updateStat
[10/05/26 02:07:27] D2BS 7156: granted: [Head] -1
[10/05/26 02:07:27] D2BS 7156: granted: [Body] -1
[10/05/26 02:07:27] D2BS 7156: granted: [ArmR] -1
[10/05/26 02:07:27] D2BS 7156: Loaded ÿc9[AutoSmurf.js]
[10/05/26 02:07:31] D2BS 7156: MiniShopBot: true
[10/05/26 02:07:31] D2BS 7156: UseMerc: true HP: 70
[10/05/26 02:07:32] D2BS 7156: granted: [ArmR] 7
[10/05/26 02:07:51] D2BS 7156: granted: [Body] 11
[10/05/26 02:07:51] D2BS 7156: Merc matched: Holy Freeze
[10/05/26 02:08:08] D2BS 7156: act5+ BO
[10/05/26 02:08:22] D2BS 7156: ÿc4=== [BAAL] ===
[10/05/26 02:10:29] D2BS 7156: Not ready to kill Baal
[10/05/26 02:10:29] D2BS 7156: ÿc4=== [ABADDON] ===
[10/05/26 02:12:53] D2BS 7156: ÿc4=== [POA] ===
[10/05/26 02:15:45] D2BS 7156: ÿc4=== [INFERNAL] ===
[10/05/26 02:18:15] D2BS 7156: party has left: fowo-xa
[10/05/26 02:18:15] D2BS 7156:  [10:49] +67.08% / [Level 70] 75.69%
[10/05/26 02:18:15] D2BS 7156: Script threads\autobuildthread.js ended
[10/05/26 02:18:15] D2BS 7156: Script threads\partythread.js ended
[10/05/26 02:18:15] D2BS 7156: Script threads\townchicken.js ended
[10/05/26 02:18:15] D2BS 7156: Script default.dbj ended
[10/05/26 02:18:28] D2BS 7156: joining game pz-62
[10/05/26 02:18:30] D2BS 7156: ÿc2D2BSÿc0 :: Starting default.dbj
[10/05/26 02:18:30] D2BS 7156: ÿc2D2BSÿc0 :: default.dbj running.
[10/05/26 02:18:30] D2BS 7156: Loaded ÿc9[X.nip] [Y.nip] [Z.nip] [V.nip] [P.CONV.nip]
[10/05/26 02:18:30] D2BS 7156: Loaded ÿc9[P.CONV.js]
[10/05/26 02:18:30] D2BS 7156: equipped: [Head] 12
[10/05/26 02:18:30] D2BS 7156: equipped: [Neck] 13
[10/05/26 02:18:30] D2BS 7156: equipped: [Body] 20
[10/05/26 02:18:30] D2BS 7156: equipped: [ArmR] 14
[10/05/26 02:18:30] D2BS 7156: equipped: [ArmL] 28
[10/05/26 02:18:30] D2BS 7156: equipped: [RingR] 11
[10/05/26 02:18:30] D2BS 7156: equipped: [RingL] 11
[10/05/26 02:18:30] D2BS 7156: equipped: [Belt] 13
[10/05/26 02:18:30] D2BS 7156: equipped: [Boots] 13
[10/05/26 02:18:31] D2BS 7156: equipped: [Mitts] 11
[10/05/26 02:18:31] D2BS 7156: Loaded ÿc9[AutoSmurf.js]
[10/05/26 02:18:33] D2BS 7156: MiniShopBot: true
[10/05/26 02:18:33] D2BS 7156: UseMerc: true HP: 70
[10/05/26 02:18:53] D2BS 7156: Merc matched: Holy Freeze
[10/05/26 02:19:25] D2BS 7156: act5+ BO
[10/05/26 02:19:27] D2BS 7156: updateStat
[10/05/26 02:19:39] D2BS 7156: ÿc4=== [BAAL] ===
[10/05/26 02:22:24] D2BS 7156: Config.LifeChicken: 0
[10/05/26 02:22:49] D2BS 7156: Config.LifeChicken: 20
[10/05/26 02:22:59] D2BS 7156: ÿc4=== [COWS] ===
[10/05/26 02:33:28] D2BS 7156: Cows failed: followDriver
[10/05/26 02:33:34] D2BS 7156: party has left: fowo-xh
[10/05/26 02:33:34] D2BS 7156:  [15:04] +74.42% / [Level 71] 52.11%
[10/05/26 02:33:34] D2BS 7156: Script threads\autobuildthread.js ended
[10/05/26 02:33:34] D2BS 7156: Script threads\partythread.js ended
[10/05/26 02:33:34] D2BS 7156: Script threads\townchicken.js ended
[10/05/26 02:33:34] D2BS 7156: Script default.dbj ended
[10/05/26 02:33:47] D2BS 7156: joining game pz-63
[10/05/26 02:33:49] D2BS 7156: ÿc2D2BSÿc0 :: Starting default.dbj
[10/05/26 02:33:49] D2BS 7156: ÿc2D2BSÿc0 :: default.dbj running.
[10/05/26 02:33:50] D2BS 7156: Loaded ÿc9[X.nip] [Y.nip] [Z.nip] [V.nip] [P.CONV.nip]
[10/05/26 02:33:50] D2BS 7156: Loaded ÿc9[P.CONV.js]
[10/05/26 02:33:50] D2BS 7156: equipped: [Head] 12
[10/05/26 02:33:50] D2BS 7156: equipped: [Neck] 13
[10/05/26 02:33:50] D2BS 7156: equipped: [Body] 20
[10/05/26 02:33:50] D2BS 7156: equipped: [ArmR] 14
[10/05/26 02:33:50] D2BS 7156: equipped: [ArmL] 28
[10/05/26 02:33:50] D2BS 7156: equipped: [RingR] 11
[10/05/26 02:33:50] D2BS 7156: equipped: [RingL] 11
[10/05/26 02:33:50] D2BS 7156: equipped: [Belt] 13
[10/05/26 02:33:50] D2BS 7156: equipped: [Boots] 13
[10/05/26 02:33:50] D2BS 7156: equipped: [Mitts] 11
[10/05/26 02:33:50] D2BS 7156: updateStat
[10/05/26 02:33:50] D2BS 7156: granted: [Head] -1
[10/05/26 02:33:50] D2BS 7156: granted: [Body] 11
[10/05/26 02:33:50] D2BS 7156: granted: [ArmR] 7
[10/05/26 02:33:50] D2BS 7156: Loaded ÿc9[AutoSmurf.js]
[10/05/26 02:33:51] D2BS 7156: MiniShopBot: true
[10/05/26 02:33:51] D2BS 7156: farmingON
[10/05/26 02:33:51] D2BS 7156: UseMerc: true HP: 70
[10/05/26 02:34:09] D2BS 7156: hireMerc
[10/05/26 02:34:41] D2BS 7156: Merc matched: Holy Freeze
[10/05/26 02:34:53] D2BS 7156: Token needed
[10/05/26 02:34:58] D2BS 7156: act0 BO
[10/05/26 02:35:24] D2BS 7156: ÿc4=== [DEN] ===
[10/05/26 02:35:57] D2BS 7156: updateStat
[10/05/26 02:38:41] D2BS 7156: ÿc4=== [CAIN] ===
[10/05/26 02:38:51] D2BS 7156: granted: [Head] 11
[10/05/26 02:38:52] D2BS 7156: granted: [ArmR] 8
[10/05/26 02:40:33] D2BS 7156: Going to town
[10/05/26 02:41:05] D2BS 7156: Going to town
[10/05/26 02:41:24] D2BS 7156: Going to town
[10/05/26 02:42:38] D2BS 7156: ÿc4=== [ANDY] ===
[10/05/26 02:42:39] D2BS 7156: equipped: [RingR] 13
[10/05/26 02:44:30] D2BS 7156: [Chicken] Life (976/2812) area:37 (22551,9529)
[10/05/26 02:44:30] D2BS 7156:  [10:42] +42.94% / [Level 71] 95.05%
[10/05/26 02:44:30] D2BS 7156: Script threads\autobuildthread.js ended
[10/05/26 02:44:30] D2BS 7156: Going to town
[10/05/26 02:44:31] D2BS 7156: Script threads\partythread.js ended
[10/05/26 02:44:31] D2BS 7156: Script threads\townchicken.js ended
[10/05/26 02:44:31] D2BS 7156: Script default.dbj ended
[10/05/26 02:44:44] D2BS 7156: joining game pz-64
[10/05/26 02:44:45] D2BS 7156: ÿc2D2BSÿc0 :: Starting default.dbj
[10/05/26 02:44:45] D2BS 7156: ÿc2D2BSÿc0 :: default.dbj running.
[10/05/26 02:44:46] D2BS 7156: Loaded ÿc9[X.nip] [Y.nip] [Z.nip] [V.nip] [P.CONV.nip]
[10/05/26 02:44:46] D2BS 7156: Loaded ÿc9[P.CONV.js]
[10/05/26 02:44:46] D2BS 7156: equipped: [Head] 12
[10/05/26 02:44:46] D2BS 7156: equipped: [Neck] 13
[10/05/26 02:44:46] D2BS 7156: equipped: [Body] 20
[10/05/26 02:44:46] D2BS 7156: equipped: [ArmR] 14
[10/05/26 02:44:46] D2BS 7156: equipped: [ArmL] 28
[10/05/26 02:44:46] D2BS 7156: equipped: [RingR] 13
[10/05/26 02:44:46] D2BS 7156: equipped: [RingL] 11
[10/05/26 02:44:46] D2BS 7156: equipped: [Belt] 13
[10/05/26 02:44:46] D2BS 7156: equipped: [Boots] 13
[10/05/26 02:44:46] D2BS 7156: equipped: [Mitts] 11
[10/05/26 02:44:46] D2BS 7156: Loaded ÿc9[AutoSmurf.js]
[10/05/26 02:44:48] D2BS 7156: MiniShopBot: true
[10/05/26 02:44:48] D2BS 7156: farmingON
[10/05/26 02:44:48] D2BS 7156: UseMerc: true HP: 70
[10/05/26 02:44:56] D2BS 7156: hireMerc
[10/05/26 02:44:58] D2BS 7156: Revive needed
[10/05/26 02:45:12] D2BS 7156: Token needed
[10/05/26 02:45:16] D2BS 7156: act0 BO
[10/05/26 02:45:44] D2BS 7156: ÿc4=== [ANDY] ===
[10/05/26 02:46:24] D2BS 7156: Config.LifeChicken: 0
[10/05/26 02:46:51] D2BS 7156: Config.LifeChicken: 35
[10/05/26 02:47:16] D2BS 7156: Revive needed
[10/05/26 02:47:18] D2BS 7156: ÿc4=== [AMULET] ===
[10/05/26 02:48:56] D2BS 7156: ÿc4=== [SUMMONER] ===
[10/05/26 03:14:43] D2BS 7156: party has left: fowo-xa
[10/05/26 03:14:43] D2BS 7156:  [29:58] +11.43% / [Level 72] 6.89%
[10/05/26 03:14:43] D2BS 7156: Script threads\autobuildthread.js ended
[10/05/26 03:14:43] D2BS 7156: Script threads\partythread.js ended
[10/05/26 03:14:43] D2BS 7156: Script threads\townchicken.js ended
[10/05/26 03:14:43] D2BS 7156: Script default.dbj ended
[10/05/26 03:14:55] D2BS 7156: joining game pz-65
[10/05/26 03:14:57] D2BS 7156: ÿc2D2BSÿc0 :: Starting default.dbj
[10/05/26 03:14:57] D2BS 7156: ÿc2D2BSÿc0 :: default.dbj running.
[10/05/26 03:14:57] D2BS 7156: Loaded ÿc9[X.nip] [Y.nip] [Z.nip] [V.nip] [P.CONV.nip]
[10/05/26 03:14:57] D2BS 7156: Loaded ÿc9[P.CONV.js]
[10/05/26 03:14:57] D2BS 7156: equipped: [Head] 12
[10/05/26 03:14:57] D2BS 7156: equipped: [Neck] 13
[10/05/26 03:14:57] D2BS 7156: equipped: [Body] 20
[10/05/26 03:14:57] D2BS 7156: equipped: [ArmR] 14
[10/05/26 03:14:57] D2BS 7156: equipped: [ArmL] 28
[10/05/26 03:14:57] D2BS 7156: equipped: [RingR] 13
[10/05/26 03:14:57] D2BS 7156: equipped: [RingL] 11
[10/05/26 03:14:57] D2BS 7156: equipped: [Belt] 13
[10/05/26 03:14:57] D2BS 7156: equipped: [Boots] 13
[10/05/26 03:14:57] D2BS 7156: equipped: [Mitts] 11
[10/05/26 03:14:57] D2BS 7156: Loaded ÿc9[AutoSmurf.js]
[10/05/26 03:15:00] D2BS 7156: farmingON
[10/05/26 03:15:00] D2BS 7156: MiniShopBot: true
[10/05/26 03:15:00] D2BS 7156: UseMerc: true HP: 70
[10/05/26 03:15:01] D2BS 7156: Revive needed
[10/05/26 03:15:19] D2BS 7156: Token needed
[10/05/26 03:15:21] D2BS 7156: Revive needed
[10/05/26 03:15:22] D2BS 7156: act1 WP
[10/05/26 03:15:33] D2BS 7156: act2 BO
[10/05/26 03:15:46] D2BS 7156: ÿc4=== [SUMMONER] ===
[10/05/26 03:16:27] D2BS 7156: Config.LifeChicken: 0
[10/05/26 03:16:42] D2BS 7156: Config.LifeChicken: 35
[10/05/26 03:16:49] D2BS 7156: going to nearest WP
[10/05/26 03:17:42] D2BS 7156: ÿc4=== [RADAMENT] ===
[10/05/26 03:18:54] D2BS 7156: Config.LifeChicken: 0
[10/05/26 03:19:08] D2BS 7156: Config.LifeChicken: 35
[10/05/26 03:19:15] D2BS 7156: ÿc8!!! [BOOK] !!!
[10/05/26 03:19:21] D2BS 7156: ÿc4=== [DURIEL] ===
[10/05/26 03:22:22] D2BS 7156: party has left: fowo-xa
[10/05/26 03:22:22] D2BS 7156:  [07:26] +11.47% / [Level 72] 18.36%
[10/05/26 03:22:22] D2BS 7156: Script threads\autobuildthread.js ended
[10/05/26 03:22:22] D2BS 7156: Script threads\partythread.js ended
[10/05/26 03:22:22] D2BS 7156: Script threads\townchicken.js ended
[10/05/26 03:22:22] D2BS 7156: Script default.dbj ended
[10/05/26 03:22:34] D2BS 7156: joining game pz-66
[10/05/26 03:22:36] D2BS 7156: ÿc2D2BSÿc0 :: Starting default.dbj
[10/05/26 03:22:36] D2BS 7156: ÿc2D2BSÿc0 :: default.dbj running.
[10/05/26 03:22:37] D2BS 7156: Loaded ÿc9[X.nip] [Y.nip] [Z.nip] [V.nip] [P.CONV.nip]
[10/05/26 03:22:37] D2BS 7156: Loaded ÿc9[P.CONV.js]
[10/05/26 03:22:37] D2BS 7156: equipped: [Head] 12
[10/05/26 03:22:37] D2BS 7156: equipped: [Neck] 13
[10/05/26 03:22:37] D2BS 7156: equipped: [Body] 20
[10/05/26 03:22:37] D2BS 7156: equipped: [ArmR] 14
[10/05/26 03:22:37] D2BS 7156: equipped: [ArmL] 28
[10/05/26 03:22:37] D2BS 7156: equipped: [RingR] 13
[10/05/26 03:22:37] D2BS 7156: equipped: [RingL] 11
[10/05/26 03:22:37] D2BS 7156: equipped: [Belt] 13
[10/05/26 03:22:37] D2BS 7156: equipped: [Boots] 13
[10/05/26 03:22:37] D2BS 7156: equipped: [Mitts] 11
[10/05/26 03:22:37] D2BS 7156: Loaded ÿc9[AutoSmurf.js]
[10/05/26 03:22:38] D2BS 7156: farmingON
[10/05/26 03:22:39] D2BS 7156: MiniShopBot: true
[10/05/26 03:22:39] D2BS 7156: UseMerc: true HP: 70
[10/05/26 03:22:39] D2BS 7156: Revive needed
[10/05/26 03:23:24] D2BS 7156: Token needed
[10/05/26 03:23:26] D2BS 7156: Revive needed
[10/05/26 03:23:29] D2BS 7156: act2 BO
[10/05/26 03:23:43] D2BS 7156: ÿc4=== [DURIEL] ===
[10/05/26 03:30:07] D2BS 7156: act3 BO
[10/05/26 03:30:50] D2BS 7156: party has left: fowo-xa
[10/05/26 03:30:50] D2BS 7156:  [08:13] +10.85% / [Level 72] 29.22%
[10/05/26 03:30:50] D2BS 7156: Script threads\autobuildthread.js ended
[10/05/26 03:30:50] D2BS 7156: Script threads\partythread.js ended
[10/05/26 03:30:50] D2BS 7156: Script threads\townchicken.js ended
[10/05/26 03:30:50] D2BS 7156: Script default.dbj ended
[10/05/26 03:31:03] D2BS 7156: joining game pz-67
[10/05/26 03:31:04] D2BS 7156: ÿc2D2BSÿc0 :: Starting default.dbj
[10/05/26 03:31:04] D2BS 7156: ÿc2D2BSÿc0 :: default.dbj running.
[10/05/26 03:31:04] D2BS 7156: Loaded ÿc9[X.nip] [Y.nip] [Z.nip] [V.nip] [P.CONV.nip]
[10/05/26 03:31:04] D2BS 7156: Loaded ÿc9[P.CONV.js]
[10/05/26 03:31:04] D2BS 7156: equipped: [Head] 12
[10/05/26 03:31:04] D2BS 7156: equipped: [Neck] 13
[10/05/26 03:31:04] D2BS 7156: equipped: [Body] 20
[10/05/26 03:31:04] D2BS 7156: equipped: [ArmR] 14
[10/05/26 03:31:04] D2BS 7156: equipped: [ArmL] 28
[10/05/26 03:31:04] D2BS 7156: equipped: [RingR] 13
[10/05/26 03:31:04] D2BS 7156: equipped: [RingL] 11
[10/05/26 03:31:04] D2BS 7156: equipped: [Belt] 13
[10/05/26 03:31:04] D2BS 7156: equipped: [Boots] 13
[10/05/26 03:31:04] D2BS 7156: equipped: [Mitts] 11
[10/05/26 03:31:04] D2BS 7156: Loaded ÿc9[AutoSmurf.js]
[10/05/26 03:31:07] D2BS 7156: farmingON
[10/05/26 03:31:08] D2BS 7156: MiniShopBot: true
[10/05/26 03:31:08] D2BS 7156: UseMerc: true HP: 70
[10/05/26 03:31:20] D2BS 7156: equipped: [Boots] 14
[10/05/26 03:31:20] D2BS 7156: Revive needed
[10/05/26 03:31:30] D2BS 7156: Token needed
[10/05/26 03:31:37] D2BS 7156: act3 BO
[10/05/26 03:32:32] D2BS 7156: ÿc4=== [TRAVINCAL] ===
[10/05/26 03:33:00] D2BS 7156: Going to town
[10/05/26 03:33:44] D2BS 7156: party has left: fowo-xa
[10/05/26 03:33:44] D2BS 7156:  [02:41] +8.02% / [Level 72] 37.24%
[10/05/26 03:33:44] D2BS 7156: Script threads\autobuildthread.js ended
[10/05/26 03:33:44] D2BS 7156: Script threads\partythread.js ended
[10/05/26 03:33:45] D2BS 7156: Script threads\townchicken.js ended
[10/05/26 03:33:45] D2BS 7156: Script default.dbj ended
[10/05/26 03:33:56] D2BS 7156: joining game pz-68
[10/05/26 03:33:58] D2BS 7156: ÿc2D2BSÿc0 :: Starting default.dbj
[10/05/26 03:33:58] D2BS 7156: ÿc2D2BSÿc0 :: default.dbj running.
[10/05/26 03:33:58] D2BS 7156: Loaded ÿc9[X.nip] [Y.nip] [Z.nip] [V.nip] [P.CONV.nip]
[10/05/26 03:33:58] D2BS 7156: Loaded ÿc9[P.CONV.js]
[10/05/26 03:33:58] D2BS 7156: equipped: [Head] 12
[10/05/26 03:33:58] D2BS 7156: equipped: [Neck] 13
[10/05/26 03:33:58] D2BS 7156: equipped: [Body] 20
[10/05/26 03:33:58] D2BS 7156: equipped: [ArmR] 14
[10/05/26 03:33:58] D2BS 7156: equipped: [ArmL] 28
[10/05/26 03:33:58] D2BS 7156: equipped: [RingR] 13
[10/05/26 03:33:58] D2BS 7156: equipped: [RingL] 11
[10/05/26 03:33:58] D2BS 7156: equipped: [Belt] 13
[10/05/26 03:33:58] D2BS 7156: equipped: [Boots] 14
[10/05/26 03:33:58] D2BS 7156: equipped: [Mitts] 11
[10/05/26 03:33:58] D2BS 7156: Loaded ÿc9[AutoSmurf.js]
[10/05/26 03:34:00] D2BS 7156: farmingON
[10/05/26 03:34:00] D2BS 7156: MiniShopBot: true
[10/05/26 03:34:00] D2BS 7156: UseMerc: true HP: 70
[10/05/26 03:34:00] D2BS 7156: Revive needed
[10/05/26 03:34:27] D2BS 7156: Token needed
[10/05/26 03:34:37] D2BS 7156: act3 BO
[10/05/26 03:34:54] D2BS 7156: ÿc4=== [TRAVINCAL] ===
[10/05/26 03:35:29] D2BS 7156: Going to town
[10/05/26 03:35:29] D2BS 7156: [Chicken] Life (1042/4153) area:83 (4835,1186)
[10/05/26 03:35:29] D2BS 7156:  [01:31] +9.63% / [Level 72] 46.86%
[10/05/26 03:35:29] D2BS 7156: Script threads\autobuildthread.js ended
[10/05/26 03:35:29] D2BS 7156: Script threads\partythread.js ended
[10/05/26 03:35:29] D2BS 7156: Script threads\townchicken.js ended
[10/05/26 03:35:29] D2BS 7156: Script default.dbj ended
[10/05/26 03:35:44] D2BS 7156: joining game pz-69
[10/05/26 03:35:46] D2BS 7156: ÿc2D2BSÿc0 :: Starting default.dbj
[10/05/26 03:35:46] D2BS 7156: ÿc2D2BSÿc0 :: default.dbj running.
[10/05/26 03:35:46] D2BS 7156: Loaded ÿc9[X.nip] [Y.nip] [Z.nip] [V.nip] [P.CONV.nip]
[10/05/26 03:35:46] D2BS 7156: Loaded ÿc9[P.CONV.js]
[10/05/26 03:35:46] D2BS 7156: equipped: [Head] 12
[10/05/26 03:35:46] D2BS 7156: equipped: [Neck] 13
[10/05/26 03:35:46] D2BS 7156: equipped: [Body] 20
[10/05/26 03:35:46] D2BS 7156: equipped: [ArmR] 14
[10/05/26 03:35:46] D2BS 7156: equipped: [ArmL] 28
[10/05/26 03:35:46] D2BS 7156: equipped: [RingR] 13
[10/05/26 03:35:46] D2BS 7156: equipped: [RingL] 11
[10/05/26 03:35:46] D2BS 7156: equipped: [Belt] 13
[10/05/26 03:35:46] D2BS 7156: equipped: [Boots] 14
[10/05/26 03:35:46] D2BS 7156: equipped: [Mitts] 11
[10/05/26 03:35:47] D2BS 7156: Loaded ÿc9[AutoSmurf.js]
[10/05/26 03:35:48] D2BS 7156: MiniShopBot: true
[10/05/26 03:35:48] D2BS 7156: farmingON
[10/05/26 03:35:48] D2BS 7156: UseMerc: true HP: 70
[10/05/26 03:36:01] D2BS 7156: Revive needed
[10/05/26 03:36:10] D2BS 7156: Token needed
[10/05/26 03:36:17] D2BS 7156: act3 BO
[10/05/26 03:36:37] D2BS 7156: ÿc4=== [TRAVINCAL] ===
[10/05/26 03:37:37] D2BS 7156: party has left: fowo-xa
[10/05/26 03:37:37] D2BS 7156:  [01:51] +17.65% / [Level 72] 64.51%
[10/05/26 03:37:37] D2BS 7156: Script threads\autobuildthread.js ended
[10/05/26 03:37:37] D2BS 7156: Script threads\partythread.js ended
[10/05/26 03:37:37] D2BS 7156: Script threads\townchicken.js ended
[10/05/26 03:37:37] D2BS 7156: Script default.dbj ended
[10/05/26 03:37:50] D2BS 7156: joining game pz-70
[10/05/26 03:37:51] D2BS 7156: ÿc2D2BSÿc0 :: Starting default.dbj
[10/05/26 03:37:51] D2BS 7156: ÿc2D2BSÿc0 :: default.dbj running.
[10/05/26 03:37:51] D2BS 7156: Loaded ÿc9[X.nip] [Y.nip] [Z.nip] [V.nip] [P.CONV.nip]
[10/05/26 03:37:51] D2BS 7156: Loaded ÿc9[P.CONV.js]
[10/05/26 03:37:51] D2BS 7156: equipped: [Head] 12
[10/05/26 03:37:51] D2BS 7156: equipped: [Neck] 13
[10/05/26 03:37:51] D2BS 7156: equipped: [Body] 20
[10/05/26 03:37:52] D2BS 7156: equipped: [ArmR] 14
[10/05/26 03:37:52] D2BS 7156: equipped: [ArmL] 28
[10/05/26 03:37:52] D2BS 7156: equipped: [RingR] 13
[10/05/26 03:37:52] D2BS 7156: equipped: [RingL] 11
[10/05/26 03:37:52] D2BS 7156: equipped: [Belt] 13
[10/05/26 03:37:52] D2BS 7156: equipped: [Boots] 14
[10/05/26 03:37:52] D2BS 7156: equipped: [Mitts] 11
[10/05/26 03:37:52] D2BS 7156: Loaded ÿc9[AutoSmurf.js]
[10/05/26 03:37:53] D2BS 7156: MiniShopBot: true
[10/05/26 03:37:54] D2BS 7156: farmingON
[10/05/26 03:37:54] D2BS 7156: UseMerc: true HP: 70
[10/05/26 03:38:05] D2BS 7156: Revive needed
[10/05/26 03:38:17] D2BS 7156: Token needed
[10/05/26 03:38:24] D2BS 7156: act3 BO
[10/05/26 03:38:41] D2BS 7156: ÿc4=== [TRAVINCAL] ===
[10/05/26 03:39:21] D2BS 7156: party has left: fowo-xb
[10/05/26 03:39:21] D2BS 7156:  [01:30] +9.63% / [Level 72] 74.14%
[10/05/26 03:39:21] D2BS 7156: Script threads\autobuildthread.js ended
[10/05/26 03:39:21] D2BS 7156: Script threads\partythread.js ended
[10/05/26 03:39:21] D2BS 7156: Script threads\townchicken.js ended
[10/05/26 03:39:21] D2BS 7156: Script default.dbj ended
[10/05/26 03:39:34] D2BS 7156: joining game pz-71
[10/05/26 03:39:35] D2BS 7156: ÿc2D2BSÿc0 :: Starting default.dbj
[10/05/26 03:39:35] D2BS 7156: ÿc2D2BSÿc0 :: default.dbj running.
[10/05/26 03:39:36] D2BS 7156: Loaded ÿc9[X.nip] [Y.nip] [Z.nip] [V.nip] [P.CONV.nip]
[10/05/26 03:39:36] D2BS 7156: Loaded ÿc9[P.CONV.js]
[10/05/26 03:39:36] D2BS 7156: equipped: [Head] 12
[10/05/26 03:39:36] D2BS 7156: equipped: [Neck] 13
[10/05/26 03:39:36] D2BS 7156: equipped: [Body] 20
[10/05/26 03:39:36] D2BS 7156: equipped: [ArmR] 14
[10/05/26 03:39:36] D2BS 7156: equipped: [ArmL] 28
[10/05/26 03:39:36] D2BS 7156: equipped: [RingR] 13
[10/05/26 03:39:36] D2BS 7156: equipped: [RingL] 11
[10/05/26 03:39:36] D2BS 7156: equipped: [Belt] 13
[10/05/26 03:39:36] D2BS 7156: equipped: [Boots] 14
[10/05/26 03:39:36] D2BS 7156: equipped: [Mitts] 11
[10/05/26 03:39:36] D2BS 7156: Loaded ÿc9[AutoSmurf.js]
[10/05/26 03:39:38] D2BS 7156: farmingON
[10/05/26 03:39:38] D2BS 7156: MiniShopBot: true
[10/05/26 03:39:38] D2BS 7156: UseMerc: true HP: 70
[10/05/26 03:39:39] D2BS 7156: Revive needed
[10/05/26 03:39:58] D2BS 7156: Token needed
[10/05/26 03:40:04] D2BS 7156: act3 BO
[10/05/26 03:40:22] D2BS 7156: ÿc4=== [TRAVINCAL] ===
[10/05/26 03:40:39] D2BS 7156: Going to town
[10/05/26 03:41:19] D2BS 7156: party has left: fowo-xa
[10/05/26 03:41:19] D2BS 7156:  [01:43] +7.98% / [Level 72] 82.12%
[10/05/26 03:41:19] D2BS 7156: Script threads\autobuildthread.js ended
[10/05/26 03:41:19] D2BS 7156: Script threads\partythread.js ended
[10/05/26 03:41:19] D2BS 7156: Script threads\townchicken.js ended
[10/05/26 03:41:19] D2BS 7156: Script default.dbj ended
[10/05/26 03:41:32] D2BS 7156: joining game pz-72
[10/05/26 03:41:34] D2BS 7156: ÿc2D2BSÿc0 :: Starting default.dbj
[10/05/26 03:41:34] D2BS 7156: ÿc2D2BSÿc0 :: default.dbj running.
[10/05/26 03:41:34] D2BS 7156: Loaded ÿc9[X.nip] [Y.nip] [Z.nip] [V.nip] [P.CONV.nip]
[10/05/26 03:41:34] D2BS 7156: Loaded ÿc9[P.CONV.js]
[10/05/26 03:41:34] D2BS 7156: equipped: [Head] 12
[10/05/26 03:41:34] D2BS 7156: equipped: [Neck] 13
[10/05/26 03:41:34] D2BS 7156: equipped: [Body] 20
[10/05/26 03:41:34] D2BS 7156: equipped: [ArmR] 14
[10/05/26 03:41:34] D2BS 7156: equipped: [ArmL] 28
[10/05/26 03:41:34] D2BS 7156: equipped: [RingR] 13
[10/05/26 03:41:34] D2BS 7156: equipped: [RingL] 11
[10/05/26 03:41:34] D2BS 7156: equipped: [Belt] 13
[10/05/26 03:41:34] D2BS 7156: equipped: [Boots] 14
[10/05/26 03:41:34] D2BS 7156: equipped: [Mitts] 11
[10/05/26 03:41:34] D2BS 7156: Loaded ÿc9[AutoSmurf.js]
[10/05/26 03:41:36] D2BS 7156: farmingON
[10/05/26 03:41:37] D2BS 7156: MiniShopBot: true
[10/05/26 03:41:37] D2BS 7156: UseMerc: true HP: 70
[10/05/26 03:41:37] D2BS 7156: Revive needed
[10/05/26 03:42:03] D2BS 7156: Token needed
[10/05/26 03:42:05] D2BS 7156: ÿc4=== [FIGURINE] ===
[10/05/26 03:43:30] D2BS 7156: ÿc8!!! [POTION] !!!
[10/05/26 03:43:48] D2BS 7156: act3 BO
[10/05/26 03:44:31] D2BS 7156: ÿc4=== [MEPHISTO] ===
[10/05/26 03:44:52] D2BS 7156: Config.LifeChicken: 0
[10/05/26 03:44:56] D2BS 7156: Config.LifeChicken: 35
[10/05/26 03:45:32] D2BS 7156: ÿc4=== [IZUAL] ===
[10/05/26 03:47:43] D2BS 7156: ÿc4=== [DIABLO] ===
[10/05/26 03:53:07] D2BS 7156: party has left: fowo-xh
[10/05/26 03:53:07] D2BS 7156:  [11:33] +34.94% / [Level 73] 18.54%
[10/05/26 03:53:07] D2BS 7156: Script threads\autobuildthread.js ended
[10/05/26 03:53:07] D2BS 7156: Script threads\partythread.js ended
[10/05/26 03:53:07] D2BS 7156: Script threads\townchicken.js ended
[10/05/26 03:53:07] D2BS 7156: Script default.dbj ended
[10/05/26 03:53:20] D2BS 7156: joining game pz-73
[10/05/26 03:53:22] D2BS 7156: ÿc2D2BSÿc0 :: Starting default.dbj
[10/05/26 03:53:22] D2BS 7156: ÿc2D2BSÿc0 :: default.dbj running.
[10/05/26 03:53:22] D2BS 7156: Loaded ÿc9[X.nip] [Y.nip] [Z.nip] [V.nip] [P.CONV.nip]
[10/05/26 03:53:22] D2BS 7156: Loaded ÿc9[P.CONV.js]
[10/05/26 03:53:22] D2BS 7156: equipped: [Head] 12
[10/05/26 03:53:22] D2BS 7156: equipped: [Neck] 13
[10/05/26 03:53:22] D2BS 7156: equipped: [Body] 20
[10/05/26 03:53:22] D2BS 7156: equipped: [ArmR] 14
[10/05/26 03:53:22] D2BS 7156: equipped: [ArmL] 28
[10/05/26 03:53:22] D2BS 7156: equipped: [RingR] 13
[10/05/26 03:53:22] D2BS 7156: equipped: [RingL] 11
[10/05/26 03:53:22] D2BS 7156: equipped: [Belt] 13
[10/05/26 03:53:22] D2BS 7156: equipped: [Boots] 14
[10/05/26 03:53:22] D2BS 7156: equipped: [Mitts] 11
[10/05/26 03:53:22] D2BS 7156: Loaded ÿc9[AutoSmurf.js]
[10/05/26 03:53:24] D2BS 7156: MiniShopBot: true
[10/05/26 03:53:24] D2BS 7156: farmingON
[10/05/26 03:53:24] D2BS 7156: UseMerc: true HP: 70
[10/05/26 03:53:34] D2BS 7156: Revive needed
[10/05/26 03:53:52] D2BS 7156: Token needed
[10/05/26 03:53:56] D2BS 7156: act4+ WP
[10/05/26 03:54:05] D2BS 7156: act4+ BO
[10/05/26 03:54:16] D2BS 7156: ÿc4=== [DIABLO] ===
[10/05/26 03:54:35] D2BS 7156: party has left: fowo-xa
[10/05/26 03:54:35] D2BS 7156: no exp [01:13]
[10/05/26 03:54:35] D2BS 7156: Script threads\autobuildthread.js ended
[10/05/26 03:54:35] D2BS 7156: Script threads\partythread.js ended
[10/05/26 03:54:35] D2BS 7156: Script threads\townchicken.js ended
[10/05/26 03:54:35] D2BS 7156: Script default.dbj ended
[10/05/26 03:54:46] D2BS 7156: joining game pz-74
[10/05/26 03:54:48] D2BS 7156: ÿc2D2BSÿc0 :: Starting default.dbj
[10/05/26 03:54:48] D2BS 7156: ÿc2D2BSÿc0 :: default.dbj running.
[10/05/26 03:54:48] D2BS 7156: Loaded ÿc9[X.nip] [Y.nip] [Z.nip] [V.nip] [P.CONV.nip]
[10/05/26 03:54:48] D2BS 7156: Loaded ÿc9[P.CONV.js]
[10/05/26 03:54:48] D2BS 7156: equipped: [Head] 12
[10/05/26 03:54:48] D2BS 7156: equipped: [Neck] 13
[10/05/26 03:54:48] D2BS 7156: equipped: [Body] 20
[10/05/26 03:54:48] D2BS 7156: equipped: [ArmR] 14
[10/05/26 03:54:48] D2BS 7156: equipped: [ArmL] 28
[10/05/26 03:54:48] D2BS 7156: equipped: [RingR] 13
[10/05/26 03:54:48] D2BS 7156: equipped: [RingL] 11
[10/05/26 03:54:48] D2BS 7156: equipped: [Belt] 13
[10/05/26 03:54:48] D2BS 7156: equipped: [Boots] 14
[10/05/26 03:54:48] D2BS 7156: equipped: [Mitts] 11
[10/05/26 03:54:49] D2BS 7156: Loaded ÿc9[AutoSmurf.js]
[10/05/26 03:54:51] D2BS 7156: farmingON
[10/05/26 03:54:52] D2BS 7156: MiniShopBot: true
[10/05/26 03:54:52] D2BS 7156: UseMerc: true HP: 70
[10/05/26 03:55:01] D2BS 7156: Revive needed
[10/05/26 03:55:14] D2BS 7156: Token needed
[10/05/26 03:55:20] D2BS 7156: act4+ BO
[10/05/26 03:55:35] D2BS 7156: ÿc4=== [DIABLO] ===
[10/05/26 03:56:20] D2BS 7156: party has left: fowo-xd
[10/05/26 03:56:20] D2BS 7156:  [01:32] +2.82% / [Level 73] 21.36%
[10/05/26 03:56:20] D2BS 7156: Script threads\autobuildthread.js ended
[10/05/26 03:56:21] D2BS 7156: Script threads\partythread.js ended
[10/05/26 03:56:21] D2BS 7156: Script threads\townchicken.js ended
[10/05/26 03:56:21] D2BS 7156: Script default.dbj ended
[10/05/26 03:56:32] D2BS 7156: joining game pz-75
[10/05/26 03:56:33] D2BS 7156: ÿc2D2BSÿc0 :: Starting default.dbj
[10/05/26 03:56:33] D2BS 7156: ÿc2D2BSÿc0 :: default.dbj running.
[10/05/26 03:56:33] D2BS 7156: Loaded ÿc9[X.nip] [Y.nip] [Z.nip] [V.nip] [P.CONV.nip]
[10/05/26 03:56:33] D2BS 7156: Loaded ÿc9[P.CONV.js]
[10/05/26 03:56:33] D2BS 7156: equipped: [Head] 12
[10/05/26 03:56:33] D2BS 7156: equipped: [Neck] 13
[10/05/26 03:56:33] D2BS 7156: equipped: [Body] 20
[10/05/26 03:56:33] D2BS 7156: equipped: [ArmR] 14
[10/05/26 03:56:33] D2BS 7156: equipped: [ArmL] 28
[10/05/26 03:56:33] D2BS 7156: equipped: [RingR] 13
[10/05/26 03:56:33] D2BS 7156: equipped: [RingL] 11
[10/05/26 03:56:33] D2BS 7156: equipped: [Belt] 13
[10/05/26 03:56:33] D2BS 7156: equipped: [Boots] 14
[10/05/26 03:56:34] D2BS 7156: equipped: [Mitts] 11
[10/05/26 03:56:34] D2BS 7156: Loaded ÿc9[AutoSmurf.js]
[10/05/26 03:56:37] D2BS 7156: MiniShopBot: true
[10/05/26 03:56:37] D2BS 7156: farmingON
[10/05/26 03:56:37] D2BS 7156: UseMerc: true HP: 70
[10/05/26 03:56:51] D2BS 7156: Revive needed
[10/05/26 03:57:01] D2BS 7156: Token needed
[10/05/26 03:57:08] D2BS 7156: act4+ BO
[10/05/26 03:57:21] D2BS 7156: ÿc4=== [DIABLO] ===
[10/05/26 03:58:12] D2BS 7156: Going to town
[10/05/26 03:58:12] D2BS 7156: [Chicken] Life (862/2555) area:108 (7757,5271)
[10/05/26 03:58:12] D2BS 7156:  [01:39] +6.76% / [Level 73] 28.39%
[10/05/26 03:58:12] D2BS 7156: Script threads\autobuildthread.js ended
[10/05/26 03:58:13] D2BS 7156: Script threads\partythread.js ended
[10/05/26 03:58:13] D2BS 7156: Script threads\townchicken.js ended
[10/05/26 03:58:13] D2BS 7156: Script default.dbj ended
[10/05/26 03:58:25] D2BS 7156: joining game pz-76
[10/05/26 03:58:27] D2BS 7156: ÿc2D2BSÿc0 :: Starting default.dbj
[10/05/26 03:58:27] D2BS 7156: ÿc2D2BSÿc0 :: default.dbj running.
[10/05/26 03:58:27] D2BS 7156: Loaded ÿc9[X.nip] [Y.nip] [Z.nip] [V.nip] [P.CONV.nip]
[10/05/26 03:58:27] D2BS 7156: Loaded ÿc9[P.CONV.js]
[10/05/26 03:58:27] D2BS 7156: equipped: [Head] 12
[10/05/26 03:58:27] D2BS 7156: equipped: [Neck] 13
[10/05/26 03:58:27] D2BS 7156: equipped: [Body] 20
[10/05/26 03:58:27] D2BS 7156: equipped: [ArmR] 14
[10/05/26 03:58:27] D2BS 7156: equipped: [ArmL] 28
[10/05/26 03:58:27] D2BS 7156: equipped: [RingR] 13
[10/05/26 03:58:27] D2BS 7156: equipped: [RingL] 11
[10/05/26 03:58:27] D2BS 7156: equipped: [Belt] 13
[10/05/26 03:58:27] D2BS 7156: equipped: [Boots] 14
[10/05/26 03:58:27] D2BS 7156: equipped: [Mitts] 11
[10/05/26 03:58:28] D2BS 7156: Loaded ÿc9[AutoSmurf.js]
[10/05/26 03:58:29] D2BS 7156: farmingON
[10/05/26 03:58:30] D2BS 7156: MiniShopBot: true
[10/05/26 03:58:30] D2BS 7156: UseMerc: true HP: 70
[10/05/26 03:58:41] D2BS 7156: Revive needed
[10/05/26 03:58:53] D2BS 7156: Token needed
[10/05/26 03:59:00] D2BS 7156: act4+ BO
[10/05/26 03:59:14] D2BS 7156: ÿc4=== [DIABLO] ===
[10/05/26 04:02:08] D2BS 7156: Going to town
[10/05/26 04:06:38] D2BS 7156: ÿc4=== [SHENK] ===
[10/05/26 04:06:41] D2BS 7156: party has left: fowo-xb
[10/05/26 04:06:41] D2BS 7156:  [08:13] +68.35% / [Level 74] 2.66%
[10/05/26 04:06:41] D2BS 7156: Script threads\autobuildthread.js ended
[10/05/26 04:06:41] D2BS 7156: Script threads\partythread.js ended
[10/05/26 04:06:41] D2BS 7156: Script threads\townchicken.js ended
[10/05/26 04:06:41] D2BS 7156: Script default.dbj ended
[10/05/26 04:07:03] D2BS 7156: joining game pz-77
[10/05/26 04:07:05] D2BS 7156: ÿc2D2BSÿc0 :: Starting default.dbj
[10/05/26 04:07:05] D2BS 7156: ÿc2D2BSÿc0 :: default.dbj running.
[10/05/26 04:07:05] D2BS 7156: Loaded ÿc9[X.nip] [Y.nip] [Z.nip] [V.nip] [P.CONV.nip]
[10/05/26 04:07:05] D2BS 7156: Loaded ÿc9[P.CONV.js]
[10/05/26 04:07:05] D2BS 7156: equipped: [Head] 12
[10/05/26 04:07:05] D2BS 7156: equipped: [Neck] 13
[10/05/26 04:07:05] D2BS 7156: equipped: [Body] 20
[10/05/26 04:07:05] D2BS 7156: equipped: [ArmR] 14
[10/05/26 04:07:05] D2BS 7156: equipped: [ArmL] 28
[10/05/26 04:07:05] D2BS 7156: equipped: [RingR] 13
[10/05/26 04:07:05] D2BS 7156: equipped: [RingL] 11
[10/05/26 04:07:05] D2BS 7156: equipped: [Belt] 13
[10/05/26 04:07:05] D2BS 7156: equipped: [Boots] 14
[10/05/26 04:07:05] D2BS 7156: equipped: [Mitts] 11
[10/05/26 04:07:06] D2BS 7156: Loaded ÿc9[AutoSmurf.js]
[10/05/26 04:07:07] D2BS 7156: farmingON
[10/05/26 04:07:07] D2BS 7156: MiniShopBot: true
[10/05/26 04:07:07] D2BS 7156: UseMerc: true HP: 70
[10/05/26 04:07:29] D2BS 7156: Revive needed
[10/05/26 04:07:37] D2BS 7156: Token needed
[10/05/26 04:07:42] D2BS 7156: act5 BO
[10/05/26 04:07:55] D2BS 7156: ÿc4=== [SHENK] ===
[10/05/26 04:10:18] D2BS 7156: Config.LifeChicken: 0
[10/05/26 04:11:04] D2BS 7156: Going to town
[10/05/26 04:11:24] D2BS 7156: Config.LifeChicken: 35
[10/05/26 04:11:46] D2BS 7156: ÿc4=== [ANYA] ===
[10/05/26 04:11:55] D2BS 7156: updateStat
[10/05/26 04:11:55] D2BS 7156: granted: [Head] 11
[10/05/26 04:11:55] D2BS 7156: granted: [Body] 11
[10/05/26 04:11:55] D2BS 7156: granted: [ArmR] 8
[10/05/26 04:12:10] D2BS 7156: granted: [Body] 15
[10/05/26 04:12:11] D2BS 7156: granted: [ArmR] 9
[10/05/26 04:12:12] D2BS 7156: party has left: fowo-xa
[10/05/26 04:12:12] D2BS 7156:  [05:06] +4.75% / [Level 74] 7.41%
[10/05/26 04:12:12] D2BS 7156: Script threads\autobuildthread.js ended
[10/05/26 04:12:12] D2BS 7156: Script threads\partythread.js ended
[10/05/26 04:12:12] D2BS 7156: Script threads\townchicken.js ended
[10/05/26 04:12:12] D2BS 7156: Script default.dbj ended
[10/05/26 04:12:24] D2BS 7156: joining game pz-78
[10/05/26 04:12:26] D2BS 7156: ÿc2D2BSÿc0 :: Starting default.dbj
[10/05/26 04:12:26] D2BS 7156: ÿc2D2BSÿc0 :: default.dbj running.
[10/05/26 04:12:26] D2BS 7156: Loaded ÿc9[X.nip] [Y.nip] [Z.nip] [V.nip] [P.CONV.nip]
[10/05/26 04:12:26] D2BS 7156: Loaded ÿc9[P.CONV.js]
[10/05/26 04:12:26] D2BS 7156: equipped: [Head] 12
[10/05/26 04:12:26] D2BS 7156: equipped: [Neck] 13
[10/05/26 04:12:26] D2BS 7156: equipped: [Body] 20
[10/05/26 04:12:26] D2BS 7156: equipped: [ArmR] 14
[10/05/26 04:12:26] D2BS 7156: equipped: [ArmL] 28
[10/05/26 04:12:26] D2BS 7156: equipped: [RingR] 13
[10/05/26 04:12:26] D2BS 7156: equipped: [RingL] 11
[10/05/26 04:12:26] D2BS 7156: equipped: [Belt] 13
[10/05/26 04:12:26] D2BS 7156: equipped: [Boots] 14
[10/05/26 04:12:26] D2BS 7156: equipped: [Mitts] 11
[10/05/26 04:12:26] D2BS 7156: updateStat
[10/05/26 04:12:26] D2BS 7156: granted: [Head] 11
[10/05/26 04:12:26] D2BS 7156: granted: [Body] 15
[10/05/26 04:12:26] D2BS 7156: granted: [ArmR] 9
[10/05/26 04:12:27] D2BS 7156: Loaded ÿc9[AutoSmurf.js]
[10/05/26 04:12:29] D2BS 7156: farmingON
[10/05/26 04:12:30] D2BS 7156: MiniShopBot: true
[10/05/26 04:12:30] D2BS 7156: UseMerc: true HP: 70
[10/05/26 04:12:44] D2BS 7156: Merc matched: Holy Freeze
[10/05/26 04:14:01] D2BS 7156: Token needed
[10/05/26 04:14:03] D2BS 7156: act5+ WP
[10/05/26 04:14:21] D2BS 7156: act5+ BO
[10/05/26 04:14:22] D2BS 7156: party has left: fowo-xd
[10/05/26 04:14:22] D2BS 7156: no exp [01:57]
[10/05/26 04:14:22] D2BS 7156: Script threads\autobuildthread.js ended
[10/05/26 04:14:23] D2BS 7156: Script threads\partythread.js ended
[10/05/26 04:14:23] D2BS 7156: Script threads\townchicken.js ended
[10/05/26 04:14:23] D2BS 7156: Script default.dbj ended
[10/05/26 04:14:36] D2BS 7156: joining game pz-79
[10/05/26 04:14:38] D2BS 7156: ÿc2D2BSÿc0 :: Starting default.dbj
[10/05/26 04:14:38] D2BS 7156: ÿc2D2BSÿc0 :: default.dbj running.
[10/05/26 04:14:38] D2BS 7156: Loaded ÿc9[X.nip] [Y.nip] [Z.nip] [V.nip] [P.CONV.nip]
[10/05/26 04:14:39] D2BS 7156: Loaded ÿc9[P.CONV.js]
[10/05/26 04:14:39] D2BS 7156: equipped: [Head] 12
[10/05/26 04:14:39] D2BS 7156: equipped: [Neck] 13
[10/05/26 04:14:39] D2BS 7156: equipped: [Body] 20
[10/05/26 04:14:39] D2BS 7156: equipped: [ArmR] 14
[10/05/26 04:14:39] D2BS 7156: equipped: [ArmL] 28
[10/05/26 04:14:39] D2BS 7156: equipped: [RingR] 13
[10/05/26 04:14:39] D2BS 7156: equipped: [RingL] 11
[10/05/26 04:14:39] D2BS 7156: equipped: [Belt] 13
[10/05/26 04:14:39] D2BS 7156: equipped: [Boots] 14
[10/05/26 04:14:39] D2BS 7156: equipped: [Mitts] 11
[10/05/26 04:14:39] D2BS 7156: Loaded ÿc9[AutoSmurf.js]
[10/05/26 04:14:41] D2BS 7156: farmingON
[10/05/26 04:14:42] D2BS 7156: MiniShopBot: true
[10/05/26 04:14:42] D2BS 7156: UseMerc: true HP: 70
[10/05/26 04:14:54] D2BS 7156: Revive needed
[10/05/26 04:15:21] D2BS 7156: Token needed
[10/05/26 04:15:26] D2BS 7156: act5+ BO
[10/05/26 04:15:40] D2BS 7156: ÿc4=== [ANYA] ===
[10/05/26 04:17:15] D2BS 7156: ÿc8!!! [SCROLL] !!!
[10/05/26 04:17:28] D2BS 7156: ÿc4=== [ANCIENTS] ===
[10/05/26 04:18:28] D2BS 7156: party has left: fowo-xd
[10/05/26 04:18:28] D2BS 7156:  [03:49] +9.53% / [Level 74] 16.94%
[10/05/26 04:18:28] D2BS 7156: Script threads\autobuildthread.js ended
[10/05/26 04:18:28] D2BS 7156: Script threads\partythread.js ended
[10/05/26 04:18:28] D2BS 7156: Script threads\townchicken.js ended
[10/05/26 04:18:28] D2BS 7156: Script default.dbj ended
[10/05/26 04:18:40] D2BS 7156: joining game pz-80
[10/05/26 04:18:42] D2BS 7156: ÿc2D2BSÿc0 :: Starting default.dbj
[10/05/26 04:18:42] D2BS 7156: ÿc2D2BSÿc0 :: default.dbj running.
[10/05/26 04:18:42] D2BS 7156: Loaded ÿc9[X.nip] [Y.nip] [Z.nip] [V.nip] [P.CONV.nip]
[10/05/26 04:18:42] D2BS 7156: Loaded ÿc9[P.CONV.js]
[10/05/26 04:18:42] D2BS 7156: equipped: [Head] 12
[10/05/26 04:18:42] D2BS 7156: equipped: [Neck] 13
[10/05/26 04:18:42] D2BS 7156: equipped: [Body] 20
[10/05/26 04:18:42] D2BS 7156: equipped: [ArmR] 14
[10/05/26 04:18:42] D2BS 7156: equipped: [ArmL] 28
[10/05/26 04:18:42] D2BS 7156: equipped: [RingR] 13
[10/05/26 04:18:42] D2BS 7156: equipped: [RingL] 11
[10/05/26 04:18:43] D2BS 7156: equipped: [Belt] 13
[10/05/26 04:18:43] D2BS 7156: equipped: [Boots] 14
[10/05/26 04:18:43] D2BS 7156: equipped: [Mitts] 11
[10/05/26 04:18:43] D2BS 7156: Loaded ÿc9[AutoSmurf.js]
[10/05/26 04:18:44] D2BS 7156: MiniShopBot: true
[10/05/26 04:18:44] D2BS 7156: farmingON
[10/05/26 04:18:44] D2BS 7156: UseMerc: true HP: 70
[10/05/26 04:18:58] D2BS 7156: Revive needed
[10/05/26 04:19:11] D2BS 7156: Token needed
[10/05/26 04:19:15] D2BS 7156: act5+ BO
[10/05/26 04:19:29] D2BS 7156: ÿc4=== [ANCIENTS] ===
[10/05/26 04:20:35] D2BS 7156: Config.LifeChicken: 0
[10/05/26 04:20:49] D2BS 7156: Config.LifeChicken: 35
[10/05/26 04:21:14] D2BS 7156: ÿc4=== [BAAL] ===
[10/05/26 04:25:16] D2BS 7156: Config.LifeChicken: 0
[10/05/26 04:25:27] D2BS 7156: Config.LifeChicken: 35
[10/05/26 04:25:34] D2BS 7156: ÿc4=== [COUNTESS] ===
[10/05/26 04:26:54] D2BS 7156: ÿc4=== [PIT] ===
[10/05/26 04:28:50] D2BS 7156: ÿc4=== [ANDY] ===
[10/05/26 04:30:01] D2BS 7156: ÿc4=== [MEPHISTO] ===
[10/05/26 04:31:19] D2BS 7156: ÿc4=== [DIABLO] ===
[10/05/26 04:34:42] D2BS 7156: party has left: fowo-xd
[10/05/26 04:34:42] D2BS 7156:  [16:00] +189.35% / [Level 76] 27.69%
[10/05/26 04:34:42] D2BS 7156: Script threads\autobuildthread.js ended
[10/05/26 04:34:43] D2BS 7156: Script threads\partythread.js ended
[10/05/26 04:34:43] D2BS 7156: Script threads\townchicken.js ended
[10/05/26 04:34:43] D2BS 7156: Script default.dbj ended
[10/05/26 04:39:42] D2BS 7156: joining game pz-81
[10/05/26 04:39:43] D2BS 7156: ÿc2D2BSÿc0 :: Starting default.dbj
[10/05/26 04:39:43] D2BS 7156: ÿc2D2BSÿc0 :: default.dbj running.
[10/05/26 04:39:44] D2BS 7156: Loaded ÿc9[X.nip] [Y.nip] [Z.nip] [V.nip] [P.CONV.nip]
[10/05/26 04:39:44] D2BS 7156: Loaded ÿc9[P.CONV.js]
[10/05/26 04:39:44] D2BS 7156: equipped: [Head] 12
[10/05/26 04:39:44] D2BS 7156: equipped: [Neck] 13
[10/05/26 04:39:44] D2BS 7156: equipped: [Body] 20
[10/05/26 04:39:44] D2BS 7156: equipped: [ArmR] 14
[10/05/26 04:39:44] D2BS 7156: equipped: [ArmL] 28
[10/05/26 04:39:44] D2BS 7156: equipped: [RingR] 13
[10/05/26 04:39:44] D2BS 7156: equipped: [RingL] 11
[10/05/26 04:39:44] D2BS 7156: equipped: [Belt] 13
[10/05/26 04:39:45] D2BS 7156: equipped: [Boots] 14
[10/05/26 04:39:45] D2BS 7156: equipped: [Mitts] 11
[10/05/26 04:39:45] D2BS 7156: Loaded ÿc9[AutoSmurf.js]
[10/05/26 04:39:50] D2BS 7156: farmingON
[10/05/26 04:39:52] D2BS 7156: MiniShopBot: true
[10/05/26 04:39:52] D2BS 7156: UseMerc: true HP: 70
[10/05/26 04:40:12] D2BS 7156: Revive needed
[10/05/26 04:40:23] D2BS 7156: Token needed
[10/05/26 04:40:26] D2BS 7156: act5+ BO
[10/05/26 04:40:40] D2BS 7156: ÿc4=== [BAAL] ===
[10/05/26 04:40:54] D2BS 7156: party has left: fowo-xa
[10/05/26 04:40:54] D2BS 7156: no exp [01:11]
[10/05/26 04:40:54] D2BS 7156: Script threads\autobuildthread.js ended
[10/05/26 04:40:54] D2BS 7156: Script threads\partythread.js ended
[10/05/26 04:40:55] D2BS 7156: Script threads\townchicken.js ended
[10/05/26 04:40:55] D2BS 7156: Script default.dbj ended
[10/05/26 04:41:06] D2BS 7156: joining game pz-82
[10/05/26 04:41:07] D2BS 7156: ÿc2D2BSÿc0 :: Starting default.dbj
[10/05/26 04:41:07] D2BS 7156: ÿc2D2BSÿc0 :: default.dbj running.
[10/05/26 04:41:07] D2BS 7156: Loaded ÿc9[X.nip] [Y.nip] [Z.nip] [V.nip] [P.CONV.nip]
[10/05/26 04:41:07] D2BS 7156: Loaded ÿc9[P.CONV.js]
[10/05/26 04:41:07] D2BS 7156: equipped: [Head] 12
[10/05/26 04:41:07] D2BS 7156: equipped: [Neck] 13
[10/05/26 04:41:07] D2BS 7156: equipped: [Body] 20
[10/05/26 04:41:07] D2BS 7156: equipped: [ArmR] 14
[10/05/26 04:41:07] D2BS 7156: equipped: [ArmL] 28
[10/05/26 04:41:07] D2BS 7156: equipped: [RingR] 13
[10/05/26 04:41:07] D2BS 7156: equipped: [RingL] 11
[10/05/26 04:41:07] D2BS 7156: equipped: [Belt] 13
[10/05/26 04:41:07] D2BS 7156: equipped: [Boots] 14
[10/05/26 04:41:07] D2BS 7156: equipped: [Mitts] 11
[10/05/26 04:41:08] D2BS 7156: Loaded ÿc9[AutoSmurf.js]
[10/05/26 04:41:10] D2BS 7156: farmingON
[10/05/26 04:41:11] D2BS 7156: MiniShopBot: true
[10/05/26 04:41:11] D2BS 7156: UseMerc: true HP: 70
[10/05/26 04:41:27] D2BS 7156: Revive needed
[10/05/26 04:41:34] D2BS 7156: Token needed
[10/05/26 04:41:38] D2BS 7156: act5+ BO
[10/05/26 04:41:52] D2BS 7156: ÿc4=== [BAAL] ===
[10/05/26 04:45:48] D2BS 7156: ÿc4=== [COUNTESS] ===
[10/05/26 04:46:57] D2BS 7156: ÿc4=== [PIT] ===
[10/05/26 04:48:53] D2BS 7156: ÿc4=== [ANDY] ===
[10/05/26 04:49:52] D2BS 7156: ÿc4=== [MEPHISTO] ===
[10/05/26 04:51:24] D2BS 7156: ÿc4=== [DIABLO] ===
[10/05/26 04:51:36] D2BS 7156: equipped: [Belt] 19
[10/05/26 04:54:59] D2BS 7156: Going to town
[10/05/26 04:55:35] D2BS 7156: Going to town
[10/05/26 04:56:11] D2BS 7156: Going to town
[10/05/26 04:56:50] D2BS 7156: Going to town
[10/05/26 04:56:58] D2BS 7156: party has left: fowo-xf
[10/05/26 04:56:58] D2BS 7156:  [15:51] +95.59% / [Level 77] 29.25%
[10/05/26 04:56:58] D2BS 7156: Script threads\autobuildthread.js ended
[10/05/26 04:56:58] D2BS 7156: Script threads\partythread.js ended
[10/05/26 04:56:58] D2BS 7156: Script threads\townchicken.js ended
[10/05/26 04:56:58] D2BS 7156: Script default.dbj ended
[10/05/26 04:57:11] D2BS 7156: joining game pz-83
[10/05/26 04:57:12] D2BS 7156: ÿc2D2BSÿc0 :: Starting default.dbj
[10/05/26 04:57:12] D2BS 7156: ÿc2D2BSÿc0 :: default.dbj running.
[10/05/26 04:57:12] D2BS 7156: Loaded ÿc9[X.nip] [Y.nip] [Z.nip] [V.nip] [P.CONV.nip]
[10/05/26 04:57:12] D2BS 7156: Loaded ÿc9[P.CONV.js]
[10/05/26 04:57:12] D2BS 7156: equipped: [Head] 12
[10/05/26 04:57:12] D2BS 7156: equipped: [Neck] 13
[10/05/26 04:57:12] D2BS 7156: equipped: [Body] 20
[10/05/26 04:57:12] D2BS 7156: equipped: [ArmR] 14
[10/05/26 04:57:12] D2BS 7156: equipped: [ArmL] 28
[10/05/26 04:57:12] D2BS 7156: equipped: [RingR] 13
[10/05/26 04:57:12] D2BS 7156: equipped: [RingL] 11
[10/05/26 04:57:12] D2BS 7156: equipped: [Belt] 19
[10/05/26 04:57:12] D2BS 7156: equipped: [Boots] 0
[10/05/26 04:57:12] D2BS 7156: equipped: [Mitts] 11
[10/05/26 04:57:13] D2BS 7156: Loaded ÿc9[AutoSmurf.js]
[10/05/26 04:57:18] D2BS 7156: farmingON
[10/05/26 04:57:21] D2BS 7156: MiniShopBot: true
[10/05/26 04:57:21] D2BS 7156: UseMerc: true HP: 70
[10/05/26 04:57:38] D2BS 7156: Revive needed
[10/05/26 04:57:48] D2BS 7156: Token needed
[10/05/26 04:57:52] D2BS 7156: act5+ BO
[10/05/26 04:58:05] D2BS 7156: ÿc4=== [BAAL] ===
[10/05/26 05:01:37] D2BS 7156: ÿc4=== [COUNTESS] ===
[10/05/26 05:03:09] D2BS 7156: ÿc4=== [PIT] ===
[10/05/26 05:05:13] D2BS 7156: ÿc4=== [ANDY] ===
[10/05/26 05:06:18] D2BS 7156: ÿc4=== [MEPHISTO] ===
[10/05/26 05:07:43] D2BS 7156: ÿc4=== [DIABLO] ===
[10/05/26 05:07:58] D2BS 7156: equipped: [Boots] 11
[10/05/26 05:11:36] D2BS 7156: Going to town
[10/05/26 05:12:12] D2BS 7156: Going to town
[10/05/26 05:12:31] D2BS 7156: [Chicken] Life (849/2931) area:108 (7827,5318)
[10/05/26 05:12:31] D2BS 7156: Going to town
[10/05/26 05:12:31] D2BS 7156:  [15:19] +74.62% / [Level 78] 9.71%
[10/05/26 05:12:31] D2BS 7156: Script threads\autobuildthread.js ended
[10/05/26 05:12:31] D2BS 7156: Script threads\partythread.js ended
[10/05/26 05:12:31] D2BS 7156: Script threads\townchicken.js ended
[10/05/26 05:12:31] D2BS 7156: Script default.dbj ended
[10/05/26 05:12:44] D2BS 7156: joining game pz-84
[10/05/26 05:12:46] D2BS 7156: ÿc2D2BSÿc0 :: Starting default.dbj
[10/05/26 05:12:46] D2BS 7156: ÿc2D2BSÿc0 :: default.dbj running.
[10/05/26 05:12:46] D2BS 7156: Loaded ÿc9[X.nip] [Y.nip] [Z.nip] [V.nip] [P.CONV.nip]
[10/05/26 05:12:46] D2BS 7156: Loaded ÿc9[P.CONV.js]
[10/05/26 05:12:46] D2BS 7156: equipped: [Head] 12
[10/05/26 05:12:46] D2BS 7156: equipped: [Neck] 13
[10/05/26 05:12:46] D2BS 7156: equipped: [Body] 20
[10/05/26 05:12:46] D2BS 7156: equipped: [ArmR] 14
[10/05/26 05:12:46] D2BS 7156: equipped: [ArmL] 28
[10/05/26 05:12:46] D2BS 7156: equipped: [RingR] 13
[10/05/26 05:12:46] D2BS 7156: equipped: [RingL] 11
[10/05/26 05:12:46] D2BS 7156: equipped: [Belt] 19
[10/05/26 05:12:46] D2BS 7156: equipped: [Boots] 11
[10/05/26 05:12:46] D2BS 7156: equipped: [Mitts] 11
[10/05/26 05:12:46] D2BS 7156: Loaded ÿc9[AutoSmurf.js]
[10/05/26 05:12:51] D2BS 7156: farmingON
[10/05/26 05:12:54] D2BS 7156: MiniShopBot: true
[10/05/26 05:12:54] D2BS 7156: UseMerc: true HP: 70
[10/05/26 05:13:14] D2BS 7156: Revive needed
[10/05/26 05:13:23] D2BS 7156: Token needed
[10/05/26 05:13:28] D2BS 7156: act5+ BO
[10/05/26 05:13:42] D2BS 7156: ÿc4=== [BAAL] ===
[10/05/26 05:17:16] D2BS 7156: ÿc4=== [COUNTESS] ===
[10/05/26 05:18:35] D2BS 7156: ÿc4=== [PIT] ===
[10/05/26 05:20:23] D2BS 7156: ÿc4=== [ANDY] ===
[10/05/26 05:21:19] D2BS 7156: ÿc4=== [MEPHISTO] ===
[10/05/26 05:23:01] D2BS 7156: ÿc4=== [DIABLO] ===
[10/05/26 05:24:31] D2BS 7156: Going to town
[10/05/26 05:24:59] D2BS 7156: Going to town
[10/05/26 05:25:00] D2BS 7156: [Chicken] Life (893/2931) area:108 (7771,5272)
[10/05/26 05:25:00] D2BS 7156:  [12:15] +67.64% / [Level 78] 77.36%
[10/05/26 05:25:00] D2BS 7156: Script threads\autobuildthread.js ended
[10/05/26 05:25:00] D2BS 7156: Script threads\partythread.js ended
[10/05/26 05:25:00] D2BS 7156: Script threads\townchicken.js ended
[10/05/26 05:25:01] D2BS 7156: Script default.dbj ended
[10/05/26 05:25:12] D2BS 7156: joining game pz-85
[10/05/26 05:25:14] D2BS 7156: ÿc2D2BSÿc0 :: Starting default.dbj
[10/05/26 05:25:14] D2BS 7156: ÿc2D2BSÿc0 :: default.dbj running.
[10/05/26 05:25:14] D2BS 7156: Loaded ÿc9[X.nip] [Y.nip] [Z.nip] [V.nip] [P.CONV.nip]
[10/05/26 05:25:14] D2BS 7156: Loaded ÿc9[P.CONV.js]
[10/05/26 05:25:14] D2BS 7156: equipped: [Head] 12
[10/05/26 05:25:14] D2BS 7156: equipped: [Neck] 13
[10/05/26 05:25:14] D2BS 7156: equipped: [Body] 20
[10/05/26 05:25:14] D2BS 7156: equipped: [ArmR] 14
[10/05/26 05:25:14] D2BS 7156: equipped: [ArmL] 28
[10/05/26 05:25:14] D2BS 7156: equipped: [RingR] 13
[10/05/26 05:25:14] D2BS 7156: equipped: [RingL] 11
[10/05/26 05:25:14] D2BS 7156: equipped: [Belt] 19
[10/05/26 05:25:15] D2BS 7156: equipped: [Boots] 11
[10/05/26 05:25:15] D2BS 7156: equipped: [Mitts] 11
[10/05/26 05:25:15] D2BS 7156: Loaded ÿc9[AutoSmurf.js]
[10/05/26 05:25:19] D2BS 7156: farmingON
[10/05/26 05:25:19] D2BS 7156: MiniShopBot: true
[10/05/26 05:25:19] D2BS 7156: UseMerc: true HP: 70
[10/05/26 05:25:27] D2BS 7156: updateStat
[10/05/26 05:25:27] D2BS 7156: granted: [Head] 11
[10/05/26 05:25:27] D2BS 7156: granted: [Body] 15
[10/05/26 05:25:27] D2BS 7156: granted: [ArmR] 9
[10/05/26 05:25:44] D2BS 7156: granted: [ArmR] 11
[10/05/26 05:25:44] D2BS 7156: Merc matched: Holy Freeze
[10/05/26 05:25:50] D2BS 7156: Token needed
[10/05/26 05:25:54] D2BS 7156: act5+ BO
[10/05/26 05:25:55] D2BS 7156: updateStat
[10/05/26 05:28:00] D2BS 7156: no exp [02:46]
[10/05/26 05:28:00] D2BS 7156: Script threads\autobuildthread.js ended
[10/05/26 05:28:00] D2BS 7156: Script threads\partythread.js ended
[10/05/26 05:28:00] D2BS 7156: Script threads\townchicken.js ended
[10/05/26 05:28:00] D2BS 7156: Script default.dbj ended
[10/05/26 05:28:11] D2BS 7156: joining game pz-86
[10/05/26 05:28:13] D2BS 7156: ÿc2D2BSÿc0 :: Starting default.dbj
[10/05/26 05:28:13] D2BS 7156: ÿc2D2BSÿc0 :: default.dbj running.
[10/05/26 05:28:13] D2BS 7156: Loaded ÿc9[X.nip] [Y.nip] [Z.nip] [V.nip] [P.CONV.nip]
[10/05/26 05:28:13] D2BS 7156: Loaded ÿc9[P.CONV.js]
[10/05/26 05:28:13] D2BS 7156: equipped: [Head] 12
[10/05/26 05:28:13] D2BS 7156: equipped: [Neck] 13
[10/05/26 05:28:13] D2BS 7156: equipped: [Body] 20
[10/05/26 05:28:13] D2BS 7156: equipped: [ArmR] 14
[10/05/26 05:28:13] D2BS 7156: equipped: [ArmL] 28
[10/05/26 05:28:13] D2BS 7156: equipped: [RingR] 13
[10/05/26 05:28:13] D2BS 7156: equipped: [RingL] 11
[10/05/26 05:28:13] D2BS 7156: equipped: [Belt] 19
[10/05/26 05:28:14] D2BS 7156: equipped: [Boots] 11
[10/05/26 05:28:14] D2BS 7156: equipped: [Mitts] 11
[10/05/26 05:28:14] D2BS 7156: updateStat
[10/05/26 05:28:14] D2BS 7156: granted: [Head] 11
[10/05/26 05:28:14] D2BS 7156: granted: [Body] 15
[10/05/26 05:28:14] D2BS 7156: granted: [ArmR] 11
[10/05/26 05:28:14] D2BS 7156: Loaded ÿc9[AutoSmurf.js]
[10/05/26 05:28:16] D2BS 7156: farmingON
[10/05/26 05:28:17] D2BS 7156: MiniShopBot: true
[10/05/26 05:28:17] D2BS 7156: UseMerc: true HP: 70
[10/05/26 05:28:34] D2BS 7156: equipped: [Head] 13
[10/05/26 05:28:35] D2BS 7156: granted: [Body] 17
[10/05/26 05:28:36] D2BS 7156: granted: [Head] 12
[10/05/26 05:28:36] D2BS 7156: Merc matched: Holy Freeze
[10/05/26 05:28:41] D2BS 7156: Token needed
[10/05/26 05:28:46] D2BS 7156: act5+ BO
[10/05/26 05:29:00] D2BS 7156: ÿc4=== [BAAL] ===
[10/05/26 05:29:15] D2BS 7156: Baal failed: souls found
[10/05/26 05:29:15] D2BS 7156: ÿc4=== [COUNTESS] ===
[10/05/26 05:30:52] D2BS 7156: ÿc4=== [PIT] ===
[10/05/26 05:32:40] D2BS 7156: ÿc4=== [ANDY] ===
[10/05/26 05:33:43] D2BS 7156: ÿc4=== [MEPHISTO] ===
[10/05/26 05:35:22] D2BS 7156: ÿc4=== [DIABLO] ===
[10/05/26 05:41:13] D2BS 7156: party has left: fowo-xh
[10/05/26 05:41:13] D2BS 7156:  [13:01] +43.08% / [Level 79] 22.30%
[10/05/26 05:41:13] D2BS 7156: Script threads\autobuildthread.js ended
[10/05/26 05:41:13] D2BS 7156: Script threads\partythread.js ended
[10/05/26 05:41:14] D2BS 7156: Script threads\townchicken.js ended
[10/05/26 05:41:14] D2BS 7156: Script default.dbj ended
[10/05/26 05:41:26] D2BS 7156: joining game pz-87
[10/05/26 05:41:27] D2BS 7156: ÿc2D2BSÿc0 :: Starting default.dbj
[10/05/26 05:41:27] D2BS 7156: ÿc2D2BSÿc0 :: default.dbj running.
[10/05/26 05:41:29] D2BS 7156: Loaded ÿc9[X.nip] [Y.nip] [Z.nip] [V.nip] [P.CONV.nip]
[10/05/26 05:41:29] D2BS 7156: Loaded ÿc9[P.CONV.js]
[10/05/26 05:41:29] D2BS 7156: equipped: [Head] 13
[10/05/26 05:41:29] D2BS 7156: equipped: [Neck] 13
[10/05/26 05:41:29] D2BS 7156: equipped: [Body] 20
[10/05/26 05:41:29] D2BS 7156: equipped: [ArmR] 14
[10/05/26 05:41:29] D2BS 7156: equipped: [ArmL] 28
[10/05/26 05:41:29] D2BS 7156: equipped: [RingR] 13
[10/05/26 05:41:29] D2BS 7156: equipped: [RingL] 11
[10/05/26 05:41:29] D2BS 7156: equipped: [Belt] 19
[10/05/26 05:41:29] D2BS 7156: equipped: [Boots] 11
[10/05/26 05:41:29] D2BS 7156: equipped: [Mitts] 11
[10/05/26 05:41:29] D2BS 7156: updateStat
[10/05/26 05:41:29] D2BS 7156: granted: [Head] 12
[10/05/26 05:41:29] D2BS 7156: granted: [Body] 17
[10/05/26 05:41:29] D2BS 7156: granted: [ArmR] 11
[10/05/26 05:41:29] D2BS 7156: Loaded ÿc9[AutoSmurf.js]
[10/05/26 05:41:33] D2BS 7156: farmingON
[10/05/26 05:41:35] D2BS 7156: MiniShopBot: true
[10/05/26 05:41:35] D2BS 7156: UseMerc: true HP: 70
[10/05/26 05:41:56] D2BS 7156: equipped: [Mitts] 14
[10/05/26 05:41:57] D2BS 7156: granted: [ArmR] 20
[10/05/26 05:42:01] D2BS 7156: Merc matched: Holy Freeze
[10/05/26 05:42:06] D2BS 7156: Token needed
[10/05/26 05:42:11] D2BS 7156: act5+ BO
[10/05/26 05:42:25] D2BS 7156: ÿc4=== [BAAL] ===
[10/05/26 05:46:24] D2BS 7156: ÿc4=== [COUNTESS] ===
[10/05/26 05:47:42] D2BS 7156: [Chicken] Life (1774/5230) area:25 (12541,11056)
[10/05/26 05:47:42] D2BS 7156:  [06:14] +42.36% / [Level 79] 64.66%
[10/05/26 05:47:42] D2BS 7156: Script threads\autobuildthread.js ended
[10/05/26 05:47:42] D2BS 7156: Going to town
[10/05/26 05:47:42] D2BS 7156: Script threads\partythread.js ended
[10/05/26 05:47:42] D2BS 7156: Script threads\townchicken.js ended
[10/05/26 05:47:42] D2BS 7156: Script default.dbj ended
[10/05/26 05:47:55] D2BS 7156: joining game pz-88
[10/05/26 05:47:57] D2BS 7156: ÿc2D2BSÿc0 :: Starting default.dbj
[10/05/26 05:47:57] D2BS 7156: ÿc2D2BSÿc0 :: default.dbj running.
[10/05/26 05:47:57] D2BS 7156: Loaded ÿc9[X.nip] [Y.nip] [Z.nip] [V.nip] [P.CONV.nip]
[10/05/26 05:47:57] D2BS 7156: Loaded ÿc9[P.CONV.js]
[10/05/26 05:47:57] D2BS 7156: equipped: [Head] 0
[10/05/26 05:47:57] D2BS 7156: equipped: [Neck] 13
[10/05/26 05:47:57] D2BS 7156: equipped: [Body] 20
[10/05/26 05:47:57] D2BS 7156: equipped: [ArmR] 14
[10/05/26 05:47:57] D2BS 7156: equipped: [ArmL] 28
[10/05/26 05:47:57] D2BS 7156: equipped: [RingR] 13
[10/05/26 05:47:57] D2BS 7156: equipped: [RingL] 11
[10/05/26 05:47:57] D2BS 7156: equipped: [Belt] 19
[10/05/26 05:47:57] D2BS 7156: equipped: [Boots] 11
[10/05/26 05:47:57] D2BS 7156: equipped: [Mitts] 14
[10/05/26 05:47:57] D2BS 7156: updateStat
[10/05/26 05:47:57] D2BS 7156: granted: [Head] 12
[10/05/26 05:47:57] D2BS 7156: granted: [Body] 17
[10/05/26 05:47:57] D2BS 7156: granted: [ArmR] 20
[10/05/26 05:47:58] D2BS 7156: Loaded ÿc9[AutoSmurf.js]
[10/05/26 05:48:03] D2BS 7156: MiniShopBot: true
[10/05/26 05:48:03] D2BS 7156: farmingON
[10/05/26 05:48:03] D2BS 7156: UseMerc: true HP: 70
[10/05/26 05:48:24] D2BS 7156: equipped: [Head] 1
[10/05/26 05:48:25] D2BS 7156: granted: [Body] 18
[10/05/26 05:48:27] D2BS 7156: granted: [Head] 13
[10/05/26 05:48:29] D2BS 7156: Merc matched: Holy Freeze
[10/05/26 05:48:38] D2BS 7156: Token needed
[10/05/26 05:48:43] D2BS 7156: act5+ BO
[10/05/26 05:48:58] D2BS 7156: ÿc4=== [BAAL] ===
[10/05/26 05:52:49] D2BS 7156: ÿc4=== [COUNTESS] ===
[10/05/26 05:53:04] D2BS 7156: equipped: [Head] 12
[10/05/26 05:54:21] D2BS 7156: ÿc4=== [PIT] ===
[10/05/26 05:56:15] D2BS 7156: ÿc4=== [ANDY] ===
[10/05/26 05:57:16] D2BS 7156: ÿc4=== [MEPHISTO] ===
[10/05/26 05:58:59] D2BS 7156: ÿc4=== [DIABLO] ===
[10/05/26 06:03:57] D2BS 7156: [Chicken] Life (1829/5292) area:108 (7924,5301)
[10/05/26 06:03:57] D2BS 7156: Going to town
[10/05/26 06:03:57] D2BS 7156:  [16:00] +63.90% / [Level 80] 31.48%
[10/05/26 06:03:57] D2BS 7156: Script threads\autobuildthread.js ended
[10/05/26 06:03:57] D2BS 7156: Script threads\partythread.js ended
[10/05/26 06:03:57] D2BS 7156: Script threads\townchicken.js ended
[10/05/26 06:03:57] D2BS 7156: Script default.dbj ended
[10/05/26 06:04:09] D2BS 7156: joining game pz-89
[10/05/26 06:04:11] D2BS 7156: ÿc2D2BSÿc0 :: Starting default.dbj
[10/05/26 06:04:11] D2BS 7156: ÿc2D2BSÿc0 :: default.dbj running.
[10/05/26 06:04:11] D2BS 7156: Loaded ÿc9[X.nip] [Y.nip] [Z.nip] [V.nip] [P.CONV.nip]
[10/05/26 06:04:11] D2BS 7156: Loaded ÿc9[P.CONV.js]
[10/05/26 06:04:11] D2BS 7156: equipped: [Head] 12
[10/05/26 06:04:11] D2BS 7156: equipped: [Neck] 13
[10/05/26 06:04:11] D2BS 7156: equipped: [Body] 20
[10/05/26 06:04:11] D2BS 7156: equipped: [ArmR] 14
[10/05/26 06:04:11] D2BS 7156: equipped: [ArmL] 28
[10/05/26 06:04:11] D2BS 7156: equipped: [RingR] 13
[10/05/26 06:04:12] D2BS 7156: equipped: [RingL] 11
[10/05/26 06:04:12] D2BS 7156: equipped: [Belt] 19
[10/05/26 06:04:12] D2BS 7156: equipped: [Boots] 11
[10/05/26 06:04:12] D2BS 7156: equipped: [Mitts] 14
[10/05/26 06:04:12] D2BS 7156: updateStat
[10/05/26 06:04:12] D2BS 7156: granted: [Head] 13
[10/05/26 06:04:12] D2BS 7156: granted: [Body] 18
[10/05/26 06:04:12] D2BS 7156: granted: [ArmR] 20
[10/05/26 06:04:12] D2BS 7156: Loaded ÿc9[AutoSmurf.js]
[10/05/26 06:04:18] D2BS 7156: MiniShopBot: true
[10/05/26 06:04:18] D2BS 7156: farmingON
[10/05/26 06:04:18] D2BS 7156: UseMerc: true HP: 70
[10/05/26 06:04:40] D2BS 7156: Merc matched: Holy Freeze
[10/05/26 06:04:50] D2BS 7156: Token needed
[10/05/26 06:04:53] D2BS 7156: act5+ BO
[10/05/26 06:05:07] D2BS 7156: ÿc4=== [BAAL] ===
[10/05/26 06:08:55] D2BS 7156: Going to town
[10/05/26 06:09:15] D2BS 7156: ÿc4=== [COUNTESS] ===
[10/05/26 06:10:30] D2BS 7156: ÿc4=== [PIT] ===
[10/05/26 06:11:12] D2BS 7156: Going to town
[10/05/26 06:11:12] D2BS 7156: [Chicken] Life (1727/5292) area:16 (7547,14434)
[10/05/26 06:11:12] D2BS 7156:  [07:02] +32.79% / [Level 80] 64.73%
[10/05/26 06:11:12] D2BS 7156: Script threads\autobuildthread.js ended
[10/05/26 06:11:12] D2BS 7156: Script threads\partythread.js ended
[10/05/26 06:11:13] D2BS 7156: Script threads\townchicken.js ended
[10/05/26 06:11:13] D2BS 7156: Script default.dbj ended
[10/05/26 06:11:27] D2BS 7156: joining game pz-90
[10/05/26 06:11:29] D2BS 7156: ÿc2D2BSÿc0 :: Starting default.dbj
[10/05/26 06:11:29] D2BS 7156: ÿc2D2BSÿc0 :: default.dbj running.
[10/05/26 06:11:29] D2BS 7156: Loaded ÿc9[X.nip] [Y.nip] [Z.nip] [V.nip] [P.CONV.nip]
[10/05/26 06:11:29] D2BS 7156: Loaded ÿc9[P.CONV.js]
[10/05/26 06:11:29] D2BS 7156: equipped: [Head] 12
[10/05/26 06:11:29] D2BS 7156: equipped: [Neck] 13
[10/05/26 06:11:29] D2BS 7156: equipped: [Body] 20
[10/05/26 06:11:29] D2BS 7156: equipped: [ArmR] 14
[10/05/26 06:11:29] D2BS 7156: equipped: [ArmL] 28
[10/05/26 06:11:29] D2BS 7156: equipped: [RingR] 13
[10/05/26 06:11:29] D2BS 7156: equipped: [RingL] 11
[10/05/26 06:11:29] D2BS 7156: equipped: [Belt] 19
[10/05/26 06:11:29] D2BS 7156: equipped: [Boots] 11
[10/05/26 06:11:29] D2BS 7156: equipped: [Mitts] 14
[10/05/26 06:11:29] D2BS 7156: updateStat
[10/05/26 06:11:29] D2BS 7156: granted: [Head] 13
[10/05/26 06:11:29] D2BS 7156: granted: [Body] 18
[10/05/26 06:11:29] D2BS 7156: granted: [ArmR] 20
[10/05/26 06:11:29] D2BS 7156: Loaded ÿc9[AutoSmurf.js]
[10/05/26 06:11:35] D2BS 7156: farmingON
[10/05/26 06:11:35] D2BS 7156: MiniShopBot: true
[10/05/26 06:11:35] D2BS 7156: UseMerc: true HP: 70
[10/05/26 06:11:51] D2BS 7156: Merc matched: Holy Freeze
[10/05/26 06:12:02] D2BS 7156: Token needed
[10/05/26 06:12:05] D2BS 7156: act5+ BO
[10/05/26 06:12:19] D2BS 7156: ÿc4=== [BAAL] ===
[10/05/26 06:13:11] D2BS 7156: Going to town
[10/05/26 06:17:37] D2BS 7156: Going to town
[10/05/26 06:17:46] D2BS 7156: equipped: [Boots] 12
[10/05/26 06:17:54] D2BS 7156: ÿc4=== [COUNTESS] ===
[10/05/26 06:19:20] D2BS 7156: Going to town
[10/05/26 06:19:21] D2BS 7156: [Chicken] Life (1782/5353) area:25 (12583,11037)
[10/05/26 06:19:21] D2BS 7156:  [07:52] +38.17% / [Level 81] 6.13%
[10/05/26 06:19:21] D2BS 7156: Script threads\autobuildthread.js ended
[10/05/26 06:19:21] D2BS 7156: Script threads\partythread.js ended
[10/05/26 06:19:21] D2BS 7156: Script threads\townchicken.js ended
[10/05/26 06:19:21] D2BS 7156: Script default.dbj ended
[10/05/26 06:19:33] D2BS 7156: joining game pz-91
[10/05/26 06:19:35] D2BS 7156: ÿc2D2BSÿc0 :: Starting default.dbj
[10/05/26 06:19:35] D2BS 7156: ÿc2D2BSÿc0 :: default.dbj running.
[10/05/26 06:19:35] D2BS 7156: Loaded ÿc9[X.nip] [Y.nip] [Z.nip] [V.nip] [P.CONV.nip]
[10/05/26 06:19:35] D2BS 7156: Loaded ÿc9[P.CONV.js]
[10/05/26 06:19:35] D2BS 7156: equipped: [Head] 12
[10/05/26 06:19:35] D2BS 7156: equipped: [Neck] 13
[10/05/26 06:19:35] D2BS 7156: equipped: [Body] 20
[10/05/26 06:19:35] D2BS 7156: equipped: [ArmR] 14
[10/05/26 06:19:35] D2BS 7156: equipped: [ArmL] 28
[10/05/26 06:19:35] D2BS 7156: equipped: [RingR] 13
[10/05/26 06:19:35] D2BS 7156: equipped: [RingL] 11
[10/05/26 06:19:35] D2BS 7156: equipped: [Belt] 19
[10/05/26 06:19:35] D2BS 7156: equipped: [Boots] 12
[10/05/26 06:19:35] D2BS 7156: equipped: [Mitts] 14
[10/05/26 06:19:35] D2BS 7156: Loaded ÿc9[AutoSmurf.js]
[10/05/26 06:19:41] D2BS 7156: farmingON
[10/05/26 06:19:43] D2BS 7156: MiniShopBot: true
[10/05/26 06:19:43] D2BS 7156: UseMerc: true HP: 70
[10/05/26 06:20:02] D2BS 7156: Revive needed
[10/05/26 06:20:11] D2BS 7156: Token needed
[10/05/26 06:20:14] D2BS 7156: act5+ BO
[10/05/26 06:20:37] D2BS 7156: ÿc4=== [BAAL] ===
[10/05/26 06:23:25] D2BS 6216: D2BS Engine startup complete. 1.6.4U
[10/05/26 06:23:25] D2BS 6216: ÿc2D2BSÿc0 :: Switched to profile a5
[10/05/26 06:23:25] D2BS 6216: ÿc2D2BSÿc0 :: Engine startup complete!
[10/05/26 06:23:25] D2BS 6216: ÿc2D2BSÿc0 :: Starting D2BotFollow.dbj
[10/05/26 06:23:25] D2BS 6216: ÿc2D2BSÿc0 :: D2BotFollow.dbj running.
[10/05/26 06:23:25] D2BS 6216: Ã¿c2D2BSÃ¿c0 :: Started Console
[10/05/26 06:23:27] D2BS 6216: Heartbeat loaded
[10/05/26 06:23:27] D2BS 6216: Recieved Game Info
[10/05/26 06:23:45] D2BS 6216: joining game pz-92
[10/05/26 06:23:46] D2BS 6216: [Strict Warning] Code(162) File(c:\users\administrator\desktop\261004 autosmurf\d2bs\kolbot\libs\pather.js:2046) reference to undefined property areas[area]
Line: (null)
[10/05/26 06:23:47] D2BS 6216: [ÿc9Strict Warningÿc0 (162)] File(kolbot\libs\pather.js:2046) reference to undefined property areas[area]
[10/05/26 06:23:48] D2BS 6216: ÿc2D2BSÿc0 :: Starting default.dbj
[10/05/26 06:23:48] D2BS 6216: ÿc2D2BSÿc0 :: default.dbj running.
[10/05/26 06:23:48] D2BS 6216: Loaded ÿc9[X.nip] [Y.nip] [Z.nip] [V.nip] [P.CONV.nip]
[10/05/26 06:23:48] D2BS 6216: Loaded ÿc9[P.CONV.js]
[10/05/26 06:23:48] D2BS 6216: equipped: [Head] 12
[10/05/26 06:23:48] D2BS 6216: equipped: [Neck] 13
[10/05/26 06:23:48] D2BS 6216: equipped: [Body] 20
[10/05/26 06:23:48] D2BS 6216: equipped: [ArmR] 14
[10/05/26 06:23:48] D2BS 6216: equipped: [ArmL] 28
[10/05/26 06:23:48] D2BS 6216: equipped: [RingR] 13
[10/05/26 06:23:48] D2BS 6216: equipped: [RingL] 11
[10/05/26 06:23:48] D2BS 6216: equipped: [Belt] 19
[10/05/26 06:23:48] D2BS 6216: equipped: [Boots] 12
[10/05/26 06:23:48] D2BS 6216: equipped: [Mitts] 14
[10/05/26 06:23:48] D2BS 6216: Loaded ÿc9[AutoSmurf.js]
[10/05/26 06:23:49] D2BS 6216: farmingON
[10/05/26 06:23:50] D2BS 6216: MiniShopBot: true
[10/05/26 06:23:50] D2BS 6216: UseMerc: true HP: 70
[10/05/26 06:24:04] D2BS 6216: Revive needed
[10/05/26 06:24:16] D2BS 6216: Token needed
[10/05/26 06:24:21] D2BS 6216: act5+ BO
[10/05/26 06:24:34] D2BS 6216: ÿc4=== [BAAL] ===
[10/05/26 06:28:47] D2BS 6216: party has left: fowo-xd
[10/05/26 06:28:47] D2BS 6216:  [05:01] +29.53% / [Level 81] 58.48%
[10/05/26 06:28:47] D2BS 6216: Script threads\autobuildthread.js ended
[10/05/26 06:28:48] D2BS 6216: Script threads\partythread.js ended
[10/05/26 06:28:48] D2BS 6216: Script threads\townchicken.js ended
[10/05/26 06:28:48] D2BS 6216: Script default.dbj ended
[10/05/26 06:29:00] D2BS 6216: joining game pz-93
[10/05/26 06:29:01] D2BS 6216: ÿc2D2BSÿc0 :: Starting default.dbj
[10/05/26 06:29:01] D2BS 6216: ÿc2D2BSÿc0 :: default.dbj running.
[10/05/26 06:29:01] D2BS 6216: Loaded ÿc9[X.nip] [Y.nip] [Z.nip] [V.nip] [P.CONV.nip]
[10/05/26 06:29:01] D2BS 6216: Loaded ÿc9[P.CONV.js]
[10/05/26 06:29:01] D2BS 6216: equipped: [Head] 12
[10/05/26 06:29:01] D2BS 6216: equipped: [Neck] 13
[10/05/26 06:29:01] D2BS 6216: equipped: [Body] 20
[10/05/26 06:29:01] D2BS 6216: equipped: [ArmR] 14
[10/05/26 06:29:01] D2BS 6216: equipped: [ArmL] 28
[10/05/26 06:29:02] D2BS 6216: equipped: [RingR] 13
[10/05/26 06:29:02] D2BS 6216: equipped: [RingL] 11
[10/05/26 06:29:02] D2BS 6216: equipped: [Belt] 19
[10/05/26 06:29:02] D2BS 6216: equipped: [Boots] 12
[10/05/26 06:29:02] D2BS 6216: equipped: [Mitts] 14
[10/05/26 06:29:02] D2BS 6216: Loaded ÿc9[AutoSmurf.js]
[10/05/26 06:29:04] D2BS 6216: MiniShopBot: true
[10/05/26 06:29:05] D2BS 6216: farmingON
[10/05/26 06:29:05] D2BS 6216: UseMerc: true HP: 70
[10/05/26 06:29:23] D2BS 6216: Revive needed
[10/05/26 06:29:34] D2BS 6216: Token needed
[10/05/26 06:29:38] D2BS 6216: act5+ BO
[10/05/26 06:29:52] D2BS 6216: ÿc4=== [BAAL] ===
[10/05/26 06:30:06] D2BS 6216: Baal failed: souls found
[10/05/26 06:30:06] D2BS 6216: ÿc4=== [COUNTESS] ===
[10/05/26 06:31:11] D2BS 6216: ÿc4=== [PIT] ===
[10/05/26 06:33:01] D2BS 6216: ÿc4=== [ANDY] ===
[10/05/26 06:33:57] D2BS 6216: ÿc4=== [MEPHISTO] ===
[10/05/26 06:35:00] D2BS 6216: party has left: fowo-xd
[10/05/26 06:35:00] D2BS 6216:  [05:59] +8.32% / [Level 81] 66.80%
[10/05/26 06:35:00] D2BS 6216: Script threads\autobuildthread.js ended
[10/05/26 06:35:00] D2BS 6216: Script threads\partythread.js ended
[10/05/26 06:35:01] D2BS 6216: Script threads\townchicken.js ended
[10/05/26 06:35:01] D2BS 6216: Script default.dbj ended
[10/05/26 06:35:14] D2BS 6216: joining game pz-94
[10/05/26 06:35:15] D2BS 6216: ÿc2D2BSÿc0 :: Starting default.dbj
[10/05/26 06:35:15] D2BS 6216: ÿc2D2BSÿc0 :: default.dbj running.
[10/05/26 06:35:16] D2BS 6216: Loaded ÿc9[X.nip] [Y.nip] [Z.nip] [V.nip] [P.CONV.nip]
[10/05/26 06:35:16] D2BS 6216: Loaded ÿc9[P.CONV.js]
[10/05/26 06:35:16] D2BS 6216: equipped: [Head] 12
[10/05/26 06:35:16] D2BS 6216: equipped: [Neck] 13
[10/05/26 06:35:16] D2BS 6216: equipped: [Body] 20
[10/05/26 06:35:16] D2BS 6216: equipped: [ArmR] 14
[10/05/26 06:35:16] D2BS 6216: equipped: [ArmL] 28
[10/05/26 06:35:16] D2BS 6216: equipped: [RingR] 13
[10/05/26 06:35:16] D2BS 6216: equipped: [RingL] 11
[10/05/26 06:35:16] D2BS 6216: equipped: [Belt] 19
[10/05/26 06:35:16] D2BS 6216: equipped: [Boots] 12
[10/05/26 06:35:16] D2BS 6216: equipped: [Mitts] 14
[10/05/26 06:35:16] D2BS 6216: Loaded ÿc9[AutoSmurf.js]
[10/05/26 06:35:27] D2BS 6216: farmingON
[10/05/26 06:35:31] D2BS 6216: MiniShopBot: true
[10/05/26 06:35:31] D2BS 6216: UseMerc: true HP: 70
[10/05/26 06:35:52] D2BS 6216: equipped: [ArmR] 17
[10/05/26 06:35:52] D2BS 6216: Revive needed
[10/05/26 06:36:01] D2BS 6216: Token needed
[10/05/26 06:36:05] D2BS 6216: act5+ BO
[10/05/26 06:36:19] D2BS 6216: ÿc4=== [BAAL] ===
[10/05/26 06:36:40] D2BS 6216: Baal failed: souls found
[10/05/26 06:36:40] D2BS 6216: ÿc4=== [COUNTESS] ===
[10/05/26 06:37:58] D2BS 6216: ÿc4=== [PIT] ===
[10/05/26 06:39:42] D2BS 6216: ÿc4=== [ANDY] ===
[10/05/26 06:40:37] D2BS 6216: ÿc4=== [MEPHISTO] ===
[10/05/26 06:42:05] D2BS 6216: ÿc4=== [DIABLO] ===
[10/05/26 06:43:27] D2BS 6216: [Chicken] Life (1039/3122) area:108 (7775,5272)
[10/05/26 06:43:27] D2BS 6216: Going to town
[10/05/26 06:43:27] D2BS 6216:  [08:12] +13.52% / [Level 81] 81.19%
[10/05/26 06:43:27] D2BS 6216: Script threads\autobuildthread.js ended
[10/05/26 06:43:27] D2BS 6216: Script threads\partythread.js ended
[10/05/26 06:43:27] D2BS 6216: Script threads\townchicken.js ended
[10/05/26 06:43:27] D2BS 6216: Script default.dbj ended
[10/05/26 06:43:40] D2BS 6216: joining game pz-95
[10/05/26 06:43:41] D2BS 6216: ÿc2D2BSÿc0 :: Starting default.dbj
[10/05/26 06:43:41] D2BS 6216: ÿc2D2BSÿc0 :: default.dbj running.
[10/05/26 06:43:41] D2BS 6216: Loaded ÿc9[X.nip] [Y.nip] [Z.nip] [V.nip] [P.CONV.nip]
[10/05/26 06:43:41] D2BS 6216: Loaded ÿc9[P.CONV.js]
[10/05/26 06:43:42] D2BS 6216: equipped: [Head] 12
[10/05/26 06:43:42] D2BS 6216: equipped: [Neck] 13
[10/05/26 06:43:42] D2BS 6216: equipped: [Body] 20
[10/05/26 06:43:42] D2BS 6216: equipped: [ArmR] 17
[10/05/26 06:43:42] D2BS 6216: equipped: [ArmL] 28
[10/05/26 06:43:42] D2BS 6216: equipped: [RingR] 13
[10/05/26 06:43:43] D2BS 6216: equipped: [RingL] 11
[10/05/26 06:43:43] D2BS 6216: equipped: [Belt] 19
[10/05/26 06:43:43] D2BS 6216: equipped: [Boots] 12
[10/05/26 06:43:43] D2BS 6216: equipped: [Mitts] 14
[10/05/26 06:43:43] D2BS 6216: Loaded ÿc9[AutoSmurf.js]
[10/05/26 06:43:47] D2BS 6216: MiniShopBot: true
[10/05/26 06:43:48] D2BS 6216: farmingON
[10/05/26 06:43:48] D2BS 6216: UseMerc: true HP: 70
[10/05/26 06:44:03] D2BS 6216: Revive needed
[10/05/26 06:44:23] D2BS 6216: Token needed
[10/05/26 06:44:27] D2BS 6216: act5+ BO
[10/05/26 06:44:40] D2BS 6216: ÿc4=== [BAAL] ===
[10/05/26 06:48:13] D2BS 6216: ÿc4=== [COUNTESS] ===
[10/05/26 06:49:25] D2BS 6216: ÿc4=== [PIT] ===
[10/05/26 06:50:36] D2BS 6216: party has left: fowo-xd
[10/05/26 06:50:36] D2BS 6216:  [06:55] +25.60% / [Level 82] 8.35%
[10/05/26 06:50:36] D2BS 6216: Script threads\autobuildthread.js ended
[10/05/26 06:50:36] D2BS 6216: Script threads\partythread.js ended
[10/05/26 06:50:36] D2BS 6216: Script threads\townchicken.js ended
[10/05/26 06:50:37] D2BS 6216: Script default.dbj ended
[10/05/26 06:50:49] D2BS 6216: joining game pz-96
[10/05/26 06:50:51] D2BS 6216: ÿc2D2BSÿc0 :: Starting default.dbj
[10/05/26 06:50:51] D2BS 6216: ÿc2D2BSÿc0 :: default.dbj running.
[10/05/26 06:50:51] D2BS 6216: Loaded ÿc9[X.nip] [Y.nip] [Z.nip] [V.nip] [P.CONV.nip]
[10/05/26 06:50:51] D2BS 6216: Loaded ÿc9[P.CONV.js]
[10/05/26 06:50:51] D2BS 6216: equipped: [Head] 12
[10/05/26 06:50:51] D2BS 6216: equipped: [Neck] 13
[10/05/26 06:50:51] D2BS 6216: equipped: [Body] 20
[10/05/26 06:50:51] D2BS 6216: equipped: [ArmR] 17
[10/05/26 06:50:51] D2BS 6216: equipped: [ArmL] 28
[10/05/26 06:50:51] D2BS 6216: equipped: [RingR] 13
[10/05/26 06:50:51] D2BS 6216: equipped: [RingL] 11
[10/05/26 06:50:51] D2BS 6216: equipped: [Belt] 19
[10/05/26 06:50:51] D2BS 6216: equipped: [Boots] 12
[10/05/26 06:50:52] D2BS 6216: equipped: [Mitts] 14
[10/05/26 06:50:52] D2BS 6216: Loaded ÿc9[AutoSmurf.js]
[10/05/26 06:50:57] D2BS 6216: farmingON
[10/05/26 06:51:00] D2BS 6216: MiniShopBot: true
[10/05/26 06:51:00] D2BS 6216: UseMerc: true HP: 70
[10/05/26 06:51:16] D2BS 6216: Revive needed
[10/05/26 06:51:31] D2BS 6216: Token needed
[10/05/26 06:51:34] D2BS 6216: act5+ BO
[10/05/26 06:51:48] D2BS 6216: ÿc4=== [BAAL] ===
[10/05/26 06:52:09] D2BS 6216: Baal failed: souls found
[10/05/26 06:52:09] D2BS 6216: ÿc4=== [COUNTESS] ===
[10/05/26 06:53:21] D2BS 6216: ÿc4=== [PIT] ===
[10/05/26 06:55:11] D2BS 6216: ÿc4=== [ANDY] ===
[10/05/26 06:56:08] D2BS 6216: ÿc4=== [MEPHISTO] ===
[10/05/26 06:57:56] D2BS 6216: ÿc4=== [DIABLO] ===
[10/05/26 06:59:48] D2BS 6216: Going to town
[10/05/26 06:59:48] D2BS 6216: [Chicken] Life (1579/5414) area:108 (7769,5189)
[10/05/26 06:59:48] D2BS 6216:  [08:58] +17.23% / [Level 82] 25.57%
[10/05/26 06:59:48] D2BS 6216: Script threads\autobuildthread.js ended
[10/05/26 06:59:48] D2BS 6216: Script threads\partythread.js ended
[10/05/26 06:59:48] D2BS 6216: Script threads\townchicken.js ended
[10/05/26 06:59:48] D2BS 6216: Script default.dbj ended
[10/05/26 07:00:01] D2BS 6216: joining game pz-97
[10/05/26 07:00:03] D2BS 6216: ÿc2D2BSÿc0 :: Starting default.dbj
[10/05/26 07:00:03] D2BS 6216: ÿc2D2BSÿc0 :: default.dbj running.
[10/05/26 07:00:03] D2BS 6216: Loaded ÿc9[X.nip] [Y.nip] [Z.nip] [V.nip] [P.CONV.nip]
[10/05/26 07:00:03] D2BS 6216: Loaded ÿc9[P.CONV.js]
[10/05/26 07:00:03] D2BS 6216: equipped: [Head] 12
[10/05/26 07:00:03] D2BS 6216: equipped: [Neck] 13
[10/05/26 07:00:03] D2BS 6216: equipped: [Body] 20
[10/05/26 07:00:03] D2BS 6216: equipped: [ArmR] 17
[10/05/26 07:00:03] D2BS 6216: equipped: [ArmL] 28
[10/05/26 07:00:03] D2BS 6216: equipped: [RingR] 13
[10/05/26 07:00:03] D2BS 6216: equipped: [RingL] 11
[10/05/26 07:00:03] D2BS 6216: equipped: [Belt] 19
[10/05/26 07:00:03] D2BS 6216: equipped: [Boots] 12
[10/05/26 07:00:03] D2BS 6216: equipped: [Mitts] 14
[10/05/26 07:00:03] D2BS 6216: Loaded ÿc9[AutoSmurf.js]
[10/05/26 07:00:09] D2BS 6216: farmingON
[10/05/26 07:00:10] D2BS 6216: MiniShopBot: true
[10/05/26 07:00:10] D2BS 6216: UseMerc: true HP: 70
[10/05/26 07:00:28] D2BS 6216: Revive needed
[10/05/26 07:00:45] D2BS 6216: Token needed
[10/05/26 07:00:49] D2BS 6216: act5+ BO
[10/05/26 07:01:03] D2BS 6216: ÿc4=== [BAAL] ===
[10/05/26 07:04:30] D2BS 6216: ÿc4=== [COUNTESS] ===
[10/05/26 07:05:40] D2BS 6216: ÿc4=== [PIT] ===
[10/05/26 07:07:30] D2BS 6216: ÿc4=== [ANDY] ===
[10/05/26 07:08:25] D2BS 6216: ÿc4=== [MEPHISTO] ===
[10/05/26 07:10:25] D2BS 6216: ÿc4=== [DIABLO] ===
[10/05/26 07:10:31] D2BS 6216: updateStat
[10/05/26 07:10:31] D2BS 6216: granted: [Head] 13
[10/05/26 07:10:31] D2BS 6216: granted: [Body] 18
[10/05/26 07:10:31] D2BS 6216: granted: [ArmR] 20
[10/05/26 07:11:10] D2BS 6216: updateStat
[10/05/26 07:13:29] D2BS 6216: updateStat
[10/05/26 07:14:36] D2BS 6216: Going to town
[10/05/26 07:16:44] D2BS 6216: party has left: fowo-xf
[10/05/26 07:16:44] D2BS 6216:  [16:42] +43.35% / [Level 82] 68.92%
[10/05/26 07:16:44] D2BS 6216: Script threads\autobuildthread.js ended
[10/05/26 07:16:44] D2BS 6216: Script threads\partythread.js ended
[10/05/26 07:16:44] D2BS 6216: Script threads\townchicken.js ended
[10/05/26 07:16:44] D2BS 6216: Script default.dbj ended
[10/05/26 07:16:57] D2BS 6216: joining game pz-98
[10/05/26 07:16:58] D2BS 6216: ÿc2D2BSÿc0 :: Starting default.dbj
[10/05/26 07:16:58] D2BS 6216: ÿc2D2BSÿc0 :: default.dbj running.
[10/05/26 07:16:58] D2BS 6216: Loaded ÿc9[X.nip] [Y.nip] [Z.nip] [V.nip] [P.CONV.nip]
[10/05/26 07:16:58] D2BS 6216: Loaded ÿc9[P.CONV.js]
[10/05/26 07:16:58] D2BS 6216: equipped: [Head] 12
[10/05/26 07:16:58] D2BS 6216: equipped: [Neck] 13
[10/05/26 07:16:58] D2BS 6216: equipped: [Body] 20
[10/05/26 07:16:58] D2BS 6216: equipped: [ArmR] 17
[10/05/26 07:16:58] D2BS 6216: equipped: [ArmL] 28
[10/05/26 07:16:58] D2BS 6216: equipped: [RingR] 13
[10/05/26 07:16:58] D2BS 6216: equipped: [RingL] 11
[10/05/26 07:16:58] D2BS 6216: equipped: [Belt] 19
[10/05/26 07:16:58] D2BS 6216: equipped: [Boots] 12
[10/05/26 07:16:59] D2BS 6216: equipped: [Mitts] 14
[10/05/26 07:16:59] D2BS 6216: updateStat
[10/05/26 07:16:59] D2BS 6216: granted: [Head] 13
[10/05/26 07:16:59] D2BS 6216: granted: [Body] 18
[10/05/26 07:16:59] D2BS 6216: granted: [ArmR] 20
[10/05/26 07:16:59] D2BS 6216: Loaded ÿc9[AutoSmurf.js]
[10/05/26 07:17:04] D2BS 6216: farmingON
[10/05/26 07:17:05] D2BS 6216: MiniShopBot: true
[10/05/26 07:17:05] D2BS 6216: UseMerc: true HP: 70
[10/05/26 07:17:25] D2BS 6216: Merc matched: Holy Freeze
[10/05/26 07:17:39] D2BS 6216: Token needed
[10/05/26 07:17:44] D2BS 6216: act5+ BO
[10/05/26 07:17:57] D2BS 6216: ÿc4=== [BAAL] ===
[10/05/26 07:18:15] D2BS 6216: Baal failed: souls found
[10/05/26 07:18:15] D2BS 6216: ÿc4=== [COUNTESS] ===
[10/05/26 07:19:15] D2BS 6216: ÿc4=== [PIT] ===
[10/05/26 07:21:25] D2BS 6216: ÿc4=== [ANDY] ===
[10/05/26 07:22:23] D2BS 6216: ÿc4=== [MEPHISTO] ===
[10/05/26 07:22:33] D2BS 6216: equipped: [RingL] 15
[10/05/26 07:23:19] D2BS 6216: Going to town
[10/05/26 07:24:13] D2BS 6216: ÿc4=== [DIABLO] ===
[10/05/26 07:30:43] D2BS 6216: party has left: fowo-xg
[10/05/26 07:30:43] D2BS 6216:  [13:45] +31.66% / [Level 83] 3.15%
[10/05/26 07:30:43] D2BS 6216: Script threads\autobuildthread.js ended
[10/05/26 07:30:44] D2BS 6216: Script threads\partythread.js ended
[10/05/26 07:30:44] D2BS 6216: Script threads\townchicken.js ended
[10/05/26 07:30:44] D2BS 6216: Script default.dbj ended
[10/05/26 07:30:56] D2BS 6216: joining game pz-99
[10/05/26 07:30:57] D2BS 6216: ÿc2D2BSÿc0 :: Starting default.dbj
[10/05/26 07:30:57] D2BS 6216: ÿc2D2BSÿc0 :: default.dbj running.
[10/05/26 07:30:58] D2BS 6216: Loaded ÿc9[X.nip] [Y.nip] [Z.nip] [V.nip] [P.CONV.nip]
[10/05/26 07:30:58] D2BS 6216: Loaded ÿc9[P.CONV.js]
[10/05/26 07:30:58] D2BS 6216: equipped: [Head] 12
[10/05/26 07:30:58] D2BS 6216: equipped: [Neck] 13
[10/05/26 07:30:58] D2BS 6216: equipped: [Body] 20
[10/05/26 07:30:58] D2BS 6216: equipped: [ArmR] 17
[10/05/26 07:30:58] D2BS 6216: equipped: [ArmL] 28
[10/05/26 07:30:58] D2BS 6216: equipped: [RingR] 13
[10/05/26 07:30:58] D2BS 6216: equipped: [RingL] 15
[10/05/26 07:30:58] D2BS 6216: equipped: [Belt] 19
[10/05/26 07:30:58] D2BS 6216: equipped: [Boots] 12
[10/05/26 07:30:58] D2BS 6216: equipped: [Mitts] 14
[10/05/26 07:30:58] D2BS 6216: updateStat
[10/05/26 07:30:58] D2BS 6216: granted: [Head] 13
[10/05/26 07:30:58] D2BS 6216: granted: [Body] 18
[10/05/26 07:30:58] D2BS 6216: granted: [ArmR] 20
[10/05/26 07:30:58] D2BS 6216: Loaded ÿc9[AutoSmurf.js]
[10/05/26 07:31:03] D2BS 6216: farmingON
[10/05/26 07:31:05] D2BS 6216: MiniShopBot: true
[10/05/26 07:31:05] D2BS 6216: UseMerc: true HP: 70
[10/05/26 07:31:27] D2BS 6216: Merc matched: Holy Freeze
[10/05/26 07:31:34] D2BS 6216: Token needed
[10/05/26 07:31:39] D2BS 6216: act5+ BO
[10/05/26 07:31:53] D2BS 6216: ÿc4=== [BAAL] ===
[10/05/26 07:35:23] D2BS 6216: ÿc4=== [COUNTESS] ===
[10/05/26 07:36:36] D2BS 6216: ÿc4=== [PIT] ===
[10/05/26 07:38:16] D2BS 6216: ÿc4=== [ANDY] ===
[10/05/26 07:39:08] D2BS 6216: ÿc4=== [MEPHISTO] ===
[10/05/26 07:40:52] D2BS 6216: ÿc4=== [DIABLO] ===
[10/05/26 07:40:58] D2BS 6216: [Craft] Caster Wyrmhide Boots
[10/05/26 07:41:16] D2BS 6216: equipped: [Boots] 13
[10/05/26 07:48:07] D2BS 6216: party has left: fowo-xb
[10/05/26 07:48:07] D2BS 6216:  [17:09] +41.16% / [Level 83] 44.31%
[10/05/26 07:48:07] D2BS 6216: Script threads\autobuildthread.js ended
[10/05/26 07:48:07] D2BS 6216: Script threads\partythread.js ended
[10/05/26 07:48:07] D2BS 6216: Script threads\townchicken.js ended
[10/05/26 07:48:08] D2BS 6216: Script default.dbj ended
[10/05/26 07:48:20] D2BS 6216: joining game pz-100
[10/05/26 07:48:21] D2BS 6216: ÿc2D2BSÿc0 :: Starting default.dbj
[10/05/26 07:48:21] D2BS 6216: ÿc2D2BSÿc0 :: default.dbj running.
[10/05/26 07:48:22] D2BS 6216: Loaded ÿc9[X.nip] [Y.nip] [Z.nip] [V.nip] [P.CONV.nip]
[10/05/26 07:48:22] D2BS 6216: Loaded ÿc9[P.CONV.js]
[10/05/26 07:48:22] D2BS 6216: equipped: [Head] 12
[10/05/26 07:48:22] D2BS 6216: equipped: [Neck] 13
[10/05/26 07:48:22] D2BS 6216: equipped: [Body] 20
[10/05/26 07:48:22] D2BS 6216: equipped: [ArmR] 17
[10/05/26 07:48:22] D2BS 6216: equipped: [ArmL] 28
[10/05/26 07:48:22] D2BS 6216: equipped: [RingR] 13
[10/05/26 07:48:22] D2BS 6216: equipped: [RingL] 15
[10/05/26 07:48:22] D2BS 6216: equipped: [Belt] 19
[10/05/26 07:48:22] D2BS 6216: equipped: [Boots] 13
[10/05/26 07:48:22] D2BS 6216: equipped: [Mitts] 14
[10/05/26 07:48:22] D2BS 6216: updateStat
[10/05/26 07:48:22] D2BS 6216: granted: [Head] 13
[10/05/26 07:48:22] D2BS 6216: granted: [Body] 18
[10/05/26 07:48:23] D2BS 6216: granted: [ArmR] 20
[10/05/26 07:48:23] D2BS 6216: Loaded ÿc9[AutoSmurf.js]
[10/05/26 07:48:27] D2BS 6216: farmingON
[10/05/26 07:48:28] D2BS 6216: MiniShopBot: true
[10/05/26 07:48:28] D2BS 6216: UseMerc: true HP: 70
[10/05/26 07:48:45] D2BS 6216: granted: [Body] 20
[10/05/26 07:48:45] D2BS 6216: Merc matched: Holy Freeze
[10/05/26 07:48:58] D2BS 6216: Token needed
[10/05/26 07:49:02] D2BS 6216: act5+ BO
[10/05/26 07:49:15] D2BS 6216: ÿc4=== [BAAL] ===
[10/05/26 07:49:27] D2BS 6216: Baal failed: souls found
[10/05/26 07:49:27] D2BS 6216: ÿc4=== [COUNTESS] ===
[10/05/26 07:50:37] D2BS 6216: ÿc4=== [PIT] ===
[10/05/26 07:51:31] D2BS 6216: updateStat
[10/05/26 07:52:18] D2BS 6216: ÿc4=== [ANDY] ===
[10/05/26 07:52:34] D2BS 6216: equipped: [RingR] 14
[10/05/26 07:53:22] D2BS 6216: ÿc4=== [MEPHISTO] ===
[10/05/26 07:54:59] D2BS 6216: ÿc4=== [DIABLO] ===
[10/05/26 07:59:46] D2BS 6216: party has left: fowo-xd
[10/05/26 07:59:46] D2BS 6216:  [11:24] +15.39% / [Level 83] 59.70%
[10/05/26 07:59:46] D2BS 6216: Script threads\autobuildthread.js ended
[10/05/26 07:59:46] D2BS 6216: Script threads\partythread.js ended
[10/05/26 07:59:46] D2BS 6216: Script threads\townchicken.js ended
[10/05/26 07:59:46] D2BS 6216: Script default.dbj ended
[10/05/26 07:59:57] D2BS 6216: joining game pz-101
[10/05/26 07:59:59] D2BS 6216: ÿc2D2BSÿc0 :: Starting default.dbj
[10/05/26 07:59:59] D2BS 6216: ÿc2D2BSÿc0 :: default.dbj running.
[10/05/26 07:59:59] D2BS 6216: Loaded ÿc9[X.nip] [Y.nip] [Z.nip] [V.nip] [P.CONV.nip]
[10/05/26 07:59:59] D2BS 6216: Loaded ÿc9[P.CONV.js]
[10/05/26 07:59:59] D2BS 6216: equipped: [Head] 12
[10/05/26 07:59:59] D2BS 6216: equipped: [Neck] 13
[10/05/26 07:59:59] D2BS 6216: equipped: [Body] 20
[10/05/26 07:59:59] D2BS 6216: equipped: [ArmR] 17
[10/05/26 08:00:00] D2BS 6216: equipped: [ArmL] 28
[10/05/26 08:00:00] D2BS 6216: equipped: [RingR] 14
[10/05/26 08:00:00] D2BS 6216: equipped: [RingL] 15
[10/05/26 08:00:00] D2BS 6216: equipped: [Belt] 19
[10/05/26 08:00:00] D2BS 6216: equipped: [Boots] 13
[10/05/26 08:00:00] D2BS 6216: equipped: [Mitts] 14
[10/05/26 08:00:00] D2BS 6216: updateStat
[10/05/26 08:00:00] D2BS 6216: granted: [Head] 13
[10/05/26 08:00:00] D2BS 6216: granted: [Body] 20
[10/05/26 08:00:00] D2BS 6216: granted: [ArmR] 20
[10/05/26 08:00:00] D2BS 6216: Loaded ÿc9[AutoSmurf.js]
[10/05/26 08:00:04] D2BS 6216: farmingON
[10/05/26 08:00:05] D2BS 6216: MiniShopBot: true
[10/05/26 08:00:05] D2BS 6216: UseMerc: true HP: 70
[10/05/26 08:00:30] D2BS 6216: Merc matched: Holy Freeze
[10/05/26 08:00:35] D2BS 6216: Token needed
[10/05/26 08:00:40] D2BS 6216: act5+ BO
[10/05/26 08:00:54] D2BS 6216: ÿc4=== [BAAL] ===
[10/05/26 08:03:40] D2BS 6216: Script default.dbj ended
[10/05/26 08:03:40] D2BS 6216: Script threads\autobuildthread.js ended
[10/05/26 08:03:40] D2BS 6216: Script threads\partythread.js ended
[10/05/26 08:03:40] D2BS 6216: Script threads\toolsthread.js ended
[10/05/26 08:03:40] D2BS 6216: Script threads\townchicken.js ended
[10/05/26 08:03:53] D2BS 6216: joining game pz-102
[10/05/26 08:03:54] D2BS 6216: ÿc2D2BSÿc0 :: Starting default.dbj
[10/05/26 08:03:54] D2BS 6216: ÿc2D2BSÿc0 :: default.dbj running.
[10/05/26 08:03:55] D2BS 6216: Loaded ÿc9[X.nip] [Y.nip] [Z.nip] [V.nip] [P.CONV.nip]
[10/05/26 08:03:55] D2BS 6216: Loaded ÿc9[P.CONV.js]
[10/05/26 08:03:55] D2BS 6216: equipped: [Head] 12
[10/05/26 08:03:55] D2BS 6216: equipped: [Neck] 13
[10/05/26 08:03:55] D2BS 6216: equipped: [Body] 20
[10/05/26 08:03:55] D2BS 6216: equipped: [ArmR] 17
[10/05/26 08:03:55] D2BS 6216: equipped: [ArmL] 28
[10/05/26 08:03:55] D2BS 6216: equipped: [RingR] 14
[10/05/26 08:03:55] D2BS 6216: equipped: [RingL] 15
[10/05/26 08:03:55] D2BS 6216: equipped: [Belt] 19
[10/05/26 08:03:55] D2BS 6216: equipped: [Boots] 13
[10/05/26 08:03:55] D2BS 6216: equipped: [Mitts] 14
[10/05/26 08:03:55] D2BS 6216: updateStat
[10/05/26 08:03:55] D2BS 6216: granted: [Head] 13
[10/05/26 08:03:55] D2BS 6216: granted: [Body] 20
[10/05/26 08:03:55] D2BS 6216: granted: [ArmR] 20
[10/05/26 08:03:55] D2BS 6216: Loaded ÿc9[AutoSmurf.js]
[10/05/26 08:03:56] D2BS 6216: MiniShopBot: true
[10/05/26 08:03:57] D2BS 6216: farmingON
[10/05/26 08:03:57] D2BS 6216: UseMerc: true HP: 70
[10/05/26 08:04:16] D2BS 6216: Merc matched: Holy Freeze
[10/05/26 08:04:21] D2BS 6216: Token needed
[10/05/26 08:04:26] D2BS 6216: act5+ BO
[10/05/26 08:04:40] D2BS 6216: ÿc4=== [BAAL] ===
[10/05/26 08:05:01] D2BS 6216: Baal failed: souls found
[10/05/26 08:05:01] D2BS 6216: ÿc4=== [COUNTESS] ===
[10/05/26 08:06:04] D2BS 6216: ÿc4=== [PIT] ===
[10/05/26 08:08:07] D2BS 6216: ÿc4=== [ANDY] ===
[10/05/26 08:09:05] D2BS 6216: ÿc4=== [MEPHISTO] ===
[10/05/26 08:10:32] D2BS 6216: ÿc4=== [DIABLO] ===
[10/05/26 08:11:43] D2BS 6216: Going to town
[10/05/26 08:16:50] D2BS 6216: party has left: fowo-xg
[10/05/26 08:16:50] D2BS 6216:  [12:56] +18.49% / [Level 83] 94.86%
[10/05/26 08:16:50] D2BS 6216: Script threads\autobuildthread.js ended
[10/05/26 08:16:50] D2BS 6216: Script threads\partythread.js ended
[10/05/26 08:16:51] D2BS 6216: Script threads\townchicken.js ended
[10/05/26 08:16:51] D2BS 6216: Script default.dbj ended
[10/05/26 08:17:04] D2BS 6216: joining game pz-103
[10/05/26 08:17:06] D2BS 6216: ÿc2D2BSÿc0 :: Starting default.dbj
[10/05/26 08:17:06] D2BS 6216: ÿc2D2BSÿc0 :: default.dbj running.
[10/05/26 08:17:06] D2BS 6216: Loaded ÿc9[X.nip] [Y.nip] [Z.nip] [V.nip] [P.CONV.nip]
[10/05/26 08:17:06] D2BS 6216: Loaded ÿc9[P.CONV.js]
[10/05/26 08:17:06] D2BS 6216: equipped: [Head] 12
[10/05/26 08:17:06] D2BS 6216: equipped: [Neck] 13
[10/05/26 08:17:06] D2BS 6216: equipped: [Body] 20
[10/05/26 08:17:06] D2BS 6216: equipped: [ArmR] 17
[10/05/26 08:17:06] D2BS 6216: equipped: [ArmL] 28
[10/05/26 08:17:06] D2BS 6216: equipped: [RingR] 14
[10/05/26 08:17:06] D2BS 6216: equipped: [RingL] 15
[10/05/26 08:17:06] D2BS 6216: equipped: [Belt] 19
[10/05/26 08:17:06] D2BS 6216: equipped: [Boots] 13
[10/05/26 08:17:07] D2BS 6216: equipped: [Mitts] 14
[10/05/26 08:17:07] D2BS 6216: updateStat
[10/05/26 08:17:07] D2BS 6216: granted: [Head] 13
[10/05/26 08:17:07] D2BS 6216: granted: [Body] 20
[10/05/26 08:17:07] D2BS 6216: granted: [ArmR] 20
[10/05/26 08:17:07] D2BS 6216: Loaded ÿc9[AutoSmurf.js]
[10/05/26 08:17:11] D2BS 6216: farmingON
[10/05/26 08:17:13] D2BS 6216: MiniShopBot: true
[10/05/26 08:17:13] D2BS 6216: UseMerc: true HP: 70
[10/05/26 08:17:35] D2BS 6216: Merc matched: Holy Freeze
[10/05/26 08:17:48] D2BS 6216: Token needed
[10/05/26 08:17:52] D2BS 6216: act5+ BO
[10/05/26 08:18:06] D2BS 6216: ÿc4=== [BAAL] ===
[10/05/26 08:19:02] D2BS 6216: Going to town
[10/05/26 08:23:53] D2BS 6216: party has left: fowo-xh
[10/05/26 08:23:53] D2BS 6216:  [06:47] +13.58% / [Level 84] 8.86%
[10/05/26 08:23:53] D2BS 6216: Script threads\autobuildthread.js ended
[10/05/26 08:23:53] D2BS 6216: Script threads\partythread.js ended
[10/05/26 08:23:53] D2BS 6216: Script threads\townchicken.js ended
[10/05/26 08:23:53] D2BS 6216: Script default.dbj ended
[10/05/26 08:24:05] D2BS 6216: joining game pz-104
[10/05/26 08:24:08] D2BS 6216: ÿc2D2BSÿc0 :: Starting default.dbj
[10/05/26 08:24:08] D2BS 6216: ÿc2D2BSÿc0 :: default.dbj running.
[10/05/26 08:24:08] D2BS 6216: Loaded ÿc9[X.nip] [Y.nip] [Z.nip] [V.nip] [P.CONV.nip]
[10/05/26 08:24:08] D2BS 6216: Loaded ÿc9[P.CONV.js]
[10/05/26 08:24:08] D2BS 6216: equipped: [Head] 12
[10/05/26 08:24:08] D2BS 6216: equipped: [Neck] 13
[10/05/26 08:24:08] D2BS 6216: equipped: [Body] 20
[10/05/26 08:24:08] D2BS 6216: equipped: [ArmR] 17
[10/05/26 08:24:08] D2BS 6216: equipped: [ArmL] 28
[10/05/26 08:24:08] D2BS 6216: equipped: [RingR] 14
[10/05/26 08:24:08] D2BS 6216: equipped: [RingL] 15
[10/05/26 08:24:08] D2BS 6216: equipped: [Belt] 19
[10/05/26 08:24:08] D2BS 6216: equipped: [Boots] 13
[10/05/26 08:24:08] D2BS 6216: equipped: [Mitts] 14
[10/05/26 08:24:08] D2BS 6216: updateStat
[10/05/26 08:24:08] D2BS 6216: granted: [Head] 13
[10/05/26 08:24:08] D2BS 6216: granted: [Body] 20
[10/05/26 08:24:08] D2BS 6216: granted: [ArmR] 20
[10/05/26 08:24:08] D2BS 6216: Loaded ÿc9[AutoSmurf.js]
[10/05/26 08:24:09] D2BS 6216: farmingON
[10/05/26 08:24:10] D2BS 6216: MiniShopBot: true
[10/05/26 08:24:10] D2BS 6216: UseMerc: true HP: 70
[10/05/26 08:24:28] D2BS 6216: Merc matched: Holy Freeze
[10/05/26 08:24:39] D2BS 6216: Token needed
[10/05/26 08:24:43] D2BS 6216: act5+ BO
[10/05/26 08:24:57] D2BS 6216: ÿc4=== [BAAL] ===
[10/05/26 08:25:03] D2BS 6216: party has left: fowo-xa
[10/05/26 08:25:03] D2BS 6216: no exp [00:56]
[10/05/26 08:25:03] D2BS 6216: Script threads\autobuildthread.js ended
[10/05/26 08:25:03] D2BS 6216: Script threads\partythread.js ended
[10/05/26 08:25:03] D2BS 6216: Script threads\townchicken.js ended
[10/05/26 08:25:03] D2BS 6216: Script default.dbj ended
[10/05/26 08:25:15] D2BS 6216: joining game pz-105
[10/05/26 08:25:17] D2BS 6216: ÿc2D2BSÿc0 :: Starting default.dbj
[10/05/26 08:25:17] D2BS 6216: ÿc2D2BSÿc0 :: default.dbj running.
[10/05/26 08:25:17] D2BS 6216: Loaded ÿc9[X.nip] [Y.nip] [Z.nip] [V.nip] [P.CONV.nip]
[10/05/26 08:25:17] D2BS 6216: Loaded ÿc9[P.CONV.js]
[10/05/26 08:25:17] D2BS 6216: equipped: [Head] 12
[10/05/26 08:25:17] D2BS 6216: equipped: [Neck] 13
[10/05/26 08:25:17] D2BS 6216: equipped: [Body] 20
[10/05/26 08:25:17] D2BS 6216: equipped: [ArmR] 17
[10/05/26 08:25:17] D2BS 6216: equipped: [ArmL] 28
[10/05/26 08:25:17] D2BS 6216: equipped: [RingR] 14
[10/05/26 08:25:17] D2BS 6216: equipped: [RingL] 15
[10/05/26 08:25:17] D2BS 6216: equipped: [Belt] 19
[10/05/26 08:25:17] D2BS 6216: equipped: [Boots] 13
[10/05/26 08:25:17] D2BS 6216: equipped: [Mitts] 14
[10/05/26 08:25:17] D2BS 6216: updateStat
[10/05/26 08:25:18] D2BS 6216: granted: [Head] 13
[10/05/26 08:25:18] D2BS 6216: granted: [Body] 20
[10/05/26 08:25:18] D2BS 6216: granted: [ArmR] 20
[10/05/26 08:25:18] D2BS 6216: Loaded ÿc9[AutoSmurf.js]
[10/05/26 08:25:20] D2BS 6216: MiniShopBot: true
[10/05/26 08:25:20] D2BS 6216: farmingON
[10/05/26 08:25:20] D2BS 6216: UseMerc: true HP: 70
[10/05/26 08:25:33] D2BS 6216: granted: [Body] 21
[10/05/26 08:25:33] D2BS 6216: Merc matched: Holy Freeze
[10/05/26 08:25:44] D2BS 6216: Token needed
[10/05/26 08:25:48] D2BS 6216: act5+ BO
[10/05/26 08:26:01] D2BS 6216: ÿc4=== [BAAL] ===
[10/05/26 08:29:03] D2BS 6216: ÿc4=== [COUNTESS] ===
[10/05/26 08:30:16] D2BS 6216: ÿc4=== [PIT] ===
[10/05/26 08:31:30] D2BS 6216: updateStat
[10/05/26 08:31:47] D2BS 6216: ÿc4=== [ANDY] ===
[10/05/26 08:32:46] D2BS 6216: ÿc4=== [MEPHISTO] ===
[10/05/26 08:34:13] D2BS 6216: ÿc4=== [DIABLO] ===
[10/05/26 08:37:15] D2BS 6216: Going to town
[10/05/26 08:38:20] D2BS 6216: Going to town
[10/05/26 08:39:13] D2BS 6216: Going to town
[10/05/26 08:39:37] D2BS 6216: Going to town
[10/05/26 08:39:38] D2BS 6216: [Chicken] Life (925/3307) area:108 (7810,5287)
[10/05/26 08:39:38] D2BS 6216:  [14:22] +23.22% / [Level 84] 32.08%
[10/05/26 08:39:38] D2BS 6216: Script threads\autobuildthread.js ended
[10/05/26 08:39:38] D2BS 6216: Script threads\partythread.js ended
[10/05/26 08:39:38] D2BS 6216: Script threads\townchicken.js ended
[10/05/26 08:39:38] D2BS 6216: Script default.dbj ended
[10/05/26 08:39:52] D2BS 6216: joining game pz-106
[10/05/26 08:39:54] D2BS 6216: ÿc2D2BSÿc0 :: Starting default.dbj
[10/05/26 08:39:54] D2BS 6216: ÿc2D2BSÿc0 :: default.dbj running.
[10/05/26 08:39:54] D2BS 6216: Loaded ÿc9[X.nip] [Y.nip] [Z.nip] [V.nip] [P.CONV.nip]
[10/05/26 08:39:54] D2BS 6216: Loaded ÿc9[P.CONV.js]
[10/05/26 08:39:54] D2BS 6216: equipped: [Head] 12
[10/05/26 08:39:54] D2BS 6216: equipped: [Neck] 13
[10/05/26 08:39:54] D2BS 6216: equipped: [Body] 20
[10/05/26 08:39:54] D2BS 6216: equipped: [ArmR] 17
[10/05/26 08:39:55] D2BS 6216: equipped: [ArmL] 28
[10/05/26 08:39:55] D2BS 6216: equipped: [RingR] 14
[10/05/26 08:39:55] D2BS 6216: equipped: [RingL] 15
[10/05/26 08:39:55] D2BS 6216: equipped: [Belt] 19
[10/05/26 08:39:55] D2BS 6216: equipped: [Boots] 13
[10/05/26 08:39:55] D2BS 6216: equipped: [Mitts] 14
[10/05/26 08:39:55] D2BS 6216: Loaded ÿc9[AutoSmurf.js]
[10/05/26 08:39:59] D2BS 6216: farmingON
[10/05/26 08:40:00] D2BS 6216: MiniShopBot: true
[10/05/26 08:40:00] D2BS 6216: UseMerc: true HP: 70
[10/05/26 08:40:07] D2BS 6216: updateStat
[10/05/26 08:40:07] D2BS 6216: granted: [Head] 13
[10/05/26 08:40:07] D2BS 6216: granted: [Body] 21
[10/05/26 08:40:07] D2BS 6216: granted: [ArmR] 20
[10/05/26 08:40:21] D2BS 6216: Merc matched: Holy Freeze
[10/05/26 08:40:30] D2BS 6216: Token needed
[10/05/26 08:40:34] D2BS 6216: act5+ BO
[10/05/26 08:40:36] D2BS 6216: updateStat
[10/05/26 08:40:47] D2BS 6216: ÿc4=== [BAAL] ===
[10/05/26 08:40:56] D2BS 6216: party has left: fowo-xa
[10/05/26 08:40:56] D2BS 6216: no exp [01:01]
[10/05/26 08:40:56] D2BS 6216: Script threads\autobuildthread.js ended
[10/05/26 08:40:56] D2BS 6216: Script threads\partythread.js ended
[10/05/26 08:40:56] D2BS 6216: Script threads\townchicken.js ended
[10/05/26 08:40:56] D2BS 6216: Script default.dbj ended
[10/05/26 08:41:08] D2BS 6216: joining game pz-107
[10/05/26 08:41:10] D2BS 6216: ÿc2D2BSÿc0 :: Starting default.dbj
[10/05/26 08:41:10] D2BS 6216: ÿc2D2BSÿc0 :: default.dbj running.
[10/05/26 08:41:10] D2BS 6216: Loaded ÿc9[X.nip] [Y.nip] [Z.nip] [V.nip] [P.CONV.nip]
[10/05/26 08:41:10] D2BS 6216: Loaded ÿc9[P.CONV.js]
[10/05/26 08:41:10] D2BS 6216: equipped: [Head] 12
[10/05/26 08:41:10] D2BS 6216: equipped: [Neck] 13
[10/05/26 08:41:10] D2BS 6216: equipped: [Body] 20
[10/05/26 08:41:10] D2BS 6216: equipped: [ArmR] 17
[10/05/26 08:41:10] D2BS 6216: equipped: [ArmL] 28
[10/05/26 08:41:10] D2BS 6216: equipped: [RingR] 14
[10/05/26 08:41:10] D2BS 6216: equipped: [RingL] 15
[10/05/26 08:41:10] D2BS 6216: equipped: [Belt] 19
[10/05/26 08:41:10] D2BS 6216: equipped: [Boots] 13
[10/05/26 08:41:10] D2BS 6216: equipped: [Mitts] 14
[10/05/26 08:41:10] D2BS 6216: updateStat
[10/05/26 08:41:10] D2BS 6216: granted: [Head] 13
[10/05/26 08:41:10] D2BS 6216: granted: [Body] 21
[10/05/26 08:41:11] D2BS 6216: granted: [ArmR] 20
[10/05/26 08:41:11] D2BS 6216: Loaded ÿc9[AutoSmurf.js]
[10/05/26 08:41:12] D2BS 6216: MiniShopBot: true
[10/05/26 08:41:12] D2BS 6216: farmingON
[10/05/26 08:41:12] D2BS 6216: UseMerc: true HP: 70
[10/05/26 08:41:24] D2BS 6216: Merc matched: Holy Freeze
[10/05/26 08:41:36] D2BS 6216: Token needed
[10/05/26 08:41:40] D2BS 6216: act5+ BO
[10/05/26 08:41:52] D2BS 6216: ÿc4=== [BAAL] ===
[10/05/26 08:42:09] D2BS 6216: Baal failed: souls found
[10/05/26 08:42:09] D2BS 6216: ÿc4=== [COUNTESS] ===
[10/05/26 08:43:52] D2BS 6216: ÿc4=== [PIT] ===
[10/05/26 08:45:36] D2BS 6216: ÿc4=== [ANDY] ===
[10/05/26 08:46:33] D2BS 6216: ÿc4=== [MEPHISTO] ===
[10/05/26 08:48:18] D2BS 6216: ÿc4=== [DIABLO] ===
[10/05/26 08:54:11] D2BS 6216: Script ended
[10/05/26 08:54:11] D2BS 6216:  [13:02] +18.93% / [Level 84] 51.00%
[10/05/26 08:54:11] D2BS 6216: Script threads\autobuildthread.js ended
[10/05/26 08:54:11] D2BS 6216: Script threads\partythread.js ended
[10/05/26 08:54:12] D2BS 6216: Script threads\townchicken.js ended
[10/05/26 08:54:25] D2BS 6216: joining game pz-108
[10/05/26 08:54:27] D2BS 6216: ÿc2D2BSÿc0 :: Starting default.dbj
[10/05/26 08:54:27] D2BS 6216: ÿc2D2BSÿc0 :: default.dbj running.
[10/05/26 08:54:27] D2BS 6216: Loaded ÿc9[X.nip] [Y.nip] [Z.nip] [V.nip] [P.CONV.nip]
[10/05/26 08:54:27] D2BS 6216: Loaded ÿc9[P.CONV.js]
[10/05/26 08:54:27] D2BS 6216: equipped: [Head] 12
[10/05/26 08:54:27] D2BS 6216: equipped: [Neck] 13
[10/05/26 08:54:27] D2BS 6216: equipped: [Body] 20
[10/05/26 08:54:27] D2BS 6216: equipped: [ArmR] 17
[10/05/26 08:54:27] D2BS 6216: equipped: [ArmL] 28
[10/05/26 08:54:28] D2BS 6216: equipped: [RingR] 14
[10/05/26 08:54:28] D2BS 6216: equipped: [RingL] 15
[10/05/26 08:54:28] D2BS 6216: equipped: [Belt] 19
[10/05/26 08:54:28] D2BS 6216: equipped: [Boots] 13
[10/05/26 08:54:28] D2BS 6216: equipped: [Mitts] 14
[10/05/26 08:54:28] D2BS 6216: updateStat
[10/05/26 08:54:28] D2BS 6216: granted: [Head] 13
[10/05/26 08:54:28] D2BS 6216: granted: [Body] 21
[10/05/26 08:54:28] D2BS 6216: granted: [ArmR] 20
[10/05/26 08:54:28] D2BS 6216: Loaded ÿc9[AutoSmurf.js]
[10/05/26 08:54:34] D2BS 6216: farmingON
[10/05/26 08:54:34] D2BS 6216: MiniShopBot: true
[10/05/26 08:54:34] D2BS 6216: UseMerc: true HP: 70
[10/05/26 08:54:52] D2BS 6216: Merc matched: Holy Freeze
[10/05/26 08:55:11] D2BS 6216: Token needed
[10/05/26 08:55:15] D2BS 6216: act5+ BO
[10/05/26 08:55:28] D2BS 6216: ÿc4=== [BAAL] ===
[10/05/26 08:55:41] D2BS 6216: Baal failed: souls found
[10/05/26 08:55:41] D2BS 6216: ÿc4=== [COUNTESS] ===
[10/05/26 08:56:43] D2BS 6216: ÿc4=== [PIT] ===
[10/05/26 08:58:10] D2BS 6216: ÿc4=== [ANDY] ===
[10/05/26 08:58:20] D2BS 6216: equipped: [Neck] 15
[10/05/26 08:58:58] D2BS 6216: ÿc4=== [MEPHISTO] ===
[10/05/26 09:00:38] D2BS 6216: ÿc4=== [DIABLO] ===
[10/05/26 09:03:11] D2BS 6216: party has left: fowo-xa
[10/05/26 09:03:11] D2BS 6216:  [08:44] +9.31% / [Level 84] 60.32%
[10/05/26 09:03:11] D2BS 6216: Script threads\autobuildthread.js ended
[10/05/26 09:03:11] D2BS 6216: Script threads\partythread.js ended
[10/05/26 09:03:11] D2BS 6216: Script threads\townchicken.js ended
[10/05/26 09:03:11] D2BS 6216: Script default.dbj ended
[10/05/26 09:03:26] D2BS 6216: joining game pz-109
[10/05/26 09:03:28] D2BS 6216: ÿc2D2BSÿc0 :: Starting default.dbj
[10/05/26 09:03:28] D2BS 6216: ÿc2D2BSÿc0 :: default.dbj running.
[10/05/26 09:03:29] D2BS 6216: Loaded ÿc9[X.nip] [Y.nip] [Z.nip] [V.nip] [P.CONV.nip]
[10/05/26 09:03:29] D2BS 6216: Loaded ÿc9[P.CONV.js]
[10/05/26 09:03:29] D2BS 6216: equipped: [Head] 12
[10/05/26 09:03:29] D2BS 6216: equipped: [Neck] 15
[10/05/26 09:03:29] D2BS 6216: equipped: [Body] 20
[10/05/26 09:03:29] D2BS 6216: equipped: [ArmR] 17
[10/05/26 09:03:29] D2BS 6216: equipped: [ArmL] 28
[10/05/26 09:03:29] D2BS 6216: equipped: [RingR] 14
[10/05/26 09:03:29] D2BS 6216: equipped: [RingL] 15
[10/05/26 09:03:29] D2BS 6216: equipped: [Belt] 19
[10/05/26 09:03:29] D2BS 6216: equipped: [Boots] 13
[10/05/26 09:03:29] D2BS 6216: equipped: [Mitts] 14
[10/05/26 09:03:29] D2BS 6216: updateStat
[10/05/26 09:03:29] D2BS 6216: granted: [Head] 13
[10/05/26 09:03:29] D2BS 6216: granted: [Body] 21
[10/05/26 09:03:29] D2BS 6216: granted: [ArmR] 20
[10/05/26 09:03:29] D2BS 6216: Loaded ÿc9[AutoSmurf.js]
[10/05/26 09:03:32] D2BS 6216: MiniShopBot: true
[10/05/26 09:03:33] D2BS 6216: farmingON
[10/05/26 09:03:33] D2BS 6216: UseMerc: true HP: 70
[10/05/26 09:03:54] D2BS 6216: Merc matched: Holy Freeze
[10/05/26 09:04:06] D2BS 6216: Token needed
[10/05/26 09:04:10] D2BS 6216: act5+ BO
[10/05/26 09:04:24] D2BS 6216: ÿc4=== [BAAL] ===
[10/05/26 09:08:12] D2BS 6216: ÿc4=== [COUNTESS] ===
[10/05/26 09:09:46] D2BS 6216: ÿc4=== [PIT] ===
[10/05/26 09:11:48] D2BS 6216: ÿc4=== [ANDY] ===
[10/05/26 09:12:37] D2BS 6216: ÿc4=== [MEPHISTO] ===
[10/05/26 09:14:19] D2BS 6216: ÿc4=== [DIABLO] ===
[10/05/26 09:19:18] D2BS 6216: updateStat
[10/05/26 09:19:52] D2BS 6216: Going to town
[10/05/26 09:20:48] D2BS 6216: Script ended
[10/05/26 09:20:48] D2BS 6216:  [17:19] +34.20% / [Level 84] 94.51%
[10/05/26 09:20:48] D2BS 6216: Script threads\autobuildthread.js ended
[10/05/26 09:20:48] D2BS 6216: Script threads\partythread.js ended
[10/05/26 09:20:48] D2BS 6216: Script threads\townchicken.js ended
[10/05/26 09:21:00] D2BS 6216: joining game pz-110
[10/05/26 09:21:02] D2BS 6216: ÿc2D2BSÿc0 :: Starting default.dbj
[10/05/26 09:21:02] D2BS 6216: ÿc2D2BSÿc0 :: default.dbj running.
[10/05/26 09:21:03] D2BS 6216: Loaded ÿc9[X.nip] [Y.nip] [Z.nip] [V.nip] [P.CONV.nip]
[10/05/26 09:21:03] D2BS 6216: Loaded ÿc9[P.CONV.js]
[10/05/26 09:21:03] D2BS 6216: equipped: [Head] 12
[10/05/26 09:21:03] D2BS 6216: equipped: [Neck] 15
[10/05/26 09:21:03] D2BS 6216: equipped: [Body] 20
[10/05/26 09:21:03] D2BS 6216: equipped: [ArmR] 17
[10/05/26 09:21:03] D2BS 6216: equipped: [ArmL] 28
[10/05/26 09:21:03] D2BS 6216: equipped: [RingR] 14
[10/05/26 09:21:03] D2BS 6216: equipped: [RingL] 15
[10/05/26 09:21:03] D2BS 6216: equipped: [Belt] 19
[10/05/26 09:21:03] D2BS 6216: equipped: [Boots] 13
[10/05/26 09:21:03] D2BS 6216: equipped: [Mitts] 14
[10/05/26 09:21:03] D2BS 6216: updateStat
[10/05/26 09:21:03] D2BS 6216: granted: [Head] 13
[10/05/26 09:21:03] D2BS 6216: granted: [Body] 21
[10/05/26 09:21:03] D2BS 6216: granted: [ArmR] 20
[10/05/26 09:21:03] D2BS 6216: Loaded ÿc9[AutoSmurf.js]
[10/05/26 09:21:08] D2BS 6216: farmingON
[10/05/26 09:21:10] D2BS 6216: MiniShopBot: true
[10/05/26 09:21:10] D2BS 6216: UseMerc: true HP: 70
[10/05/26 09:21:29] D2BS 6216: Merc matched: Holy Freeze
[10/05/26 09:21:41] D2BS 6216: Token needed
[10/05/26 09:21:45] D2BS 6216: act5+ BO
[10/05/26 09:22:00] D2BS 6216: ÿc4=== [BAAL] ===
[10/05/26 09:22:07] D2BS 6216: party has left: fowo-xa
[10/05/26 09:22:07] D2BS 6216: no exp [01:05]
[10/05/26 09:22:07] D2BS 6216: Script threads\autobuildthread.js ended
[10/05/26 09:22:07] D2BS 6216: Script threads\partythread.js ended
[10/05/26 09:22:07] D2BS 6216: Script threads\townchicken.js ended
[10/05/26 09:22:07] D2BS 6216: Script default.dbj ended
[10/05/26 09:22:19] D2BS 6216: joining game pz-111
[10/05/26 09:22:21] D2BS 6216: ÿc2D2BSÿc0 :: Starting default.dbj
[10/05/26 09:22:21] D2BS 6216: ÿc2D2BSÿc0 :: default.dbj running.
[10/05/26 09:22:21] D2BS 6216: Loaded ÿc9[X.nip] [Y.nip] [Z.nip] [V.nip] [P.CONV.nip]
[10/05/26 09:22:21] D2BS 6216: Loaded ÿc9[P.CONV.js]
[10/05/26 09:22:22] D2BS 6216: equipped: [Head] 12
[10/05/26 09:22:22] D2BS 6216: equipped: [Neck] 15
[10/05/26 09:22:22] D2BS 6216: equipped: [Body] 20
[10/05/26 09:22:22] D2BS 6216: equipped: [ArmR] 17
[10/05/26 09:22:22] D2BS 6216: equipped: [ArmL] 28
[10/05/26 09:22:22] D2BS 6216: equipped: [RingR] 14
[10/05/26 09:22:22] D2BS 6216: equipped: [RingL] 15
[10/05/26 09:22:22] D2BS 6216: equipped: [Belt] 19
[10/05/26 09:22:22] D2BS 6216: equipped: [Boots] 13
[10/05/26 09:22:22] D2BS 6216: equipped: [Mitts] 14
[10/05/26 09:22:22] D2BS 6216: updateStat
[10/05/26 09:22:22] D2BS 6216: granted: [Head] 13
[10/05/26 09:22:22] D2BS 6216: granted: [Body] 21
[10/05/26 09:22:22] D2BS 6216: granted: [ArmR] 20
[10/05/26 09:22:22] D2BS 6216: Loaded ÿc9[AutoSmurf.js]
[10/05/26 09:22:24] D2BS 6216: MiniShopBot: true
[10/05/26 09:22:24] D2BS 6216: farmingON
[10/05/26 09:22:24] D2BS 6216: UseMerc: true HP: 70
[10/05/26 09:22:40] D2BS 6216: Merc matched: Holy Freeze
[10/05/26 09:22:48] D2BS 6216: Token needed
[10/05/26 09:22:52] D2BS 6216: act5+ BO
[10/05/26 09:23:04] D2BS 6216: ÿc4=== [BAAL] ===
[10/05/26 09:23:13] D2BS 6216: party has left: fowo-xa
[10/05/26 09:23:13] D2BS 6216: no exp [00:52]
[10/05/26 09:23:13] D2BS 6216: Script threads\autobuildthread.js ended
[10/05/26 09:23:14] D2BS 6216: Script threads\partythread.js ended
[10/05/26 09:23:14] D2BS 6216: Script threads\townchicken.js ended
[10/05/26 09:23:14] D2BS 6216: Script default.dbj ended
[10/05/26 09:23:29] D2BS 6216: joining game pz-112
[10/05/26 09:23:30] D2BS 6216: ÿc2D2BSÿc0 :: Starting default.dbj
[10/05/26 09:23:30] D2BS 6216: ÿc2D2BSÿc0 :: default.dbj running.
[10/05/26 09:23:31] D2BS 6216: Loaded ÿc9[X.nip] [Y.nip] [Z.nip] [V.nip] [P.CONV.nip]
[10/05/26 09:23:31] D2BS 6216: Loaded ÿc9[P.CONV.js]
[10/05/26 09:23:31] D2BS 6216: equipped: [Head] 12
[10/05/26 09:23:31] D2BS 6216: equipped: [Neck] 15
[10/05/26 09:23:31] D2BS 6216: equipped: [Body] 20
[10/05/26 09:23:31] D2BS 6216: equipped: [ArmR] 17
[10/05/26 09:23:31] D2BS 6216: equipped: [ArmL] 28
[10/05/26 09:23:31] D2BS 6216: equipped: [RingR] 14
[10/05/26 09:23:31] D2BS 6216: equipped: [RingL] 15
[10/05/26 09:23:31] D2BS 6216: equipped: [Belt] 19
[10/05/26 09:23:31] D2BS 6216: equipped: [Boots] 13
[10/05/26 09:23:31] D2BS 6216: equipped: [Mitts] 14
[10/05/26 09:23:31] D2BS 6216: updateStat
[10/05/26 09:23:31] D2BS 6216: granted: [Head] 13
[10/05/26 09:23:31] D2BS 6216: granted: [Body] 21
[10/05/26 09:23:31] D2BS 6216: granted: [ArmR] 20
[10/05/26 09:23:32] D2BS 6216: Loaded ÿc9[AutoSmurf.js]
[10/05/26 09:23:33] D2BS 6216: MiniShopBot: true
[10/05/26 09:23:34] D2BS 6216: farmingON
[10/05/26 09:23:34] D2BS 6216: UseMerc: true HP: 70
[10/05/26 09:23:44] D2BS 6216: Merc matched: Holy Freeze
[10/05/26 09:23:59] D2BS 6216: Token needed
[10/05/26 09:24:03] D2BS 6216: act5+ BO
[10/05/26 09:24:16] D2BS 6216: ÿc4=== [BAAL] ===
[10/05/26 09:25:12] D2BS 6216: Going to town
[10/05/26 09:27:38] D2BS 6216: ÿc4=== [COUNTESS] ===
[10/05/26 09:28:55] D2BS 6216: ÿc4=== [PIT] ===
[10/05/26 09:30:36] D2BS 6216: ÿc4=== [ANDY] ===
[10/05/26 09:31:50] D2BS 6216: ÿc4=== [MEPHISTO] ===
[10/05/26 09:33:01] D2BS 6216: ÿc4=== [DIABLO] ===
[10/05/26 09:41:04] D2BS 6216: party has left: fowo-xa
[10/05/26 09:41:04] D2BS 6216:  [17:34] +22.83% / [Level 85] 17.80%
[10/05/26 09:41:04] D2BS 6216: Script threads\autobuildthread.js ended
[10/05/26 09:41:04] D2BS 6216: Script threads\partythread.js ended
[10/05/26 09:41:04] D2BS 6216: Script threads\townchicken.js ended
[10/05/26 09:41:04] D2BS 6216: Script default.dbj ended
[10/05/26 09:41:16] D2BS 6216: joining game pz-113
[10/05/26 09:41:18] D2BS 6216: ÿc2D2BSÿc0 :: Starting default.dbj
[10/05/26 09:41:18] D2BS 6216: ÿc2D2BSÿc0 :: default.dbj running.
[10/05/26 09:41:18] D2BS 6216: Loaded ÿc9[X.nip] [Y.nip] [Z.nip] [V.nip] [P.CONV.nip]
[10/05/26 09:41:18] D2BS 6216: Loaded ÿc9[P.CONV.js]
[10/05/26 09:41:18] D2BS 6216: equipped: [Head] 12
[10/05/26 09:41:18] D2BS 6216: equipped: [Neck] 15
[10/05/26 09:41:18] D2BS 6216: equipped: [Body] 20
[10/05/26 09:41:18] D2BS 6216: equipped: [ArmR] 17
[10/05/26 09:41:18] D2BS 6216: equipped: [ArmL] 28
[10/05/26 09:41:18] D2BS 6216: equipped: [RingR] 14
[10/05/26 09:41:18] D2BS 6216: equipped: [RingL] 15
[10/05/26 09:41:18] D2BS 6216: equipped: [Belt] 19
[10/05/26 09:41:18] D2BS 6216: equipped: [Boots] 13
[10/05/26 09:41:18] D2BS 6216: equipped: [Mitts] 14
[10/05/26 09:41:18] D2BS 6216: updateStat
[10/05/26 09:41:18] D2BS 6216: granted: [Head] 13
[10/05/26 09:41:18] D2BS 6216: granted: [Body] 21
[10/05/26 09:41:18] D2BS 6216: granted: [ArmR] 20
[10/05/26 09:41:18] D2BS 6216: Loaded ÿc9[AutoSmurf.js]
[10/05/26 09:41:22] D2BS 6216: farmingON
[10/05/26 09:41:23] D2BS 6216: MiniShopBot: true
[10/05/26 09:41:23] D2BS 6216: UseMerc: true HP: 70
[10/05/26 09:41:40] D2BS 6216: Merc matched: Holy Freeze
[10/05/26 09:41:58] D2BS 6216: Token needed
[10/05/26 09:42:02] D2BS 6216: act5+ BO
[10/05/26 09:42:17] D2BS 6216: ÿc4=== [BAAL] ===
[10/05/26 09:46:12] D2BS 6216: ÿc4=== [COUNTESS] ===
[10/05/26 09:46:20] D2BS 6216: equipped: [Head] 13
[10/05/26 09:47:35] D2BS 6216: ÿc4=== [PIT] ===
[10/05/26 09:49:19] D2BS 6216: ÿc4=== [ANDY] ===
[10/05/26 09:50:36] D2BS 6216: ÿc4=== [MEPHISTO] ===
[10/05/26 09:52:02] D2BS 6216: ÿc4=== [DIABLO] ===
[10/05/26 09:53:42] D2BS 6216: updateStat
[10/05/26 09:54:09] D2BS 6216: Going to town
[10/05/26 09:59:47] D2BS 6216: party has left: fowo-xb
[10/05/26 09:59:48] D2BS 6216:  [18:30] +22.02% / [Level 85] 39.82%
[10/05/26 09:59:48] D2BS 6216: Script threads\autobuildthread.js ended
[10/05/26 09:59:48] D2BS 6216: Script threads\partythread.js ended
[10/05/26 09:59:48] D2BS 6216: Script threads\townchicken.js ended
[10/05/26 09:59:48] D2BS 6216: Script default.dbj ended
[10/05/26 10:00:00] D2BS 6216: joining game pz-114
[10/05/26 10:00:03] D2BS 6216: ÿc2D2BSÿc0 :: Starting default.dbj
[10/05/26 10:00:03] D2BS 6216: ÿc2D2BSÿc0 :: default.dbj running.
[10/05/26 10:00:03] D2BS 6216: Loaded ÿc9[X.nip] [Y.nip] [Z.nip] [V.nip] [P.CONV.nip]
[10/05/26 10:00:03] D2BS 6216: Loaded ÿc9[P.CONV.js]
[10/05/26 10:00:03] D2BS 6216: equipped: [Head] 13
[10/05/26 10:00:03] D2BS 6216: equipped: [Neck] 15
[10/05/26 10:00:03] D2BS 6216: equipped: [Body] 20
[10/05/26 10:00:03] D2BS 6216: equipped: [ArmR] 17
[10/05/26 10:00:03] D2BS 6216: equipped: [ArmL] 28
[10/05/26 10:00:03] D2BS 6216: equipped: [RingR] 14
[10/05/26 10:00:03] D2BS 6216: equipped: [RingL] 15
[10/05/26 10:00:03] D2BS 6216: equipped: [Belt] 19
[10/05/26 10:00:03] D2BS 6216: equipped: [Boots] 13
[10/05/26 10:00:03] D2BS 6216: equipped: [Mitts] 14
[10/05/26 10:00:03] D2BS 6216: updateStat
[10/05/26 10:00:03] D2BS 6216: granted: [Head] 13
[10/05/26 10:00:03] D2BS 6216: granted: [Body] 21
[10/05/26 10:00:03] D2BS 6216: granted: [ArmR] 20
[10/05/26 10:00:03] D2BS 6216: Loaded ÿc9[AutoSmurf.js]
[10/05/26 10:00:07] D2BS 6216: farmingON
[10/05/26 10:00:09] D2BS 6216: MiniShopBot: true
[10/05/26 10:00:09] D2BS 6216: UseMerc: true HP: 70
[10/05/26 10:00:32] D2BS 6216: Merc matched: Holy Freeze
[10/05/26 10:00:38] D2BS 6216: Token needed
[10/05/26 10:00:42] D2BS 6216: act5+ BO
[10/05/26 10:00:56] D2BS 6216: ÿc4=== [BAAL] ===
[10/05/26 10:01:11] D2BS 6216: Baal failed: souls found
[10/05/26 10:01:11] D2BS 6216: ÿc4=== [COUNTESS] ===
[10/05/26 10:02:20] D2BS 6216: ÿc4=== [PIT] ===
[10/05/26 10:04:40] D2BS 6216: ÿc4=== [ANDY] ===
[10/05/26 10:05:33] D2BS 6216: ÿc4=== [MEPHISTO] ===
[10/05/26 10:06:47] D2BS 6216: ÿc4=== [DIABLO] ===
[10/05/26 10:10:05] D2BS 6216: Going to town
[10/05/26 10:13:05] D2BS 6216: party has left: fowo-xa
[10/05/26 10:13:05] D2BS 6216:  [13:03] +12.06% / [Level 85] 51.88%
[10/05/26 10:13:05] D2BS 6216: Script threads\autobuildthread.js ended
[10/05/26 10:13:05] D2BS 6216: Script threads\partythread.js ended
[10/05/26 10:13:05] D2BS 6216: Script threads\townchicken.js ended
[10/05/26 10:13:05] D2BS 6216: Script default.dbj ended
[10/05/26 10:13:17] D2BS 6216: joining game pz-115
[10/05/26 10:13:19] D2BS 6216: ÿc2D2BSÿc0 :: Starting default.dbj
[10/05/26 10:13:19] D2BS 6216: ÿc2D2BSÿc0 :: default.dbj running.
[10/05/26 10:13:19] D2BS 6216: Loaded ÿc9[X.nip] [Y.nip] [Z.nip] [V.nip] [P.CONV.nip]
[10/05/26 10:13:19] D2BS 6216: Loaded ÿc9[P.CONV.js]
[10/05/26 10:13:19] D2BS 6216: equipped: [Head] 13
[10/05/26 10:13:19] D2BS 6216: equipped: [Neck] 15
[10/05/26 10:13:19] D2BS 6216: equipped: [Body] 20
[10/05/26 10:13:19] D2BS 6216: equipped: [ArmR] 17
[10/05/26 10:13:19] D2BS 6216: equipped: [ArmL] 28
[10/05/26 10:13:19] D2BS 6216: equipped: [RingR] 14
[10/05/26 10:13:20] D2BS 6216: equipped: [RingL] 15
[10/05/26 10:13:20] D2BS 6216: equipped: [Belt] 19
[10/05/26 10:13:20] D2BS 6216: equipped: [Boots] 13
[10/05/26 10:13:20] D2BS 6216: equipped: [Mitts] 14
[10/05/26 10:13:20] D2BS 6216: Loaded ÿc9[AutoSmurf.js]
[10/05/26 10:13:23] D2BS 6216: MiniShopBot: true
[10/05/26 10:13:24] D2BS 6216: farmingON
[10/05/26 10:13:24] D2BS 6216: UseMerc: true HP: 70
[10/05/26 10:13:38] D2BS 6216: Merc matched: Holy Freeze
[10/05/26 10:13:54] D2BS 6216: Token needed
[10/05/26 10:13:58] D2BS 6216: act5+ BO
[10/05/26 10:14:01] D2BS 6216: updateStat
[10/05/26 10:14:12] D2BS 6216: ÿc4=== [BAAL] ===
[10/05/26 10:18:00] D2BS 6216: ÿc4=== [COUNTESS] ===
[10/05/26 10:19:17] D2BS 6216: ÿc4=== [PIT] ===
[10/05/26 10:20:59] D2BS 6216: ÿc4=== [ANDY] ===
[10/05/26 10:21:56] D2BS 6216: ÿc4=== [MEPHISTO] ===
[10/05/26 10:23:18] D2BS 6216: ÿc4=== [DIABLO] ===
[10/05/26 10:29:54] D2BS 6216: Script ended
[10/05/26 10:29:54] D2BS 6216:  [16:35] +22.74% / [Level 85] 74.62%
[10/05/26 10:29:54] D2BS 6216: Script threads\autobuildthread.js ended
[10/05/26 10:29:54] D2BS 6216: Script threads\partythread.js ended
[10/05/26 10:29:55] D2BS 6216: Script threads\townchicken.js ended
[10/05/26 10:30:09] D2BS 6216: joining game pz-116
[10/05/26 10:30:10] D2BS 6216: ÿc2D2BSÿc0 :: Starting default.dbj
[10/05/26 10:30:10] D2BS 6216: ÿc2D2BSÿc0 :: default.dbj running.
[10/05/26 10:30:11] D2BS 6216: Loaded ÿc9[X.nip] [Y.nip] [Z.nip] [V.nip] [P.CONV.nip]
[10/05/26 10:30:11] D2BS 6216: Loaded ÿc9[P.CONV.js]
[10/05/26 10:30:11] D2BS 6216: equipped: [Head] 13
[10/05/26 10:30:11] D2BS 6216: equipped: [Neck] 15
[10/05/26 10:30:11] D2BS 6216: equipped: [Body] 20
[10/05/26 10:30:11] D2BS 6216: equipped: [ArmR] 17
[10/05/26 10:30:11] D2BS 6216: equipped: [ArmL] 28
[10/05/26 10:30:11] D2BS 6216: equipped: [RingR] 14
[10/05/26 10:30:11] D2BS 6216: equipped: [RingL] 15
[10/05/26 10:30:11] D2BS 6216: equipped: [Belt] 19
[10/05/26 10:30:11] D2BS 6216: equipped: [Boots] 13
[10/05/26 10:30:11] D2BS 6216: equipped: [Mitts] 14
[10/05/26 10:30:11] D2BS 6216: updateStat
[10/05/26 10:30:11] D2BS 6216: granted: [Head] 13
[10/05/26 10:30:11] D2BS 6216: granted: [Body] 21
[10/05/26 10:30:11] D2BS 6216: granted: [ArmR] 20
[10/05/26 10:30:11] D2BS 6216: Loaded ÿc9[AutoSmurf.js]
[10/05/26 10:30:16] D2BS 6216: farmingON
[10/05/26 10:30:17] D2BS 6216: MiniShopBot: true
[10/05/26 10:30:17] D2BS 6216: UseMerc: true HP: 70
[10/05/26 10:30:37] D2BS 6216: equipped: [Head] 22
[10/05/26 10:30:40] D2BS 6216: Merc matched: Holy Freeze
[10/05/26 10:30:47] D2BS 6216: Token needed
[10/05/26 10:30:51] D2BS 6216: act5+ BO
[10/05/26 10:31:05] D2BS 6216: ÿc4=== [BAAL] ===
[10/05/26 10:31:49] D2BS 6216: updateStat
[10/05/26 10:31:55] D2BS 6216: Going to town
[10/05/26 10:32:54] D2BS 6216: Going to town
[10/05/26 10:34:52] D2BS 6216: ÿc4=== [COUNTESS] ===
[10/05/26 10:36:12] D2BS 6216: ÿc4=== [PIT] ===
[10/05/26 10:38:05] D2BS 6216: ÿc4=== [ANDY] ===
[10/05/26 10:38:59] D2BS 6216: ÿc4=== [MEPHISTO] ===
[10/05/26 10:40:09] D2BS 6216: ÿc4=== [DIABLO] ===
[10/05/26 10:40:24] D2BS 6216: granted: [Head] 14
[10/05/26 10:43:11] D2BS 6216: party has left: fowo-xf
[10/05/26 10:43:11] D2BS 6216:  [13:00] +19.16% / [Level 85] 93.78%
[10/05/26 10:43:11] D2BS 6216: Script threads\autobuildthread.js ended
[10/05/26 10:43:11] D2BS 6216: Script threads\partythread.js ended
[10/05/26 10:43:11] D2BS 6216: Script threads\townchicken.js ended
[10/05/26 10:43:11] D2BS 6216: Script default.dbj ended
[10/05/26 10:43:24] D2BS 6216: joining game pz-117
[10/05/26 10:43:26] D2BS 6216: ÿc2D2BSÿc0 :: Starting default.dbj
[10/05/26 10:43:26] D2BS 6216: ÿc2D2BSÿc0 :: default.dbj running.
[10/05/26 10:43:26] D2BS 6216: Loaded ÿc9[X.nip] [Y.nip] [Z.nip] [V.nip] [P.CONV.nip]
[10/05/26 10:43:26] D2BS 6216: Loaded ÿc9[P.CONV.js]
[10/05/26 10:43:26] D2BS 6216: equipped: [Head] 22
[10/05/26 10:43:26] D2BS 6216: equipped: [Neck] 15
[10/05/26 10:43:26] D2BS 6216: equipped: [Body] 20
[10/05/26 10:43:26] D2BS 6216: equipped: [ArmR] 17
[10/05/26 10:43:26] D2BS 6216: equipped: [ArmL] 28
[10/05/26 10:43:26] D2BS 6216: equipped: [RingR] 14
[10/05/26 10:43:26] D2BS 6216: equipped: [RingL] 15
[10/05/26 10:43:26] D2BS 6216: equipped: [Belt] 19
[10/05/26 10:43:26] D2BS 6216: equipped: [Boots] 13
[10/05/26 10:43:26] D2BS 6216: equipped: [Mitts] 14
[10/05/26 10:43:26] D2BS 6216: updateStat
[10/05/26 10:43:26] D2BS 6216: granted: [Head] 14
[10/05/26 10:43:26] D2BS 6216: granted: [Body] 21
[10/05/26 10:43:26] D2BS 6216: granted: [ArmR] 20
[10/05/26 10:43:26] D2BS 6216: Loaded ÿc9[AutoSmurf.js]
[10/05/26 10:43:32] D2BS 6216: farmingON
[10/05/26 10:43:33] D2BS 6216: MiniShopBot: true
[10/05/26 10:43:33] D2BS 6216: UseMerc: true HP: 70
[10/05/26 10:43:51] D2BS 6216: Merc matched: Holy Freeze
[10/05/26 10:44:04] D2BS 6216: Token needed
[10/05/26 10:44:08] D2BS 6216: act5+ BO
[10/05/26 10:44:21] D2BS 6216: ÿc4=== [BAAL] ===
[10/05/26 10:48:17] D2BS 6216: ÿc4=== [COUNTESS] ===
[10/05/26 10:49:43] D2BS 6216: ÿc4=== [PIT] ===
[10/05/26 10:51:38] D2BS 6216: ÿc4=== [ANDY] ===
[10/05/26 10:52:52] D2BS 6216: ÿc4=== [MEPHISTO] ===
[10/05/26 10:54:11] D2BS 6216: ÿc4=== [DIABLO] ===
[10/05/26 11:00:17] D2BS 6216: party has left: fowo-xa
[10/05/26 11:00:17] D2BS 6216:  [16:52] +19.70% / [Level 86] 14.00%
[10/05/26 11:00:17] D2BS 6216: Script threads\autobuildthread.js ended
[10/05/26 11:00:17] D2BS 6216: Script threads\partythread.js ended
[10/05/26 11:00:18] D2BS 6216: Script threads\townchicken.js ended
[10/05/26 11:00:18] D2BS 6216: Script default.dbj ended
[10/05/26 11:00:30] D2BS 6216: joining game pz-118
[10/05/26 11:00:33] D2BS 6216: ÿc2D2BSÿc0 :: Starting default.dbj
[10/05/26 11:00:33] D2BS 6216: ÿc2D2BSÿc0 :: default.dbj running.
[10/05/26 11:00:33] D2BS 6216: Loaded ÿc9[X.nip] [Y.nip] [Z.nip] [V.nip] [P.CONV.nip]
[10/05/26 11:00:33] D2BS 6216: Loaded ÿc9[P.CONV.js]
[10/05/26 11:00:33] D2BS 6216: equipped: [Head] 22
[10/05/26 11:00:33] D2BS 6216: equipped: [Neck] 15
[10/05/26 11:00:33] D2BS 6216: equipped: [Body] 20
[10/05/26 11:00:33] D2BS 6216: equipped: [ArmR] 17
[10/05/26 11:00:33] D2BS 6216: equipped: [ArmL] 28
[10/05/26 11:00:33] D2BS 6216: equipped: [RingR] 14
[10/05/26 11:00:33] D2BS 6216: equipped: [RingL] 15
[10/05/26 11:00:33] D2BS 6216: equipped: [Belt] 19
[10/05/26 11:00:33] D2BS 6216: equipped: [Boots] 13
[10/05/26 11:00:33] D2BS 6216: equipped: [Mitts] 14
[10/05/26 11:00:33] D2BS 6216: updateStat
[10/05/26 11:00:33] D2BS 6216: granted: [Head] 14
[10/05/26 11:00:33] D2BS 6216: granted: [Body] 21
[10/05/26 11:00:33] D2BS 6216: granted: [ArmR] 20
[10/05/26 11:00:34] D2BS 6216: Loaded ÿc9[AutoSmurf.js]
[10/05/26 11:00:37] D2BS 6216: MiniShopBot: true
[10/05/26 11:00:37] D2BS 6216: farmingON
[10/05/26 11:00:37] D2BS 6216: UseMerc: true HP: 70
[10/05/26 11:00:51] D2BS 6216: Merc matched: Holy Freeze
[10/05/26 11:01:12] D2BS 6216: Token needed
[10/05/26 11:01:16] D2BS 6216: act5+ BO
[10/05/26 11:01:30] D2BS 6216: ÿc4=== [BAAL] ===
[10/05/26 11:05:04] D2BS 6216: ÿc4=== [COUNTESS] ===
[10/05/26 11:06:07] D2BS 6216: ÿc4=== [PIT] ===
[10/05/26 11:07:17] D2BS 6216: updateStat
[10/05/26 11:07:40] D2BS 6216: ÿc4=== [ANDY] ===
[10/05/26 11:08:29] D2BS 6216: ÿc4=== [MEPHISTO] ===
[10/05/26 11:09:42] D2BS 6216: ÿc4=== [DIABLO] ===
[10/05/26 11:15:06] D2BS 6216: party has left: fowo-xb
[10/05/26 11:15:06] D2BS 6216:  [14:34] +16.93% / [Level 86] 30.93%
[10/05/26 11:15:06] D2BS 6216: Script threads\autobuildthread.js ended
[10/05/26 11:15:07] D2BS 6216: Script threads\partythread.js ended
[10/05/26 11:15:07] D2BS 6216: Script threads\townchicken.js ended
[10/05/26 11:15:07] D2BS 6216: Script default.dbj ended
[10/05/26 11:15:17] D2BS 6216: joining game pz-119
[10/05/26 11:15:19] D2BS 6216: ÿc2D2BSÿc0 :: Starting default.dbj
[10/05/26 11:15:19] D2BS 6216: ÿc2D2BSÿc0 :: default.dbj running.
[10/05/26 11:15:19] D2BS 6216: Loaded ÿc9[X.nip] [Y.nip] [Z.nip] [V.nip] [P.CONV.nip]
[10/05/26 11:15:19] D2BS 6216: Loaded ÿc9[P.CONV.js]
[10/05/26 11:15:19] D2BS 6216: equipped: [Head] 22
[10/05/26 11:15:19] D2BS 6216: equipped: [Neck] 15
[10/05/26 11:15:19] D2BS 6216: equipped: [Body] 20
[10/05/26 11:15:19] D2BS 6216: equipped: [ArmR] 17
[10/05/26 11:15:19] D2BS 6216: equipped: [ArmL] 28
[10/05/26 11:15:19] D2BS 6216: equipped: [RingR] 14
[10/05/26 11:15:19] D2BS 6216: equipped: [RingL] 15
[10/05/26 11:15:19] D2BS 6216: equipped: [Belt] 19
[10/05/26 11:15:19] D2BS 6216: equipped: [Boots] 13
[10/05/26 11:15:20] D2BS 6216: equipped: [Mitts] 14
[10/05/26 11:15:20] D2BS 6216: updateStat
[10/05/26 11:15:20] D2BS 6216: granted: [Head] 14
[10/05/26 11:15:20] D2BS 6216: granted: [Body] 21
[10/05/26 11:15:20] D2BS 6216: granted: [ArmR] 20
[10/05/26 11:15:20] D2BS 6216: Loaded ÿc9[AutoSmurf.js]
[10/05/26 11:15:25] D2BS 6216: MiniShopBot: true
[10/05/26 11:15:26] D2BS 6216: farmingON
[10/05/26 11:15:26] D2BS 6216: UseMerc: true HP: 70
[10/05/26 11:15:47] D2BS 6216: Merc matched: Holy Freeze
[10/05/26 11:16:03] D2BS 6216: Token needed
[10/05/26 11:16:07] D2BS 6216: act5+ BO
[10/05/26 11:16:20] D2BS 6216: ÿc4=== [BAAL] ===
[10/05/26 11:16:42] D2BS 6216: Baal failed: souls found
[10/05/26 11:16:42] D2BS 6216: ÿc4=== [COUNTESS] ===
[10/05/26 11:17:55] D2BS 6216: ÿc4=== [PIT] ===
[10/05/26 11:20:00] D2BS 6216: ÿc4=== [ANDY] ===
[10/05/26 11:21:17] D2BS 6216: ÿc4=== [MEPHISTO] ===
[10/05/26 11:22:27] D2BS 6216: ÿc4=== [DIABLO] ===
[10/05/26 11:28:43] D2BS 6216: party has left: fowo-xh
[10/05/26 11:28:43] D2BS 6216:  [13:25] +10.75% / [Level 86] 41.68%
[10/05/26 11:28:43] D2BS 6216: Script threads\autobuildthread.js ended
[10/05/26 11:28:43] D2BS 6216: Script threads\partythread.js ended
[10/05/26 11:28:43] D2BS 6216: Script threads\townchicken.js ended
[10/05/26 11:28:44] D2BS 6216: Script default.dbj ended
[10/05/26 11:28:57] D2BS 6216: joining game pz-120
[10/05/26 11:28:59] D2BS 6216: ÿc2D2BSÿc0 :: Starting default.dbj
[10/05/26 11:28:59] D2BS 6216: ÿc2D2BSÿc0 :: default.dbj running.
[10/05/26 11:28:59] D2BS 6216: Loaded ÿc9[X.nip] [Y.nip] [Z.nip] [V.nip] [P.CONV.nip]
[10/05/26 11:28:59] D2BS 6216: Loaded ÿc9[P.CONV.js]
[10/05/26 11:28:59] D2BS 6216: equipped: [Head] 22
[10/05/26 11:28:59] D2BS 6216: equipped: [Neck] 15
[10/05/26 11:28:59] D2BS 6216: equipped: [Body] 20
[10/05/26 11:28:59] D2BS 6216: equipped: [ArmR] 17
[10/05/26 11:28:59] D2BS 6216: equipped: [ArmL] 28
[10/05/26 11:28:59] D2BS 6216: equipped: [RingR] 14
[10/05/26 11:28:59] D2BS 6216: equipped: [RingL] 15
[10/05/26 11:28:59] D2BS 6216: equipped: [Belt] 19
[10/05/26 11:28:59] D2BS 6216: equipped: [Boots] 13
[10/05/26 11:28:59] D2BS 6216: equipped: [Mitts] 14
[10/05/26 11:28:59] D2BS 6216: updateStat
[10/05/26 11:28:59] D2BS 6216: granted: [Head] 14
[10/05/26 11:28:59] D2BS 6216: granted: [Body] 21
[10/05/26 11:28:59] D2BS 6216: granted: [ArmR] 20
[10/05/26 11:28:59] D2BS 6216: Loaded ÿc9[AutoSmurf.js]
[10/05/26 11:29:04] D2BS 6216: farmingON
[10/05/26 11:29:05] D2BS 6216: MiniShopBot: true
[10/05/26 11:29:05] D2BS 6216: UseMerc: true HP: 70
[10/05/26 11:29:24] D2BS 6216: Merc matched: Holy Freeze
[10/05/26 11:29:57] D2BS 6216: Token needed
[10/05/26 11:30:01] D2BS 6216: act5+ BO
[10/05/26 11:30:15] D2BS 6216: ÿc4=== [BAAL] ===
[10/05/26 11:33:52] D2BS 6216: ÿc4=== [COUNTESS] ===
[10/05/26 11:35:10] D2BS 6216: ÿc4=== [PIT] ===
[10/05/26 11:36:58] D2BS 6216: ÿc4=== [ANDY] ===
[10/05/26 11:37:56] D2BS 6216: ÿc4=== [MEPHISTO] ===
[10/05/26 11:39:15] D2BS 6216: ÿc4=== [DIABLO] ===
[10/05/26 11:42:27] D2BS 6216: updateStat
[10/05/26 11:42:34] D2BS 6216: Going to town
[10/05/26 11:43:03] D2BS 6216: Going to town
[10/05/26 11:45:51] D2BS 6216: party has left: fowo-xa
[10/05/26 11:45:51] D2BS 6216:  [16:53] +15.79% / [Level 86] 57.47%
[10/05/26 11:45:51] D2BS 6216: Script threads\autobuildthread.js ended
[10/05/26 11:45:51] D2BS 6216: Script threads\partythread.js ended
[10/05/26 11:45:51] D2BS 6216: Script threads\townchicken.js ended
[10/05/26 11:45:51] D2BS 6216: Script default.dbj ended
[10/05/26 11:46:05] D2BS 6216: joining game pz-121
[10/05/26 11:46:07] D2BS 6216: ÿc2D2BSÿc0 :: Starting default.dbj
[10/05/26 11:46:07] D2BS 6216: ÿc2D2BSÿc0 :: default.dbj running.
[10/05/26 11:46:07] D2BS 6216: Loaded ÿc9[X.nip] [Y.nip] [Z.nip] [V.nip] [P.CONV.nip]
[10/05/26 11:46:07] D2BS 6216: Loaded ÿc9[P.CONV.js]
[10/05/26 11:46:07] D2BS 6216: equipped: [Head] 22
[10/05/26 11:46:07] D2BS 6216: equipped: [Neck] 15
[10/05/26 11:46:07] D2BS 6216: equipped: [Body] 20
[10/05/26 11:46:07] D2BS 6216: equipped: [ArmR] 17
[10/05/26 11:46:07] D2BS 6216: equipped: [ArmL] 28
[10/05/26 11:46:07] D2BS 6216: equipped: [RingR] 14
[10/05/26 11:46:07] D2BS 6216: equipped: [RingL] 15
[10/05/26 11:46:07] D2BS 6216: equipped: [Belt] 19
[10/05/26 11:46:07] D2BS 6216: equipped: [Boots] 13
[10/05/26 11:46:07] D2BS 6216: equipped: [Mitts] 14
[10/05/26 11:46:07] D2BS 6216: updateStat
[10/05/26 11:46:07] D2BS 6216: granted: [Head] 14
[10/05/26 11:46:07] D2BS 6216: granted: [Body] 21
[10/05/26 11:46:07] D2BS 6216: granted: [ArmR] 20
[10/05/26 11:46:07] D2BS 6216: Loaded ÿc9[AutoSmurf.js]
[10/05/26 11:46:12] D2BS 6216: farmingON
[10/05/26 11:46:13] D2BS 6216: MiniShopBot: true
[10/05/26 11:46:13] D2BS 6216: UseMerc: true HP: 70
[10/05/26 11:46:29] D2BS 6216: Merc matched: Holy Freeze
[10/05/26 11:46:44] D2BS 6216: Token needed
[10/05/26 11:46:48] D2BS 6216: act5+ BO
[10/05/26 11:47:02] D2BS 6216: ÿc4=== [BAAL] ===
[10/05/26 11:47:13] D2BS 6216: Baal failed: souls found
[10/05/26 11:47:13] D2BS 6216: ÿc4=== [COUNTESS] ===
[10/05/26 11:48:52] D2BS 6216: Going to town
[10/05/26 11:49:15] D2BS 6216: ÿc4=== [PIT] ===
[10/05/26 11:50:04] D2BS 6216: ÿc4=== [ANDY] ===
[10/05/26 11:51:21] D2BS 6216: ÿc4=== [MEPHISTO] ===
[10/05/26 11:52:43] D2BS 6216: ÿc4=== [DIABLO] ===
[10/05/26 11:59:51] D2BS 6216: party has left: fowo-xf
[10/05/26 11:59:51] D2BS 6216:  [13:45] +7.45% / [Level 86] 64.92%
[10/05/26 11:59:51] D2BS 6216: Script threads\autobuildthread.js ended
[10/05/26 11:59:51] D2BS 6216: Script threads\partythread.js ended
[10/05/26 11:59:51] D2BS 6216: Script threads\townchicken.js ended
[10/05/26 11:59:51] D2BS 6216: Script default.dbj ended
[10/05/26 12:00:05] D2BS 6216: joining game pz-122
[10/05/26 12:00:07] D2BS 6216: ÿc2D2BSÿc0 :: Starting default.dbj
[10/05/26 12:00:07] D2BS 6216: ÿc2D2BSÿc0 :: default.dbj running.
[10/05/26 12:00:07] D2BS 6216: Loaded ÿc9[X.nip] [Y.nip] [Z.nip] [V.nip] [P.CONV.nip]
[10/05/26 12:00:07] D2BS 6216: Loaded ÿc9[P.CONV.js]
[10/05/26 12:00:07] D2BS 6216: equipped: [Head] 22
[10/05/26 12:00:07] D2BS 6216: equipped: [Neck] 15
[10/05/26 12:00:07] D2BS 6216: equipped: [Body] 20
[10/05/26 12:00:07] D2BS 6216: equipped: [ArmR] 17
[10/05/26 12:00:07] D2BS 6216: equipped: [ArmL] 28
[10/05/26 12:00:07] D2BS 6216: equipped: [RingR] 14
[10/05/26 12:00:08] D2BS 6216: equipped: [RingL] 15
[10/05/26 12:00:08] D2BS 6216: equipped: [Belt] 19
[10/05/26 12:00:08] D2BS 6216: equipped: [Boots] 13
[10/05/26 12:00:08] D2BS 6216: equipped: [Mitts] 14
[10/05/26 12:00:08] D2BS 6216: updateStat
[10/05/26 12:00:08] D2BS 6216: granted: [Head] 14
[10/05/26 12:00:08] D2BS 6216: granted: [Body] 21
[10/05/26 12:00:08] D2BS 6216: granted: [ArmR] 20
[10/05/26 12:00:08] D2BS 6216: Loaded ÿc9[AutoSmurf.js]
[10/05/26 12:00:13] D2BS 6216: farmingON
[10/05/26 12:00:15] D2BS 6216: MiniShopBot: true
[10/05/26 12:00:15] D2BS 6216: UseMerc: true HP: 70
[10/05/26 12:00:38] D2BS 6216: Merc matched: Holy Freeze
[10/05/26 12:00:49] D2BS 6216: Token needed
[10/05/26 12:00:53] D2BS 6216: act5+ BO
[10/05/26 12:01:07] D2BS 6216: ÿc4=== [BAAL] ===
[10/05/26 12:05:04] D2BS 6216: ÿc4=== [COUNTESS] ===
[10/05/26 12:06:33] D2BS 6216: ÿc4=== [PIT] ===
[10/05/26 12:08:12] D2BS 6216: ÿc4=== [ANDY] ===
[10/05/26 12:09:11] D2BS 6216: ÿc4=== [MEPHISTO] ===
[10/05/26 12:10:50] D2BS 6216: ÿc4=== [DIABLO] ===
[10/05/26 12:16:10] D2BS 6216: updateStat
[10/05/26 12:17:19] D2BS 6216: party has left: fowo-xa
[10/05/26 12:17:19] D2BS 6216:  [17:12] +16.56% / [Level 86] 81.48%
[10/05/26 12:17:19] D2BS 6216: Script threads\autobuildthread.js ended
[10/05/26 12:17:19] D2BS 6216: Script threads\partythread.js ended
[10/05/26 12:17:19] D2BS 6216: Script threads\townchicken.js ended
[10/05/26 12:17:19] D2BS 6216: Script default.dbj ended
[10/05/26 12:17:31] D2BS 6216: joining game pz-123
[10/05/26 12:17:33] D2BS 6216: ÿc2D2BSÿc0 :: Starting default.dbj
[10/05/26 12:17:33] D2BS 6216: ÿc2D2BSÿc0 :: default.dbj running.
[10/05/26 12:17:33] D2BS 6216: Loaded ÿc9[X.nip] [Y.nip] [Z.nip] [V.nip] [P.CONV.nip]
[10/05/26 12:17:34] D2BS 6216: Loaded ÿc9[P.CONV.js]
[10/05/26 12:17:34] D2BS 6216: equipped: [Head] 22
[10/05/26 12:17:34] D2BS 6216: equipped: [Neck] 15
[10/05/26 12:17:34] D2BS 6216: equipped: [Body] 20
[10/05/26 12:17:34] D2BS 6216: equipped: [ArmR] 17
[10/05/26 12:17:34] D2BS 6216: equipped: [ArmL] 28
[10/05/26 12:17:34] D2BS 6216: equipped: [RingR] 14
[10/05/26 12:17:34] D2BS 6216: equipped: [RingL] 15
[10/05/26 12:17:34] D2BS 6216: equipped: [Belt] 19
[10/05/26 12:17:34] D2BS 6216: equipped: [Boots] 13
[10/05/26 12:17:34] D2BS 6216: equipped: [Mitts] 14
[10/05/26 12:17:34] D2BS 6216: updateStat
[10/05/26 12:17:34] D2BS 6216: granted: [Head] 14
[10/05/26 12:17:34] D2BS 6216: granted: [Body] 21
[10/05/26 12:17:34] D2BS 6216: granted: [ArmR] 20
[10/05/26 12:17:34] D2BS 6216: Loaded ÿc9[AutoSmurf.js]
[10/05/26 12:17:40] D2BS 6216: farmingON
[10/05/26 12:17:41] D2BS 6216: MiniShopBot: true
[10/05/26 12:17:41] D2BS 6216: UseMerc: true HP: 70
[10/05/26 12:18:08] D2BS 6216: Merc matched: Holy Freeze
[10/05/26 12:18:15] D2BS 6216: Token needed
[10/05/26 12:18:18] D2BS 6216: act5+ BO
[10/05/26 12:18:31] D2BS 6216: ÿc4=== [BAAL] ===
[10/05/26 12:21:38] D2BS 6216: ÿc4=== [COUNTESS] ===
[10/05/26 12:22:53] D2BS 6216: ÿc4=== [PIT] ===
[10/05/26 12:24:21] D2BS 6216: ÿc4=== [ANDY] ===
[10/05/26 12:25:13] D2BS 6216: ÿc4=== [MEPHISTO] ===
[10/05/26 12:26:20] D2BS 6216: ÿc4=== [DIABLO] ===
[10/05/26 12:26:35] D2BS 6216: granted: [Head] 31
[10/05/26 12:32:02] D2BS 6216: party has left: fowo-xh
[10/05/26 12:32:02] D2BS 6216:  [14:29] +14.12% / [Level 86] 95.60%
[10/05/26 12:32:02] D2BS 6216: Script threads\autobuildthread.js ended
[10/05/26 12:32:02] D2BS 6216: Script threads\partythread.js ended
[10/05/26 12:32:02] D2BS 6216: Script threads\townchicken.js ended
[10/05/26 12:32:02] D2BS 6216: Script default.dbj ended
[10/05/26 12:32:15] D2BS 6216: joining game pz-124
[10/05/26 12:32:16] D2BS 6216: ÿc2D2BSÿc0 :: Starting default.dbj
[10/05/26 12:32:16] D2BS 6216: ÿc2D2BSÿc0 :: default.dbj running.
[10/05/26 12:32:17] D2BS 6216: Loaded ÿc9[X.nip] [Y.nip] [Z.nip] [V.nip] [P.CONV.nip]
[10/05/26 12:32:17] D2BS 6216: Loaded ÿc9[P.CONV.js]
[10/05/26 12:32:17] D2BS 6216: equipped: [Head] 22
[10/05/26 12:32:17] D2BS 6216: equipped: [Neck] 15
[10/05/26 12:32:18] D2BS 6216: equipped: [Body] 20
[10/05/26 12:32:18] D2BS 6216: equipped: [ArmR] 17
[10/05/26 12:32:18] D2BS 6216: equipped: [ArmL] 28
[10/05/26 12:32:18] D2BS 6216: equipped: [RingR] 14
[10/05/26 12:32:18] D2BS 6216: equipped: [RingL] 15
[10/05/26 12:32:18] D2BS 6216: equipped: [Belt] 19
[10/05/26 12:32:18] D2BS 6216: equipped: [Boots] 13
[10/05/26 12:32:18] D2BS 6216: equipped: [Mitts] 14
[10/05/26 12:32:18] D2BS 6216: updateStat
[10/05/26 12:32:18] D2BS 6216: granted: [Head] 31
[10/05/26 12:32:18] D2BS 6216: granted: [Body] 21
[10/05/26 12:32:18] D2BS 6216: granted: [ArmR] 20
[10/05/26 12:32:18] D2BS 6216: Loaded ÿc9[AutoSmurf.js]
[10/05/26 12:32:22] D2BS 6216: farmingON
[10/05/26 12:32:23] D2BS 6216: MiniShopBot: true
[10/05/26 12:32:23] D2BS 6216: UseMerc: true HP: 70
[10/05/26 12:32:47] D2BS 6216: Merc matched: Holy Freeze
[10/05/26 12:32:56] D2BS 6216: Token needed
[10/05/26 12:33:01] D2BS 6216: act5+ BO
[10/05/26 12:33:15] D2BS 6216: ÿc4=== [BAAL] ===
[10/05/26 12:36:41] D2BS 6216: ÿc4=== [COUNTESS] ===
[10/05/26 12:37:49] D2BS 6216: ÿc4=== [PIT] ===
[10/05/26 12:39:37] D2BS 6216: ÿc4=== [ANDY] ===
[10/05/26 12:40:32] D2BS 6216: ÿc4=== [MEPHISTO] ===
[10/05/26 12:41:40] D2BS 6216: ÿc4=== [DIABLO] ===
[10/05/26 12:46:35] D2BS 6216: party has left: fowo-xb
[10/05/26 12:46:35] D2BS 6216:  [14:18] +10.82% / [Level 87] 6.78%
[10/05/26 12:46:35] D2BS 6216: Script threads\autobuildthread.js ended
[10/05/26 12:46:35] D2BS 6216: Script threads\partythread.js ended
[10/05/26 12:46:35] D2BS 6216: Script threads\townchicken.js ended
[10/05/26 12:46:35] D2BS 6216: Script default.dbj ended
[10/05/26 12:46:47] D2BS 6216: joining game pz-125
[10/05/26 12:46:49] D2BS 6216: ÿc2D2BSÿc0 :: Starting default.dbj
[10/05/26 12:46:49] D2BS 6216: ÿc2D2BSÿc0 :: default.dbj running.
[10/05/26 12:46:50] D2BS 6216: Loaded ÿc9[X.nip] [Y.nip] [Z.nip] [V.nip] [P.CONV.nip]
[10/05/26 12:46:50] D2BS 6216: Loaded ÿc9[P.CONV.js]
[10/05/26 12:46:50] D2BS 6216: equipped: [Head] 22
[10/05/26 12:46:50] D2BS 6216: equipped: [Neck] 15
[10/05/26 12:46:50] D2BS 6216: equipped: [Body] 20
[10/05/26 12:46:50] D2BS 6216: equipped: [ArmR] 17
[10/05/26 12:46:50] D2BS 6216: equipped: [ArmL] 28
[10/05/26 12:46:50] D2BS 6216: equipped: [RingR] 14
[10/05/26 12:46:50] D2BS 6216: equipped: [RingL] 15
[10/05/26 12:46:50] D2BS 6216: equipped: [Belt] 19
[10/05/26 12:46:50] D2BS 6216: equipped: [Boots] 13
[10/05/26 12:46:50] D2BS 6216: equipped: [Mitts] 14
[10/05/26 12:46:50] D2BS 6216: updateStat
[10/05/26 12:46:50] D2BS 6216: granted: [Head] 31
[10/05/26 12:46:50] D2BS 6216: granted: [Body] 21
[10/05/26 12:46:50] D2BS 6216: granted: [ArmR] 20
[10/05/26 12:46:50] D2BS 6216: Loaded ÿc9[AutoSmurf.js]
[10/05/26 12:46:55] D2BS 6216: farmingON
[10/05/26 12:46:56] D2BS 6216: MiniShopBot: true
[10/05/26 12:46:56] D2BS 6216: UseMerc: true HP: 70
[10/05/26 12:47:18] D2BS 6216: Merc matched: Holy Freeze
[10/05/26 12:47:28] D2BS 6216: Token needed
[10/05/26 12:47:31] D2BS 6216: act5+ BO
[10/05/26 12:47:45] D2BS 6216: ÿc4=== [BAAL] ===
[10/05/26 12:48:03] D2BS 6216: Baal failed: souls found
[10/05/26 12:48:03] D2BS 6216: ÿc4=== [COUNTESS] ===
[10/05/26 12:49:19] D2BS 6216: ÿc4=== [PIT] ===
[10/05/26 12:50:39] D2BS 6216: ÿc4=== [ANDY] ===
[10/05/26 12:51:34] D2BS 6216: ÿc4=== [MEPHISTO] ===
[10/05/26 12:52:48] D2BS 6216: ÿc4=== [DIABLO] ===
[10/05/26 12:56:19] D2BS 6216: updateStat
[10/05/26 12:56:44] D2BS 6216: Going to town
[10/05/26 12:58:33] D2BS 6216: party has left: fowo-xf
[10/05/26 12:58:33] D2BS 6216:  [11:44] +5.30% / [Level 87] 12.08%
[10/05/26 12:58:33] D2BS 6216: Script threads\autobuildthread.js ended
[10/05/26 12:58:33] D2BS 6216: Script threads\partythread.js ended
[10/05/26 12:58:33] D2BS 6216: Script threads\townchicken.js ended
[10/05/26 12:58:33] D2BS 6216: Script default.dbj ended
[10/05/26 12:58:45] D2BS 6216: joining game pz-126
[10/05/26 12:58:47] D2BS 6216: ÿc2D2BSÿc0 :: Starting default.dbj
[10/05/26 12:58:47] D2BS 6216: ÿc2D2BSÿc0 :: default.dbj running.
[10/05/26 12:58:47] D2BS 6216: Loaded ÿc9[X.nip] [Y.nip] [Z.nip] [V.nip] [P.CONV.nip]
[10/05/26 12:58:47] D2BS 6216: Loaded ÿc9[P.CONV.js]
[10/05/26 12:58:47] D2BS 6216: equipped: [Head] 22
[10/05/26 12:58:47] D2BS 6216: equipped: [Neck] 15
[10/05/26 12:58:47] D2BS 6216: equipped: [Body] 20
[10/05/26 12:58:47] D2BS 6216: equipped: [ArmR] 17
[10/05/26 12:58:47] D2BS 6216: equipped: [ArmL] 28
[10/05/26 12:58:47] D2BS 6216: equipped: [RingR] 14
[10/05/26 12:58:47] D2BS 6216: equipped: [RingL] 15
[10/05/26 12:58:47] D2BS 6216: equipped: [Belt] 19
[10/05/26 12:58:47] D2BS 6216: equipped: [Boots] 13
[10/05/26 12:58:47] D2BS 6216: equipped: [Mitts] 14
[10/05/26 12:58:47] D2BS 6216: updateStat
[10/05/26 12:58:47] D2BS 6216: granted: [Head] 31
[10/05/26 12:58:47] D2BS 6216: granted: [Body] 21
[10/05/26 12:58:47] D2BS 6216: granted: [ArmR] 20
[10/05/26 12:58:47] D2BS 6216: Loaded ÿc9[AutoSmurf.js]
[10/05/26 12:58:52] D2BS 6216: farmingON
[10/05/26 12:58:53] D2BS 6216: MiniShopBot: true
[10/05/26 12:58:53] D2BS 6216: UseMerc: true HP: 70
[10/05/26 12:59:11] D2BS 6216: Merc matched: Holy Freeze
[10/05/26 12:59:27] D2BS 6216: Token needed
[10/05/26 12:59:32] D2BS 6216: act5+ BO
[10/05/26 12:59:44] D2BS 6216: ÿc4=== [BAAL] ===
[10/05/26 12:59:57] D2BS 6216: party has left: fowo-xa
[10/05/26 12:59:58] D2BS 6216: no exp [01:11]
[10/05/26 12:59:58] D2BS 6216: Script threads\autobuildthread.js ended
[10/05/26 12:59:58] D2BS 6216: Script threads\partythread.js ended
[10/05/26 12:59:58] D2BS 6216: Script threads\townchicken.js ended
[10/05/26 12:59:58] D2BS 6216: Script default.dbj ended
[10/05/26 13:00:09] D2BS 6216: joining game pz-127
[10/05/26 13:00:12] D2BS 6216: ÿc2D2BSÿc0 :: Starting default.dbj
[10/05/26 13:00:12] D2BS 6216: ÿc2D2BSÿc0 :: default.dbj running.
[10/05/26 13:00:12] D2BS 6216: Loaded ÿc9[X.nip] [Y.nip] [Z.nip] [V.nip] [P.CONV.nip]
[10/05/26 13:00:12] D2BS 6216: Loaded ÿc9[P.CONV.js]
[10/05/26 13:00:12] D2BS 6216: equipped: [Head] 22
[10/05/26 13:00:12] D2BS 6216: equipped: [Neck] 15
[10/05/26 13:00:12] D2BS 6216: equipped: [Body] 20
[10/05/26 13:00:12] D2BS 6216: equipped: [ArmR] 17
[10/05/26 13:00:12] D2BS 6216: equipped: [ArmL] 28
[10/05/26 13:00:12] D2BS 6216: equipped: [RingR] 14
[10/05/26 13:00:12] D2BS 6216: equipped: [RingL] 15
[10/05/26 13:00:12] D2BS 6216: equipped: [Belt] 19
[10/05/26 13:00:12] D2BS 6216: equipped: [Boots] 13
[10/05/26 13:00:12] D2BS 6216: equipped: [Mitts] 14
[10/05/26 13:00:12] D2BS 6216: updateStat
[10/05/26 13:00:12] D2BS 6216: granted: [Head] 31
[10/05/26 13:00:12] D2BS 6216: granted: [Body] 21
[10/05/26 13:00:12] D2BS 6216: granted: [ArmR] 20
[10/05/26 13:00:12] D2BS 6216: Loaded ÿc9[AutoSmurf.js]
[10/05/26 13:00:14] D2BS 6216: farmingON
[10/05/26 13:00:14] D2BS 6216: MiniShopBot: true
[10/05/26 13:00:14] D2BS 6216: UseMerc: true HP: 70
[10/05/26 13:00:29] D2BS 6216: equipped: [ArmR] 18
[10/05/26 13:00:31] D2BS 6216: granted: [ArmR] 22
[10/05/26 13:00:31] D2BS 6216: Merc matched: Holy Freeze
[10/05/26 13:00:38] D2BS 6216: Token needed
[10/05/26 13:00:42] D2BS 6216: act5+ BO
[10/05/26 13:00:56] D2BS 6216: ÿc4=== [BAAL] ===
[10/05/26 13:01:19] D2BS 6216: Baal failed: souls found
[10/05/26 13:01:19] D2BS 6216: ÿc4=== [COUNTESS] ===
[10/05/26 13:02:39] D2BS 6216: ÿc4=== [PIT] ===
[10/05/26 13:04:35] D2BS 6216: ÿc4=== [ANDY] ===
[10/05/26 13:05:43] D2BS 6216: ÿc4=== [MEPHISTO] ===
[10/05/26 13:08:58] D2BS 6216: party has left: fowo-xf
[10/05/26 13:08:58] D2BS 6216:  [08:47] +2.18% / [Level 87] 14.26%
[10/05/26 13:08:58] D2BS 6216: Script threads\autobuildthread.js ended
[10/05/26 13:08:58] D2BS 6216: Script threads\partythread.js ended
[10/05/26 13:08:59] D2BS 6216: Script threads\townchicken.js ended
[10/05/26 13:08:59] D2BS 6216: Script default.dbj ended
[10/05/26 13:09:11] D2BS 6216: joining game pz-128
[10/05/26 13:09:13] D2BS 6216: ÿc2D2BSÿc0 :: Starting default.dbj
[10/05/26 13:09:13] D2BS 6216: ÿc2D2BSÿc0 :: default.dbj running.
[10/05/26 13:09:13] D2BS 6216: Loaded ÿc9[X.nip] [Y.nip] [Z.nip] [V.nip] [P.CONV.nip]
[10/05/26 13:09:13] D2BS 6216: Loaded ÿc9[P.CONV.js]
[10/05/26 13:09:14] D2BS 6216: equipped: [Head] 22
[10/05/26 13:09:14] D2BS 6216: equipped: [Neck] 15
[10/05/26 13:09:14] D2BS 6216: equipped: [Body] 20
[10/05/26 13:09:14] D2BS 6216: equipped: [ArmR] 18
[10/05/26 13:09:14] D2BS 6216: equipped: [ArmL] 28
[10/05/26 13:09:14] D2BS 6216: equipped: [RingR] 14
[10/05/26 13:09:14] D2BS 6216: equipped: [RingL] 15
[10/05/26 13:09:14] D2BS 6216: equipped: [Belt] 19
[10/05/26 13:09:14] D2BS 6216: equipped: [Boots] 13
[10/05/26 13:09:14] D2BS 6216: equipped: [Mitts] 14
[10/05/26 13:09:14] D2BS 6216: updateStat
[10/05/26 13:09:14] D2BS 6216: granted: [Head] 31
[10/05/26 13:09:14] D2BS 6216: granted: [Body] 21
[10/05/26 13:09:14] D2BS 6216: granted: [ArmR] 22
[10/05/26 13:09:14] D2BS 6216: Loaded ÿc9[AutoSmurf.js]
[10/05/26 13:09:19] D2BS 6216: farmingON
[10/05/26 13:09:19] D2BS 6216: MiniShopBot: true
[10/05/26 13:09:19] D2BS 6216: UseMerc: true HP: 70
[10/05/26 13:09:40] D2BS 6216: Merc matched: Holy Freeze
[10/05/26 13:09:54] D2BS 6216: act5+ BO
[10/05/26 13:10:08] D2BS 6216: ÿc4=== [BAAL] ===
[10/05/26 13:13:45] D2BS 6216: ÿc4=== [COUNTESS] ===
[10/05/26 13:14:48] D2BS 6216: ÿc4=== [PIT] ===
[10/05/26 13:16:09] D2BS 6216: ÿc4=== [ANDY] ===
[10/05/26 13:17:08] D2BS 6216: ÿc4=== [MEPHISTO] ===
[10/05/26 13:18:39] D2BS 6216: ÿc4=== [DIABLO] ===
[10/05/26 13:24:24] D2BS 6216: party has left: fowo-xb
[10/05/26 13:24:24] D2BS 6216:  [15:11] +10.24% / [Level 87] 24.50%
[10/05/26 13:24:24] D2BS 6216: Script threads\autobuildthread.js ended
[10/05/26 13:24:24] D2BS 6216: Script threads\partythread.js ended
[10/05/26 13:24:24] D2BS 6216: Script threads\townchicken.js ended
[10/05/26 13:24:24] D2BS 6216: Script default.dbj ended
[10/05/26 13:24:36] D2BS 6216: joining game pz-129
[10/05/26 13:24:38] D2BS 6216: ÿc2D2BSÿc0 :: Starting default.dbj
[10/05/26 13:24:38] D2BS 6216: ÿc2D2BSÿc0 :: default.dbj running.
[10/05/26 13:24:39] D2BS 6216: Loaded ÿc9[X.nip] [Y.nip] [Z.nip] [V.nip] [P.CONV.nip]
[10/05/26 13:24:39] D2BS 6216: Loaded ÿc9[P.CONV.js]
[10/05/26 13:24:39] D2BS 6216: equipped: [Head] 22
[10/05/26 13:24:39] D2BS 6216: equipped: [Neck] 15
[10/05/26 13:24:39] D2BS 6216: equipped: [Body] 20
[10/05/26 13:24:39] D2BS 6216: equipped: [ArmR] 18
[10/05/26 13:24:39] D2BS 6216: equipped: [ArmL] 28
[10/05/26 13:24:39] D2BS 6216: equipped: [RingR] 14
[10/05/26 13:24:39] D2BS 6216: equipped: [RingL] 15
[10/05/26 13:24:39] D2BS 6216: equipped: [Belt] 19
[10/05/26 13:24:39] D2BS 6216: equipped: [Boots] 13
[10/05/26 13:24:39] D2BS 6216: equipped: [Mitts] 14
[10/05/26 13:24:39] D2BS 6216: updateStat
[10/05/26 13:24:39] D2BS 6216: granted: [Head] 31
[10/05/26 13:24:39] D2BS 6216: granted: [Body] 21
[10/05/26 13:24:39] D2BS 6216: granted: [ArmR] 22
[10/05/26 13:24:39] D2BS 6216: Loaded ÿc9[AutoSmurf.js]
[10/05/26 13:24:43] D2BS 6216: farmingON
[10/05/26 13:24:45] D2BS 6216: MiniShopBot: true
[10/05/26 13:24:45] D2BS 6216: UseMerc: true HP: 70
[10/05/26 13:25:12] D2BS 6216: Merc matched: Holy Freeze
[10/05/26 13:25:19] D2BS 6216: act5+ BO
[10/05/26 13:25:33] D2BS 6216: ÿc4=== [BAAL] ===
[10/05/26 13:29:20] D2BS 6216: ÿc4=== [COUNTESS] ===
[10/05/26 13:30:31] D2BS 6216: ÿc4=== [PIT] ===
[10/05/26 13:32:05] D2BS 6216: ÿc4=== [ANDY] ===
[10/05/26 13:32:59] D2BS 6216: ÿc4=== [MEPHISTO] ===
[10/05/26 13:34:23] D2BS 6216: ÿc4=== [DIABLO] ===
[10/05/26 13:39:02] D2BS 6216: updateStat
[10/05/26 13:40:22] D2BS 6216: Script ended
[10/05/26 13:40:22] D2BS 6216:  [15:44] +11.94% / [Level 87] 36.44%
[10/05/26 13:40:22] D2BS 6216: Script threads\autobuildthread.js ended
[10/05/26 13:40:22] D2BS 6216: Script threads\partythread.js ended
[10/05/26 13:40:23] D2BS 6216: Script threads\townchicken.js ended
[10/05/26 13:40:35] D2BS 6216: joining game pz-130
[10/05/26 13:40:37] D2BS 6216: ÿc2D2BSÿc0 :: Starting default.dbj
[10/05/26 13:40:37] D2BS 6216: ÿc2D2BSÿc0 :: default.dbj running.
[10/05/26 13:40:38] D2BS 6216: Loaded ÿc9[X.nip] [Y.nip] [Z.nip] [V.nip] [P.CONV.nip]
[10/05/26 13:40:38] D2BS 6216: Loaded ÿc9[P.CONV.js]
[10/05/26 13:40:38] D2BS 6216: equipped: [Head] 22
[10/05/26 13:40:38] D2BS 6216: equipped: [Neck] 15
[10/05/26 13:40:38] D2BS 6216: equipped: [Body] 20
[10/05/26 13:40:38] D2BS 6216: equipped: [ArmR] 18
[10/05/26 13:40:38] D2BS 6216: equipped: [ArmL] 28
[10/05/26 13:40:38] D2BS 6216: equipped: [RingR] 14
[10/05/26 13:40:38] D2BS 6216: equipped: [RingL] 15
[10/05/26 13:40:38] D2BS 6216: equipped: [Belt] 19
[10/05/26 13:40:38] D2BS 6216: equipped: [Boots] 13
[10/05/26 13:40:38] D2BS 6216: equipped: [Mitts] 14
[10/05/26 13:40:38] D2BS 6216: updateStat
[10/05/26 13:40:38] D2BS 6216: granted: [Head] 31
[10/05/26 13:40:38] D2BS 6216: granted: [Body] 21
[10/05/26 13:40:38] D2BS 6216: granted: [ArmR] 22
[10/05/26 13:40:38] D2BS 6216: Loaded ÿc9[AutoSmurf.js]
[10/05/26 13:40:43] D2BS 6216: farmingON
[10/05/26 13:40:44] D2BS 6216: MiniShopBot: true
[10/05/26 13:40:44] D2BS 6216: UseMerc: true HP: 70
[10/05/26 13:41:04] D2BS 6216: Merc matched: Holy Freeze
[10/05/26 13:41:14] D2BS 6216: Token needed
[10/05/26 13:41:18] D2BS 6216: act5+ BO
[10/05/26 13:41:31] D2BS 6216: ÿc4=== [BAAL] ===
[10/05/26 13:45:24] D2BS 6216: Going to town
[10/05/26 13:45:38] D2BS 6216: ÿc4=== [COUNTESS] ===
[10/05/26 13:46:52] D2BS 6216: ÿc4=== [PIT] ===
[10/05/26 13:48:32] D2BS 6216: ÿc4=== [ANDY] ===
[10/05/26 13:49:29] D2BS 6216: ÿc4=== [MEPHISTO] ===
[10/05/26 13:50:47] D2BS 6216: ÿc4=== [DIABLO] ===
[10/05/26 13:57:09] D2BS 6216: party has left: fowo-xb
[10/05/26 13:57:09] D2BS 6216:  [16:32] +11.36% / [Level 87] 47.81%
[10/05/26 13:57:09] D2BS 6216: Script threads\autobuildthread.js ended
[10/05/26 13:57:09] D2BS 6216: Script threads\partythread.js ended
[10/05/26 13:57:09] D2BS 6216: Script threads\townchicken.js ended
[10/05/26 13:57:09] D2BS 6216: Script default.dbj ended
[10/05/26 13:57:21] D2BS 6216: joining game pz-131
[10/05/26 13:57:23] D2BS 6216: ÿc2D2BSÿc0 :: Starting default.dbj
[10/05/26 13:57:23] D2BS 6216: ÿc2D2BSÿc0 :: default.dbj running.
[10/05/26 13:57:24] D2BS 6216: Loaded ÿc9[X.nip] [Y.nip] [Z.nip] [V.nip] [P.CONV.nip]
[10/05/26 13:57:24] D2BS 6216: Loaded ÿc9[P.CONV.js]
[10/05/26 13:57:24] D2BS 6216: equipped: [Head] 22
[10/05/26 13:57:24] D2BS 6216: equipped: [Neck] 15
[10/05/26 13:57:24] D2BS 6216: equipped: [Body] 20
[10/05/26 13:57:24] D2BS 6216: equipped: [ArmR] 18
[10/05/26 13:57:24] D2BS 6216: equipped: [ArmL] 28
[10/05/26 13:57:24] D2BS 6216: equipped: [RingR] 14
[10/05/26 13:57:24] D2BS 6216: equipped: [RingL] 15
[10/05/26 13:57:24] D2BS 6216: equipped: [Belt] 19
[10/05/26 13:57:24] D2BS 6216: equipped: [Boots] 13
[10/05/26 13:57:24] D2BS 6216: equipped: [Mitts] 14
[10/05/26 13:57:24] D2BS 6216: updateStat
[10/05/26 13:57:24] D2BS 6216: granted: [Head] 31
[10/05/26 13:57:24] D2BS 6216: granted: [Body] 21
[10/05/26 13:57:24] D2BS 6216: granted: [ArmR] 22
[10/05/26 13:57:24] D2BS 6216: Loaded ÿc9[AutoSmurf.js]
[10/05/26 13:57:29] D2BS 6216: farmingON
[10/05/26 13:57:30] D2BS 6216: MiniShopBot: true
[10/05/26 13:57:30] D2BS 6216: UseMerc: true HP: 70
[10/05/26 13:57:48] D2BS 6216: Merc matched: Holy Freeze
[10/05/26 13:58:04] D2BS 6216: Token needed
[10/05/26 13:58:08] D2BS 6216: act5+ BO
[10/05/26 13:58:22] D2BS 6216: ÿc4=== [BAAL] ===
[10/05/26 13:58:36] D2BS 6216: Baal failed: souls found
[10/05/26 13:58:36] D2BS 6216: ÿc4=== [COUNTESS] ===
[10/05/26 13:59:47] D2BS 6216: ÿc4=== [PIT] ===
[10/05/26 14:01:17] D2BS 6216: ÿc4=== [ANDY] ===
[10/05/26 14:02:09] D2BS 6216: ÿc4=== [MEPHISTO] ===
[10/05/26 14:03:32] D2BS 6216: ÿc4=== [DIABLO] ===
[10/05/26 14:05:59] D2BS 6216: party has left: fowo-xc
[10/05/26 14:05:59] D2BS 6216:  [08:36] +1.85% / [Level 87] 49.66%
[10/05/26 14:05:59] D2BS 6216: Script threads\autobuildthread.js ended
[10/05/26 14:05:59] D2BS 6216: Script threads\partythread.js ended
[10/05/26 14:05:59] D2BS 6216: Script threads\townchicken.js ended
[10/05/26 14:05:59] D2BS 6216: Script default.dbj ended
[10/05/26 14:06:13] D2BS 6216: joining game pz-132
[10/05/26 14:06:15] D2BS 6216: ÿc2D2BSÿc0 :: Starting default.dbj
[10/05/26 14:06:15] D2BS 6216: ÿc2D2BSÿc0 :: default.dbj running.
[10/05/26 14:06:15] D2BS 6216: Loaded ÿc9[X.nip] [Y.nip] [Z.nip] [V.nip] [P.CONV.nip]
[10/05/26 14:06:15] D2BS 6216: Loaded ÿc9[P.CONV.js]
[10/05/26 14:06:15] D2BS 6216: equipped: [Head] 22
[10/05/26 14:06:15] D2BS 6216: equipped: [Neck] 15
[10/05/26 14:06:15] D2BS 6216: equipped: [Body] 20
[10/05/26 14:06:15] D2BS 6216: equipped: [ArmR] 18
[10/05/26 14:06:15] D2BS 6216: equipped: [ArmL] 28
[10/05/26 14:06:16] D2BS 6216: equipped: [RingR] 14
[10/05/26 14:06:16] D2BS 6216: equipped: [RingL] 15
[10/05/26 14:06:16] D2BS 6216: equipped: [Belt] 19
[10/05/26 14:06:16] D2BS 6216: equipped: [Boots] 13
[10/05/26 14:06:16] D2BS 6216: equipped: [Mitts] 14
[10/05/26 14:06:16] D2BS 6216: updateStat
[10/05/26 14:06:16] D2BS 6216: granted: [Head] 31
[10/05/26 14:06:16] D2BS 6216: granted: [Body] 21
[10/05/26 14:06:16] D2BS 6216: granted: [ArmR] 22
[10/05/26 14:06:16] D2BS 6216: Loaded ÿc9[AutoSmurf.js]
[10/05/26 14:06:20] D2BS 6216: farmingON
[10/05/26 14:06:21] D2BS 6216: MiniShopBot: true
[10/05/26 14:06:21] D2BS 6216: UseMerc: true HP: 70
[10/05/26 14:06:42] D2BS 6216: Merc matched: Holy Freeze
[10/05/26 14:06:53] D2BS 6216: Token needed
[10/05/26 14:06:57] D2BS 6216: act5+ BO
[10/05/26 14:07:10] D2BS 6216: ÿc4=== [BAAL] ===
[10/05/26 14:10:24] D2BS 6216: ÿc4=== [COUNTESS] ===
[10/05/26 14:10:59] D2BS 6216: party has left: fowo-xg
[10/05/26 14:10:59] D2BS 6216:  [04:45] +4.87% / [Level 87] 54.53%
[10/05/26 14:10:59] D2BS 6216: Script threads\autobuildthread.js ended
[10/05/26 14:10:59] D2BS 6216: Script threads\partythread.js ended
[10/05/26 14:10:59] D2BS 6216: Script threads\townchicken.js ended
[10/05/26 14:10:59] D2BS 6216: Script default.dbj ended
[10/05/26 14:11:11] D2BS 6216: joining game pz-133
[10/05/26 14:11:13] D2BS 6216: ÿc2D2BSÿc0 :: Starting default.dbj
[10/05/26 14:11:13] D2BS 6216: ÿc2D2BSÿc0 :: default.dbj running.
[10/05/26 14:11:13] D2BS 6216: Loaded ÿc9[X.nip] [Y.nip] [Z.nip] [V.nip] [P.CONV.nip]
[10/05/26 14:11:13] D2BS 6216: Loaded ÿc9[P.CONV.js]
[10/05/26 14:11:13] D2BS 6216: equipped: [Head] 22
[10/05/26 14:11:13] D2BS 6216: equipped: [Neck] 15
[10/05/26 14:11:13] D2BS 6216: equipped: [Body] 20
[10/05/26 14:11:13] D2BS 6216: equipped: [ArmR] 18
[10/05/26 14:11:13] D2BS 6216: equipped: [ArmL] 28
[10/05/26 14:11:13] D2BS 6216: equipped: [RingR] 14
[10/05/26 14:11:13] D2BS 6216: equipped: [RingL] 15
[10/05/26 14:11:13] D2BS 6216: equipped: [Belt] 19
[10/05/26 14:11:13] D2BS 6216: equipped: [Boots] 13
[10/05/26 14:11:13] D2BS 6216: equipped: [Mitts] 14
[10/05/26 14:11:13] D2BS 6216: updateStat
[10/05/26 14:11:13] D2BS 6216: granted: [Head] 31
[10/05/26 14:11:13] D2BS 6216: granted: [Body] 21
[10/05/26 14:11:13] D2BS 6216: granted: [ArmR] 22
[10/05/26 14:11:13] D2BS 6216: Loaded ÿc9[AutoSmurf.js]
[10/05/26 14:11:15] D2BS 6216: farmingON
[10/05/26 14:11:16] D2BS 6216: MiniShopBot: true
[10/05/26 14:11:16] D2BS 6216: UseMerc: true HP: 70
[10/05/26 14:11:23] D2BS 6216: ÿc4[Runeword] ÿc0Spirit Akaran Targe
[10/05/26 14:11:41] D2BS 6216: equipped: [ArmL] 41
[10/05/26 14:11:41] D2BS 6216: Merc matched: Holy Freeze
[10/05/26 14:11:48] D2BS 6216: act5+ BO
[10/05/26 14:12:01] D2BS 6216: ÿc4=== [BAAL] ===
[10/05/26 14:12:15] D2BS 6216: party has left: fowo-xa
[10/05/26 14:12:15] D2BS 6216: no exp [01:03]
[10/05/26 14:12:15] D2BS 6216: Script threads\autobuildthread.js ended
[10/05/26 14:12:15] D2BS 6216: Script threads\partythread.js ended
[10/05/26 14:12:15] D2BS 6216: Script threads\townchicken.js ended
[10/05/26 14:12:15] D2BS 6216: Script default.dbj ended
[10/05/26 14:12:30] D2BS 6216: joining game pz-134
[10/05/26 14:12:31] D2BS 6216: ÿc2D2BSÿc0 :: Starting default.dbj
[10/05/26 14:12:31] D2BS 6216: ÿc2D2BSÿc0 :: default.dbj running.
[10/05/26 14:12:32] D2BS 6216: Loaded ÿc9[X.nip] [Y.nip] [Z.nip] [V.nip] [P.CONV.nip]
[10/05/26 14:12:32] D2BS 6216: Loaded ÿc9[P.CONV.js]
[10/05/26 14:12:32] D2BS 6216: equipped: [Head] 22
[10/05/26 14:12:32] D2BS 6216: equipped: [Neck] 15
[10/05/26 14:12:32] D2BS 6216: equipped: [Body] 20
[10/05/26 14:12:32] D2BS 6216: equipped: [ArmR] 18
[10/05/26 14:12:32] D2BS 6216: equipped: [ArmL] 41
[10/05/26 14:12:32] D2BS 6216: equipped: [RingR] 14
[10/05/26 14:12:32] D2BS 6216: equipped: [RingL] 15
[10/05/26 14:12:32] D2BS 6216: equipped: [Belt] 19
[10/05/26 14:12:32] D2BS 6216: equipped: [Boots] 13
[10/05/26 14:12:32] D2BS 6216: equipped: [Mitts] 14
[10/05/26 14:12:32] D2BS 6216: updateStat
[10/05/26 14:12:32] D2BS 6216: granted: [Head] 31
[10/05/26 14:12:32] D2BS 6216: granted: [Body] 21
[10/05/26 14:12:32] D2BS 6216: granted: [ArmR] 22
[10/05/26 14:12:32] D2BS 6216: Loaded ÿc9[AutoSmurf.js]
[10/05/26 14:12:34] D2BS 6216: farmingON
[10/05/26 14:12:34] D2BS 6216: MiniShopBot: true
[10/05/26 14:12:34] D2BS 6216: UseMerc: true HP: 70
[10/05/26 14:12:46] D2BS 6216: Merc matched: Holy Freeze
[10/05/26 14:13:00] D2BS 6216: Token needed
[10/05/26 14:13:04] D2BS 6216: act5+ BO
[10/05/26 14:13:18] D2BS 6216: ÿc4=== [BAAL] ===
[10/05/26 14:13:22] D2BS 6216: party has left: fowo-xa
[10/05/26 14:13:22] D2BS 6216: no exp [00:51]
[10/05/26 14:13:22] D2BS 6216: Script threads\autobuildthread.js ended
[10/05/26 14:13:23] D2BS 6216: Script threads\partythread.js ended
[10/05/26 14:13:23] D2BS 6216: Script threads\townchicken.js ended
[10/05/26 14:13:23] D2BS 6216: Script default.dbj ended
[10/05/26 14:13:39] D2BS 6216: joining game pz-135
[10/05/26 14:13:41] D2BS 6216: ÿc2D2BSÿc0 :: Starting default.dbj
[10/05/26 14:13:41] D2BS 6216: ÿc2D2BSÿc0 :: default.dbj running.
[10/05/26 14:13:42] D2BS 6216: Loaded ÿc9[X.nip] [Y.nip] [Z.nip] [V.nip] [P.CONV.nip]
[10/05/26 14:13:42] D2BS 6216: Loaded ÿc9[P.CONV.js]
[10/05/26 14:13:42] D2BS 6216: equipped: [Head] 22
[10/05/26 14:13:42] D2BS 6216: equipped: [Neck] 15
[10/05/26 14:13:42] D2BS 6216: equipped: [Body] 20
[10/05/26 14:13:42] D2BS 6216: equipped: [ArmR] 18
[10/05/26 14:13:42] D2BS 6216: equipped: [ArmL] 41
[10/05/26 14:13:42] D2BS 6216: equipped: [RingR] 14
[10/05/26 14:13:42] D2BS 6216: equipped: [RingL] 15
[10/05/26 14:13:42] D2BS 6216: equipped: [Belt] 19
[10/05/26 14:13:42] D2BS 6216: equipped: [Boots] 13
[10/05/26 14:13:42] D2BS 6216: equipped: [Mitts] 14
[10/05/26 14:13:42] D2BS 6216: updateStat
[10/05/26 14:13:42] D2BS 6216: granted: [Head] 31
[10/05/26 14:13:42] D2BS 6216: granted: [Body] 21
[10/05/26 14:13:42] D2BS 6216: granted: [ArmR] 22
[10/05/26 14:13:42] D2BS 6216: Loaded ÿc9[AutoSmurf.js]
[10/05/26 14:13:44] D2BS 6216: farmingON
[10/05/26 14:13:44] D2BS 6216: MiniShopBot: true
[10/05/26 14:13:44] D2BS 6216: UseMerc: true HP: 70
[10/05/26 14:14:00] D2BS 6216: Merc matched: Holy Freeze
[10/05/26 14:14:10] D2BS 6216: Token needed
[10/05/26 14:14:14] D2BS 6216: act5+ BO
[10/05/26 14:14:26] D2BS 6216: ÿc4=== [BAAL] ===
[10/05/26 14:17:49] D2BS 6216: ÿc4=== [COUNTESS] ===
[10/05/26 14:18:52] D2BS 6216: ÿc4=== [PIT] ===
[10/05/26 14:20:00] D2BS 6216: updateStat
[10/05/26 14:20:29] D2BS 6216: ÿc4=== [ANDY] ===
[10/05/26 14:21:18] D2BS 6216: ÿc4=== [MEPHISTO] ===
[10/05/26 14:22:37] D2BS 6216: ÿc4=== [DIABLO] ===
[10/05/26 14:28:55] D2BS 6216: party has left: fowo-xc
[10/05/26 14:28:55] D2BS 6216:  [15:14] +12.13% / [Level 87] 66.66%
[10/05/26 14:28:55] D2BS 6216: Script threads\autobuildthread.js ended
[10/05/26 14:28:55] D2BS 6216: Script threads\partythread.js ended
[10/05/26 14:28:55] D2BS 6216: Script threads\townchicken.js ended
[10/05/26 14:28:55] D2BS 6216: Script default.dbj ended
[10/05/26 14:29:07] D2BS 6216: joining game pz-136
[10/05/26 14:29:08] D2BS 6216: ÿc2D2BSÿc0 :: Starting default.dbj
[10/05/26 14:29:08] D2BS 6216: ÿc2D2BSÿc0 :: default.dbj running.
[10/05/26 14:29:10] D2BS 6216: Loaded ÿc9[X.nip] [Y.nip] [Z.nip] [V.nip] [P.CONV.nip]
[10/05/26 14:29:10] D2BS 6216: Loaded ÿc9[P.CONV.js]
[10/05/26 14:29:10] D2BS 6216: equipped: [Head] 22
[10/05/26 14:29:10] D2BS 6216: equipped: [Neck] 15
[10/05/26 14:29:10] D2BS 6216: equipped: [Body] 20
[10/05/26 14:29:10] D2BS 6216: equipped: [ArmR] 18
[10/05/26 14:29:10] D2BS 6216: equipped: [ArmL] 41
[10/05/26 14:29:10] D2BS 6216: equipped: [RingR] 14
[10/05/26 14:29:10] D2BS 6216: equipped: [RingL] 15
[10/05/26 14:29:10] D2BS 6216: equipped: [Belt] 19
[10/05/26 14:29:10] D2BS 6216: equipped: [Boots] 13
[10/05/26 14:29:10] D2BS 6216: equipped: [Mitts] 14
[10/05/26 14:29:10] D2BS 6216: updateStat
[10/05/26 14:29:10] D2BS 6216: granted: [Head] 31
[10/05/26 14:29:10] D2BS 6216: granted: [Body] 21
[10/05/26 14:29:10] D2BS 6216: granted: [ArmR] 22
[10/05/26 14:29:10] D2BS 6216: Loaded ÿc9[AutoSmurf.js]
[10/05/26 14:29:15] D2BS 6216: farmingON
[10/05/26 14:29:18] D2BS 6216: MiniShopBot: true
[10/05/26 14:29:18] D2BS 6216: UseMerc: true HP: 70
[10/05/26 14:29:40] D2BS 6216: Merc matched: Holy Freeze
[10/05/26 14:29:52] D2BS 6216: act5+ BO
[10/05/26 14:30:05] D2BS 6216: ÿc4=== [BAAL] ===
[10/05/26 14:30:13] D2BS 6216: Baal failed: souls found
[10/05/26 14:30:13] D2BS 6216: ÿc4=== [COUNTESS] ===
[10/05/26 14:31:11] D2BS 6216: ÿc4=== [PIT] ===
[10/05/26 14:32:53] D2BS 6216: ÿc4=== [ANDY] ===
[10/05/26 14:33:47] D2BS 6216: ÿc4=== [MEPHISTO] ===
[10/05/26 14:35:17] D2BS 6216: ÿc4=== [DIABLO] ===
[10/05/26 14:36:36] D2BS 6216: Going to town
[10/05/26 14:36:39] D2BS 6216: party has left: fowo-xd
[10/05/26 14:36:39] D2BS 6216:  [07:30] +2.56% / [Level 87] 69.22%
[10/05/26 14:36:39] D2BS 6216: Script threads\autobuildthread.js ended
[10/05/26 14:36:39] D2BS 6216: Script threads\partythread.js ended
[10/05/26 14:36:39] D2BS 6216: Script threads\townchicken.js ended
[10/05/26 14:36:39] D2BS 6216: Script default.dbj ended
[10/05/26 14:36:50] D2BS 6216: joining game pz-137
[10/05/26 14:36:52] D2BS 6216: ÿc2D2BSÿc0 :: Starting default.dbj
[10/05/26 14:36:52] D2BS 6216: ÿc2D2BSÿc0 :: default.dbj running.
[10/05/26 14:36:52] D2BS 6216: Loaded ÿc9[X.nip] [Y.nip] [Z.nip] [V.nip] [P.CONV.nip]
[10/05/26 14:36:52] D2BS 6216: Loaded ÿc9[P.CONV.js]
[10/05/26 14:36:52] D2BS 6216: equipped: [Head] 22
[10/05/26 14:36:52] D2BS 6216: equipped: [Neck] 15
[10/05/26 14:36:52] D2BS 6216: equipped: [Body] 20
[10/05/26 14:36:52] D2BS 6216: equipped: [ArmR] 18
[10/05/26 14:36:52] D2BS 6216: equipped: [ArmL] 41
[10/05/26 14:36:52] D2BS 6216: equipped: [RingR] 14
[10/05/26 14:36:53] D2BS 6216: equipped: [RingL] 15
[10/05/26 14:36:53] D2BS 6216: equipped: [Belt] 19
[10/05/26 14:36:53] D2BS 6216: equipped: [Boots] 13
[10/05/26 14:36:53] D2BS 6216: equipped: [Mitts] 14
[10/05/26 14:36:53] D2BS 6216: updateStat
[10/05/26 14:36:53] D2BS 6216: granted: [Head] 31
[10/05/26 14:36:53] D2BS 6216: granted: [Body] 21
[10/05/26 14:36:53] D2BS 6216: granted: [ArmR] 22
[10/05/26 14:36:53] D2BS 6216: Loaded ÿc9[AutoSmurf.js]
[10/05/26 14:36:58] D2BS 6216: MiniShopBot: true
[10/05/26 14:36:58] D2BS 6216: farmingON
[10/05/26 14:36:58] D2BS 6216: UseMerc: true HP: 70
[10/05/26 14:37:16] D2BS 6216: Merc matched: Holy Freeze
[10/05/26 14:37:32] D2BS 6216: Token needed
[10/05/26 14:37:37] D2BS 6216: act5+ BO
[10/05/26 14:37:50] D2BS 6216: ÿc4=== [BAAL] ===
[10/05/26 14:41:15] D2BS 6216: ÿc4=== [COUNTESS] ===
[10/05/26 14:42:23] D2BS 6216: ÿc4=== [PIT] ===
[10/05/26 14:43:52] D2BS 6216: ÿc4=== [ANDY] ===
[10/05/26 14:45:04] D2BS 6216: ÿc4=== [MEPHISTO] ===
[10/05/26 14:46:15] D2BS 6216: ÿc4=== [DIABLO] ===
[10/05/26 14:50:20] D2BS 6216: Going to town
[10/05/26 14:51:24] D2BS 6216: updateStat
[10/05/26 14:51:43] D2BS 6216: Going to town
[10/05/26 14:52:49] D2BS 6216: party has left: fowo-xa
[10/05/26 14:52:49] D2BS 6216:  [15:57] +12.48% / [Level 87] 81.70%
[10/05/26 14:52:49] D2BS 6216: Script threads\autobuildthread.js ended
[10/05/26 14:52:49] D2BS 6216: Script threads\partythread.js ended
[10/05/26 14:52:49] D2BS 6216: Script threads\townchicken.js ended
[10/05/26 14:52:49] D2BS 6216: Script default.dbj ended
[10/05/26 14:53:01] D2BS 6216: joining game pz-138
[10/05/26 14:53:02] D2BS 6216: ÿc2D2BSÿc0 :: Starting default.dbj
[10/05/26 14:53:02] D2BS 6216: ÿc2D2BSÿc0 :: default.dbj running.
[10/05/26 14:53:03] D2BS 6216: Loaded ÿc9[X.nip] [Y.nip] [Z.nip] [V.nip] [P.CONV.nip]
[10/05/26 14:53:03] D2BS 6216: Loaded ÿc9[P.CONV.js]
[10/05/26 14:53:03] D2BS 6216: equipped: [Head] 22
[10/05/26 14:53:03] D2BS 6216: equipped: [Neck] 15
[10/05/26 14:53:03] D2BS 6216: equipped: [Body] 20
[10/05/26 14:53:03] D2BS 6216: equipped: [ArmR] 18
[10/05/26 14:53:03] D2BS 6216: equipped: [ArmL] 41
[10/05/26 14:53:03] D2BS 6216: equipped: [RingR] 14
[10/05/26 14:53:03] D2BS 6216: equipped: [RingL] 15
[10/05/26 14:53:03] D2BS 6216: equipped: [Belt] 19
[10/05/26 14:53:03] D2BS 6216: equipped: [Boots] 13
[10/05/26 14:53:03] D2BS 6216: equipped: [Mitts] 14
[10/05/26 14:53:03] D2BS 6216: updateStat
[10/05/26 14:53:03] D2BS 6216: granted: [Head] 31
[10/05/26 14:53:03] D2BS 6216: granted: [Body] 21
[10/05/26 14:53:03] D2BS 6216: granted: [ArmR] 22
[10/05/26 14:53:03] D2BS 6216: Loaded ÿc9[AutoSmurf.js]
[10/05/26 14:53:08] D2BS 6216: farmingON
[10/05/26 14:53:09] D2BS 6216: MiniShopBot: true
[10/05/26 14:53:09] D2BS 6216: UseMerc: true HP: 70
[10/05/26 14:53:28] D2BS 6216: Merc matched: Holy Freeze
[10/05/26 14:53:42] D2BS 6216: Token needed
[10/05/26 14:53:48] D2BS 6216: act5+ BO
[10/05/26 14:53:59] D2BS 6216: ÿc4=== [BAAL] ===
[10/05/26 14:54:14] D2BS 6216: Baal failed: souls found
[10/05/26 14:54:14] D2BS 6216: ÿc4=== [COUNTESS] ===
[10/05/26 14:54:16] D2BS 6216: party has left: fowo-xa
[10/05/26 14:54:16] D2BS 6216: no exp [01:13]
[10/05/26 14:54:16] D2BS 6216: Script threads\autobuildthread.js ended
[10/05/26 14:54:16] D2BS 6216: Script threads\partythread.js ended
[10/05/26 14:54:16] D2BS 6216: Script threads\townchicken.js ended
[10/05/26 14:54:16] D2BS 6216: Script default.dbj ended
[10/05/26 14:54:29] D2BS 6216: joining game pz-139
[10/05/26 14:54:31] D2BS 6216: ÿc2D2BSÿc0 :: Starting default.dbj
[10/05/26 14:54:31] D2BS 6216: ÿc2D2BSÿc0 :: default.dbj running.
[10/05/26 14:54:31] D2BS 6216: Loaded ÿc9[X.nip] [Y.nip] [Z.nip] [V.nip] [P.CONV.nip]
[10/05/26 14:54:31] D2BS 6216: Loaded ÿc9[P.CONV.js]
[10/05/26 14:54:31] D2BS 6216: equipped: [Head] 22
[10/05/26 14:54:31] D2BS 6216: equipped: [Neck] 15
[10/05/26 14:54:31] D2BS 6216: equipped: [Body] 20
[10/05/26 14:54:31] D2BS 6216: equipped: [ArmR] 18
[10/05/26 14:54:31] D2BS 6216: equipped: [ArmL] 41
[10/05/26 14:54:31] D2BS 6216: equipped: [RingR] 14
[10/05/26 14:54:31] D2BS 6216: equipped: [RingL] 15
[10/05/26 14:54:32] D2BS 6216: equipped: [Belt] 19
[10/05/26 14:54:32] D2BS 6216: equipped: [Boots] 13
[10/05/26 14:54:32] D2BS 6216: equipped: [Mitts] 14
[10/05/26 14:54:32] D2BS 6216: updateStat
[10/05/26 14:54:32] D2BS 6216: granted: [Head] 31
[10/05/26 14:54:32] D2BS 6216: granted: [Body] 21
[10/05/26 14:54:32] D2BS 6216: granted: [ArmR] 22
[10/05/26 14:54:32] D2BS 6216: Loaded ÿc9[AutoSmurf.js]
[10/05/26 14:56:32] D2BS 6216: no exp [02:01]
[10/05/26 14:56:32] D2BS 6216: Script threads\autobuildthread.js ended
[10/05/26 14:56:32] D2BS 6216: Script threads\partythread.js ended
[10/05/26 14:56:32] D2BS 6216: Script threads\townchicken.js ended
[10/05/26 14:56:32] D2BS 6216: Script default.dbj ended
[10/05/26 14:56:45] D2BS 6216: joining game pz-140
[10/05/26 14:56:46] D2BS 6216: ÿc2D2BSÿc0 :: Starting default.dbj
[10/05/26 14:56:46] D2BS 6216: ÿc2D2BSÿc0 :: default.dbj running.
[10/05/26 14:56:46] D2BS 6216: Loaded ÿc9[X.nip] [Y.nip] [Z.nip] [V.nip] [P.CONV.nip]
[10/05/26 14:56:46] D2BS 6216: Loaded ÿc9[P.CONV.js]
[10/05/26 14:56:46] D2BS 6216: equipped: [Head] 22
[10/05/26 14:56:47] D2BS 6216: equipped: [Neck] 15
[10/05/26 14:56:47] D2BS 6216: equipped: [Body] 20
[10/05/26 14:56:47] D2BS 6216: equipped: [ArmR] 18
[10/05/26 14:56:47] D2BS 6216: equipped: [ArmL] 41
[10/05/26 14:56:47] D2BS 6216: equipped: [RingR] 14
[10/05/26 14:56:47] D2BS 6216: equipped: [RingL] 15
[10/05/26 14:56:47] D2BS 6216: equipped: [Belt] 19
[10/05/26 14:56:47] D2BS 6216: equipped: [Boots] 13
[10/05/26 14:56:47] D2BS 6216: equipped: [Mitts] 14
[10/05/26 14:56:47] D2BS 6216: updateStat
[10/05/26 14:56:48] D2BS 6216: granted: [Head] 31
[10/05/26 14:56:48] D2BS 6216: granted: [Body] 21
[10/05/26 14:56:48] D2BS 6216: granted: [ArmR] 22
[10/05/26 14:56:48] D2BS 6216: Loaded ÿc9[AutoSmurf.js]
[10/05/26 14:56:49] D2BS 6216: MiniShopBot: true
[10/05/26 14:56:49] D2BS 6216: farmingON
[10/05/26 14:56:49] D2BS 6216: UseMerc: true HP: 70
[10/05/26 14:57:01] D2BS 6216: Merc matched: Holy Freeze
[10/05/26 14:57:17] D2BS 6216: Token needed
[10/05/26 14:57:21] D2BS 6216: act5+ BO
[10/05/26 14:57:25] D2BS 6216: party has left: fowo-xg
[10/05/26 14:57:25] D2BS 6216: no exp [00:39]
[10/05/26 14:57:26] D2BS 6216: Script threads\autobuildthread.js ended
[10/05/26 14:57:28] D2BS 6216: Script threads\partythread.js ended
[10/05/26 14:57:28] D2BS 6216: Script threads\townchicken.js ended
[10/05/26 14:57:28] D2BS 6216: Script default.dbj ended
[10/05/26 14:57:53] D2BS 6216: joining game pz-141
[10/05/26 14:57:55] D2BS 6216: ÿc2D2BSÿc0 :: Starting default.dbj
[10/05/26 14:57:55] D2BS 6216: ÿc2D2BSÿc0 :: default.dbj running.
[10/05/26 14:57:55] D2BS 6216: Loaded ÿc9[X.nip] [Y.nip] [Z.nip] [V.nip] [P.CONV.nip]
[10/05/26 14:57:55] D2BS 6216: Loaded ÿc9[P.CONV.js]
[10/05/26 14:57:55] D2BS 6216: equipped: [Head] 22
[10/05/26 14:57:55] D2BS 6216: equipped: [Neck] 15
[10/05/26 14:57:55] D2BS 6216: equipped: [Body] 20
[10/05/26 14:57:55] D2BS 6216: equipped: [ArmR] 18
[10/05/26 14:57:55] D2BS 6216: equipped: [ArmL] 41
[10/05/26 14:57:55] D2BS 6216: equipped: [RingR] 14
[10/05/26 14:57:55] D2BS 6216: equipped: [RingL] 15
[10/05/26 14:57:55] D2BS 6216: equipped: [Belt] 19
[10/05/26 14:57:55] D2BS 6216: equipped: [Boots] 13
[10/05/26 14:57:55] D2BS 6216: equipped: [Mitts] 14
[10/05/26 14:57:55] D2BS 6216: updateStat
[10/05/26 14:57:55] D2BS 6216: granted: [Head] 31
[10/05/26 14:57:55] D2BS 6216: granted: [Body] 21
[10/05/26 14:57:55] D2BS 6216: granted: [ArmR] 22
[10/05/26 14:57:55] D2BS 6216: Loaded ÿc9[AutoSmurf.js]
[10/05/26 14:57:58] D2BS 6216: MiniShopBot: true
[10/05/26 14:57:58] D2BS 6216: farmingON
[10/05/26 14:57:58] D2BS 6216: UseMerc: true HP: 70
[10/05/26 14:58:10] D2BS 6216: Merc matched: Holy Freeze
[10/05/26 14:58:22] D2BS 6216: Token needed
[10/05/26 14:58:25] D2BS 6216: party has left: fowo-xd
[10/05/26 14:58:25] D2BS 6216: no exp [00:31]
[10/05/26 14:58:25] D2BS 6216: Script threads\autobuildthread.js ended
[10/05/26 14:58:25] D2BS 6216: Script threads\partythread.js ended
[10/05/26 14:58:25] D2BS 6216: Script threads\townchicken.js ended
[10/05/26 14:58:25] D2BS 6216: Script default.dbj ended
[10/05/26 14:59:01] D2BS 6216: joining game pz-142
[10/05/26 14:59:03] D2BS 6216: ÿc2D2BSÿc0 :: Starting default.dbj
[10/05/26 14:59:03] D2BS 6216: ÿc2D2BSÿc0 :: default.dbj running.
[10/05/26 14:59:03] D2BS 6216: Loaded ÿc9[X.nip] [Y.nip] [Z.nip] [V.nip] [P.CONV.nip]
[10/05/26 14:59:03] D2BS 6216: Loaded ÿc9[P.CONV.js]
[10/05/26 14:59:03] D2BS 6216: equipped: [Head] 22
[10/05/26 14:59:03] D2BS 6216: equipped: [Neck] 15
[10/05/26 14:59:03] D2BS 6216: equipped: [Body] 20
[10/05/26 14:59:03] D2BS 6216: equipped: [ArmR] 18
[10/05/26 14:59:03] D2BS 6216: equipped: [ArmL] 41
[10/05/26 14:59:03] D2BS 6216: equipped: [RingR] 14
[10/05/26 14:59:03] D2BS 6216: equipped: [RingL] 15
[10/05/26 14:59:03] D2BS 6216: equipped: [Belt] 19
[10/05/26 14:59:03] D2BS 6216: equipped: [Boots] 13
[10/05/26 14:59:03] D2BS 6216: equipped: [Mitts] 14
[10/05/26 14:59:03] D2BS 6216: updateStat
[10/05/26 14:59:04] D2BS 6216: granted: [Head] 31
[10/05/26 14:59:04] D2BS 6216: granted: [Body] 21
[10/05/26 14:59:04] D2BS 6216: granted: [ArmR] 22
[10/05/26 14:59:04] D2BS 6216: Loaded ÿc9[AutoSmurf.js]
[10/05/26 14:59:06] D2BS 6216: MiniShopBot: true
[10/05/26 14:59:06] D2BS 6216: farmingON
[10/05/26 14:59:06] D2BS 6216: UseMerc: true HP: 70
[10/05/26 14:59:21] D2BS 6216: Merc matched: Holy Freeze
[10/05/26 14:59:30] D2BS 6216: Token needed
[10/05/26 14:59:35] D2BS 6216: act5+ BO
[10/05/26 14:59:48] D2BS 6216: ÿc4=== [BAAL] ===
[10/05/26 15:03:10] D2BS 6216: ÿc4=== [COUNTESS] ===
[10/05/26 15:04:27] D2BS 6216: ÿc4=== [PIT] ===
[10/05/26 15:05:55] D2BS 6216: ÿc4=== [ANDY] ===
[10/05/26 15:06:54] D2BS 6216: ÿc4=== [MEPHISTO] ===
[10/05/26 15:07:57] D2BS 6216: ÿc4=== [DIABLO] ===
[10/05/26 15:13:45] D2BS 6216: party has left: fowo-xc
[10/05/26 15:13:45] D2BS 6216:  [14:42] +11.12% / [Level 87] 92.82%
[10/05/26 15:13:45] D2BS 6216: Script threads\autobuildthread.js ended
[10/05/26 15:13:45] D2BS 6216: Script threads\partythread.js ended
[10/05/26 15:13:45] D2BS 6216: Script threads\townchicken.js ended
[10/05/26 15:13:45] D2BS 6216: Script default.dbj ended
[10/05/26 15:13:58] D2BS 6216: joining game pz-143
[10/05/26 15:14:00] D2BS 6216: ÿc2D2BSÿc0 :: Starting default.dbj
[10/05/26 15:14:00] D2BS 6216: ÿc2D2BSÿc0 :: default.dbj running.
[10/05/26 15:14:01] D2BS 6216: Loaded ÿc9[X.nip] [Y.nip] [Z.nip] [V.nip] [P.CONV.nip]
[10/05/26 15:14:01] D2BS 6216: Loaded ÿc9[P.CONV.js]
[10/05/26 15:14:01] D2BS 6216: equipped: [Head] 22
[10/05/26 15:14:01] D2BS 6216: equipped: [Neck] 15
[10/05/26 15:14:01] D2BS 6216: equipped: [Body] 20
[10/05/26 15:14:01] D2BS 6216: equipped: [ArmR] 18
[10/05/26 15:14:01] D2BS 6216: equipped: [ArmL] 41
[10/05/26 15:14:01] D2BS 6216: equipped: [RingR] 14
[10/05/26 15:14:01] D2BS 6216: equipped: [RingL] 15
[10/05/26 15:14:01] D2BS 6216: equipped: [Belt] 19
[10/05/26 15:14:01] D2BS 6216: equipped: [Boots] 13
[10/05/26 15:14:01] D2BS 6216: equipped: [Mitts] 14
[10/05/26 15:14:01] D2BS 6216: updateStat
[10/05/26 15:14:01] D2BS 6216: granted: [Head] 31
[10/05/26 15:14:01] D2BS 6216: granted: [Body] 21
[10/05/26 15:14:01] D2BS 6216: granted: [ArmR] 22
[10/05/26 15:14:01] D2BS 6216: Loaded ÿc9[AutoSmurf.js]
[10/05/26 15:14:05] D2BS 6216: farmingON
[10/05/26 15:14:08] D2BS 6216: MiniShopBot: true
[10/05/26 15:14:08] D2BS 6216: UseMerc: true HP: 70
[10/05/26 15:14:33] D2BS 6216: Merc matched: Holy Freeze
[10/05/26 15:14:40] D2BS 6216: act5+ BO
[10/05/26 15:14:53] D2BS 6216: ÿc4=== [BAAL] ===
[10/05/26 15:15:00] D2BS 6216: party has left: fowo-xa
[10/05/26 15:15:00] D2BS 6216: no exp [01:00]
[10/05/26 15:15:00] D2BS 6216: Script threads\autobuildthread.js ended
[10/05/26 15:15:00] D2BS 6216: Script threads\partythread.js ended
[10/05/26 15:15:00] D2BS 6216: Script threads\townchicken.js ended
[10/05/26 15:15:00] D2BS 6216: Script default.dbj ended
[10/05/26 15:15:13] D2BS 6216: joining game pz-144
[10/05/26 15:15:15] D2BS 6216: ÿc2D2BSÿc0 :: Starting default.dbj
[10/05/26 15:15:15] D2BS 6216: ÿc2D2BSÿc0 :: default.dbj running.
[10/05/26 15:15:15] D2BS 6216: Loaded ÿc9[X.nip] [Y.nip] [Z.nip] [V.nip] [P.CONV.nip]
[10/05/26 15:15:15] D2BS 6216: Loaded ÿc9[P.CONV.js]
[10/05/26 15:15:15] D2BS 6216: equipped: [Head] 22
[10/05/26 15:15:15] D2BS 6216: equipped: [Neck] 15
[10/05/26 15:15:15] D2BS 6216: equipped: [Body] 20
[10/05/26 15:15:16] D2BS 6216: equipped: [ArmR] 18
[10/05/26 15:15:16] D2BS 6216: equipped: [ArmL] 41
[10/05/26 15:15:16] D2BS 6216: equipped: [RingR] 14
[10/05/26 15:15:16] D2BS 6216: equipped: [RingL] 15
[10/05/26 15:15:16] D2BS 6216: equipped: [Belt] 19
[10/05/26 15:15:16] D2BS 6216: equipped: [Boots] 13
[10/05/26 15:15:16] D2BS 6216: equipped: [Mitts] 14
[10/05/26 15:15:16] D2BS 6216: updateStat
[10/05/26 15:15:16] D2BS 6216: granted: [Head] 31
[10/05/26 15:15:16] D2BS 6216: granted: [Body] 21
[10/05/26 15:15:16] D2BS 6216: granted: [ArmR] 22
[10/05/26 15:15:16] D2BS 6216: Loaded ÿc9[AutoSmurf.js]
[10/05/26 15:15:17] D2BS 6216: farmingON
[10/05/26 15:15:18] D2BS 6216: MiniShopBot: true
[10/05/26 15:15:18] D2BS 6216: UseMerc: true HP: 70
[10/05/26 15:15:32] D2BS 6216: Merc matched: Holy Freeze
[10/05/26 15:15:42] D2BS 6216: Token needed
[10/05/26 15:15:46] D2BS 6216: act5+ BO
[10/05/26 15:15:59] D2BS 6216: ÿc4=== [BAAL] ===
[10/05/26 15:16:14] D2BS 6216: Baal failed: souls found
[10/05/26 15:16:14] D2BS 6216: ÿc4=== [COUNTESS] ===
[10/05/26 15:17:20] D2BS 6216: ÿc4=== [PIT] ===
[10/05/26 15:18:52] D2BS 6216: ÿc4=== [ANDY] ===
[10/05/26 15:19:47] D2BS 6216: ÿc4=== [MEPHISTO] ===
[10/05/26 15:20:56] D2BS 6216: ÿc4=== [DIABLO] ===
[10/05/26 15:26:42] D2BS 6216: party has left: fowo-xc, fowo-xf
[10/05/26 15:26:42] D2BS 6216:  [11:28] +4.84% / [Level 87] 97.66%
[10/05/26 15:26:42] D2BS 6216: Script threads\autobuildthread.js ended
[10/05/26 15:26:42] D2BS 6216: Script threads\partythread.js ended
[10/05/26 15:26:43] D2BS 6216: Script threads\townchicken.js ended
[10/05/26 15:26:43] D2BS 6216: Script default.dbj ended
[10/05/26 15:26:55] D2BS 6216: joining game pz-145
[10/05/26 15:26:56] D2BS 6216: ÿc2D2BSÿc0 :: Starting default.dbj
[10/05/26 15:26:56] D2BS 6216: ÿc2D2BSÿc0 :: default.dbj running.
[10/05/26 15:26:56] D2BS 6216: Loaded ÿc9[X.nip] [Y.nip] [Z.nip] [V.nip] [P.CONV.nip]
[10/05/26 15:26:56] D2BS 6216: Loaded ÿc9[P.CONV.js]
[10/05/26 15:26:56] D2BS 6216: equipped: [Head] 22
[10/05/26 15:26:56] D2BS 6216: equipped: [Neck] 15
[10/05/26 15:26:56] D2BS 6216: equipped: [Body] 20
[10/05/26 15:26:56] D2BS 6216: equipped: [ArmR] 18
[10/05/26 15:26:56] D2BS 6216: equipped: [ArmL] 41
[10/05/26 15:26:56] D2BS 6216: equipped: [RingR] 14
[10/05/26 15:26:56] D2BS 6216: equipped: [RingL] 15
[10/05/26 15:26:56] D2BS 6216: equipped: [Belt] 19
[10/05/26 15:26:56] D2BS 6216: equipped: [Boots] 13
[10/05/26 15:26:56] D2BS 6216: equipped: [Mitts] 14
[10/05/26 15:26:56] D2BS 6216: updateStat
[10/05/26 15:26:57] D2BS 6216: granted: [Head] 31
[10/05/26 15:26:57] D2BS 6216: granted: [Body] 21
[10/05/26 15:26:57] D2BS 6216: granted: [ArmR] 22
[10/05/26 15:26:57] D2BS 6216: Loaded ÿc9[AutoSmurf.js]
[10/05/26 15:27:02] D2BS 6216: farmingON
[10/05/26 15:27:04] D2BS 6216: MiniShopBot: true
[10/05/26 15:27:04] D2BS 6216: UseMerc: true HP: 70
[10/05/26 15:27:30] D2BS 6216: Merc matched: Holy Freeze
[10/05/26 15:27:39] D2BS 6216: act5+ BO
[10/05/26 15:27:51] D2BS 6216: ÿc4=== [BAAL] ===
[10/05/26 15:31:08] D2BS 6216: ÿc4=== [COUNTESS] ===
[10/05/26 15:32:32] D2BS 6216: ÿc4=== [PIT] ===
[10/05/26 15:34:01] D2BS 6216: ÿc4=== [ANDY] ===
[10/05/26 15:34:51] D2BS 6216: ÿc4=== [MEPHISTO] ===
[10/05/26 15:36:11] D2BS 6216: ÿc4=== [DIABLO] ===
[10/05/26 15:43:19] D2BS 6216: party has left: fowo-xa, fowo-xb
[10/05/26 15:43:19] D2BS 6216:  [16:23] +7.64% / [Level 88] 5.49%
[10/05/26 15:43:19] D2BS 6216: Script threads\autobuildthread.js ended
[10/05/26 15:43:19] D2BS 6216: Script threads\partythread.js ended
[10/05/26 15:43:19] D2BS 6216: Script threads\townchicken.js ended
[10/05/26 15:43:19] D2BS 6216: Script default.dbj ended
[10/05/26 15:43:32] D2BS 6216: joining game pz-146
[10/05/26 15:43:34] D2BS 6216: ÿc2D2BSÿc0 :: Starting default.dbj
[10/05/26 15:43:34] D2BS 6216: ÿc2D2BSÿc0 :: default.dbj running.
[10/05/26 15:43:34] D2BS 6216: Loaded ÿc9[X.nip] [Y.nip] [Z.nip] [V.nip] [P.CONV.nip]
[10/05/26 15:43:34] D2BS 6216: Loaded ÿc9[P.CONV.js]
[10/05/26 15:43:34] D2BS 6216: equipped: [Head] 22
[10/05/26 15:43:34] D2BS 6216: equipped: [Neck] 15
[10/05/26 15:43:34] D2BS 6216: equipped: [Body] 20
[10/05/26 15:43:34] D2BS 6216: equipped: [ArmR] 18
[10/05/26 15:43:34] D2BS 6216: equipped: [ArmL] 41
[10/05/26 15:43:34] D2BS 6216: equipped: [RingR] 14
[10/05/26 15:43:34] D2BS 6216: equipped: [RingL] 15
[10/05/26 15:43:34] D2BS 6216: equipped: [Belt] 19
[10/05/26 15:43:34] D2BS 6216: equipped: [Boots] 13
[10/05/26 15:43:34] D2BS 6216: equipped: [Mitts] 14
[10/05/26 15:43:34] D2BS 6216: updateStat
[10/05/26 15:43:34] D2BS 6216: granted: [Head] 31
[10/05/26 15:43:35] D2BS 6216: granted: [Body] 21
[10/05/26 15:43:35] D2BS 6216: granted: [ArmR] 22
[10/05/26 15:43:35] D2BS 6216: Loaded ÿc9[AutoSmurf.js]
[10/05/26 15:43:40] D2BS 6216: farmingON
[10/05/26 15:43:40] D2BS 6216: MiniShopBot: true
[10/05/26 15:43:40] D2BS 6216: UseMerc: true HP: 70
[10/05/26 15:44:02] D2BS 6216: Merc matched: Holy Freeze
[10/05/26 15:44:13] D2BS 6216: Token needed
[10/05/26 15:44:19] D2BS 6216: act5+ BO
[10/05/26 15:44:31] D2BS 6216: ÿc4=== [BAAL] ===
[10/05/26 15:44:40] D2BS 6216: Baal failed: souls found
[10/05/26 15:44:40] D2BS 6216: ÿc4=== [COUNTESS] ===
[10/05/26 15:45:50] D2BS 6216: ÿc4=== [PIT] ===
[10/05/26 15:47:03] D2BS 6216: ÿc4=== [ANDY] ===
[10/05/26 15:47:57] D2BS 6216: ÿc4=== [MEPHISTO] ===
[10/05/26 15:49:05] D2BS 6216: ÿc4=== [DIABLO] ===
[10/05/26 15:54:49] D2BS 6216: party has left: fowo-xb
[10/05/26 15:54:49] D2BS 6216:  [11:15] +3.75% / [Level 88] 9.24%
[10/05/26 15:54:49] D2BS 6216: Script threads\autobuildthread.js ended
[10/05/26 15:54:49] D2BS 6216: Script threads\partythread.js ended
[10/05/26 15:54:49] D2BS 6216: Script threads\townchicken.js ended
[10/05/26 15:54:49] D2BS 6216: Script default.dbj ended
[10/05/26 15:55:02] D2BS 6216: joining game pz-147
[10/05/26 15:55:04] D2BS 6216: ÿc2D2BSÿc0 :: Starting default.dbj
[10/05/26 15:55:04] D2BS 6216: ÿc2D2BSÿc0 :: default.dbj running.
[10/05/26 15:55:04] D2BS 6216: Loaded ÿc9[X.nip] [Y.nip] [Z.nip] [V.nip] [P.CONV.nip]
[10/05/26 15:55:04] D2BS 6216: Loaded ÿc9[P.CONV.js]
[10/05/26 15:55:04] D2BS 6216: equipped: [Head] 22
[10/05/26 15:55:04] D2BS 6216: equipped: [Neck] 15
[10/05/26 15:55:04] D2BS 6216: equipped: [Body] 20
[10/05/26 15:55:04] D2BS 6216: equipped: [ArmR] 18
[10/05/26 15:55:04] D2BS 6216: equipped: [ArmL] 41
[10/05/26 15:55:04] D2BS 6216: equipped: [RingR] 14
[10/05/26 15:55:04] D2BS 6216: equipped: [RingL] 15
[10/05/26 15:55:04] D2BS 6216: equipped: [Belt] 19
[10/05/26 15:55:04] D2BS 6216: equipped: [Boots] 13
[10/05/26 15:55:04] D2BS 6216: equipped: [Mitts] 14
[10/05/26 15:55:04] D2BS 6216: updateStat
[10/05/26 15:55:04] D2BS 6216: granted: [Head] 31
[10/05/26 15:55:04] D2BS 6216: granted: [Body] 21
[10/05/26 15:55:04] D2BS 6216: granted: [ArmR] 22
[10/05/26 15:55:04] D2BS 6216: Loaded ÿc9[AutoSmurf.js]
[10/05/26 15:55:09] D2BS 6216: farmingON
[10/05/26 15:55:10] D2BS 6216: MiniShopBot: true
[10/05/26 15:55:10] D2BS 6216: UseMerc: true HP: 70
[10/05/26 15:55:28] D2BS 6216: Merc matched: Holy Freeze
[10/05/26 15:56:03] D2BS 6216: act5+ BO
[10/05/26 15:56:16] D2BS 6216: ÿc4=== [BAAL] ===
[10/05/26 15:59:43] D2BS 6216: ÿc4=== [COUNTESS] ===
[10/05/26 16:00:58] D2BS 6216: ÿc4=== [PIT] ===
[10/05/26 16:02:33] D2BS 6216: ÿc4=== [ANDY] ===
[10/05/26 16:03:17] D2BS 6216: ÿc4=== [MEPHISTO] ===
[10/05/26 16:04:40] D2BS 6216: ÿc4=== [DIABLO] ===
[10/05/26 16:10:51] D2BS 6216: Script ended
[10/05/26 16:10:51] D2BS 6216:  [15:48] +7.88% / [Level 88] 17.12%
[10/05/26 16:10:51] D2BS 6216: Script threads\autobuildthread.js ended
[10/05/26 16:10:51] D2BS 6216: Script threads\partythread.js ended
[10/05/26 16:10:51] D2BS 6216: Script threads\townchicken.js ended
[10/05/26 16:11:04] D2BS 6216: joining game pz-148
[10/05/26 16:11:07] D2BS 6216: ÿc2D2BSÿc0 :: Starting default.dbj
[10/05/26 16:11:07] D2BS 6216: ÿc2D2BSÿc0 :: default.dbj running.
[10/05/26 16:11:07] D2BS 6216: Loaded ÿc9[X.nip] [Y.nip] [Z.nip] [V.nip] [P.CONV.nip]
[10/05/26 16:11:07] D2BS 6216: Loaded ÿc9[P.CONV.js]
[10/05/26 16:11:07] D2BS 6216: equipped: [Head] 22
[10/05/26 16:11:07] D2BS 6216: equipped: [Neck] 15
[10/05/26 16:11:07] D2BS 6216: equipped: [Body] 20
[10/05/26 16:11:07] D2BS 6216: equipped: [ArmR] 18
[10/05/26 16:11:07] D2BS 6216: equipped: [ArmL] 41
[10/05/26 16:11:07] D2BS 6216: equipped: [RingR] 14
[10/05/26 16:11:07] D2BS 6216: equipped: [RingL] 15
[10/05/26 16:11:07] D2BS 6216: equipped: [Belt] 19
[10/05/26 16:11:07] D2BS 6216: equipped: [Boots] 13
[10/05/26 16:11:07] D2BS 6216: equipped: [Mitts] 14
[10/05/26 16:11:07] D2BS 6216: updateStat
[10/05/26 16:11:07] D2BS 6216: granted: [Head] 31
[10/05/26 16:11:07] D2BS 6216: granted: [Body] 21
[10/05/26 16:11:07] D2BS 6216: granted: [ArmR] 22
[10/05/26 16:11:07] D2BS 6216: Loaded ÿc9[AutoSmurf.js]
[10/05/26 16:11:12] D2BS 6216: farmingON
[10/05/26 16:11:12] D2BS 6216: MiniShopBot: true
[10/05/26 16:11:12] D2BS 6216: UseMerc: true HP: 70
[10/05/26 16:11:34] D2BS 6216: Merc matched: Holy Freeze
[10/05/26 16:11:39] D2BS 6216: Token needed
[10/05/26 16:11:43] D2BS 6216: act5+ BO
[10/05/26 16:11:57] D2BS 6216: ÿc4=== [BAAL] ===
[10/05/26 16:15:22] D2BS 6216: ÿc4=== [COUNTESS] ===
[10/05/26 16:16:43] D2BS 6216: ÿc4=== [PIT] ===
[10/05/26 16:18:34] D2BS 6216: ÿc4=== [ANDY] ===
[10/05/26 16:19:29] D2BS 6216: ÿc4=== [MEPHISTO] ===
[10/05/26 16:20:45] D2BS 6216: ÿc4=== [DIABLO] ===
[10/05/26 16:22:58] D2BS 6216: updateStat
[10/05/26 16:23:00] D2BS 6216: Going to town
[10/05/26 16:26:40] D2BS 6216: party has left: fowo-xa, fowo-xb
[10/05/26 16:26:40] D2BS 6216:  [15:34] +8.04% / [Level 88] 25.16%
[10/05/26 16:26:40] D2BS 6216: Script threads\autobuildthread.js ended
[10/05/26 16:26:40] D2BS 6216: Script threads\partythread.js ended
[10/05/26 16:26:40] D2BS 6216: Script threads\townchicken.js ended
[10/05/26 16:26:40] D2BS 6216: Script default.dbj ended
[10/05/26 16:26:52] D2BS 6216: joining game pz-149
[10/05/26 16:26:54] D2BS 6216: ÿc2D2BSÿc0 :: Starting default.dbj
[10/05/26 16:26:54] D2BS 6216: ÿc2D2BSÿc0 :: default.dbj running.
[10/05/26 16:26:54] D2BS 6216: Loaded ÿc9[X.nip] [Y.nip] [Z.nip] [V.nip] [P.CONV.nip]
[10/05/26 16:26:54] D2BS 6216: Loaded ÿc9[P.CONV.js]
[10/05/26 16:26:54] D2BS 6216: equipped: [Head] 22
[10/05/26 16:26:54] D2BS 6216: equipped: [Neck] 15
[10/05/26 16:26:54] D2BS 6216: equipped: [Body] 20
[10/05/26 16:26:54] D2BS 6216: equipped: [ArmR] 18
[10/05/26 16:26:54] D2BS 6216: equipped: [ArmL] 41
[10/05/26 16:26:54] D2BS 6216: equipped: [RingR] 14
[10/05/26 16:26:55] D2BS 6216: equipped: [RingL] 15
[10/05/26 16:26:55] D2BS 6216: equipped: [Belt] 19
[10/05/26 16:26:55] D2BS 6216: equipped: [Boots] 13
[10/05/26 16:26:55] D2BS 6216: equipped: [Mitts] 14
[10/05/26 16:26:55] D2BS 6216: updateStat
[10/05/26 16:26:55] D2BS 6216: granted: [Head] 31
[10/05/26 16:26:55] D2BS 6216: granted: [Body] 21
[10/05/26 16:26:55] D2BS 6216: granted: [ArmR] 22
[10/05/26 16:26:55] D2BS 6216: Loaded ÿc9[AutoSmurf.js]
[10/05/26 16:26:59] D2BS 6216: farmingON
[10/05/26 16:27:01] D2BS 6216: MiniShopBot: true
[10/05/26 16:27:01] D2BS 6216: UseMerc: true HP: 70
[10/05/26 16:27:31] D2BS 6216: Merc matched: Holy Freeze
[10/05/26 16:27:34] D2BS 6216: Token needed
[10/05/26 16:27:38] D2BS 6216: act5+ BO
[10/05/26 16:27:52] D2BS 6216: ÿc4=== [BAAL] ===
[10/05/26 16:28:04] D2BS 6216: Baal failed: souls found
[10/05/26 16:28:04] D2BS 6216: ÿc4=== [COUNTESS] ===
[10/05/26 16:29:16] D2BS 6216: ÿc4=== [PIT] ===
[10/05/26 16:30:48] D2BS 6216: ÿc4=== [ANDY] ===
[10/05/26 16:31:41] D2BS 6216: ÿc4=== [MEPHISTO] ===
[10/05/26 16:33:03] D2BS 6216: ÿc4=== [DIABLO] ===
[10/05/26 16:38:38] D2BS 6216: party has left: fowo-xg
[10/05/26 16:38:38] D2BS 6216:  [11:44] +3.70% / [Level 88] 28.86%
[10/05/26 16:38:38] D2BS 6216: Script threads\autobuildthread.js ended
[10/05/26 16:38:38] D2BS 6216: Script threads\partythread.js ended
[10/05/26 16:38:39] D2BS 6216: Script threads\townchicken.js ended
[10/05/26 16:38:39] D2BS 6216: Script default.dbj ended
[10/05/26 16:38:50] D2BS 6216: joining game pz-150
[10/05/26 16:38:52] D2BS 6216: ÿc2D2BSÿc0 :: Starting default.dbj
[10/05/26 16:38:52] D2BS 6216: ÿc2D2BSÿc0 :: default.dbj running.
[10/05/26 16:38:53] D2BS 6216: Loaded ÿc9[X.nip] [Y.nip] [Z.nip] [V.nip] [P.CONV.nip]
[10/05/26 16:38:53] D2BS 6216: Loaded ÿc9[P.CONV.js]
[10/05/26 16:38:53] D2BS 6216: equipped: [Head] 22
[10/05/26 16:38:53] D2BS 6216: equipped: [Neck] 15
[10/05/26 16:38:53] D2BS 6216: equipped: [Body] 20
[10/05/26 16:38:53] D2BS 6216: equipped: [ArmR] 18
[10/05/26 16:38:53] D2BS 6216: equipped: [ArmL] 41
[10/05/26 16:38:53] D2BS 6216: equipped: [RingR] 14
[10/05/26 16:38:53] D2BS 6216: equipped: [RingL] 15
[10/05/26 16:38:53] D2BS 6216: equipped: [Belt] 19
[10/05/26 16:38:53] D2BS 6216: equipped: [Boots] 13
[10/05/26 16:38:53] D2BS 6216: equipped: [Mitts] 14
[10/05/26 16:38:53] D2BS 6216: updateStat
[10/05/26 16:38:53] D2BS 6216: granted: [Head] 31
[10/05/26 16:38:53] D2BS 6216: granted: [Body] 21
[10/05/26 16:38:54] D2BS 6216: granted: [ArmR] 22
[10/05/26 16:38:54] D2BS 6216: Loaded ÿc9[AutoSmurf.js]
[10/05/26 16:38:58] D2BS 6216: farmingON
[10/05/26 16:39:00] D2BS 6216: MiniShopBot: true
[10/05/26 16:39:00] D2BS 6216: UseMerc: true HP: 70
[10/05/26 16:39:23] D2BS 6216: Merc matched: Holy Freeze
[10/05/26 16:39:27] D2BS 6216: Token needed
[10/05/26 16:39:31] D2BS 6216: act5+ BO
[10/05/26 16:39:45] D2BS 6216: ÿc4=== [BAAL] ===
[10/05/26 16:39:59] D2BS 6216: Baal failed: souls found
[10/05/26 16:39:59] D2BS 6216: ÿc4=== [COUNTESS] ===
[10/05/26 16:41:11] D2BS 6216: ÿc4=== [PIT] ===
[10/05/26 16:43:03] D2BS 6216: ÿc4=== [ANDY] ===
[10/05/26 16:43:54] D2BS 6216: ÿc4=== [MEPHISTO] ===
[10/05/26 16:45:15] D2BS 6216: ÿc4=== [DIABLO] ===
[10/05/26 16:51:02] D2BS 6216: party has left: fowo-xb
[10/05/26 16:51:02] D2BS 6216:  [12:10] +4.69% / [Level 88] 33.55%
[10/05/26 16:51:02] D2BS 6216: Script threads\autobuildthread.js ended
[10/05/26 16:51:02] D2BS 6216: Script threads\partythread.js ended
[10/05/26 16:51:02] D2BS 6216: Script threads\townchicken.js ended
[10/05/26 16:51:02] D2BS 6216: Script default.dbj ended
[10/05/26 16:51:15] D2BS 6216: joining game pz-151
[10/05/26 16:51:18] D2BS 6216: ÿc2D2BSÿc0 :: Starting default.dbj
[10/05/26 16:51:18] D2BS 6216: ÿc2D2BSÿc0 :: default.dbj running.
[10/05/26 16:51:18] D2BS 6216: Loaded ÿc9[X.nip] [Y.nip] [Z.nip] [V.nip] [P.CONV.nip]
[10/05/26 16:51:18] D2BS 6216: Loaded ÿc9[P.CONV.js]
[10/05/26 16:51:18] D2BS 6216: equipped: [Head] 22
[10/05/26 16:51:18] D2BS 6216: equipped: [Neck] 15
[10/05/26 16:51:18] D2BS 6216: equipped: [Body] 20
[10/05/26 16:51:18] D2BS 6216: equipped: [ArmR] 18
[10/05/26 16:51:18] D2BS 6216: equipped: [ArmL] 41
[10/05/26 16:51:18] D2BS 6216: equipped: [RingR] 14
[10/05/26 16:51:18] D2BS 6216: equipped: [RingL] 15
[10/05/26 16:51:18] D2BS 6216: equipped: [Belt] 19
[10/05/26 16:51:18] D2BS 6216: equipped: [Boots] 13
[10/05/26 16:51:18] D2BS 6216: equipped: [Mitts] 14
[10/05/26 16:51:18] D2BS 6216: updateStat
[10/05/26 16:51:18] D2BS 6216: granted: [Head] 31
[10/05/26 16:51:18] D2BS 6216: granted: [Body] 21
[10/05/26 16:51:18] D2BS 6216: granted: [ArmR] 22
[10/05/26 16:51:18] D2BS 6216: Loaded ÿc9[AutoSmurf.js]
[10/05/26 16:51:22] D2BS 6216: farmingON
[10/05/26 16:51:23] D2BS 6216: MiniShopBot: true
[10/05/26 16:51:23] D2BS 6216: UseMerc: true HP: 70
[10/05/26 16:51:40] D2BS 6216: Merc matched: Holy Freeze
[10/05/26 16:51:56] D2BS 6216: Token needed
[10/05/26 16:52:00] D2BS 6216: act5+ BO
[10/05/26 16:52:14] D2BS 6216: ÿc4=== [BAAL] ===
[10/05/26 16:52:25] D2BS 6216: Baal failed: souls found
[10/05/26 16:52:25] D2BS 6216: ÿc4=== [COUNTESS] ===
[10/05/26 16:53:37] D2BS 6216: ÿc4=== [PIT] ===
[10/05/26 16:55:19] D2BS 6216: ÿc4=== [ANDY] ===
[10/05/26 16:56:06] D2BS 6216: ÿc4=== [MEPHISTO] ===
[10/05/26 16:57:24] D2BS 6216: ÿc4=== [DIABLO] ===
[10/05/26 16:59:59] D2BS 6216: updateStat
[10/05/26 17:01:21] D2BS 6216: Going to town
[10/05/26 17:03:34] D2BS 6216: party has left: fowo-xb
[10/05/26 17:03:34] D2BS 6216:  [12:17] +3.54% / [Level 88] 37.09%
[10/05/26 17:03:34] D2BS 6216: Script threads\autobuildthread.js ended
[10/05/26 17:03:34] D2BS 6216: Script threads\partythread.js ended
[10/05/26 17:03:34] D2BS 6216: Script threads\townchicken.js ended
[10/05/26 17:03:34] D2BS 6216: Script default.dbj ended
[10/05/26 17:03:45] D2BS 6216: joining game pz-152
[10/05/26 17:03:47] D2BS 6216: ÿc2D2BSÿc0 :: Starting default.dbj
[10/05/26 17:03:47] D2BS 6216: ÿc2D2BSÿc0 :: default.dbj running.
[10/05/26 17:03:47] D2BS 6216: Loaded ÿc9[X.nip] [Y.nip] [Z.nip] [V.nip] [P.CONV.nip]
[10/05/26 17:03:47] D2BS 6216: Loaded ÿc9[P.CONV.js]
[10/05/26 17:03:47] D2BS 6216: equipped: [Head] 22
[10/05/26 17:03:47] D2BS 6216: equipped: [Neck] 15
[10/05/26 17:03:48] D2BS 6216: equipped: [Body] 20
[10/05/26 17:03:48] D2BS 6216: equipped: [ArmR] 18
[10/05/26 17:03:48] D2BS 6216: equipped: [ArmL] 41
[10/05/26 17:03:48] D2BS 6216: equipped: [RingR] 14
[10/05/26 17:03:48] D2BS 6216: equipped: [RingL] 15
[10/05/26 17:03:48] D2BS 6216: equipped: [Belt] 19
[10/05/26 17:03:48] D2BS 6216: equipped: [Boots] 13
[10/05/26 17:03:48] D2BS 6216: equipped: [Mitts] 14
[10/05/26 17:03:48] D2BS 6216: updateStat
[10/05/26 17:03:48] D2BS 6216: granted: [Head] 31
[10/05/26 17:03:48] D2BS 6216: granted: [Body] 21
[10/05/26 17:03:48] D2BS 6216: granted: [ArmR] 22
[10/05/26 17:03:48] D2BS 6216: Loaded ÿc9[AutoSmurf.js]
[10/05/26 17:03:52] D2BS 6216: farmingON
[10/05/26 17:03:52] D2BS 6216: MiniShopBot: true
[10/05/26 17:03:52] D2BS 6216: UseMerc: true HP: 70
[10/05/26 17:04:10] D2BS 6216: Merc matched: Holy Freeze
[10/05/26 17:04:23] D2BS 6216: Token needed
[10/05/26 17:04:27] D2BS 6216: act5+ BO
[10/05/26 17:04:39] D2BS 6216: ÿc4=== [BAAL] ===
[10/05/26 17:08:11] D2BS 6216: ÿc4=== [COUNTESS] ===
[10/05/26 17:09:21] D2BS 6216: ÿc4=== [PIT] ===
[10/05/26 17:11:03] D2BS 6216: ÿc4=== [ANDY] ===
[10/05/26 17:11:55] D2BS 6216: ÿc4=== [MEPHISTO] ===
[10/05/26 17:13:19] D2BS 6216: ÿc4=== [DIABLO] ===
[10/05/26 17:19:12] D2BS 6216: party has left: fowo-xh
[10/05/26 17:19:12] D2BS 6216:  [15:26] +7.74% / [Level 88] 44.83%
[10/05/26 17:19:12] D2BS 6216: Script threads\autobuildthread.js ended
[10/05/26 17:19:12] D2BS 6216: Script threads\partythread.js ended
[10/05/26 17:19:12] D2BS 6216: Script threads\townchicken.js ended
[10/05/26 17:19:13] D2BS 6216: Script default.dbj ended
[10/05/26 17:19:25] D2BS 6216: joining game pz-153
[10/05/26 17:19:27] D2BS 6216: ÿc2D2BSÿc0 :: Starting default.dbj
[10/05/26 17:19:27] D2BS 6216: ÿc2D2BSÿc0 :: default.dbj running.
[10/05/26 17:19:28] D2BS 6216: Loaded ÿc9[X.nip] [Y.nip] [Z.nip] [V.nip] [P.CONV.nip]
[10/05/26 17:19:28] D2BS 6216: Loaded ÿc9[P.CONV.js]
[10/05/26 17:19:28] D2BS 6216: equipped: [Head] 22
[10/05/26 17:19:28] D2BS 6216: equipped: [Neck] 15
[10/05/26 17:19:28] D2BS 6216: equipped: [Body] 20
[10/05/26 17:19:28] D2BS 6216: equipped: [ArmR] 18
[10/05/26 17:19:28] D2BS 6216: equipped: [ArmL] 41
[10/05/26 17:19:28] D2BS 6216: equipped: [RingR] 14
[10/05/26 17:19:28] D2BS 6216: equipped: [RingL] 15
[10/05/26 17:19:28] D2BS 6216: equipped: [Belt] 19
[10/05/26 17:19:28] D2BS 6216: equipped: [Boots] 13
[10/05/26 17:19:28] D2BS 6216: equipped: [Mitts] 14
[10/05/26 17:19:28] D2BS 6216: updateStat
[10/05/26 17:19:28] D2BS 6216: granted: [Head] 31
[10/05/26 17:19:28] D2BS 6216: granted: [Body] 21
[10/05/26 17:19:28] D2BS 6216: granted: [ArmR] 22
[10/05/26 17:19:28] D2BS 6216: Loaded ÿc9[AutoSmurf.js]
[10/05/26 17:19:33] D2BS 6216: farmingON
[10/05/26 17:19:35] D2BS 6216: MiniShopBot: true
[10/05/26 17:19:35] D2BS 6216: UseMerc: true HP: 70
[10/05/26 17:19:56] D2BS 6216: Merc matched: Holy Freeze
[10/05/26 17:20:03] D2BS 6216: Token needed
[10/05/26 17:20:06] D2BS 6216: act5+ BO
[10/05/26 17:20:19] D2BS 6216: ÿc4=== [BAAL] ===
[10/05/26 17:23:45] D2BS 6216: ÿc4=== [COUNTESS] ===
[10/05/26 17:25:10] D2BS 6216: ÿc4=== [PIT] ===
[10/05/26 17:26:30] D2BS 6216: ÿc4=== [ANDY] ===
[10/05/26 17:27:28] D2BS 6216: ÿc4=== [MEPHISTO] ===
[10/05/26 17:28:43] D2BS 6216: ÿc4=== [DIABLO] ===
[10/05/26 17:31:04] D2BS 6216: updateStat
[10/05/26 17:31:29] D2BS 6216: Going to town
[10/05/26 17:34:09] D2BS 6216: party has left: fowo-xf
[10/05/26 17:34:09] D2BS 6216:  [14:42] +7.76% / [Level 88] 52.59%
[10/05/26 17:34:09] D2BS 6216: Script threads\autobuildthread.js ended
[10/05/26 17:34:09] D2BS 6216: Script threads\partythread.js ended
[10/05/26 17:34:09] D2BS 6216: Script threads\townchicken.js ended
[10/05/26 17:34:09] D2BS 6216: Script default.dbj ended
[10/05/26 17:34:21] D2BS 6216: joining game pz-154
[10/05/26 17:34:23] D2BS 6216: ÿc2D2BSÿc0 :: Starting default.dbj
[10/05/26 17:34:23] D2BS 6216: ÿc2D2BSÿc0 :: default.dbj running.
[10/05/26 17:34:23] D2BS 6216: Loaded ÿc9[X.nip] [Y.nip] [Z.nip] [V.nip] [P.CONV.nip]
[10/05/26 17:34:23] D2BS 6216: Loaded ÿc9[P.CONV.js]
[10/05/26 17:34:23] D2BS 6216: equipped: [Head] 22
[10/05/26 17:34:23] D2BS 6216: equipped: [Neck] 15
[10/05/26 17:34:23] D2BS 6216: equipped: [Body] 20
[10/05/26 17:34:23] D2BS 6216: equipped: [ArmR] 18
[10/05/26 17:34:23] D2BS 6216: equipped: [ArmL] 41
[10/05/26 17:34:23] D2BS 6216: equipped: [RingR] 14
[10/05/26 17:34:23] D2BS 6216: equipped: [RingL] 15
[10/05/26 17:34:23] D2BS 6216: equipped: [Belt] 19
[10/05/26 17:34:24] D2BS 6216: equipped: [Boots] 13
[10/05/26 17:34:24] D2BS 6216: equipped: [Mitts] 14
[10/05/26 17:34:24] D2BS 6216: updateStat
[10/05/26 17:34:24] D2BS 6216: granted: [Head] 31
[10/05/26 17:34:24] D2BS 6216: granted: [Body] 21
[10/05/26 17:34:24] D2BS 6216: granted: [ArmR] 22
[10/05/26 17:34:24] D2BS 6216: Loaded ÿc9[AutoSmurf.js]
[10/05/26 17:34:28] D2BS 6216: farmingON
[10/05/26 17:34:28] D2BS 6216: MiniShopBot: true
[10/05/26 17:34:28] D2BS 6216: UseMerc: true HP: 70
[10/05/26 17:34:44] D2BS 6216: equipped: [Neck] 19
[10/05/26 17:34:46] D2BS 6216: Merc matched: Holy Freeze
[10/05/26 17:34:57] D2BS 6216: Token needed
[10/05/26 17:35:01] D2BS 6216: act5+ BO
[10/05/26 17:35:14] D2BS 6216: ÿc4=== [BAAL] ===
[10/05/26 17:38:40] D2BS 6216: ÿc4=== [COUNTESS] ===
[10/05/26 17:39:48] D2BS 6216: ÿc4=== [PIT] ===
[10/05/26 17:41:25] D2BS 6216: ÿc4=== [ANDY] ===
[10/05/26 17:42:16] D2BS 6216: ÿc4=== [MEPHISTO] ===
[10/05/26 17:43:42] D2BS 6216: ÿc4=== [DIABLO] ===
[10/05/26 17:49:28] D2BS 6216: party has left: fowo-xb
[10/05/26 17:49:28] D2BS 6216:  [15:05] +8.30% / [Level 88] 60.89%
[10/05/26 17:49:28] D2BS 6216: Script threads\autobuildthread.js ended
[10/05/26 17:49:28] D2BS 6216: Script threads\partythread.js ended
[10/05/26 17:49:28] D2BS 6216: Script threads\townchicken.js ended
[10/05/26 17:49:28] D2BS 6216: Script default.dbj ended
[10/05/26 17:49:42] D2BS 6216: joining game pz-155
[10/05/26 17:49:45] D2BS 6216: ÿc2D2BSÿc0 :: Starting default.dbj
[10/05/26 17:49:45] D2BS 6216: ÿc2D2BSÿc0 :: default.dbj running.
[10/05/26 17:49:45] D2BS 6216: Loaded ÿc9[X.nip] [Y.nip] [Z.nip] [V.nip] [P.CONV.nip]
[10/05/26 17:49:45] D2BS 6216: Loaded ÿc9[P.CONV.js]
[10/05/26 17:49:45] D2BS 6216: equipped: [Head] 22
[10/05/26 17:49:45] D2BS 6216: equipped: [Neck] 19
[10/05/26 17:49:45] D2BS 6216: equipped: [Body] 20
[10/05/26 17:49:45] D2BS 6216: equipped: [ArmR] 18
[10/05/26 17:49:45] D2BS 6216: equipped: [ArmL] 41
[10/05/26 17:49:45] D2BS 6216: equipped: [RingR] 14
[10/05/26 17:49:45] D2BS 6216: equipped: [RingL] 15
[10/05/26 17:49:45] D2BS 6216: equipped: [Belt] 19
[10/05/26 17:49:45] D2BS 6216: equipped: [Boots] 13
[10/05/26 17:49:45] D2BS 6216: equipped: [Mitts] 14
[10/05/26 17:49:45] D2BS 6216: updateStat
[10/05/26 17:49:45] D2BS 6216: granted: [Head] 31
[10/05/26 17:49:45] D2BS 6216: granted: [Body] 21
[10/05/26 17:49:45] D2BS 6216: granted: [ArmR] 22
[10/05/26 17:49:45] D2BS 6216: Loaded ÿc9[AutoSmurf.js]
[10/05/26 17:49:50] D2BS 6216: farmingON
[10/05/26 17:49:51] D2BS 6216: MiniShopBot: true
[10/05/26 17:49:51] D2BS 6216: UseMerc: true HP: 70
[10/05/26 17:50:12] D2BS 6216: Merc matched: Holy Freeze
[10/05/26 17:50:23] D2BS 6216: Token needed
[10/05/26 17:50:28] D2BS 6216: act5+ BO
[10/05/26 17:50:41] D2BS 6216: ÿc4=== [BAAL] ===
[10/05/26 17:53:28] D2BS 6216: Going to town
[10/05/26 17:53:28] D2BS 6216: Script default.dbj ended
[10/05/26 17:53:29] D2BS 6216: Script threads\autobuildthread.js ended
[10/05/26 17:53:29] D2BS 6216: Script threads\partythread.js ended
[10/05/26 17:53:29] D2BS 6216: Script threads\toolsthread.js ended
[10/05/26 17:53:29] D2BS 6216: Script threads\townchicken.js ended
[10/05/26 17:53:41] D2BS 6216: joining game pz-156
[10/05/26 17:53:43] D2BS 6216: ÿc2D2BSÿc0 :: Starting default.dbj
[10/05/26 17:53:43] D2BS 6216: ÿc2D2BSÿc0 :: default.dbj running.
[10/05/26 17:53:44] D2BS 6216: Loaded ÿc9[X.nip] [Y.nip] [Z.nip] [V.nip] [P.CONV.nip]
[10/05/26 17:53:44] D2BS 6216: Loaded ÿc9[P.CONV.js]
[10/05/26 17:53:44] D2BS 6216: equipped: [Head] 22
[10/05/26 17:53:44] D2BS 6216: equipped: [Neck] 19
[10/05/26 17:53:44] D2BS 6216: equipped: [Body] 20
[10/05/26 17:53:44] D2BS 6216: equipped: [ArmR] 18
[10/05/26 17:53:44] D2BS 6216: equipped: [ArmL] 41
[10/05/26 17:53:44] D2BS 6216: equipped: [RingR] 14
[10/05/26 17:53:44] D2BS 6216: equipped: [RingL] 15
[10/05/26 17:53:44] D2BS 6216: equipped: [Belt] 19
[10/05/26 17:53:44] D2BS 6216: equipped: [Boots] 13
[10/05/26 17:53:44] D2BS 6216: equipped: [Mitts] 14
[10/05/26 17:53:44] D2BS 6216: updateStat
[10/05/26 17:53:44] D2BS 6216: granted: [Head] 31
[10/05/26 17:53:44] D2BS 6216: granted: [Body] 21
[10/05/26 17:53:44] D2BS 6216: granted: [ArmR] 22
[10/05/26 17:53:44] D2BS 6216: Loaded ÿc9[AutoSmurf.js]
[10/05/26 17:53:45] D2BS 6216: farmingON
[10/05/26 17:53:46] D2BS 6216: MiniShopBot: true
[10/05/26 17:53:46] D2BS 6216: UseMerc: true HP: 70
[10/05/26 17:54:03] D2BS 6216: Merc matched: Holy Freeze
[10/05/26 17:54:14] D2BS 6216: Token needed
[10/05/26 17:54:17] D2BS 6216: act5+ BO
[10/05/26 17:54:31] D2BS 6216: ÿc4=== [BAAL] ===
[10/05/26 17:58:26] D2BS 6216: ÿc4=== [COUNTESS] ===
[10/05/26 17:59:55] D2BS 6216: ÿc4=== [PIT] ===
[10/05/26 18:01:49] D2BS 6216: ÿc4=== [ANDY] ===
[10/05/26 18:02:34] D2BS 6216: ÿc4=== [MEPHISTO] ===
[10/05/26 18:03:52] D2BS 6216: ÿc4=== [DIABLO] ===
[10/05/26 18:07:07] D2BS 6216: updateStat
[10/05/26 18:07:23] D2BS 6216: Going to town
[10/05/26 18:09:43] D2BS 6216: Script ended
[10/05/26 18:09:43] D2BS 6216:  [15:59] +8.10% / [Level 88] 72.45%
[10/05/26 18:09:43] D2BS 6216: Script threads\autobuildthread.js ended
[10/05/26 18:09:44] D2BS 6216: Script threads\partythread.js ended
[10/05/26 18:09:44] D2BS 6216: Script threads\townchicken.js ended
[10/05/26 18:09:56] D2BS 6216: joining game pz-157
[10/05/26 18:09:57] D2BS 6216: ÿc2D2BSÿc0 :: Starting default.dbj
[10/05/26 18:09:57] D2BS 6216: ÿc2D2BSÿc0 :: default.dbj running.
[10/05/26 18:09:58] D2BS 6216: Loaded ÿc9[X.nip] [Y.nip] [Z.nip] [V.nip] [P.CONV.nip]
[10/05/26 18:09:58] D2BS 6216: Loaded ÿc9[P.CONV.js]
[10/05/26 18:09:58] D2BS 6216: equipped: [Head] 22
[10/05/26 18:09:58] D2BS 6216: equipped: [Neck] 19
[10/05/26 18:09:58] D2BS 6216: equipped: [Body] 20
[10/05/26 18:09:58] D2BS 6216: equipped: [ArmR] 18
[10/05/26 18:09:58] D2BS 6216: equipped: [ArmL] 41
[10/05/26 18:09:58] D2BS 6216: equipped: [RingR] 14
[10/05/26 18:09:58] D2BS 6216: equipped: [RingL] 15
[10/05/26 18:09:58] D2BS 6216: equipped: [Belt] 19
[10/05/26 18:09:58] D2BS 6216: equipped: [Boots] 13
[10/05/26 18:09:58] D2BS 6216: equipped: [Mitts] 14
[10/05/26 18:09:58] D2BS 6216: updateStat
[10/05/26 18:09:58] D2BS 6216: granted: [Head] 31
[10/05/26 18:09:58] D2BS 6216: granted: [Body] 21
[10/05/26 18:09:58] D2BS 6216: granted: [ArmR] 22
[10/05/26 18:09:58] D2BS 6216: Loaded ÿc9[AutoSmurf.js]
[10/05/26 18:10:03] D2BS 6216: farmingON
[10/05/26 18:10:06] D2BS 6216: MiniShopBot: true
[10/05/26 18:10:06] D2BS 6216: UseMerc: true HP: 70
[10/05/26 18:10:26] D2BS 6216: Merc matched: Holy Freeze
[10/05/26 18:10:34] D2BS 6216: Token needed
[10/05/26 18:10:38] D2BS 6216: act5+ BO
[10/05/26 18:10:50] D2BS 6216: ÿc4=== [BAAL] ===
[10/05/26 18:14:27] D2BS 6216: ÿc4=== [COUNTESS] ===
[10/05/26 18:15:37] D2BS 6216: ÿc4=== [PIT] ===
[10/05/26 18:17:10] D2BS 6216: ÿc4=== [ANDY] ===
[10/05/26 18:18:00] D2BS 6216: ÿc4=== [MEPHISTO] ===
[10/05/26 18:19:17] D2BS 6216: ÿc4=== [DIABLO] ===
[10/05/26 18:25:37] D2BS 6216: party has left: fowo-xa
[10/05/26 18:25:38] D2BS 6216:  [15:40] +7.25% / [Level 88] 79.70%
[10/05/26 18:25:38] D2BS 6216: Script threads\autobuildthread.js ended
[10/05/26 18:25:38] D2BS 6216: Script threads\partythread.js ended
[10/05/26 18:25:38] D2BS 6216: Script threads\townchicken.js ended
[10/05/26 18:25:38] D2BS 6216: Script default.dbj ended
[10/05/26 18:25:50] D2BS 6216: joining game pz-158
[10/05/26 18:25:51] D2BS 6216: ÿc2D2BSÿc0 :: Starting default.dbj
[10/05/26 18:25:51] D2BS 6216: ÿc2D2BSÿc0 :: default.dbj running.
[10/05/26 18:25:52] D2BS 6216: Loaded ÿc9[X.nip] [Y.nip] [Z.nip] [V.nip] [P.CONV.nip]
[10/05/26 18:25:52] D2BS 6216: Loaded ÿc9[P.CONV.js]
[10/05/26 18:25:52] D2BS 6216: equipped: [Head] 22
[10/05/26 18:25:52] D2BS 6216: equipped: [Neck] 19
[10/05/26 18:25:52] D2BS 6216: equipped: [Body] 20
[10/05/26 18:25:52] D2BS 6216: equipped: [ArmR] 18
[10/05/26 18:25:52] D2BS 6216: equipped: [ArmL] 41
[10/05/26 18:25:52] D2BS 6216: equipped: [RingR] 14
[10/05/26 18:25:52] D2BS 6216: equipped: [RingL] 15
[10/05/26 18:25:52] D2BS 6216: equipped: [Belt] 19
[10/05/26 18:25:52] D2BS 6216: equipped: [Boots] 13
[10/05/26 18:25:52] D2BS 6216: equipped: [Mitts] 14
[10/05/26 18:25:53] D2BS 6216: updateStat
[10/05/26 18:25:53] D2BS 6216: granted: [Head] 31
[10/05/26 18:25:53] D2BS 6216: granted: [Body] 21
[10/05/26 18:25:53] D2BS 6216: granted: [ArmR] 22
[10/05/26 18:25:53] D2BS 6216: Loaded ÿc9[AutoSmurf.js]
[10/05/26 18:25:57] D2BS 6216: farmingON
[10/05/26 18:25:58] D2BS 6216: MiniShopBot: true
[10/05/26 18:25:58] D2BS 6216: UseMerc: true HP: 70
[10/05/26 18:26:18] D2BS 6216: Merc matched: Holy Freeze
[10/05/26 18:26:42] D2BS 6216: act5+ BO
[10/05/26 18:27:16] D2BS 6216: ÿc4=== [BAAL] ===
[10/05/26 18:28:42] D2BS 6216: party has left: fowo-xf
[10/05/26 18:28:42] D2BS 6216:  [02:51] +0.93% / [Level 88] 80.63%
[10/05/26 18:28:42] D2BS 6216: Script threads\autobuildthread.js ended
[10/05/26 18:28:42] D2BS 6216: Script threads\partythread.js ended
[10/05/26 18:28:43] D2BS 6216: Script threads\townchicken.js ended
[10/05/26 18:28:43] D2BS 6216: Script default.dbj ended
[10/05/26 18:28:54] D2BS 6216: joining game pz-159
[10/05/26 18:28:57] D2BS 6216: ÿc2D2BSÿc0 :: Starting default.dbj
[10/05/26 18:28:57] D2BS 6216: ÿc2D2BSÿc0 :: default.dbj running.
[10/05/26 18:28:57] D2BS 6216: Loaded ÿc9[X.nip] [Y.nip] [Z.nip] [V.nip] [P.CONV.nip]
[10/05/26 18:28:57] D2BS 6216: Loaded ÿc9[P.CONV.js]
[10/05/26 18:28:57] D2BS 6216: equipped: [Head] 22
[10/05/26 18:28:57] D2BS 6216: equipped: [Neck] 19
[10/05/26 18:28:57] D2BS 6216: equipped: [Body] 20
[10/05/26 18:28:57] D2BS 6216: equipped: [ArmR] 18
[10/05/26 18:28:57] D2BS 6216: equipped: [ArmL] 41
[10/05/26 18:28:57] D2BS 6216: equipped: [RingR] 14
[10/05/26 18:28:57] D2BS 6216: equipped: [RingL] 15
[10/05/26 18:28:57] D2BS 6216: equipped: [Belt] 19
[10/05/26 18:28:57] D2BS 6216: equipped: [Boots] 13
[10/05/26 18:28:57] D2BS 6216: equipped: [Mitts] 14
[10/05/26 18:28:57] D2BS 6216: updateStat
[10/05/26 18:28:57] D2BS 6216: granted: [Head] 31
[10/05/26 18:28:57] D2BS 6216: granted: [Body] 21
[10/05/26 18:28:57] D2BS 6216: granted: [ArmR] 22
[10/05/26 18:28:57] D2BS 6216: Loaded ÿc9[AutoSmurf.js]
[10/05/26 18:28:59] D2BS 6216: farmingON
[10/05/26 18:28:59] D2BS 6216: MiniShopBot: true
[10/05/26 18:28:59] D2BS 6216: UseMerc: true HP: 70
[10/05/26 18:29:11] D2BS 6216: Merc matched: Holy Freeze
[10/05/26 18:29:23] D2BS 6216: Token needed
[10/05/26 18:29:26] D2BS 6216: act5+ BO
[10/05/26 18:29:41] D2BS 6216: ÿc4=== [BAAL] ===
[10/05/26 18:32:57] D2BS 6216: ÿc4=== [COUNTESS] ===
[10/05/26 18:33:52] D2BS 6216: updateStat
[10/05/26 18:34:05] D2BS 6216: ÿc4=== [PIT] ===
[10/05/26 18:35:50] D2BS 6216: ÿc4=== [ANDY] ===
[10/05/26 18:36:42] D2BS 6216: ÿc4=== [MEPHISTO] ===
[10/05/26 18:37:55] D2BS 6216: ÿc4=== [DIABLO] ===
[10/05/26 18:44:47] D2BS 6216: Script ended
[10/05/26 18:44:47] D2BS 6216:  [15:52] +7.71% / [Level 88] 88.34%
[10/05/26 18:44:47] D2BS 6216: Script threads\autobuildthread.js ended
[10/05/26 18:44:47] D2BS 6216: Script threads\partythread.js ended
[10/05/26 18:44:47] D2BS 6216: Script threads\townchicken.js ended
[10/05/26 18:45:00] D2BS 6216: joining game pz-160
[10/05/26 18:45:02] D2BS 6216: ÿc2D2BSÿc0 :: Starting default.dbj
[10/05/26 18:45:02] D2BS 6216: ÿc2D2BSÿc0 :: default.dbj running.
[10/05/26 18:45:02] D2BS 6216: Loaded ÿc9[X.nip] [Y.nip] [Z.nip] [V.nip] [P.CONV.nip]
[10/05/26 18:45:02] D2BS 6216: Loaded ÿc9[P.CONV.js]
[10/05/26 18:45:02] D2BS 6216: equipped: [Head] 22
[10/05/26 18:45:02] D2BS 6216: equipped: [Neck] 19
[10/05/26 18:45:02] D2BS 6216: equipped: [Body] 20
[10/05/26 18:45:02] D2BS 6216: equipped: [ArmR] 18
[10/05/26 18:45:02] D2BS 6216: equipped: [ArmL] 41
[10/05/26 18:45:02] D2BS 6216: equipped: [RingR] 14
[10/05/26 18:45:02] D2BS 6216: equipped: [RingL] 15
[10/05/26 18:45:02] D2BS 6216: equipped: [Belt] 19
[10/05/26 18:45:02] D2BS 6216: equipped: [Boots] 13
[10/05/26 18:45:02] D2BS 6216: equipped: [Mitts] 14
[10/05/26 18:45:02] D2BS 6216: updateStat
[10/05/26 18:45:02] D2BS 6216: granted: [Head] 31
[10/05/26 18:45:02] D2BS 6216: granted: [Body] 21
[10/05/26 18:45:03] D2BS 6216: granted: [ArmR] 22
[10/05/26 18:45:03] D2BS 6216: Loaded ÿc9[AutoSmurf.js]
[10/05/26 18:45:08] D2BS 6216: farmingON
[10/05/26 18:45:12] D2BS 6216: MiniShopBot: true
[10/05/26 18:45:12] D2BS 6216: UseMerc: true HP: 70
[10/05/26 18:45:33] D2BS 6216: Merc matched: Holy Freeze
[10/05/26 18:45:36] D2BS 6216: Token needed
[10/05/26 18:45:41] D2BS 6216: act5+ BO
[10/05/26 18:45:55] D2BS 6216: ÿc4=== [BAAL] ===
[10/05/26 18:46:16] D2BS 6216: Baal failed: souls found
[10/05/26 18:46:16] D2BS 6216: ÿc4=== [COUNTESS] ===
[10/05/26 18:47:29] D2BS 6216: ÿc4=== [PIT] ===
[10/05/26 18:49:13] D2BS 6216: ÿc4=== [ANDY] ===
[10/05/26 18:50:17] D2BS 6216: ÿc4=== [MEPHISTO] ===
[10/05/26 18:51:43] D2BS 6216: ÿc4=== [DIABLO] ===
[10/05/26 18:56:41] D2BS 6216:  [11:39] +2.56% / [Level 88] 90.90%
[10/05/26 18:56:41] D2BS 6216: Script threads\autobuildthread.js ended
[10/05/26 18:56:41] D2BS 6216: Script threads\partythread.js ended
[10/05/26 18:56:41] D2BS 6216: Script threads\townchicken.js ended
[10/05/26 18:56:41] D2BS 6216: Script default.dbj ended
[10/05/26 18:56:54] D2BS 6216: joining game pz-161
[10/05/26 18:56:56] D2BS 6216: ÿc2D2BSÿc0 :: Starting default.dbj
[10/05/26 18:56:56] D2BS 6216: ÿc2D2BSÿc0 :: default.dbj running.
[10/05/26 18:56:56] D2BS 6216: Loaded ÿc9[X.nip] [Y.nip] [Z.nip] [V.nip] [P.CONV.nip]
[10/05/26 18:56:56] D2BS 6216: Loaded ÿc9[P.CONV.js]
[10/05/26 18:56:56] D2BS 6216: equipped: [Head] 22
[10/05/26 18:56:56] D2BS 6216: equipped: [Neck] 19
[10/05/26 18:56:56] D2BS 6216: equipped: [Body] 20
[10/05/26 18:56:56] D2BS 6216: equipped: [ArmR] 18
[10/05/26 18:56:56] D2BS 6216: equipped: [ArmL] 41
[10/05/26 18:56:56] D2BS 6216: equipped: [RingR] 14
[10/05/26 18:56:56] D2BS 6216: equipped: [RingL] 15
[10/05/26 18:56:56] D2BS 6216: equipped: [Belt] 19
[10/05/26 18:56:56] D2BS 6216: equipped: [Boots] 13
[10/05/26 18:56:56] D2BS 6216: equipped: [Mitts] 14
[10/05/26 18:56:56] D2BS 6216: updateStat
[10/05/26 18:56:56] D2BS 6216: granted: [Head] 31
[10/05/26 18:56:56] D2BS 6216: granted: [Body] 21
[10/05/26 18:56:56] D2BS 6216: granted: [ArmR] 22
[10/05/26 18:56:56] D2BS 6216: Loaded ÿc9[AutoSmurf.js]
[10/05/26 18:57:01] D2BS 6216: farmingON
[10/05/26 18:57:02] D2BS 6216: MiniShopBot: true
[10/05/26 18:57:02] D2BS 6216: UseMerc: true HP: 70
[10/05/26 18:57:17] D2BS 6216: Merc matched: Holy Freeze
[10/05/26 18:57:27] D2BS 6216: Token needed
[10/05/26 18:57:31] D2BS 6216: act5+ BO
[10/05/26 18:57:44] D2BS 6216: ÿc4=== [BAAL] ===
[10/05/26 18:58:00] D2BS 6216: Baal failed: souls found
[10/05/26 18:58:00] D2BS 6216: ÿc4=== [COUNTESS] ===
[10/05/26 18:59:06] D2BS 6216: ÿc4=== [PIT] ===
[10/05/26 19:01:03] D2BS 6216: ÿc4=== [ANDY] ===
[10/05/26 19:02:01] D2BS 6216: ÿc4=== [MEPHISTO] ===
[10/05/26 19:03:14] D2BS 6216: ÿc4=== [DIABLO] ===
[10/05/26 19:08:44] D2BS 6216: party has left: fowo-xd
[10/05/26 19:08:44] D2BS 6216:  [11:48] +4.54% / [Level 88] 95.43%
[10/05/26 19:08:44] D2BS 6216: Script threads\autobuildthread.js ended
[10/05/26 19:08:44] D2BS 6216: Script threads\partythread.js ended
[10/05/26 19:08:44] D2BS 6216: Script threads\townchicken.js ended
[10/05/26 19:08:44] D2BS 6216: Script default.dbj ended
[10/05/26 19:08:56] D2BS 6216: joining game pz-162
[10/05/26 19:08:59] D2BS 6216: ÿc2D2BSÿc0 :: Starting default.dbj
[10/05/26 19:08:59] D2BS 6216: ÿc2D2BSÿc0 :: default.dbj running.
[10/05/26 19:08:59] D2BS 6216: Loaded ÿc9[X.nip] [Y.nip] [Z.nip] [V.nip] [P.CONV.nip]
[10/05/26 19:08:59] D2BS 6216: Loaded ÿc9[P.CONV.js]
[10/05/26 19:08:59] D2BS 6216: equipped: [Head] 22
[10/05/26 19:08:59] D2BS 6216: equipped: [Neck] 19
[10/05/26 19:08:59] D2BS 6216: equipped: [Body] 20
[10/05/26 19:08:59] D2BS 6216: equipped: [ArmR] 18
[10/05/26 19:08:59] D2BS 6216: equipped: [ArmL] 41
[10/05/26 19:08:59] D2BS 6216: equipped: [RingR] 14
[10/05/26 19:08:59] D2BS 6216: equipped: [RingL] 15
[10/05/26 19:08:59] D2BS 6216: equipped: [Belt] 19
[10/05/26 19:08:59] D2BS 6216: equipped: [Boots] 13
[10/05/26 19:08:59] D2BS 6216: equipped: [Mitts] 14
[10/05/26 19:08:59] D2BS 6216: updateStat
[10/05/26 19:08:59] D2BS 6216: granted: [Head] 31
[10/05/26 19:08:59] D2BS 6216: granted: [Body] 21
[10/05/26 19:08:59] D2BS 6216: granted: [ArmR] 22
[10/05/26 19:08:59] D2BS 6216: Loaded ÿc9[AutoSmurf.js]
[10/05/26 19:09:03] D2BS 6216: MiniShopBot: true
[10/05/26 19:09:04] D2BS 6216: farmingON
[10/05/26 19:09:04] D2BS 6216: UseMerc: true HP: 70
[10/05/26 19:09:10] D2BS 6216: ÿc4[Runeword] ÿc0Spirit Broad Sword
[10/05/26 19:09:32] D2BS 6216: equipped: [ArmR] 32
[10/05/26 19:09:34] D2BS 6216: Merc matched: Holy Freeze
[10/05/26 19:09:42] D2BS 6216: act5+ BO
[10/05/26 19:09:54] D2BS 6216: ÿc4=== [BAAL] ===
[10/05/26 19:10:04] D2BS 6216: Baal failed: souls found
[10/05/26 19:10:04] D2BS 6216: ÿc4=== [COUNTESS] ===
[10/05/26 19:11:12] D2BS 6216: ÿc4=== [PIT] ===
[10/05/26 19:12:53] D2BS 6216: ÿc4=== [ANDY] ===
[10/05/26 19:13:55] D2BS 6216: ÿc4=== [MEPHISTO] ===
[10/05/26 19:15:16] D2BS 6216: ÿc4=== [DIABLO] ===
[10/05/26 19:18:58] D2BS 6216: updateStat
[10/05/26 19:19:23] D2BS 6216: Going to town
[10/05/26 19:20:36] D2BS 6216: party has left: fowo-xa
[10/05/26 19:20:36] D2BS 6216:  [11:37] +3.62% / [Level 88] 99.05%
[10/05/26 19:20:36] D2BS 6216: Script threads\autobuildthread.js ended
[10/05/26 19:20:36] D2BS 6216: Script threads\partythread.js ended
[10/05/26 19:20:36] D2BS 6216: Script threads\townchicken.js ended
[10/05/26 19:20:36] D2BS 6216: Script default.dbj ended
[10/05/26 19:20:48] D2BS 6216: joining game pz-163
[10/05/26 19:20:50] D2BS 6216: ÿc2D2BSÿc0 :: Starting default.dbj
[10/05/26 19:20:50] D2BS 6216: ÿc2D2BSÿc0 :: default.dbj running.
[10/05/26 19:20:50] D2BS 6216: Loaded ÿc9[X.nip] [Y.nip] [Z.nip] [V.nip] [P.CONV.nip]
[10/05/26 19:20:51] D2BS 6216: Loaded ÿc9[P.CONV.js]
[10/05/26 19:20:51] D2BS 6216: equipped: [Head] 22
[10/05/26 19:20:51] D2BS 6216: equipped: [Neck] 19
[10/05/26 19:20:51] D2BS 6216: equipped: [Body] 20
[10/05/26 19:20:51] D2BS 6216: equipped: [ArmR] 32
[10/05/26 19:20:51] D2BS 6216: equipped: [ArmL] 41
[10/05/26 19:20:51] D2BS 6216: equipped: [RingR] 14
[10/05/26 19:20:51] D2BS 6216: equipped: [RingL] 15
[10/05/26 19:20:51] D2BS 6216: equipped: [Belt] 19
[10/05/26 19:20:51] D2BS 6216: equipped: [Boots] 13
[10/05/26 19:20:51] D2BS 6216: equipped: [Mitts] 14
[10/05/26 19:20:51] D2BS 6216: updateStat
[10/05/26 19:20:51] D2BS 6216: granted: [Head] 31
[10/05/26 19:20:51] D2BS 6216: granted: [Body] 21
[10/05/26 19:20:51] D2BS 6216: granted: [ArmR] 22
[10/05/26 19:20:51] D2BS 6216: Loaded ÿc9[AutoSmurf.js]
[10/05/26 19:20:55] D2BS 6216: MiniShopBot: true
[10/05/26 19:20:56] D2BS 6216: farmingON
[10/05/26 19:20:56] D2BS 6216: UseMerc: true HP: 70
[10/05/26 19:21:14] D2BS 6216: Merc matched: Holy Freeze
[10/05/26 19:21:28] D2BS 6216: Token needed
[10/05/26 19:21:32] D2BS 6216: act5+ BO
[10/05/26 19:21:45] D2BS 6216: ÿc4=== [BAAL] ===
[10/05/26 19:25:38] D2BS 6216: ÿc4=== [COUNTESS] ===
[10/05/26 19:26:45] D2BS 6216: ÿc4=== [PIT] ===
[10/05/26 19:28:25] D2BS 6216: ÿc4=== [ANDY] ===
[10/05/26 19:29:11] D2BS 6216: ÿc4=== [MEPHISTO] ===
[10/05/26 19:30:25] D2BS 6216: ÿc4=== [DIABLO] ===
[10/05/26 19:31:48] D2BS 6216: Going to town
[10/05/26 19:33:49] D2BS 6216: Going to town
[10/05/26 19:35:03] D2BS 6216: Going to town
[10/05/26 19:36:32] D2BS 6216: party has left: fowo-xb
[10/05/26 19:36:32] D2BS 6216:  [15:42] +5.62% / [Level 89] 4.75%
[10/05/26 19:36:32] D2BS 6216: Script threads\autobuildthread.js ended
[10/05/26 19:36:32] D2BS 6216: Script threads\partythread.js ended
[10/05/26 19:36:32] D2BS 6216: Script threads\townchicken.js ended
[10/05/26 19:36:32] D2BS 6216: Script default.dbj ended
[10/05/26 19:36:44] D2BS 6216: joining game pz-164
[10/05/26 19:36:46] D2BS 6216: ÿc2D2BSÿc0 :: Starting default.dbj
[10/05/26 19:36:46] D2BS 6216: ÿc2D2BSÿc0 :: default.dbj running.
[10/05/26 19:36:46] D2BS 6216: Loaded ÿc9[X.nip] [Y.nip] [Z.nip] [V.nip] [P.CONV.nip]
[10/05/26 19:36:46] D2BS 6216: Loaded ÿc9[P.CONV.js]
[10/05/26 19:36:46] D2BS 6216: equipped: [Head] 22
[10/05/26 19:36:46] D2BS 6216: equipped: [Neck] 19
[10/05/26 19:36:46] D2BS 6216: equipped: [Body] 20
[10/05/26 19:36:46] D2BS 6216: equipped: [ArmR] 32
[10/05/26 19:36:46] D2BS 6216: equipped: [ArmL] 41
[10/05/26 19:36:46] D2BS 6216: equipped: [RingR] 14
[10/05/26 19:36:46] D2BS 6216: equipped: [RingL] 15
[10/05/26 19:36:46] D2BS 6216: equipped: [Belt] 19
[10/05/26 19:36:46] D2BS 6216: equipped: [Boots] 13
[10/05/26 19:36:46] D2BS 6216: equipped: [Mitts] 14
[10/05/26 19:36:47] D2BS 6216: updateStat
[10/05/26 19:36:47] D2BS 6216: granted: [Head] 31
[10/05/26 19:36:47] D2BS 6216: granted: [Body] 21
[10/05/26 19:36:47] D2BS 6216: granted: [ArmR] 22
[10/05/26 19:36:47] D2BS 6216: Loaded ÿc9[AutoSmurf.js]
[10/05/26 19:36:52] D2BS 6216: farmingON
[10/05/26 19:36:52] D2BS 6216: MiniShopBot: true
[10/05/26 19:36:52] D2BS 6216: UseMerc: true HP: 70
[10/05/26 19:37:06] D2BS 6216: Merc matched: Holy Freeze
[10/05/26 19:37:29] D2BS 6216: Token needed
[10/05/26 19:37:32] D2BS 6216: act5+ BO
[10/05/26 19:39:39] D2BS 6216: no exp [02:54]
[10/05/26 19:39:39] D2BS 6216: Script threads\autobuildthread.js ended
[10/05/26 19:39:39] D2BS 6216: Script threads\partythread.js ended
[10/05/26 19:39:39] D2BS 6216: Script threads\townchicken.js ended
[10/05/26 19:39:39] D2BS 6216: Script default.dbj ended
[10/05/26 19:39:52] D2BS 6216: joining game pz-165
[10/05/26 19:39:54] D2BS 6216: ÿc2D2BSÿc0 :: Starting default.dbj
[10/05/26 19:39:54] D2BS 6216: ÿc2D2BSÿc0 :: default.dbj running.
[10/05/26 19:39:54] D2BS 6216: Loaded ÿc9[X.nip] [Y.nip] [Z.nip] [V.nip] [P.CONV.nip]
[10/05/26 19:39:54] D2BS 6216: Loaded ÿc9[P.CONV.js]
[10/05/26 19:39:54] D2BS 6216: equipped: [Head] 22
[10/05/26 19:39:54] D2BS 6216: equipped: [Neck] 19
[10/05/26 19:39:54] D2BS 6216: equipped: [Body] 20
[10/05/26 19:39:54] D2BS 6216: equipped: [ArmR] 32
[10/05/26 19:39:54] D2BS 6216: equipped: [ArmL] 41
[10/05/26 19:39:54] D2BS 6216: equipped: [RingR] 14
[10/05/26 19:39:54] D2BS 6216: equipped: [RingL] 15
[10/05/26 19:39:54] D2BS 6216: equipped: [Belt] 19
[10/05/26 19:39:54] D2BS 6216: equipped: [Boots] 13
[10/05/26 19:39:54] D2BS 6216: equipped: [Mitts] 14
[10/05/26 19:39:55] D2BS 6216: updateStat
[10/05/26 19:39:55] D2BS 6216: granted: [Head] 31
[10/05/26 19:39:55] D2BS 6216: granted: [Body] 21
[10/05/26 19:39:55] D2BS 6216: granted: [ArmR] 22
[10/05/26 19:39:55] D2BS 6216: Loaded ÿc9[AutoSmurf.js]
[10/05/26 19:39:56] D2BS 6216: MiniShopBot: true
[10/05/26 19:39:56] D2BS 6216: farmingON
[10/05/26 19:39:56] D2BS 6216: UseMerc: true HP: 70
[10/05/26 19:40:08] D2BS 6216: Merc matched: Holy Freeze
[10/05/26 19:40:19] D2BS 6216: Token needed
[10/05/26 19:40:23] D2BS 6216: act5+ BO
[10/05/26 19:40:36] D2BS 6216: ÿc4=== [BAAL] ===
[10/05/26 19:40:47] D2BS 6216: Baal failed: souls found
[10/05/26 19:40:47] D2BS 6216: ÿc4=== [COUNTESS] ===
[10/05/26 19:41:48] D2BS 6216: ÿc4=== [PIT] ===
[10/05/26 19:43:32] D2BS 6216: ÿc4=== [ANDY] ===
[10/05/26 19:44:20] D2BS 6216: ÿc4=== [MEPHISTO] ===
[10/05/26 19:45:35] D2BS 6216: ÿc4=== [DIABLO] ===
[10/05/26 19:51:23] D2BS 6216: party has left: fowo-xa
[10/05/26 19:51:23] D2BS 6216:  [11:30] +3.08% / [Level 89] 7.83%
[10/05/26 19:51:23] D2BS 6216: Script threads\autobuildthread.js ended
[10/05/26 19:51:24] D2BS 6216: Script threads\partythread.js ended
[10/05/26 19:51:24] D2BS 6216: Script threads\townchicken.js ended
[10/05/26 19:51:24] D2BS 6216: Script default.dbj ended
[10/05/26 19:51:37] D2BS 6216: joining game pz-166
[10/05/26 19:51:38] D2BS 6216: ÿc2D2BSÿc0 :: Starting default.dbj
[10/05/26 19:51:38] D2BS 6216: ÿc2D2BSÿc0 :: default.dbj running.
[10/05/26 19:51:39] D2BS 6216: Loaded ÿc9[X.nip] [Y.nip] [Z.nip] [V.nip] [P.CONV.nip]
[10/05/26 19:51:39] D2BS 6216: Loaded ÿc9[P.CONV.js]
[10/05/26 19:51:39] D2BS 6216: equipped: [Head] 22
[10/05/26 19:51:39] D2BS 6216: equipped: [Neck] 19
[10/05/26 19:51:39] D2BS 6216: equipped: [Body] 20
[10/05/26 19:51:39] D2BS 6216: equipped: [ArmR] 32
[10/05/26 19:51:39] D2BS 6216: equipped: [ArmL] 41
[10/05/26 19:51:39] D2BS 6216: equipped: [RingR] 14
[10/05/26 19:51:39] D2BS 6216: equipped: [RingL] 15
[10/05/26 19:51:39] D2BS 6216: equipped: [Belt] 19
[10/05/26 19:51:39] D2BS 6216: equipped: [Boots] 13
[10/05/26 19:51:39] D2BS 6216: equipped: [Mitts] 14
[10/05/26 19:51:39] D2BS 6216: updateStat
[10/05/26 19:51:39] D2BS 6216: granted: [Head] 31
[10/05/26 19:51:39] D2BS 6216: granted: [Body] 21
[10/05/26 19:51:39] D2BS 6216: granted: [ArmR] 22
[10/05/26 19:51:40] D2BS 6216: Loaded ÿc9[AutoSmurf.js]
[10/05/26 19:51:44] D2BS 6216: farmingON
[10/05/26 19:51:46] D2BS 6216: MiniShopBot: true
[10/05/26 19:51:46] D2BS 6216: UseMerc: true HP: 70
[10/05/26 19:51:51] D2BS 6216: [Craft] Caster Ring
[10/05/26 19:52:15] D2BS 6216: Merc matched: Holy Freeze
[10/05/26 19:52:22] D2BS 6216: act5+ BO
[10/05/26 19:52:36] D2BS 6216: ÿc4=== [BAAL] ===
[10/05/26 19:53:04] D2BS 6216: Baal failed: souls found
[10/05/26 19:53:04] D2BS 6216: ÿc4=== [COUNTESS] ===
[10/05/26 19:54:11] D2BS 6216: ÿc4=== [PIT] ===
[10/05/26 19:55:51] D2BS 6216: ÿc4=== [ANDY] ===
[10/05/26 19:56:53] D2BS 6216: ÿc4=== [MEPHISTO] ===
[10/05/26 19:58:11] D2BS 6216: ÿc4=== [DIABLO] ===
[10/05/26 20:03:18] D2BS 6216: party has left: fowo-xg, fowo-xh
[10/05/26 20:03:18] D2BS 6216:  [11:40] +2.70% / [Level 89] 10.53%
[10/05/26 20:03:18] D2BS 6216: Script threads\autobuildthread.js ended
[10/05/26 20:03:18] D2BS 6216: Script threads\partythread.js ended
[10/05/26 20:03:18] D2BS 6216: Script threads\townchicken.js ended
[10/05/26 20:03:18] D2BS 6216: Script default.dbj ended
[10/05/26 20:03:31] D2BS 6216: joining game pz-167
[10/05/26 20:03:32] D2BS 6216: ÿc2D2BSÿc0 :: Starting default.dbj
[10/05/26 20:03:32] D2BS 6216: ÿc2D2BSÿc0 :: default.dbj running.
[10/05/26 20:03:32] D2BS 6216: Loaded ÿc9[X.nip] [Y.nip] [Z.nip] [V.nip] [P.CONV.nip]
[10/05/26 20:03:32] D2BS 6216: Loaded ÿc9[P.CONV.js]
[10/05/26 20:03:32] D2BS 6216: equipped: [Head] 22
[10/05/26 20:03:32] D2BS 6216: equipped: [Neck] 19
[10/05/26 20:03:32] D2BS 6216: equipped: [Body] 20
[10/05/26 20:03:32] D2BS 6216: equipped: [ArmR] 32
[10/05/26 20:03:32] D2BS 6216: equipped: [ArmL] 41
[10/05/26 20:03:32] D2BS 6216: equipped: [RingR] 14
[10/05/26 20:03:32] D2BS 6216: equipped: [RingL] 15
[10/05/26 20:03:33] D2BS 6216: equipped: [Belt] 19
[10/05/26 20:03:33] D2BS 6216: equipped: [Boots] 13
[10/05/26 20:03:33] D2BS 6216: equipped: [Mitts] 14
[10/05/26 20:03:33] D2BS 6216: updateStat
[10/05/26 20:03:33] D2BS 6216: granted: [Head] 31
[10/05/26 20:03:33] D2BS 6216: granted: [Body] 21
[10/05/26 20:03:33] D2BS 6216: granted: [ArmR] 22
[10/05/26 20:03:33] D2BS 6216: Loaded ÿc9[AutoSmurf.js]
[10/05/26 20:03:39] D2BS 6216: farmingON
[10/05/26 20:03:39] D2BS 6216: MiniShopBot: true
[10/05/26 20:03:39] D2BS 6216: UseMerc: true HP: 70
[10/05/26 20:04:00] D2BS 6216: Merc matched: Holy Freeze
[10/05/26 20:04:17] D2BS 6216: Token needed
[10/05/26 20:04:20] D2BS 6216: act5+ BO
[10/05/26 20:04:34] D2BS 6216: ÿc4=== [BAAL] ===
[10/05/26 20:04:46] D2BS 6216: Baal failed: souls found
[10/05/26 20:04:46] D2BS 6216: ÿc4=== [COUNTESS] ===
[10/05/26 20:05:58] D2BS 6216: ÿc4=== [PIT] ===
[10/05/26 20:07:37] D2BS 6216: ÿc4=== [ANDY] ===
[10/05/26 20:08:29] D2BS 6216: ÿc4=== [MEPHISTO] ===
[10/05/26 20:09:45] D2BS 6216: ÿc4=== [DIABLO] ===
[10/05/26 20:13:48] D2BS 6216: updateStat
[10/05/26 20:14:21] D2BS 6216: Going to town
[10/05/26 20:15:09] D2BS 6216: party has left: fowo-xb
[10/05/26 20:15:09] D2BS 6216:  [11:37] +2.88% / [Level 89] 13.41%
[10/05/26 20:15:09] D2BS 6216: Script threads\autobuildthread.js ended
[10/05/26 20:15:10] D2BS 6216: Script threads\partythread.js ended
[10/05/26 20:15:10] D2BS 6216: Script threads\townchicken.js ended
[10/05/26 20:15:10] D2BS 6216: Script default.dbj ended
[10/05/26 20:15:21] D2BS 6216: joining game pz-168
[10/05/26 20:15:22] D2BS 6216: ÿc2D2BSÿc0 :: Starting default.dbj
[10/05/26 20:15:22] D2BS 6216: ÿc2D2BSÿc0 :: default.dbj running.
[10/05/26 20:15:22] D2BS 6216: Loaded ÿc9[X.nip] [Y.nip] [Z.nip] [V.nip] [P.CONV.nip]
[10/05/26 20:15:22] D2BS 6216: Loaded ÿc9[P.CONV.js]
[10/05/26 20:15:22] D2BS 6216: equipped: [Head] 22
[10/05/26 20:15:22] D2BS 6216: equipped: [Neck] 19
[10/05/26 20:15:22] D2BS 6216: equipped: [Body] 20
[10/05/26 20:15:22] D2BS 6216: equipped: [ArmR] 32
[10/05/26 20:15:22] D2BS 6216: equipped: [ArmL] 41
[10/05/26 20:15:22] D2BS 6216: equipped: [RingR] 14
[10/05/26 20:15:23] D2BS 6216: equipped: [RingL] 15
[10/05/26 20:15:23] D2BS 6216: equipped: [Belt] 19
[10/05/26 20:15:23] D2BS 6216: equipped: [Boots] 13
[10/05/26 20:15:23] D2BS 6216: equipped: [Mitts] 14
[10/05/26 20:15:23] D2BS 6216: updateStat
[10/05/26 20:15:23] D2BS 6216: granted: [Head] 31
[10/05/26 20:15:23] D2BS 6216: granted: [Body] 21
[10/05/26 20:15:23] D2BS 6216: granted: [ArmR] 22
[10/05/26 20:15:24] D2BS 6216: Loaded ÿc9[AutoSmurf.js]
[10/05/26 20:15:29] D2BS 6216: farmingON
[10/05/26 20:15:29] D2BS 6216: MiniShopBot: true
[10/05/26 20:15:29] D2BS 6216: UseMerc: true HP: 70
[10/05/26 20:15:48] D2BS 6216: Merc matched: Holy Freeze
[10/05/26 20:16:03] D2BS 6216: act5+ BO
[10/05/26 20:16:15] D2BS 6216: ÿc4=== [BAAL] ===
[10/05/26 20:19:44] D2BS 6216: ÿc4=== [COUNTESS] ===
[10/05/26 20:21:09] D2BS 6216: ÿc4=== [PIT] ===
[10/05/26 20:22:36] D2BS 6216: ÿc4=== [ANDY] ===
[10/05/26 20:23:32] D2BS 6216: ÿc4=== [MEPHISTO] ===
[10/05/26 20:24:56] D2BS 6216: ÿc4=== [DIABLO] ===
[10/05/26 20:31:07] D2BS 6216: party has left: fowo-xh
[10/05/26 20:31:07] D2BS 6216:  [15:45] +5.60% / [Level 89] 19.01%
[10/05/26 20:31:07] D2BS 6216: Script threads\autobuildthread.js ended
[10/05/26 20:31:07] D2BS 6216: Script threads\partythread.js ended
[10/05/26 20:31:07] D2BS 6216: Script threads\townchicken.js ended
[10/05/26 20:31:07] D2BS 6216: Script default.dbj ended
[10/05/26 20:31:21] D2BS 6216: joining game pz-169
[10/05/26 20:31:24] D2BS 6216: ÿc2D2BSÿc0 :: Starting default.dbj
[10/05/26 20:31:24] D2BS 6216: ÿc2D2BSÿc0 :: default.dbj running.
[10/05/26 20:31:24] D2BS 6216: Loaded ÿc9[X.nip] [Y.nip] [Z.nip] [V.nip] [P.CONV.nip]
[10/05/26 20:31:24] D2BS 6216: Loaded ÿc9[P.CONV.js]
[10/05/26 20:31:24] D2BS 6216: equipped: [Head] 22
[10/05/26 20:31:24] D2BS 6216: equipped: [Neck] 19
[10/05/26 20:31:24] D2BS 6216: equipped: [Body] 20
[10/05/26 20:31:24] D2BS 6216: equipped: [ArmR] 32
[10/05/26 20:31:24] D2BS 6216: equipped: [ArmL] 41
[10/05/26 20:31:24] D2BS 6216: equipped: [RingR] 14
[10/05/26 20:31:24] D2BS 6216: equipped: [RingL] 15
[10/05/26 20:31:24] D2BS 6216: equipped: [Belt] 19
[10/05/26 20:31:24] D2BS 6216: equipped: [Boots] 13
[10/05/26 20:31:24] D2BS 6216: equipped: [Mitts] 14
[10/05/26 20:31:24] D2BS 6216: updateStat
[10/05/26 20:31:24] D2BS 6216: granted: [Head] 31
[10/05/26 20:31:24] D2BS 6216: granted: [Body] 21
[10/05/26 20:31:24] D2BS 6216: granted: [ArmR] 22
[10/05/26 20:31:24] D2BS 6216: Loaded ÿc9[AutoSmurf.js]
[10/05/26 20:31:28] D2BS 6216: MiniShopBot: true
[10/05/26 20:31:28] D2BS 6216: farmingON
[10/05/26 20:31:28] D2BS 6216: UseMerc: true HP: 70
[10/05/26 20:31:45] D2BS 6216: Merc matched: Holy Freeze
[10/05/26 20:32:02] D2BS 6216: act5+ BO
[10/05/26 20:32:15] D2BS 6216: ÿc4=== [BAAL] ===
[10/05/26 20:32:33] D2BS 6216: Baal failed: souls found
[10/05/26 20:32:33] D2BS 6216: ÿc4=== [COUNTESS] ===
[10/05/26 20:33:39] D2BS 6216: ÿc4=== [PIT] ===
[10/05/26 20:35:16] D2BS 6216: ÿc4=== [ANDY] ===
[10/05/26 20:36:25] D2BS 6216: ÿc4=== [MEPHISTO] ===
[10/05/26 20:37:46] D2BS 6216: ÿc4=== [DIABLO] ===
[10/05/26 20:43:23] D2BS 6216: party has left: fowo-xc
[10/05/26 20:43:23] D2BS 6216:  [11:59] +2.78% / [Level 89] 21.79%
[10/05/26 20:43:23] D2BS 6216: Script threads\autobuildthread.js ended
[10/05/26 20:43:23] D2BS 6216: Script threads\partythread.js ended
[10/05/26 20:43:23] D2BS 6216: Script threads\townchicken.js ended
[10/05/26 20:43:23] D2BS 6216: Script default.dbj ended
[10/05/26 20:43:37] D2BS 6216: joining game pz-170
[10/05/26 20:43:39] D2BS 6216: ÿc2D2BSÿc0 :: Starting default.dbj
[10/05/26 20:43:39] D2BS 6216: ÿc2D2BSÿc0 :: default.dbj running.
[10/05/26 20:43:39] D2BS 6216: Loaded ÿc9[X.nip] [Y.nip] [Z.nip] [V.nip] [P.CONV.nip]
[10/05/26 20:43:39] D2BS 6216: Loaded ÿc9[P.CONV.js]
[10/05/26 20:43:39] D2BS 6216: equipped: [Head] 22
[10/05/26 20:43:39] D2BS 6216: equipped: [Neck] 19
[10/05/26 20:43:39] D2BS 6216: equipped: [Body] 20
[10/05/26 20:43:39] D2BS 6216: equipped: [ArmR] 32
[10/05/26 20:43:39] D2BS 6216: equipped: [ArmL] 41
[10/05/26 20:43:39] D2BS 6216: equipped: [RingR] 14
[10/05/26 20:43:39] D2BS 6216: equipped: [RingL] 15
[10/05/26 20:43:39] D2BS 6216: equipped: [Belt] 19
[10/05/26 20:43:39] D2BS 6216: equipped: [Boots] 13
[10/05/26 20:43:39] D2BS 6216: equipped: [Mitts] 14
[10/05/26 20:43:39] D2BS 6216: updateStat
[10/05/26 20:43:39] D2BS 6216: granted: [Head] 31
[10/05/26 20:43:39] D2BS 6216: granted: [Body] 21
[10/05/26 20:43:39] D2BS 6216: granted: [ArmR] 22
[10/05/26 20:43:40] D2BS 6216: Loaded ÿc9[AutoSmurf.js]
[10/05/26 20:43:42] D2BS 6216: farmingON
[10/05/26 20:43:45] D2BS 6216: MiniShopBot: true
[10/05/26 20:43:45] D2BS 6216: UseMerc: true HP: 70
[10/05/26 20:44:10] D2BS 6216: Merc matched: Holy Freeze
[10/05/26 20:44:18] D2BS 6216: act5+ BO
[10/05/26 20:44:31] D2BS 6216: ÿc4=== [BAAL] ===
[10/05/26 20:47:31] D2BS 6216: ÿc4=== [COUNTESS] ===
[10/05/26 20:48:52] D2BS 6216: ÿc4=== [PIT] ===
[10/05/26 20:50:27] D2BS 6216: ÿc4=== [ANDY] ===
[10/05/26 20:51:16] D2BS 6216: ÿc4=== [MEPHISTO] ===
[10/05/26 20:52:45] D2BS 6216: ÿc4=== [DIABLO] ===
[10/05/26 20:58:20] D2BS 6216: party has left: fowo-xh
[10/05/26 20:58:20] D2BS 6216:  [14:42] +5.38% / [Level 89] 27.17%
[10/05/26 20:58:20] D2BS 6216: Script threads\autobuildthread.js ended
[10/05/26 20:58:21] D2BS 6216: Script threads\partythread.js ended
[10/05/26 20:58:21] D2BS 6216: Script threads\townchicken.js ended
[10/05/26 20:58:21] D2BS 6216: Script default.dbj ended
[10/05/26 20:58:32] D2BS 6216: joining game pz-171
[10/05/26 20:58:33] D2BS 6216: ÿc2D2BSÿc0 :: Starting default.dbj
[10/05/26 20:58:33] D2BS 6216: ÿc2D2BSÿc0 :: default.dbj running.
[10/05/26 20:58:35] D2BS 6216: Loaded ÿc9[X.nip] [Y.nip] [Z.nip] [V.nip] [P.CONV.nip]
[10/05/26 20:58:35] D2BS 6216: Loaded ÿc9[P.CONV.js]
[10/05/26 20:58:35] D2BS 6216: equipped: [Head] 22
[10/05/26 20:58:35] D2BS 6216: equipped: [Neck] 19
[10/05/26 20:58:35] D2BS 6216: equipped: [Body] 20
[10/05/26 20:58:35] D2BS 6216: equipped: [ArmR] 32
[10/05/26 20:58:35] D2BS 6216: equipped: [ArmL] 41
[10/05/26 20:58:35] D2BS 6216: equipped: [RingR] 14
[10/05/26 20:58:35] D2BS 6216: equipped: [RingL] 15
[10/05/26 20:58:35] D2BS 6216: equipped: [Belt] 19
[10/05/26 20:58:35] D2BS 6216: equipped: [Boots] 13
[10/05/26 20:58:35] D2BS 6216: equipped: [Mitts] 14
[10/05/26 20:58:35] D2BS 6216: updateStat
[10/05/26 20:58:35] D2BS 6216: granted: [Head] 31
[10/05/26 20:58:35] D2BS 6216: granted: [Body] 21
[10/05/26 20:58:35] D2BS 6216: granted: [ArmR] 22
[10/05/26 20:58:35] D2BS 6216: Loaded ÿc9[AutoSmurf.js]
[10/05/26 20:58:39] D2BS 6216: farmingON
[10/05/26 20:58:40] D2BS 6216: MiniShopBot: true
[10/05/26 20:58:40] D2BS 6216: UseMerc: true HP: 70
[10/05/26 20:59:01] D2BS 6216: Merc matched: Holy Freeze
[10/05/26 20:59:15] D2BS 6216: act5+ BO
[10/05/26 20:59:28] D2BS 6216: ÿc4=== [BAAL] ===
[10/05/26 20:59:40] D2BS 6216: Baal failed: souls found
[10/05/26 20:59:40] D2BS 6216: ÿc4=== [COUNTESS] ===
[10/05/26 21:00:52] D2BS 6216: ÿc4=== [PIT] ===
[10/05/26 21:02:35] D2BS 6216: ÿc4=== [ANDY] ===
[10/05/26 21:03:27] D2BS 6216: ÿc4=== [MEPHISTO] ===
[10/05/26 21:04:29] D2BS 6216: ÿc4=== [DIABLO] ===
[10/05/26 21:09:27] D2BS 6216: party has left: fowo-xf
[10/05/26 21:09:27] D2BS 6216:  [10:53] +2.22% / [Level 89] 29.39%
[10/05/26 21:09:27] D2BS 6216: Script threads\autobuildthread.js ended
[10/05/26 21:09:27] D2BS 6216: Script threads\partythread.js ended
[10/05/26 21:09:27] D2BS 6216: Script threads\townchicken.js ended
[10/05/26 21:09:27] D2BS 6216: Script default.dbj ended
[10/05/26 21:09:40] D2BS 6216: joining game pz-172
[10/05/26 21:09:42] D2BS 6216: ÿc2D2BSÿc0 :: Starting default.dbj
[10/05/26 21:09:42] D2BS 6216: ÿc2D2BSÿc0 :: default.dbj running.
[10/05/26 21:09:42] D2BS 6216: Loaded ÿc9[X.nip] [Y.nip] [Z.nip] [V.nip] [P.CONV.nip]
[10/05/26 21:09:42] D2BS 6216: Loaded ÿc9[P.CONV.js]
[10/05/26 21:09:42] D2BS 6216: equipped: [Head] 22
[10/05/26 21:09:42] D2BS 6216: equipped: [Neck] 19
[10/05/26 21:09:42] D2BS 6216: equipped: [Body] 20
[10/05/26 21:09:42] D2BS 6216: equipped: [ArmR] 32
[10/05/26 21:09:42] D2BS 6216: equipped: [ArmL] 41
[10/05/26 21:09:42] D2BS 6216: equipped: [RingR] 14
[10/05/26 21:09:42] D2BS 6216: equipped: [RingL] 15
[10/05/26 21:09:42] D2BS 6216: equipped: [Belt] 19
[10/05/26 21:09:42] D2BS 6216: equipped: [Boots] 13
[10/05/26 21:09:42] D2BS 6216: equipped: [Mitts] 14
[10/05/26 21:09:42] D2BS 6216: updateStat
[10/05/26 21:09:42] D2BS 6216: granted: [Head] 31
[10/05/26 21:09:42] D2BS 6216: granted: [Body] 21
[10/05/26 21:09:42] D2BS 6216: granted: [ArmR] 22
[10/05/26 21:09:42] D2BS 6216: Loaded ÿc9[AutoSmurf.js]
[10/05/26 21:09:48] D2BS 6216: farmingON
[10/05/26 21:09:48] D2BS 6216: MiniShopBot: true
[10/05/26 21:09:48] D2BS 6216: UseMerc: true HP: 70
[10/05/26 21:10:08] D2BS 6216: Merc matched: Holy Freeze
[10/05/26 21:10:21] D2BS 6216: act5+ BO
[10/05/26 21:10:34] D2BS 6216: ÿc4=== [BAAL] ===
[10/05/26 21:10:47] D2BS 6216: Baal failed: souls found
[10/05/26 21:10:47] D2BS 6216: ÿc4=== [COUNTESS] ===
[10/05/26 21:11:53] D2BS 6216: ÿc4=== [PIT] ===
[10/05/26 21:13:39] D2BS 6216: ÿc4=== [ANDY] ===
[10/05/26 21:14:37] D2BS 6216: ÿc4=== [MEPHISTO] ===
[10/05/26 21:16:07] D2BS 6216: ÿc4=== [DIABLO] ===
[10/05/26 21:21:34] D2BS 6216: party has left: fowo-xa
[10/05/26 21:21:34] D2BS 6216:  [11:52] +3.05% / [Level 89] 32.45%
[10/05/26 21:21:34] D2BS 6216: Script threads\autobuildthread.js ended
[10/05/26 21:21:35] D2BS 6216: Script threads\partythread.js ended
[10/05/26 21:21:35] D2BS 6216: Script threads\townchicken.js ended
[10/05/26 21:21:35] D2BS 6216: Script default.dbj ended
[10/05/26 21:21:48] D2BS 6216: joining game pz-173
[10/05/26 21:21:50] D2BS 6216: ÿc2D2BSÿc0 :: Starting default.dbj
[10/05/26 21:21:50] D2BS 6216: ÿc2D2BSÿc0 :: default.dbj running.
[10/05/26 21:21:50] D2BS 6216: Loaded ÿc9[X.nip] [Y.nip] [Z.nip] [V.nip] [P.CONV.nip]
[10/05/26 21:21:50] D2BS 6216: Loaded ÿc9[P.CONV.js]
[10/05/26 21:21:50] D2BS 6216: equipped: [Head] 22
[10/05/26 21:21:50] D2BS 6216: equipped: [Neck] 19
[10/05/26 21:21:50] D2BS 6216: equipped: [Body] 20
[10/05/26 21:21:50] D2BS 6216: equipped: [ArmR] 32
[10/05/26 21:21:50] D2BS 6216: equipped: [ArmL] 41
[10/05/26 21:21:50] D2BS 6216: equipped: [RingR] 14
[10/05/26 21:21:50] D2BS 6216: equipped: [RingL] 15
[10/05/26 21:21:50] D2BS 6216: equipped: [Belt] 19
[10/05/26 21:21:50] D2BS 6216: equipped: [Boots] 13
[10/05/26 21:21:50] D2BS 6216: equipped: [Mitts] 14
[10/05/26 21:21:50] D2BS 6216: updateStat
[10/05/26 21:21:50] D2BS 6216: granted: [Head] 31
[10/05/26 21:21:50] D2BS 6216: granted: [Body] 21
[10/05/26 21:21:50] D2BS 6216: granted: [ArmR] 22
[10/05/26 21:21:51] D2BS 6216: Loaded ÿc9[AutoSmurf.js]
[10/05/26 21:21:55] D2BS 6216: MiniShopBot: true
[10/05/26 21:21:55] D2BS 6216: farmingON
[10/05/26 21:21:55] D2BS 6216: UseMerc: true HP: 70
[10/05/26 21:22:16] D2BS 6216: Merc matched: Holy Freeze
[10/05/26 21:22:29] D2BS 6216: act5+ BO
[10/05/26 21:22:42] D2BS 6216: ÿc4=== [BAAL] ===
[10/05/26 21:23:04] D2BS 6216: Baal failed: souls found
[10/05/26 21:23:04] D2BS 6216: ÿc4=== [COUNTESS] ===
[10/05/26 21:24:15] D2BS 6216: ÿc4=== [PIT] ===
[10/05/26 21:27:45] D2BS 6216: party has left: fowo-xf
[10/05/26 21:27:45] D2BS 6216:  [05:55] +0.31% / [Level 89] 32.76%
[10/05/26 21:27:45] D2BS 6216: Script threads\autobuildthread.js ended
[10/05/26 21:27:45] D2BS 6216: Script threads\partythread.js ended
[10/05/26 21:27:45] D2BS 6216: Script threads\townchicken.js ended
[10/05/26 21:27:45] D2BS 6216: Script default.dbj ended
[10/05/26 21:27:59] D2BS 6216: joining game pz-174
[10/05/26 21:28:01] D2BS 6216: ÿc2D2BSÿc0 :: Starting default.dbj
[10/05/26 21:28:01] D2BS 6216: ÿc2D2BSÿc0 :: default.dbj running.
[10/05/26 21:28:01] D2BS 6216: Loaded ÿc9[X.nip] [Y.nip] [Z.nip] [V.nip] [P.CONV.nip]
[10/05/26 21:28:01] D2BS 6216: Loaded ÿc9[P.CONV.js]
[10/05/26 21:28:01] D2BS 6216: equipped: [Head] 22
[10/05/26 21:28:01] D2BS 6216: equipped: [Neck] 19
[10/05/26 21:28:01] D2BS 6216: equipped: [Body] 20
[10/05/26 21:28:01] D2BS 6216: equipped: [ArmR] 32
[10/05/26 21:28:01] D2BS 6216: equipped: [ArmL] 41
[10/05/26 21:28:01] D2BS 6216: equipped: [RingR] 14
[10/05/26 21:28:01] D2BS 6216: equipped: [RingL] 15
[10/05/26 21:28:01] D2BS 6216: equipped: [Belt] 19
[10/05/26 21:28:01] D2BS 6216: equipped: [Boots] 13
[10/05/26 21:28:02] D2BS 6216: equipped: [Mitts] 14
[10/05/26 21:28:02] D2BS 6216: updateStat
[10/05/26 21:28:02] D2BS 6216: granted: [Head] 31
[10/05/26 21:28:02] D2BS 6216: granted: [Body] 21
[10/05/26 21:28:02] D2BS 6216: granted: [ArmR] 22
[10/05/26 21:28:02] D2BS 6216: Loaded ÿc9[AutoSmurf.js]
[10/05/26 21:28:06] D2BS 6216: farmingON
[10/05/26 21:28:06] D2BS 6216: MiniShopBot: true
[10/05/26 21:28:06] D2BS 6216: UseMerc: true HP: 70
[10/05/26 21:28:22] D2BS 6216: Merc matched: Holy Freeze
[10/05/26 21:28:34] D2BS 6216: Token needed
[10/05/26 21:28:38] D2BS 6216: act5+ BO
[10/05/26 21:28:50] D2BS 6216: ÿc4=== [BAAL] ===
[10/05/26 21:29:02] D2BS 6216: Baal failed: souls found
[10/05/26 21:29:02] D2BS 6216: ÿc4=== [COUNTESS] ===
[10/05/26 21:30:34] D2BS 6216: ÿc4=== [PIT] ===
[10/05/26 21:32:07] D2BS 6216: ÿc4=== [ANDY] ===
[10/05/26 21:32:58] D2BS 6216: ÿc4=== [MEPHISTO] ===
[10/05/26 21:34:18] D2BS 6216: ÿc4=== [DIABLO] ===
[10/05/26 21:40:14] D2BS 6216: party has left: fowo-xa
[10/05/26 21:40:14] D2BS 6216:  [12:13] +2.95% / [Level 89] 35.71%
[10/05/26 21:40:14] D2BS 6216: Script threads\autobuildthread.js ended
[10/05/26 21:40:15] D2BS 6216: Script threads\partythread.js ended
[10/05/26 21:40:15] D2BS 6216: Script threads\townchicken.js ended
[10/05/26 21:40:15] D2BS 6216: Script default.dbj ended
[10/05/26 21:40:28] D2BS 6216: joining game pz-175
[10/05/26 21:40:30] D2BS 6216: ÿc2D2BSÿc0 :: Starting default.dbj
[10/05/26 21:40:30] D2BS 6216: ÿc2D2BSÿc0 :: default.dbj running.
[10/05/26 21:40:30] D2BS 6216: Loaded ÿc9[X.nip] [Y.nip] [Z.nip] [V.nip] [P.CONV.nip]
[10/05/26 21:40:30] D2BS 6216: Loaded ÿc9[P.CONV.js]
[10/05/26 21:40:30] D2BS 6216: equipped: [Head] 22
[10/05/26 21:40:30] D2BS 6216: equipped: [Neck] 19
[10/05/26 21:40:30] D2BS 6216: equipped: [Body] 20
[10/05/26 21:40:30] D2BS 6216: equipped: [ArmR] 32
[10/05/26 21:40:30] D2BS 6216: equipped: [ArmL] 41
[10/05/26 21:40:30] D2BS 6216: equipped: [RingR] 14
[10/05/26 21:40:30] D2BS 6216: equipped: [RingL] 15
[10/05/26 21:40:30] D2BS 6216: equipped: [Belt] 19
[10/05/26 21:40:30] D2BS 6216: equipped: [Boots] 13
[10/05/26 21:40:30] D2BS 6216: equipped: [Mitts] 14
[10/05/26 21:40:30] D2BS 6216: updateStat
[10/05/26 21:40:30] D2BS 6216: granted: [Head] 31
[10/05/26 21:40:30] D2BS 6216: granted: [Body] 21
[10/05/26 21:40:30] D2BS 6216: granted: [ArmR] 22
[10/05/26 21:40:30] D2BS 6216: Loaded ÿc9[AutoSmurf.js]
[10/05/26 21:40:35] D2BS 6216: farmingON
[10/05/26 21:40:36] D2BS 6216: MiniShopBot: true
[10/05/26 21:40:36] D2BS 6216: UseMerc: true HP: 70
[10/05/26 21:40:53] D2BS 6216: Merc matched: Holy Freeze
[10/05/26 21:41:13] D2BS 6216: act5+ BO
[10/05/26 21:41:27] D2BS 6216: ÿc4=== [BAAL] ===
[10/05/26 21:41:44] D2BS 6216: Baal failed: souls found
[10/05/26 21:41:44] D2BS 6216: ÿc4=== [COUNTESS] ===
[10/05/26 21:42:45] D2BS 6216: ÿc4=== [PIT] ===
[10/05/26 21:44:21] D2BS 6216: ÿc4=== [ANDY] ===
[10/05/26 21:45:46] D2BS 6216: ÿc4=== [MEPHISTO] ===
[10/05/26 21:46:53] D2BS 6216: ÿc4=== [DIABLO] ===
[10/05/26 21:50:06] D2BS 6216: Going to town
[10/05/26 21:52:16] D2BS 6216: party has left: fowo-xf
[10/05/26 21:52:16] D2BS 6216:  [11:46] +2.92% / [Level 89] 38.63%
[10/05/26 21:52:16] D2BS 6216: Script threads\autobuildthread.js ended
[10/05/26 21:52:16] D2BS 6216: Script threads\partythread.js ended
[10/05/26 21:52:16] D2BS 6216: Script threads\townchicken.js ended
[10/05/26 21:52:16] D2BS 6216: Script default.dbj ended
[10/05/26 21:52:29] D2BS 6216: joining game pz-176
[10/05/26 21:52:31] D2BS 6216: ÿc2D2BSÿc0 :: Starting default.dbj
[10/05/26 21:52:31] D2BS 6216: ÿc2D2BSÿc0 :: default.dbj running.
[10/05/26 21:52:31] D2BS 6216: Loaded ÿc9[X.nip] [Y.nip] [Z.nip] [V.nip] [P.CONV.nip]
[10/05/26 21:52:31] D2BS 6216: Loaded ÿc9[P.CONV.js]
[10/05/26 21:52:31] D2BS 6216: equipped: [Head] 22
[10/05/26 21:52:31] D2BS 6216: equipped: [Neck] 19
[10/05/26 21:52:31] D2BS 6216: equipped: [Body] 20
[10/05/26 21:52:31] D2BS 6216: equipped: [ArmR] 32
[10/05/26 21:52:31] D2BS 6216: equipped: [ArmL] 41
[10/05/26 21:52:31] D2BS 6216: equipped: [RingR] 14
[10/05/26 21:52:31] D2BS 6216: equipped: [RingL] 15
[10/05/26 21:52:31] D2BS 6216: equipped: [Belt] 19
[10/05/26 21:52:31] D2BS 6216: equipped: [Boots] 13
[10/05/26 21:52:32] D2BS 6216: equipped: [Mitts] 14
[10/05/26 21:52:32] D2BS 6216: updateStat
[10/05/26 21:52:32] D2BS 6216: granted: [Head] 31
[10/05/26 21:52:32] D2BS 6216: granted: [Body] 21
[10/05/26 21:52:32] D2BS 6216: granted: [ArmR] 22
[10/05/26 21:52:32] D2BS 6216: Loaded ÿc9[AutoSmurf.js]
[10/05/26 21:52:37] D2BS 6216: MiniShopBot: true
[10/05/26 21:52:37] D2BS 6216: farmingON
[10/05/26 21:52:37] D2BS 6216: UseMerc: true HP: 70
[10/05/26 21:52:55] D2BS 6216: Merc matched: Holy Freeze
[10/05/26 21:53:10] D2BS 6216: act5+ BO
[10/05/26 21:55:17] D2BS 6216: no exp [02:46]
[10/05/26 21:55:17] D2BS 6216: Script threads\autobuildthread.js ended
[10/05/26 21:55:17] D2BS 6216: Script threads\partythread.js ended
[10/05/26 21:55:17] D2BS 6216: Script threads\townchicken.js ended
[10/05/26 21:55:17] D2BS 6216: Script default.dbj ended
[10/05/26 21:55:30] D2BS 6216: joining game pz-177
[10/05/26 21:55:31] D2BS 6216: ÿc2D2BSÿc0 :: Starting default.dbj
[10/05/26 21:55:31] D2BS 6216: ÿc2D2BSÿc0 :: default.dbj running.
[10/05/26 21:55:31] D2BS 6216: Loaded ÿc9[X.nip] [Y.nip] [Z.nip] [V.nip] [P.CONV.nip]
[10/05/26 21:55:32] D2BS 6216: Loaded ÿc9[P.CONV.js]
[10/05/26 21:55:32] D2BS 6216: equipped: [Head] 22
[10/05/26 21:55:32] D2BS 6216: equipped: [Neck] 19
[10/05/26 21:55:32] D2BS 6216: equipped: [Body] 20
[10/05/26 21:55:32] D2BS 6216: equipped: [ArmR] 32
[10/05/26 21:55:32] D2BS 6216: equipped: [ArmL] 41
[10/05/26 21:55:32] D2BS 6216: equipped: [RingR] 14
[10/05/26 21:55:32] D2BS 6216: equipped: [RingL] 15
[10/05/26 21:55:32] D2BS 6216: equipped: [Belt] 19
[10/05/26 21:55:33] D2BS 6216: equipped: [Boots] 13
[10/05/26 21:55:33] D2BS 6216: equipped: [Mitts] 14
[10/05/26 21:55:33] D2BS 6216: updateStat
[10/05/26 21:55:33] D2BS 6216: granted: [Head] 31
[10/05/26 21:55:33] D2BS 6216: granted: [Body] 21
[10/05/26 21:55:33] D2BS 6216: granted: [ArmR] 22
[10/05/26 21:55:33] D2BS 6216: Loaded ÿc9[AutoSmurf.js]
[10/05/26 21:55:35] D2BS 6216: MiniShopBot: true
[10/05/26 21:55:35] D2BS 6216: farmingON
[10/05/26 21:55:35] D2BS 6216: UseMerc: true HP: 70
[10/05/26 21:55:47] D2BS 6216: Merc matched: Holy Freeze
[10/05/26 21:55:57] D2BS 6216: Token needed
[10/05/26 21:56:01] D2BS 6216: act5+ BO
[10/05/26 21:56:14] D2BS 6216: ÿc4=== [BAAL] ===
[10/05/26 22:00:32] D2BS 6216:  [05:01] +0.18% / [Level 89] 38.80%
[10/05/26 22:00:32] D2BS 6216: Script threads\autobuildthread.js ended
[10/05/26 22:00:32] D2BS 6216: Script threads\partythread.js ended
[10/05/26 22:00:32] D2BS 6216: Script threads\townchicken.js ended
[10/05/26 22:00:47] D2BS 6216: joining game pz-178
[10/05/26 22:00:48] D2BS 6216: ÿc2D2BSÿc0 :: Starting default.dbj
[10/05/26 22:00:48] D2BS 6216: ÿc2D2BSÿc0 :: default.dbj running.
[10/05/26 22:00:48] D2BS 6216: Loaded ÿc9[X.nip] [Y.nip] [Z.nip] [V.nip] [P.CONV.nip]
[10/05/26 22:00:48] D2BS 6216: Loaded ÿc9[P.CONV.js]
[10/05/26 22:00:48] D2BS 6216: equipped: [Head] 22
[10/05/26 22:00:48] D2BS 6216: equipped: [Neck] 19
[10/05/26 22:00:48] D2BS 6216: equipped: [Body] 20
[10/05/26 22:00:48] D2BS 6216: equipped: [ArmR] 32
[10/05/26 22:00:49] D2BS 6216: equipped: [ArmL] 41
[10/05/26 22:00:49] D2BS 6216: equipped: [RingR] 14
[10/05/26 22:00:49] D2BS 6216: equipped: [RingL] 15
[10/05/26 22:00:49] D2BS 6216: equipped: [Belt] 19
[10/05/26 22:00:49] D2BS 6216: equipped: [Boots] 13
[10/05/26 22:00:49] D2BS 6216: equipped: [Mitts] 14
[10/05/26 22:00:49] D2BS 6216: updateStat
[10/05/26 22:00:49] D2BS 6216: granted: [Head] 31
[10/05/26 22:00:49] D2BS 6216: granted: [Body] 21
[10/05/26 22:00:49] D2BS 6216: granted: [ArmR] 22
[10/05/26 22:00:49] D2BS 6216: Loaded ÿc9[AutoSmurf.js]
[10/05/26 22:00:52] D2BS 6216: MiniShopBot: true
[10/05/26 22:00:52] D2BS 6216: farmingON
[10/05/26 22:00:52] D2BS 6216: UseMerc: true HP: 70
[10/05/26 22:01:07] D2BS 6216: Merc matched: Holy Freeze
[10/05/26 22:01:20] D2BS 6216: Token needed
[10/05/26 22:01:24] D2BS 6216: act5+ BO
[10/05/26 22:01:37] D2BS 6216: ÿc4=== [BAAL] ===
[10/05/26 22:05:14] D2BS 6216: ÿc4=== [COUNTESS] ===
[10/05/26 22:06:29] D2BS 6216: ÿc4=== [PIT] ===
[10/05/26 22:07:56] D2BS 6216: ÿc4=== [ANDY] ===
[10/05/26 22:08:53] D2BS 6216: ÿc4=== [MEPHISTO] ===
[10/05/26 22:09:58] D2BS 6216: ÿc4=== [DIABLO] ===
[10/05/26 22:15:33] D2BS 6216: party has left: fowo-xb
[10/05/26 22:15:33] D2BS 6216:  [14:44] +5.49% / [Level 89] 44.30%
[10/05/26 22:15:33] D2BS 6216: Script threads\autobuildthread.js ended
[10/05/26 22:15:33] D2BS 6216: Script threads\partythread.js ended
[10/05/26 22:15:33] D2BS 6216: Script threads\townchicken.js ended
[10/05/26 22:15:33] D2BS 6216: Script default.dbj ended
[10/05/26 22:15:46] D2BS 6216: joining game pz-179
[10/05/26 22:15:48] D2BS 6216: ÿc2D2BSÿc0 :: Starting default.dbj
[10/05/26 22:15:48] D2BS 6216: ÿc2D2BSÿc0 :: default.dbj running.
[10/05/26 22:15:49] D2BS 6216: Loaded ÿc9[X.nip] [Y.nip] [Z.nip] [V.nip] [P.CONV.nip]
[10/05/26 22:15:49] D2BS 6216: Loaded ÿc9[P.CONV.js]
[10/05/26 22:15:49] D2BS 6216: equipped: [Head] 22
[10/05/26 22:15:49] D2BS 6216: equipped: [Neck] 19
[10/05/26 22:15:49] D2BS 6216: equipped: [Body] 20
[10/05/26 22:15:49] D2BS 6216: equipped: [ArmR] 32
[10/05/26 22:15:49] D2BS 6216: equipped: [ArmL] 41
[10/05/26 22:15:49] D2BS 6216: equipped: [RingR] 14
[10/05/26 22:15:49] D2BS 6216: equipped: [RingL] 15
[10/05/26 22:15:49] D2BS 6216: equipped: [Belt] 19
[10/05/26 22:15:49] D2BS 6216: equipped: [Boots] 13
[10/05/26 22:15:49] D2BS 6216: equipped: [Mitts] 14
[10/05/26 22:15:49] D2BS 6216: updateStat
[10/05/26 22:15:49] D2BS 6216: granted: [Head] 31
[10/05/26 22:15:49] D2BS 6216: granted: [Body] 21
[10/05/26 22:15:49] D2BS 6216: granted: [ArmR] 22
[10/05/26 22:15:49] D2BS 6216: Loaded ÿc9[AutoSmurf.js]
[10/05/26 22:15:53] D2BS 6216: farmingON
[10/05/26 22:15:55] D2BS 6216: MiniShopBot: true
[10/05/26 22:15:55] D2BS 6216: UseMerc: true HP: 70
[10/05/26 22:16:15] D2BS 6216: Merc matched: Holy Freeze
[10/05/26 22:16:25] D2BS 6216: act5+ BO
[10/05/26 22:16:38] D2BS 6216: ÿc4=== [BAAL] ===
[10/05/26 22:16:53] D2BS 6216: Baal failed: souls found
[10/05/26 22:16:53] D2BS 6216: ÿc4=== [COUNTESS] ===
[10/05/26 22:17:58] D2BS 6216: ÿc4=== [PIT] ===
[10/05/26 22:19:37] D2BS 6216: ÿc4=== [ANDY] ===
[10/05/26 22:20:34] D2BS 6216: ÿc4=== [MEPHISTO] ===
[10/05/26 22:22:04] D2BS 6216: ÿc4=== [DIABLO] ===
[10/05/26 22:28:39] D2BS 6216: party has left: fowo-xf
[10/05/26 22:28:39] D2BS 6216:  [12:50] +3.15% / [Level 89] 47.45%
[10/05/26 22:28:39] D2BS 6216: Script threads\autobuildthread.js ended
[10/05/26 22:28:39] D2BS 6216: Script threads\partythread.js ended
[10/05/26 22:28:39] D2BS 6216: Script threads\townchicken.js ended
[10/05/26 22:28:39] D2BS 6216: Script default.dbj ended
[10/05/26 22:28:50] D2BS 6216: joining game pz-180
[10/05/26 22:28:51] D2BS 6216: ÿc2D2BSÿc0 :: Starting default.dbj
[10/05/26 22:28:51] D2BS 6216: ÿc2D2BSÿc0 :: default.dbj running.
[10/05/26 22:28:52] D2BS 6216: Loaded ÿc9[X.nip] [Y.nip] [Z.nip] [V.nip] [P.CONV.nip]
[10/05/26 22:28:52] D2BS 6216: Loaded ÿc9[P.CONV.js]
[10/05/26 22:28:52] D2BS 6216: equipped: [Head] 22
[10/05/26 22:28:52] D2BS 6216: equipped: [Neck] 19
[10/05/26 22:28:53] D2BS 6216: equipped: [Body] 20
[10/05/26 22:28:53] D2BS 6216: equipped: [ArmR] 32
[10/05/26 22:28:53] D2BS 6216: equipped: [ArmL] 41
[10/05/26 22:28:53] D2BS 6216: equipped: [RingR] 14
[10/05/26 22:28:53] D2BS 6216: equipped: [RingL] 15
[10/05/26 22:28:53] D2BS 6216: equipped: [Belt] 19
[10/05/26 22:28:53] D2BS 6216: equipped: [Boots] 13
[10/05/26 22:28:53] D2BS 6216: equipped: [Mitts] 14
[10/05/26 22:28:53] D2BS 6216: updateStat
[10/05/26 22:28:53] D2BS 6216: granted: [Head] 31
[10/05/26 22:28:53] D2BS 6216: granted: [Body] 21
[10/05/26 22:28:53] D2BS 6216: granted: [ArmR] 22
[10/05/26 22:28:53] D2BS 6216: Loaded ÿc9[AutoSmurf.js]
[10/05/26 22:28:58] D2BS 6216: farmingON
[10/05/26 22:29:00] D2BS 6216: MiniShopBot: true
[10/05/26 22:29:00] D2BS 6216: UseMerc: true HP: 70
[10/05/26 22:29:18] D2BS 6216: Merc matched: Holy Freeze
[10/05/26 22:29:27] D2BS 6216: Token needed
[10/05/26 22:29:32] D2BS 6216: act5+ BO
[10/05/26 22:29:43] D2BS 6216: ÿc4=== [BAAL] ===
[10/05/26 22:29:53] D2BS 6216: Baal failed: souls found
[10/05/26 22:29:53] D2BS 6216: ÿc4=== [COUNTESS] ===
[10/05/26 22:31:00] D2BS 6216: ÿc4=== [PIT] ===
[10/05/26 22:32:36] D2BS 6216: ÿc4=== [ANDY] ===
[10/05/26 22:33:38] D2BS 6216: ÿc4=== [MEPHISTO] ===
[10/05/26 22:34:56] D2BS 6216: ÿc4=== [DIABLO] ===
[10/05/26 22:38:43] D2BS 6216: party has left: fowo-xa
[10/05/26 22:38:43] D2BS 6216:  [09:52] +0.92% / [Level 89] 48.37%
[10/05/26 22:38:43] D2BS 6216: Script threads\autobuildthread.js ended
[10/05/26 22:38:44] D2BS 6216: Script threads\partythread.js ended
[10/05/26 22:38:44] D2BS 6216: Script threads\townchicken.js ended
[10/05/26 22:38:44] D2BS 6216: Script default.dbj ended
[10/05/26 22:38:56] D2BS 6216: joining game pz-181
[10/05/26 22:38:58] D2BS 6216: ÿc2D2BSÿc0 :: Starting default.dbj
[10/05/26 22:38:58] D2BS 6216: ÿc2D2BSÿc0 :: default.dbj running.
[10/05/26 22:38:58] D2BS 6216: Loaded ÿc9[X.nip] [Y.nip] [Z.nip] [V.nip] [P.CONV.nip]
[10/05/26 22:38:58] D2BS 6216: Loaded ÿc9[P.CONV.js]
[10/05/26 22:38:58] D2BS 6216: equipped: [Head] 22
[10/05/26 22:38:58] D2BS 6216: equipped: [Neck] 19
[10/05/26 22:38:58] D2BS 6216: equipped: [Body] 20
[10/05/26 22:38:58] D2BS 6216: equipped: [ArmR] 32
[10/05/26 22:38:58] D2BS 6216: equipped: [ArmL] 41
[10/05/26 22:38:58] D2BS 6216: equipped: [RingR] 14
[10/05/26 22:38:58] D2BS 6216: equipped: [RingL] 15
[10/05/26 22:38:58] D2BS 6216: equipped: [Belt] 19
[10/05/26 22:38:58] D2BS 6216: equipped: [Boots] 13
[10/05/26 22:38:58] D2BS 6216: equipped: [Mitts] 14
[10/05/26 22:38:58] D2BS 6216: updateStat
[10/05/26 22:38:58] D2BS 6216: granted: [Head] 31
[10/05/26 22:38:58] D2BS 6216: granted: [Body] 21
[10/05/26 22:38:58] D2BS 6216: granted: [ArmR] 22
[10/05/26 22:38:58] D2BS 6216: Loaded ÿc9[AutoSmurf.js]
[10/05/26 22:39:04] D2BS 6216: farmingON
[10/05/26 22:39:05] D2BS 6216: MiniShopBot: true
[10/05/26 22:39:05] D2BS 6216: UseMerc: true HP: 70
[10/05/26 22:39:23] D2BS 6216: Merc matched: Holy Freeze
[10/05/26 22:39:35] D2BS 6216: act5+ BO
[10/05/26 22:39:48] D2BS 6216: ÿc4=== [BAAL] ===
[10/05/26 22:40:01] D2BS 6216: Baal failed: souls found
[10/05/26 22:40:01] D2BS 6216: ÿc4=== [COUNTESS] ===
[10/05/26 22:41:00] D2BS 6216: ÿc4=== [PIT] ===
[10/05/26 22:42:13] D2BS 6216: ÿc4=== [ANDY] ===
[10/05/26 22:43:08] D2BS 6216: ÿc4=== [MEPHISTO] ===
[10/05/26 22:44:26] D2BS 6216: ÿc4=== [DIABLO] ===
[10/05/26 22:50:14] D2BS 6216: Script ended
[10/05/26 22:50:14] D2BS 6216:  [11:16] +2.81% / [Level 89] 51.17%
[10/05/26 22:50:14] D2BS 6216: Script threads\autobuildthread.js ended
[10/05/26 22:50:14] D2BS 6216: Script threads\partythread.js ended
[10/05/26 22:50:14] D2BS 6216: Script threads\townchicken.js ended
[10/05/26 22:50:27] D2BS 6216: joining game pz-182
[10/05/26 22:50:29] D2BS 6216: ÿc2D2BSÿc0 :: Starting default.dbj
[10/05/26 22:50:29] D2BS 6216: ÿc2D2BSÿc0 :: default.dbj running.
[10/05/26 22:50:29] D2BS 6216: Loaded ÿc9[X.nip] [Y.nip] [Z.nip] [V.nip] [P.CONV.nip]
[10/05/26 22:50:30] D2BS 6216: Loaded ÿc9[P.CONV.js]
[10/05/26 22:50:30] D2BS 6216: equipped: [Head] 22
[10/05/26 22:50:30] D2BS 6216: equipped: [Neck] 19
[10/05/26 22:50:30] D2BS 6216: equipped: [Body] 20
[10/05/26 22:50:30] D2BS 6216: equipped: [ArmR] 32
[10/05/26 22:50:30] D2BS 6216: equipped: [ArmL] 41
[10/05/26 22:50:30] D2BS 6216: equipped: [RingR] 14
[10/05/26 22:50:30] D2BS 6216: equipped: [RingL] 15
[10/05/26 22:50:30] D2BS 6216: equipped: [Belt] 19
[10/05/26 22:50:30] D2BS 6216: equipped: [Boots] 13
[10/05/26 22:50:30] D2BS 6216: equipped: [Mitts] 14
[10/05/26 22:50:30] D2BS 6216: updateStat
[10/05/26 22:50:30] D2BS 6216: granted: [Head] 31
[10/05/26 22:50:30] D2BS 6216: granted: [Body] 21
[10/05/26 22:50:30] D2BS 6216: granted: [ArmR] 22
[10/05/26 22:50:30] D2BS 6216: Loaded ÿc9[AutoSmurf.js]
[10/05/26 22:50:34] D2BS 6216: farmingON
[10/05/26 22:50:35] D2BS 6216: MiniShopBot: true
[10/05/26 22:50:35] D2BS 6216: UseMerc: true HP: 70
[10/05/26 22:50:57] D2BS 6216: Merc matched: Holy Freeze
[10/05/26 22:51:10] D2BS 6216: act5+ BO
[10/05/26 22:51:23] D2BS 6216: ÿc4=== [BAAL] ===
[10/05/26 22:54:32] D2BS 6216: ÿc4=== [COUNTESS] ===
[10/05/26 22:55:50] D2BS 6216: ÿc4=== [PIT] ===
[10/05/26 22:57:15] D2BS 6216: ÿc4=== [ANDY] ===
[10/05/26 22:58:08] D2BS 6216: ÿc4=== [MEPHISTO] ===
[10/05/26 22:59:28] D2BS 6216: ÿc4=== [DIABLO] ===
[10/05/26 23:02:35] D2BS 6216: Going to town
[10/05/26 23:03:22] D2BS 6216: Going to town
[10/05/26 23:04:52] D2BS 6216: Going to town
[10/05/26 23:06:36] D2BS 6216: party has left: fowo-xg
[10/05/26 23:06:36] D2BS 6216: party has left: fowo-xg
[10/05/26 23:06:36] D2BS 6216: party has left: fowo-xg
[10/05/26 23:06:36] D2BS 6216:  [16:07] +5.71% / [Level 89] 56.88%
[10/05/26 23:06:36] D2BS 6216: Script threads\autobuildthread.js ended
[10/05/26 23:06:36] D2BS 6216: Script threads\partythread.js ended
[10/05/26 23:06:36] D2BS 6216: Script threads\townchicken.js ended
[10/05/26 23:06:36] D2BS 6216: Script default.dbj ended
[10/05/26 23:06:48] D2BS 6216: joining game pz-183
[10/05/26 23:06:50] D2BS 6216: ÿc2D2BSÿc0 :: Starting default.dbj
[10/05/26 23:06:50] D2BS 6216: ÿc2D2BSÿc0 :: default.dbj running.
[10/05/26 23:06:50] D2BS 6216: Loaded ÿc9[X.nip] [Y.nip] [Z.nip] [V.nip] [P.CONV.nip]
[10/05/26 23:06:50] D2BS 6216: Loaded ÿc9[P.CONV.js]
[10/05/26 23:06:50] D2BS 6216: equipped: [Head] 22
[10/05/26 23:06:50] D2BS 6216: equipped: [Neck] 19
[10/05/26 23:06:50] D2BS 6216: equipped: [Body] 20
[10/05/26 23:06:50] D2BS 6216: equipped: [ArmR] 32
[10/05/26 23:06:50] D2BS 6216: equipped: [ArmL] 41
[10/05/26 23:06:50] D2BS 6216: equipped: [RingR] 14
[10/05/26 23:06:50] D2BS 6216: equipped: [RingL] 15
[10/05/26 23:06:51] D2BS 6216: equipped: [Belt] 19
[10/05/26 23:06:51] D2BS 6216: equipped: [Boots] 13
[10/05/26 23:06:51] D2BS 6216: equipped: [Mitts] 14
[10/05/26 23:06:51] D2BS 6216: updateStat
[10/05/26 23:06:51] D2BS 6216: granted: [Head] 31
[10/05/26 23:06:51] D2BS 6216: granted: [Body] 21
[10/05/26 23:06:51] D2BS 6216: granted: [ArmR] 22
[10/05/26 23:06:51] D2BS 6216: Loaded ÿc9[AutoSmurf.js]
[10/05/26 23:06:56] D2BS 6216: farmingON
[10/05/26 23:06:56] D2BS 6216: MiniShopBot: true
[10/05/26 23:06:56] D2BS 6216: UseMerc: true HP: 70
[10/05/26 23:07:11] D2BS 6216: Merc matched: Holy Freeze
[10/05/26 23:07:31] D2BS 6216: act5+ BO
[10/05/26 23:07:44] D2BS 6216: ÿc4=== [BAAL] ===
[10/05/26 23:09:27] D2BS 6216: Going to town
[10/05/26 23:11:23] D2BS 6216: ÿc4=== [COUNTESS] ===
[10/05/26 23:12:34] D2BS 6216: ÿc4=== [PIT] ===
[10/05/26 23:14:01] D2BS 6216: ÿc4=== [ANDY] ===
[10/05/26 23:14:59] D2BS 6216: ÿc4=== [MEPHISTO] ===
[10/05/26 23:16:32] D2BS 6216: ÿc4=== [DIABLO] ===
[10/05/26 23:21:54] D2BS 6216: party has left: fowo-xb
[10/05/26 23:21:54] D2BS 6216:  [15:04] +5.40% / [Level 89] 62.28%
[10/05/26 23:21:54] D2BS 6216: Script threads\autobuildthread.js ended
[10/05/26 23:21:54] D2BS 6216: Script threads\partythread.js ended
[10/05/26 23:21:54] D2BS 6216: Script threads\townchicken.js ended
[10/05/26 23:21:54] D2BS 6216: Script default.dbj ended
[10/05/26 23:22:07] D2BS 6216: joining game pz-184
[10/05/26 23:22:08] D2BS 6216: ÿc2D2BSÿc0 :: Starting default.dbj
[10/05/26 23:22:08] D2BS 6216: ÿc2D2BSÿc0 :: default.dbj running.
[10/05/26 23:22:09] D2BS 6216: Loaded ÿc9[X.nip] [Y.nip] [Z.nip] [V.nip] [P.CONV.nip]
[10/05/26 23:22:09] D2BS 6216: Loaded ÿc9[P.CONV.js]
[10/05/26 23:22:10] D2BS 6216: equipped: [Head] 22
[10/05/26 23:22:10] D2BS 6216: equipped: [Neck] 19
[10/05/26 23:22:10] D2BS 6216: equipped: [Body] 20
[10/05/26 23:22:10] D2BS 6216: equipped: [ArmR] 32
[10/05/26 23:22:10] D2BS 6216: equipped: [ArmL] 41
[10/05/26 23:22:10] D2BS 6216: equipped: [RingR] 14
[10/05/26 23:22:10] D2BS 6216: equipped: [RingL] 15
[10/05/26 23:22:10] D2BS 6216: equipped: [Belt] 19
[10/05/26 23:22:10] D2BS 6216: equipped: [Boots] 13
[10/05/26 23:22:10] D2BS 6216: equipped: [Mitts] 14
[10/05/26 23:22:10] D2BS 6216: updateStat
[10/05/26 23:22:10] D2BS 6216: granted: [Head] 31
[10/05/26 23:22:10] D2BS 6216: granted: [Body] 21
[10/05/26 23:22:10] D2BS 6216: granted: [ArmR] 22
[10/05/26 23:22:10] D2BS 6216: Loaded ÿc9[AutoSmurf.js]
[10/05/26 23:22:14] D2BS 6216: farmingON
[10/05/26 23:22:16] D2BS 6216: MiniShopBot: true
[10/05/26 23:22:16] D2BS 6216: UseMerc: true HP: 70
[10/05/26 23:22:41] D2BS 6216: Merc matched: Holy Freeze
[10/05/26 23:22:48] D2BS 6216: act5+ BO
[10/05/26 23:23:02] D2BS 6216: ÿc4=== [BAAL] ===
[10/05/26 23:26:19] D2BS 6216: ÿc4=== [COUNTESS] ===
[10/05/26 23:27:29] D2BS 6216: ÿc4=== [PIT] ===
[10/05/26 23:29:25] D2BS 6216: ÿc4=== [ANDY] ===
[10/05/26 23:30:23] D2BS 6216: ÿc4=== [MEPHISTO] ===
[10/05/26 23:31:31] D2BS 6216: ÿc4=== [DIABLO] ===
[10/05/26 23:37:13] D2BS 6216: party has left: fowo-xa
[10/05/26 23:37:13] D2BS 6216:  [15:04] +5.41% / [Level 89] 67.69%
[10/05/26 23:37:13] D2BS 6216: Script threads\autobuildthread.js ended
[10/05/26 23:37:13] D2BS 6216: Script threads\partythread.js ended
[10/05/26 23:37:13] D2BS 6216: Script threads\townchicken.js ended
[10/05/26 23:37:13] D2BS 6216: Script default.dbj ended
[10/05/26 23:37:27] D2BS 6216: joining game pz-185
[10/05/26 23:37:28] D2BS 6216: ÿc2D2BSÿc0 :: Starting default.dbj
[10/05/26 23:37:28] D2BS 6216: ÿc2D2BSÿc0 :: default.dbj running.
[10/05/26 23:37:29] D2BS 6216: Loaded ÿc9[X.nip] [Y.nip] [Z.nip] [V.nip] [P.CONV.nip]
[10/05/26 23:37:29] D2BS 6216: Loaded ÿc9[P.CONV.js]
[10/05/26 23:37:29] D2BS 6216: equipped: [Head] 22
[10/05/26 23:37:29] D2BS 6216: equipped: [Neck] 19
[10/05/26 23:37:29] D2BS 6216: equipped: [Body] 20
[10/05/26 23:37:29] D2BS 6216: equipped: [ArmR] 32
[10/05/26 23:37:29] D2BS 6216: equipped: [ArmL] 41
[10/05/26 23:37:29] D2BS 6216: equipped: [RingR] 14
[10/05/26 23:37:29] D2BS 6216: equipped: [RingL] 15
[10/05/26 23:37:29] D2BS 6216: equipped: [Belt] 19
[10/05/26 23:37:29] D2BS 6216: equipped: [Boots] 13
[10/05/26 23:37:29] D2BS 6216: equipped: [Mitts] 14
[10/05/26 23:37:30] D2BS 6216: updateStat
[10/05/26 23:37:30] D2BS 6216: granted: [Head] 31
[10/05/26 23:37:30] D2BS 6216: granted: [Body] 21
[10/05/26 23:37:30] D2BS 6216: granted: [ArmR] 22
[10/05/26 23:37:30] D2BS 6216: Loaded ÿc9[AutoSmurf.js]
[10/05/26 23:37:34] D2BS 6216: MiniShopBot: true
[10/05/26 23:37:34] D2BS 6216: farmingON
[10/05/26 23:37:34] D2BS 6216: UseMerc: true HP: 70
[10/05/26 23:37:53] D2BS 6216: granted: [ArmR] 24
[10/05/26 23:37:53] D2BS 6216: Merc matched: Holy Freeze
[10/05/26 23:38:21] D2BS 6216: act5+ BO
[10/05/26 23:38:35] D2BS 6216: ÿc4=== [BAAL] ===
[10/05/26 23:41:49] D2BS 6216: ÿc4=== [COUNTESS] ===
[10/05/26 23:43:06] D2BS 6216: ÿc4=== [PIT] ===
[10/05/26 23:44:32] D2BS 6216: ÿc4=== [ANDY] ===
[10/05/26 23:45:13] D2BS 6216: ÿc4=== [MEPHISTO] ===
[10/05/26 23:46:21] D2BS 6216: ÿc4=== [DIABLO] ===
[10/05/26 23:51:21] D2BS 6216: party has left: fowo-xb
[10/05/26 23:51:21] D2BS 6216:  [13:53] +4.86% / [Level 89] 72.55%
[10/05/26 23:51:21] D2BS 6216: Script threads\autobuildthread.js ended
[10/05/26 23:51:22] D2BS 6216: Script threads\partythread.js ended
[10/05/26 23:51:22] D2BS 6216: Script threads\townchicken.js ended
[10/05/26 23:51:22] D2BS 6216: Script ended
[10/05/26 23:51:35] D2BS 6216: joining game pz-186
[10/05/26 23:51:36] D2BS 6216: ÿc2D2BSÿc0 :: Starting default.dbj
[10/05/26 23:51:36] D2BS 6216: ÿc2D2BSÿc0 :: default.dbj running.
[10/05/26 23:51:37] D2BS 6216: Loaded ÿc9[X.nip] [Y.nip] [Z.nip] [V.nip] [P.CONV.nip]
[10/05/26 23:51:37] D2BS 6216: Loaded ÿc9[P.CONV.js]
[10/05/26 23:51:37] D2BS 6216: equipped: [Head] 22
[10/05/26 23:51:37] D2BS 6216: equipped: [Neck] 19
[10/05/26 23:51:38] D2BS 6216: equipped: [Body] 20
[10/05/26 23:51:38] D2BS 6216: equipped: [ArmR] 32
[10/05/26 23:51:38] D2BS 6216: equipped: [ArmL] 41
[10/05/26 23:51:38] D2BS 6216: equipped: [RingR] 14
[10/05/26 23:51:38] D2BS 6216: equipped: [RingL] 15
[10/05/26 23:51:38] D2BS 6216: equipped: [Belt] 19
[10/05/26 23:51:38] D2BS 6216: equipped: [Boots] 13
[10/05/26 23:51:38] D2BS 6216: equipped: [Mitts] 14
[10/05/26 23:51:38] D2BS 6216: updateStat
[10/05/26 23:51:38] D2BS 6216: granted: [Head] 31
[10/05/26 23:51:38] D2BS 6216: granted: [Body] 21
[10/05/26 23:51:38] D2BS 6216: granted: [ArmR] 24
[10/05/26 23:51:38] D2BS 6216: Loaded ÿc9[AutoSmurf.js]
[10/05/26 23:51:42] D2BS 6216: farmingON
[10/05/26 23:51:44] D2BS 6216: MiniShopBot: true
[10/05/26 23:51:44] D2BS 6216: UseMerc: true HP: 70
[10/05/26 23:52:03] D2BS 6216: Merc matched: Holy Freeze
[10/05/26 23:52:21] D2BS 6216: act5+ BO
[10/05/26 23:52:34] D2BS 6216: ÿc4=== [BAAL] ===
[10/05/26 23:56:16] D2BS 6216: ÿc4=== [COUNTESS] ===
[10/05/26 23:57:37] D2BS 6216: ÿc4=== [PIT] ===
[10/05/26 23:59:07] D2BS 6216: ÿc4=== [ANDY] ===
[10/05/26 23:59:58] D2BS 6216: ÿc4=== [MEPHISTO] ===
