[10/05/26 00:01:17] D2BS 17100: ÿc4=== [POA] ===
[10/05/26 00:03:49] D2BS 17100: ÿc4=== [INFERNAL] ===
[10/05/26 00:06:58] D2BS 17100: ÿc4=== [DIABLO] ===
[10/05/26 00:12:54] D2BS 17100: Script ended
[10/05/26 00:12:54] D2BS 17100:  [17:43] +337.56% / [Level 57] 80.97%
[10/05/26 00:12:54] D2BS 17100: Script threads\autobuildthread.js ended
[10/05/26 00:12:54] D2BS 17100: Script threads\partythread.js ended
[10/05/26 00:12:54] D2BS 17100: Script threads\townchicken.js ended
[10/05/26 00:13:07] D2BS 17100: joining game pz-53
[10/05/26 00:13:09] D2BS 17100: ÿc2D2BSÿc0 :: Starting default.dbj
[10/05/26 00:13:09] D2BS 17100: ÿc2D2BSÿc0 :: default.dbj running.
[10/05/26 00:13:09] D2BS 17100: Loaded ÿc9[X.nip] [Y.nip] [Z.nip] [V.nip] [P.CONC.nip]
[10/05/26 00:13:09] D2BS 17100: Loaded ÿc9[P.CONC.js]
[10/05/26 00:13:09] D2BS 17100: equipped: [Head] 12
[10/05/26 00:13:09] D2BS 17100: equipped: [Neck] 12
[10/05/26 00:13:09] D2BS 17100: equipped: [Body] 15
[10/05/26 00:13:09] D2BS 17100: equipped: [ArmR] 15
[10/05/26 00:13:09] D2BS 17100: equipped: [ArmL] 27
[10/05/26 00:13:09] D2BS 17100: equipped: [RingR] 11
[10/05/26 00:13:09] D2BS 17100: equipped: [RingL] 12
[10/05/26 00:13:09] D2BS 17100: equipped: [Belt] 15
[10/05/26 00:13:09] D2BS 17100: equipped: [Boots] 1
[10/05/26 00:13:09] D2BS 17100: equipped: [Mitts] 14
[10/05/26 00:13:09] D2BS 17100: Loaded ÿc9[AutoSmurf.js]
[10/05/26 00:13:16] D2BS 17100: MiniShopBot: true
[10/05/26 00:13:54] D2BS 17100: act5+ BO
[10/05/26 00:14:07] D2BS 17100: ÿc4=== [BAAL] ===
[10/05/26 00:16:39] D2BS 17100: Not ready to kill Baal
[10/05/26 00:16:39] D2BS 17100: ÿc4=== [ABADDON] ===
[10/05/26 00:19:04] D2BS 17100: ÿc4=== [POA] ===
[10/05/26 00:21:53] D2BS 17100: ÿc4=== [INFERNAL] ===
[10/05/26 00:24:06] D2BS 17100: ÿc4=== [DIABLO] ===
[10/05/26 00:29:30] D2BS 17100: party has left: fowo-xf
[10/05/26 00:29:30] D2BS 17100:  [16:21] +220.61% / [Level 60] 30.01%
[10/05/26 00:29:30] D2BS 17100: Script threads\autobuildthread.js ended
[10/05/26 00:29:30] D2BS 17100: Script threads\partythread.js ended
[10/05/26 00:29:30] D2BS 17100: Script threads\townchicken.js ended
[10/05/26 00:29:30] D2BS 17100: Script default.dbj ended
[10/05/26 00:29:43] D2BS 17100: joining game pz-54
[10/05/26 00:29:44] D2BS 17100: ÿc2D2BSÿc0 :: Starting default.dbj
[10/05/26 00:29:44] D2BS 17100: ÿc2D2BSÿc0 :: default.dbj running.
[10/05/26 00:29:44] D2BS 17100: Loaded ÿc9[X.nip] [Y.nip] [Z.nip] [V.nip] [P.CONC.nip]
[10/05/26 00:29:44] D2BS 17100: Loaded ÿc9[P.CONC.js]
[10/05/26 00:29:44] D2BS 17100: equipped: [Head] 12
[10/05/26 00:29:44] D2BS 17100: equipped: [Neck] 12
[10/05/26 00:29:44] D2BS 17100: equipped: [Body] 15
[10/05/26 00:29:44] D2BS 17100: equipped: [ArmR] 15
[10/05/26 00:29:44] D2BS 17100: equipped: [ArmL] 27
[10/05/26 00:29:44] D2BS 17100: equipped: [RingR] 11
[10/05/26 00:29:45] D2BS 17100: equipped: [RingL] 12
[10/05/26 00:29:45] D2BS 17100: equipped: [Belt] 15
[10/05/26 00:29:45] D2BS 17100: equipped: [Boots] 1
[10/05/26 00:29:45] D2BS 17100: equipped: [Mitts] 14
[10/05/26 00:29:45] D2BS 17100: Loaded ÿc9[AutoSmurf.js]
[10/05/26 00:29:50] D2BS 17100: MiniShopBot: true
[10/05/26 00:30:07] D2BS 17100: equipped: [ArmR] 16
[10/05/26 00:30:30] D2BS 17100: act5+ BO
[10/05/26 00:30:44] D2BS 17100: ÿc4=== [BAAL] ===
[10/05/26 00:33:03] D2BS 17100: Not ready to kill Baal
[10/05/26 00:33:03] D2BS 17100: ÿc4=== [ABADDON] ===
[10/05/26 00:36:44] D2BS 17100: ÿc4=== [POA] ===
[10/05/26 00:39:45] D2BS 17100: ÿc4=== [INFERNAL] ===
[10/05/26 00:42:54] D2BS 17100: ÿc4=== [DIABLO] ===
[10/05/26 00:47:54] D2BS 17100: party has left: fowo-xb
[10/05/26 00:47:55] D2BS 17100:  [18:10] +220.40% / [Level 62] 69.74%
[10/05/26 00:47:55] D2BS 17100: Script threads\autobuildthread.js ended
[10/05/26 00:47:55] D2BS 17100: Script threads\partythread.js ended
[10/05/26 00:47:55] D2BS 17100: Script threads\townchicken.js ended
[10/05/26 00:47:55] D2BS 17100: Script default.dbj ended
[10/05/26 00:48:07] D2BS 17100: joining game pz-55
[10/05/26 00:48:09] D2BS 17100: ÿc2D2BSÿc0 :: Starting default.dbj
[10/05/26 00:48:09] D2BS 17100: ÿc2D2BSÿc0 :: default.dbj running.
[10/05/26 00:48:09] D2BS 17100: Loaded ÿc9[X.nip] [Y.nip] [Z.nip] [V.nip] [P.CONC.nip]
[10/05/26 00:48:09] D2BS 17100: Loaded ÿc9[P.CONC.js]
[10/05/26 00:48:09] D2BS 17100: equipped: [Head] 12
[10/05/26 00:48:09] D2BS 17100: equipped: [Neck] 12
[10/05/26 00:48:09] D2BS 17100: equipped: [Body] 15
[10/05/26 00:48:09] D2BS 17100: equipped: [ArmR] 16
[10/05/26 00:48:09] D2BS 17100: equipped: [ArmL] 27
[10/05/26 00:48:09] D2BS 17100: equipped: [RingR] 11
[10/05/26 00:48:09] D2BS 17100: equipped: [RingL] 12
[10/05/26 00:48:09] D2BS 17100: equipped: [Belt] 15
[10/05/26 00:48:09] D2BS 17100: equipped: [Boots] 1
[10/05/26 00:48:09] D2BS 17100: equipped: [Mitts] 14
[10/05/26 00:48:10] D2BS 17100: Loaded ÿc9[AutoSmurf.js]
[10/05/26 00:48:16] D2BS 17100: MiniShopBot: true
[10/05/26 00:48:51] D2BS 17100: act5+ BO
[10/05/26 00:49:04] D2BS 17100: ÿc4=== [BAAL] ===
[10/05/26 00:51:30] D2BS 17100: Not ready to kill Baal
[10/05/26 00:51:30] D2BS 17100: ÿc4=== [ABADDON] ===
[10/05/26 00:54:41] D2BS 17100: ÿc4=== [POA] ===
[10/05/26 00:57:11] D2BS 17100: ÿc4=== [INFERNAL] ===
[10/05/26 01:00:08] D2BS 17100: ÿc4=== [DIABLO] ===
[10/05/26 01:05:52] D2BS 17100: Script ended
[10/05/26 01:05:52] D2BS 17100: party has left: fowo-xe
[10/05/26 01:05:53] D2BS 17100:  [17:44] +190.74% / [Level 64] 73.53%
[10/05/26 01:05:53] D2BS 17100: Script threads\autobuildthread.js ended
[10/05/26 01:05:53] D2BS 17100: Script threads\partythread.js ended
[10/05/26 01:05:53] D2BS 17100: Script threads\townchicken.js ended
[10/05/26 01:06:06] D2BS 17100: joining game pz-56
[10/05/26 01:06:07] D2BS 17100: ÿc2D2BSÿc0 :: Starting default.dbj
[10/05/26 01:06:07] D2BS 17100: ÿc2D2BSÿc0 :: default.dbj running.
[10/05/26 01:06:07] D2BS 17100: Loaded ÿc9[X.nip] [Y.nip] [Z.nip] [V.nip] [P.CONC.nip]
[10/05/26 01:06:07] D2BS 17100: Loaded ÿc9[P.CONC.js]
[10/05/26 01:06:07] D2BS 17100: equipped: [Head] 12
[10/05/26 01:06:07] D2BS 17100: equipped: [Neck] 12
[10/05/26 01:06:07] D2BS 17100: equipped: [Body] 15
[10/05/26 01:06:07] D2BS 17100: equipped: [ArmR] 16
[10/05/26 01:06:07] D2BS 17100: equipped: [ArmL] 27
[10/05/26 01:06:07] D2BS 17100: equipped: [RingR] 11
[10/05/26 01:06:07] D2BS 17100: equipped: [RingL] 12
[10/05/26 01:06:07] D2BS 17100: equipped: [Belt] 15
[10/05/26 01:06:07] D2BS 17100: equipped: [Boots] 1
[10/05/26 01:06:07] D2BS 17100: equipped: [Mitts] 14
[10/05/26 01:06:08] D2BS 17100: Loaded ÿc9[AutoSmurf.js]
[10/05/26 01:06:16] D2BS 17100: MiniShopBot: true
[10/05/26 01:06:50] D2BS 17100: act5+ BO
[10/05/26 01:07:03] D2BS 17100: ÿc4=== [BAAL] ===
[10/05/26 01:09:27] D2BS 17100: Not ready to kill Baal
[10/05/26 01:09:27] D2BS 17100: ÿc4=== [ABADDON] ===
[10/05/26 01:11:47] D2BS 17100: ÿc4=== [POA] ===
[10/05/26 01:14:17] D2BS 17100: ÿc4=== [INFERNAL] ===
[10/05/26 01:16:52] D2BS 17100: ÿc4=== [DIABLO] ===
[10/05/26 01:17:16] D2BS 17100: equipped: [Body] 16
[10/05/26 01:22:09] D2BS 17100: party has left: fowo-xb
[10/05/26 01:22:09] D2BS 17100:  [16:02] +149.08% / [Level 66] 35.06%
[10/05/26 01:22:09] D2BS 17100: Script threads\autobuildthread.js ended
[10/05/26 01:22:09] D2BS 17100: Script threads\partythread.js ended
[10/05/26 01:22:09] D2BS 17100: Script threads\townchicken.js ended
[10/05/26 01:22:09] D2BS 17100: Script default.dbj ended
[10/05/26 01:22:21] D2BS 17100: joining game pz-57
[10/05/26 01:22:23] D2BS 17100: ÿc2D2BSÿc0 :: Starting default.dbj
[10/05/26 01:22:23] D2BS 17100: ÿc2D2BSÿc0 :: default.dbj running.
[10/05/26 01:22:23] D2BS 17100: Loaded ÿc9[X.nip] [Y.nip] [Z.nip] [V.nip] [P.CONC.nip]
[10/05/26 01:22:23] D2BS 17100: Loaded ÿc9[P.CONC.js]
[10/05/26 01:22:23] D2BS 17100: equipped: [Head] 12
[10/05/26 01:22:23] D2BS 17100: equipped: [Neck] 12
[10/05/26 01:22:23] D2BS 17100: equipped: [Body] 16
[10/05/26 01:22:23] D2BS 17100: equipped: [ArmR] 16
[10/05/26 01:22:23] D2BS 17100: equipped: [ArmL] 27
[10/05/26 01:22:23] D2BS 17100: equipped: [RingR] 11
[10/05/26 01:22:23] D2BS 17100: equipped: [RingL] 12
[10/05/26 01:22:23] D2BS 17100: equipped: [Belt] 15
[10/05/26 01:22:23] D2BS 17100: equipped: [Boots] 1
[10/05/26 01:22:23] D2BS 17100: equipped: [Mitts] 14
[10/05/26 01:22:23] D2BS 17100: Loaded ÿc9[AutoSmurf.js]
[10/05/26 01:22:28] D2BS 17100: MiniShopBot: true
[10/05/26 01:23:06] D2BS 17100: act5+ BO
[10/05/26 01:23:19] D2BS 17100: ÿc4=== [BAAL] ===
[10/05/26 01:25:22] D2BS 17100: Not ready to kill Baal
[10/05/26 01:25:22] D2BS 17100: ÿc4=== [ABADDON] ===
[10/05/26 01:28:09] D2BS 17100: ÿc4=== [POA] ===
[10/05/26 01:30:39] D2BS 17100: ÿc4=== [INFERNAL] ===
[10/05/26 01:33:21] D2BS 17100: party has left: fowo-xa
[10/05/26 01:33:21] D2BS 17100:  [10:59] +100.60% / [Level 67] 41.03%
[10/05/26 01:33:21] D2BS 17100: Script threads\autobuildthread.js ended
[10/05/26 01:33:21] D2BS 17100: Script threads\partythread.js ended
[10/05/26 01:33:22] D2BS 17100: Script threads\townchicken.js ended
[10/05/26 01:33:22] D2BS 17100: Script default.dbj ended
[10/05/26 01:33:34] D2BS 17100: joining game pz-58
[10/05/26 01:33:35] D2BS 17100: ÿc2D2BSÿc0 :: Starting default.dbj
[10/05/26 01:33:35] D2BS 17100: ÿc2D2BSÿc0 :: default.dbj running.
[10/05/26 01:33:35] D2BS 17100: Loaded ÿc9[X.nip] [Y.nip] [Z.nip] [V.nip] [P.CONC.nip]
[10/05/26 01:33:35] D2BS 17100: Loaded ÿc9[P.CONC.js]
[10/05/26 01:33:35] D2BS 17100: equipped: [Head] 12
[10/05/26 01:33:35] D2BS 17100: equipped: [Neck] 12
[10/05/26 01:33:36] D2BS 17100: equipped: [Body] 16
[10/05/26 01:33:36] D2BS 17100: equipped: [ArmR] 16
[10/05/26 01:33:36] D2BS 17100: equipped: [ArmL] 27
[10/05/26 01:33:36] D2BS 17100: equipped: [RingR] 11
[10/05/26 01:33:36] D2BS 17100: equipped: [RingL] 12
[10/05/26 01:33:36] D2BS 17100: equipped: [Belt] 15
[10/05/26 01:33:36] D2BS 17100: equipped: [Boots] 1
[10/05/26 01:33:36] D2BS 17100: equipped: [Mitts] 14
[10/05/26 01:33:36] D2BS 17100: Loaded ÿc9[AutoSmurf.js]
[10/05/26 01:33:39] D2BS 17100: MiniShopBot: true
[10/05/26 01:33:53] D2BS 17100: equipped: [Body] 17
[10/05/26 01:34:12] D2BS 17100: act5+ BO
[10/05/26 01:34:26] D2BS 17100: ÿc4=== [BAAL] ===
[10/05/26 01:36:40] D2BS 17100: Not ready to kill Baal
[10/05/26 01:36:40] D2BS 17100: ÿc4=== [ABADDON] ===
[10/05/26 01:39:29] D2BS 17100: ÿc4=== [POA] ===
[10/05/26 01:39:36] D2BS 17100: equipped: [Boots] 11
[10/05/26 01:41:51] D2BS 17100: ÿc4=== [INFERNAL] ===
[10/05/26 01:44:23] D2BS 17100: Script ended
[10/05/26 01:44:23] D2BS 17100:  [10:48] +89.26% / [Level 68] 35.16%
[10/05/26 01:44:23] D2BS 17100: Script threads\autobuildthread.js ended
[10/05/26 01:44:23] D2BS 17100: Script threads\partythread.js ended
[10/05/26 01:44:23] D2BS 17100: Script threads\townchicken.js ended
[10/05/26 01:44:34] D2BS 17100: joining game pz-59
[10/05/26 01:44:36] D2BS 17100: ÿc2D2BSÿc0 :: Starting default.dbj
[10/05/26 01:44:36] D2BS 17100: ÿc2D2BSÿc0 :: default.dbj running.
[10/05/26 01:44:36] D2BS 17100: Loaded ÿc9[X.nip] [Y.nip] [Z.nip] [V.nip] [P.CONC.nip]
[10/05/26 01:44:36] D2BS 17100: Loaded ÿc9[P.CONC.js]
[10/05/26 01:44:36] D2BS 17100: equipped: [Head] 12
[10/05/26 01:44:36] D2BS 17100: equipped: [Neck] 12
[10/05/26 01:44:36] D2BS 17100: equipped: [Body] 17
[10/05/26 01:44:36] D2BS 17100: equipped: [ArmR] 16
[10/05/26 01:44:36] D2BS 17100: equipped: [ArmL] 27
[10/05/26 01:44:36] D2BS 17100: equipped: [RingR] 11
[10/05/26 01:44:36] D2BS 17100: equipped: [RingL] 12
[10/05/26 01:44:36] D2BS 17100: equipped: [Belt] 15
[10/05/26 01:44:36] D2BS 17100: equipped: [Boots] 11
[10/05/26 01:44:36] D2BS 17100: equipped: [Mitts] 14
[10/05/26 01:44:37] D2BS 17100: Loaded ÿc9[AutoSmurf.js]
[10/05/26 01:44:39] D2BS 17100: MiniShopBot: true
[10/05/26 01:45:10] D2BS 17100: act5+ BO
[10/05/26 01:45:22] D2BS 17100: ÿc4=== [BAAL] ===
[10/05/26 01:47:45] D2BS 17100: Not ready to kill Baal
[10/05/26 01:47:45] D2BS 17100: ÿc4=== [ABADDON] ===
[10/05/26 01:50:35] D2BS 17100: ÿc4=== [POA] ===
[10/05/26 01:53:03] D2BS 17100: ÿc4=== [INFERNAL] ===
[10/05/26 01:55:17] D2BS 17100: party has left: fowo-xg
[10/05/26 01:55:17] D2BS 17100:  [10:42] +77.23% / [Level 69] 17.74%
[10/05/26 01:55:17] D2BS 17100: Script threads\autobuildthread.js ended
[10/05/26 01:55:17] D2BS 17100: Script threads\partythread.js ended
[10/05/26 01:55:17] D2BS 17100: Script threads\townchicken.js ended
[10/05/26 01:55:17] D2BS 17100: Script default.dbj ended
[10/05/26 01:55:30] D2BS 17100: joining game pz-60
[10/05/26 01:55:31] D2BS 17100: ÿc2D2BSÿc0 :: Starting default.dbj
[10/05/26 01:55:31] D2BS 17100: ÿc2D2BSÿc0 :: default.dbj running.
[10/05/26 01:55:32] D2BS 17100: Loaded ÿc9[X.nip] [Y.nip] [Z.nip] [V.nip] [P.CONC.nip]
[10/05/26 01:55:32] D2BS 17100: Loaded ÿc9[P.CONC.js]
[10/05/26 01:55:32] D2BS 17100: equipped: [Head] 12
[10/05/26 01:55:32] D2BS 17100: equipped: [Neck] 12
[10/05/26 01:55:32] D2BS 17100: equipped: [Body] 17
[10/05/26 01:55:32] D2BS 17100: equipped: [ArmR] 16
[10/05/26 01:55:32] D2BS 17100: equipped: [ArmL] 27
[10/05/26 01:55:32] D2BS 17100: equipped: [RingR] 11
[10/05/26 01:55:32] D2BS 17100: equipped: [RingL] 12
[10/05/26 01:55:32] D2BS 17100: equipped: [Belt] 15
[10/05/26 01:55:32] D2BS 17100: equipped: [Boots] 11
[10/05/26 01:55:32] D2BS 17100: equipped: [Mitts] 14
[10/05/26 01:55:32] D2BS 17100: Loaded ÿc9[AutoSmurf.js]
[10/05/26 01:55:34] D2BS 17100: MiniShopBot: true
[10/05/26 01:55:34] D2BS 17100: UseMerc: true HP: 70
[10/05/26 01:55:46] D2BS 17100: updateStat
[10/05/26 01:55:46] D2BS 17100: granted: [Head] -1
[10/05/26 01:55:46] D2BS 17100: granted: [Body] -1
[10/05/26 01:55:46] D2BS 17100: granted: [ArmR] -1
[10/05/26 01:56:02] D2BS 17100: Merc unmatched
[10/05/26 01:56:09] D2BS 17100: [Hired] Level 68 Holy Freeze
[10/05/26 01:56:09] D2BS 17100: updateStat
[10/05/26 01:56:09] D2BS 17100: granted: [Head] -1
[10/05/26 01:56:09] D2BS 17100: granted: [Body] -1
[10/05/26 01:56:09] D2BS 17100: granted: [ArmR] -1
[10/05/26 01:56:22] D2BS 17100: act5+ BO
[10/05/26 01:56:24] D2BS 17100: updateStat
[10/05/26 01:56:36] D2BS 17100: ÿc4=== [BAAL] ===
[10/05/26 01:58:59] D2BS 17100: Not ready to kill Baal
[10/05/26 01:58:59] D2BS 17100: ÿc4=== [ABADDON] ===
[10/05/26 02:01:52] D2BS 17100: ÿc4=== [POA] ===
[10/05/26 02:04:33] D2BS 17100: ÿc4=== [INFERNAL] ===
[10/05/26 02:07:12] D2BS 17100: party has left: fowo-xa
[10/05/26 02:07:13] D2BS 17100:  [11:41] +86.16% / [Level 70] 10.69%
[10/05/26 02:07:13] D2BS 17100: Script threads\autobuildthread.js ended
[10/05/26 02:07:13] D2BS 17100: Script threads\partythread.js ended
[10/05/26 02:07:13] D2BS 17100: Script threads\townchicken.js ended
[10/05/26 02:07:13] D2BS 17100: Script default.dbj ended
[10/05/26 02:07:24] D2BS 17100: joining game pz-61
[10/05/26 02:07:26] D2BS 17100: ÿc2D2BSÿc0 :: Starting default.dbj
[10/05/26 02:07:26] D2BS 17100: ÿc2D2BSÿc0 :: default.dbj running.
[10/05/26 02:07:27] D2BS 17100: Loaded ÿc9[X.nip] [Y.nip] [Z.nip] [V.nip] [P.CONC.nip]
[10/05/26 02:07:27] D2BS 17100: Loaded ÿc9[P.CONC.js]
[10/05/26 02:07:27] D2BS 17100: equipped: [Head] 12
[10/05/26 02:07:27] D2BS 17100: equipped: [Neck] 12
[10/05/26 02:07:27] D2BS 17100: equipped: [Body] 17
[10/05/26 02:07:27] D2BS 17100: equipped: [ArmR] 16
[10/05/26 02:07:27] D2BS 17100: equipped: [ArmL] 27
[10/05/26 02:07:27] D2BS 17100: equipped: [RingR] 11
[10/05/26 02:07:27] D2BS 17100: equipped: [RingL] 12
[10/05/26 02:07:27] D2BS 17100: equipped: [Belt] 15
[10/05/26 02:07:27] D2BS 17100: equipped: [Boots] 11
[10/05/26 02:07:27] D2BS 17100: equipped: [Mitts] 14
[10/05/26 02:07:27] D2BS 17100: updateStat
[10/05/26 02:07:27] D2BS 17100: granted: [Head] -1
[10/05/26 02:07:27] D2BS 17100: granted: [Body] -1
[10/05/26 02:07:27] D2BS 17100: granted: [ArmR] -1
[10/05/26 02:07:27] D2BS 17100: Loaded ÿc9[AutoSmurf.js]
[10/05/26 02:07:30] D2BS 17100: MiniShopBot: true
[10/05/26 02:07:30] D2BS 17100: UseMerc: true HP: 70
[10/05/26 02:07:47] D2BS 17100: equipped: [Neck] 16
[10/05/26 02:07:48] D2BS 17100: granted: [Head] 11
[10/05/26 02:07:49] D2BS 17100: granted: [ArmR] 7
[10/05/26 02:07:53] D2BS 17100: Merc matched: Holy Freeze
[10/05/26 02:08:08] D2BS 17100: act5+ BO
[10/05/26 02:08:21] D2BS 17100: ÿc4=== [BAAL] ===
[10/05/26 02:10:28] D2BS 17100: Not ready to kill Baal
[10/05/26 02:10:28] D2BS 17100: ÿc4=== [ABADDON] ===
[10/05/26 02:12:53] D2BS 17100: ÿc4=== [POA] ===
[10/05/26 02:15:45] D2BS 17100: ÿc4=== [INFERNAL] ===
[10/05/26 02:15:53] D2BS 17100: granted: [ArmR] 8
[10/05/26 02:18:15] D2BS 17100: party has left: fowo-xa
[10/05/26 02:18:15] D2BS 17100:  [10:49] +67.08% / [Level 70] 77.77%
[10/05/26 02:18:15] D2BS 17100: Script threads\autobuildthread.js ended
[10/05/26 02:18:15] D2BS 17100: Script threads\partythread.js ended
[10/05/26 02:18:15] D2BS 17100: Script threads\townchicken.js ended
[10/05/26 02:18:15] D2BS 17100: Script default.dbj ended
[10/05/26 02:18:28] D2BS 17100: joining game pz-62
[10/05/26 02:18:30] D2BS 17100: ÿc2D2BSÿc0 :: Starting default.dbj
[10/05/26 02:18:30] D2BS 17100: ÿc2D2BSÿc0 :: default.dbj running.
[10/05/26 02:18:30] D2BS 17100: Loaded ÿc9[X.nip] [Y.nip] [Z.nip] [V.nip] [P.CONC.nip]
[10/05/26 02:18:30] D2BS 17100: Loaded ÿc9[P.CONC.js]
[10/05/26 02:18:30] D2BS 17100: equipped: [Head] 12
[10/05/26 02:18:30] D2BS 17100: equipped: [Neck] 16
[10/05/26 02:18:30] D2BS 17100: equipped: [Body] 17
[10/05/26 02:18:30] D2BS 17100: equipped: [ArmR] 16
[10/05/26 02:18:30] D2BS 17100: equipped: [ArmL] 27
[10/05/26 02:18:30] D2BS 17100: equipped: [RingR] 11
[10/05/26 02:18:30] D2BS 17100: equipped: [RingL] 12
[10/05/26 02:18:30] D2BS 17100: equipped: [Belt] 15
[10/05/26 02:18:30] D2BS 17100: equipped: [Boots] 11
[10/05/26 02:18:30] D2BS 17100: equipped: [Mitts] 14
[10/05/26 02:18:30] D2BS 17100: updateStat
[10/05/26 02:18:30] D2BS 17100: granted: [Head] 11
[10/05/26 02:18:30] D2BS 17100: granted: [Body] -1
[10/05/26 02:18:30] D2BS 17100: granted: [ArmR] 8
[10/05/26 02:18:30] D2BS 17100: Loaded ÿc9[AutoSmurf.js]
[10/05/26 02:18:32] D2BS 17100: MiniShopBot: true
[10/05/26 02:18:32] D2BS 17100: UseMerc: true HP: 70
[10/05/26 02:18:44] D2BS 17100: [Socket] Broad Sword
[10/05/26 02:19:04] D2BS 17100: granted: [Body] 17
[10/05/26 02:19:09] D2BS 17100: Merc matched: Holy Freeze
[10/05/26 02:19:25] D2BS 17100: act5+ BO
[10/05/26 02:19:39] D2BS 17100: ÿc4=== [BAAL] ===
[10/05/26 02:22:59] D2BS 17100: ÿc4=== [COWS] ===
[10/05/26 02:33:19] D2BS 17100: Cows failed: followDriver
[10/05/26 02:33:34] D2BS 17100: party has left: fowo-xh
[10/05/26 02:33:34] D2BS 17100:  [15:05] +73.61% / [Level 71] 53.22%
[10/05/26 02:33:34] D2BS 17100: Script threads\autobuildthread.js ended
[10/05/26 02:33:34] D2BS 17100: Script threads\partythread.js ended
[10/05/26 02:33:34] D2BS 17100: Script threads\townchicken.js ended
[10/05/26 02:33:34] D2BS 17100: Script default.dbj ended
[10/05/26 02:33:47] D2BS 17100: joining game pz-63
[10/05/26 02:33:49] D2BS 17100: ÿc2D2BSÿc0 :: Starting default.dbj
[10/05/26 02:33:49] D2BS 17100: ÿc2D2BSÿc0 :: default.dbj running.
[10/05/26 02:33:50] D2BS 17100: Loaded ÿc9[X.nip] [Y.nip] [Z.nip] [V.nip] [P.CONC.nip]
[10/05/26 02:33:50] D2BS 17100: Loaded ÿc9[P.CONC.js]
[10/05/26 02:33:50] D2BS 17100: equipped: [Head] 12
[10/05/26 02:33:50] D2BS 17100: equipped: [Neck] 16
[10/05/26 02:33:50] D2BS 17100: equipped: [Body] 17
[10/05/26 02:33:50] D2BS 17100: equipped: [ArmR] 16
[10/05/26 02:33:50] D2BS 17100: equipped: [ArmL] 27
[10/05/26 02:33:50] D2BS 17100: equipped: [RingR] 11
[10/05/26 02:33:50] D2BS 17100: equipped: [RingL] 12
[10/05/26 02:33:50] D2BS 17100: equipped: [Belt] 15
[10/05/26 02:33:50] D2BS 17100: equipped: [Boots] 11
[10/05/26 02:33:50] D2BS 17100: equipped: [Mitts] 14
[10/05/26 02:33:50] D2BS 17100: updateStat
[10/05/26 02:33:50] D2BS 17100: granted: [Head] 11
[10/05/26 02:33:50] D2BS 17100: granted: [Body] 17
[10/05/26 02:33:50] D2BS 17100: granted: [ArmR] 8
[10/05/26 02:33:50] D2BS 17100: Loaded ÿc9[AutoSmurf.js]
[10/05/26 02:33:51] D2BS 17100: farmingON
[10/05/26 02:33:52] D2BS 17100: MiniShopBot: true
[10/05/26 02:33:52] D2BS 17100: UseMerc: true HP: 70
[10/05/26 02:34:09] D2BS 17100: hireMerc
[10/05/26 02:34:41] D2BS 17100: equipped: [Head] 13
[10/05/26 02:34:42] D2BS 17100: granted: [Head] 12
[10/05/26 02:34:50] D2BS 17100: Merc matched: Holy Freeze
[10/05/26 02:34:53] D2BS 17100: Token needed
[10/05/26 02:34:58] D2BS 17100: act0 BO
[10/05/26 02:35:23] D2BS 17100: ÿc4=== [DEN] ===
[10/05/26 02:38:42] D2BS 17100: ÿc4=== [CAIN] ===
[10/05/26 02:38:43] D2BS 17100: granted: [ArmR] 10
[10/05/26 02:40:16] D2BS 17100: updateStat
[10/05/26 02:42:40] D2BS 17100: ÿc4=== [ANDY] ===
[10/05/26 02:44:31] D2BS 17100: party has left: fowo-xe
[10/05/26 02:44:31] D2BS 17100:  [10:42] +46.28% / [Level 71] 99.49%
[10/05/26 02:44:31] D2BS 17100: Script threads\autobuildthread.js ended
[10/05/26 02:44:31] D2BS 17100: Script threads\partythread.js ended
[10/05/26 02:44:31] D2BS 17100: Script threads\townchicken.js ended
[10/05/26 02:44:31] D2BS 17100: Script default.dbj ended
[10/05/26 02:44:44] D2BS 17100: joining game pz-64
[10/05/26 02:44:46] D2BS 17100: ÿc2D2BSÿc0 :: Starting default.dbj
[10/05/26 02:44:46] D2BS 17100: ÿc2D2BSÿc0 :: default.dbj running.
[10/05/26 02:44:46] D2BS 17100: Loaded ÿc9[X.nip] [Y.nip] [Z.nip] [V.nip] [P.CONC.nip]
[10/05/26 02:44:46] D2BS 17100: Loaded ÿc9[P.CONC.js]
[10/05/26 02:44:46] D2BS 17100: equipped: [Head] 13
[10/05/26 02:44:46] D2BS 17100: equipped: [Neck] 16
[10/05/26 02:44:46] D2BS 17100: equipped: [Body] 17
[10/05/26 02:44:46] D2BS 17100: equipped: [ArmR] 16
[10/05/26 02:44:46] D2BS 17100: equipped: [ArmL] 27
[10/05/26 02:44:46] D2BS 17100: equipped: [RingR] 11
[10/05/26 02:44:46] D2BS 17100: equipped: [RingL] 12
[10/05/26 02:44:46] D2BS 17100: equipped: [Belt] 15
[10/05/26 02:44:46] D2BS 17100: equipped: [Boots] 11
[10/05/26 02:44:46] D2BS 17100: equipped: [Mitts] 14
[10/05/26 02:44:47] D2BS 17100: updateStat
[10/05/26 02:44:47] D2BS 17100: granted: [Head] 12
[10/05/26 02:44:47] D2BS 17100: granted: [Body] 17
[10/05/26 02:44:47] D2BS 17100: granted: [ArmR] 10
[10/05/26 02:44:47] D2BS 17100: Loaded ÿc9[AutoSmurf.js]
[10/05/26 02:44:48] D2BS 17100: MiniShopBot: true
[10/05/26 02:44:48] D2BS 17100: farmingON
[10/05/26 02:44:48] D2BS 17100: UseMerc: true HP: 70
[10/05/26 02:44:56] D2BS 17100: hireMerc
[10/05/26 02:44:58] D2BS 17100: Merc matched: Holy Freeze
[10/05/26 02:45:11] D2BS 17100: Token needed
[10/05/26 02:45:15] D2BS 17100: act0 BO
[10/05/26 02:45:44] D2BS 17100: ÿc4=== [ANDY] ===
[10/05/26 02:46:24] D2BS 17100: Config.LifeChicken: 0
[10/05/26 02:46:51] D2BS 17100: Config.LifeChicken: 35
[10/05/26 02:47:16] D2BS 17100: Merc matched: Holy Freeze
[10/05/26 02:47:18] D2BS 17100: ÿc4=== [AMULET] ===
[10/05/26 02:48:56] D2BS 17100: ÿc4=== [SUMMONER] ===
[10/05/26 03:14:43] D2BS 17100: party has left: fowo-xa
[10/05/26 03:14:43] D2BS 17100:  [29:57] +11.32% / [Level 72] 10.86%
[10/05/26 03:14:43] D2BS 17100: Script threads\autobuildthread.js ended
[10/05/26 03:14:43] D2BS 17100: Script threads\partythread.js ended
[10/05/26 03:14:43] D2BS 17100: Script threads\townchicken.js ended
[10/05/26 03:14:43] D2BS 17100: Script default.dbj ended
[10/05/26 03:14:56] D2BS 17100: joining game pz-65
[10/05/26 03:14:58] D2BS 17100: ÿc2D2BSÿc0 :: Starting default.dbj
[10/05/26 03:14:58] D2BS 17100: ÿc2D2BSÿc0 :: default.dbj running.
[10/05/26 03:14:58] D2BS 17100: Loaded ÿc9[X.nip] [Y.nip] [Z.nip] [V.nip] [P.CONC.nip]
[10/05/26 03:14:58] D2BS 17100: Loaded ÿc9[P.CONC.js]
[10/05/26 03:14:58] D2BS 17100: equipped: [Head] 13
[10/05/26 03:14:58] D2BS 17100: equipped: [Neck] 16
[10/05/26 03:14:58] D2BS 17100: equipped: [Body] 17
[10/05/26 03:14:58] D2BS 17100: equipped: [ArmR] 16
[10/05/26 03:14:58] D2BS 17100: equipped: [ArmL] 27
[10/05/26 03:14:58] D2BS 17100: equipped: [RingR] 11
[10/05/26 03:14:58] D2BS 17100: equipped: [RingL] 12
[10/05/26 03:14:58] D2BS 17100: equipped: [Belt] 15
[10/05/26 03:14:58] D2BS 17100: equipped: [Boots] 11
[10/05/26 03:14:58] D2BS 17100: equipped: [Mitts] 14
[10/05/26 03:14:58] D2BS 17100: updateStat
[10/05/26 03:14:59] D2BS 17100: granted: [Head] 12
[10/05/26 03:14:59] D2BS 17100: granted: [Body] 17
[10/05/26 03:14:59] D2BS 17100: granted: [ArmR] 10
[10/05/26 03:14:59] D2BS 17100: Loaded ÿc9[AutoSmurf.js]
[10/05/26 03:15:00] D2BS 17100: MiniShopBot: true
[10/05/26 03:15:00] D2BS 17100: farmingON
[10/05/26 03:15:00] D2BS 17100: UseMerc: true HP: 70
[10/05/26 03:15:00] D2BS 17100: Merc matched: Holy Freeze
[10/05/26 03:15:19] D2BS 17100: Token needed
[10/05/26 03:15:20] D2BS 17100: Merc matched: Holy Freeze
[10/05/26 03:15:22] D2BS 17100: act1 WP
[10/05/26 03:15:33] D2BS 17100: act2 BO
[10/05/26 03:15:46] D2BS 17100: ÿc4=== [SUMMONER] ===
[10/05/26 03:16:26] D2BS 17100: Config.LifeChicken: 0
[10/05/26 03:16:41] D2BS 17100: Config.LifeChicken: 35
[10/05/26 03:16:50] D2BS 17100: going to nearest WP
[10/05/26 03:17:42] D2BS 17100: ÿc4=== [RADAMENT] ===
[10/05/26 03:18:54] D2BS 17100: Config.LifeChicken: 0
[10/05/26 03:19:08] D2BS 17100: Config.LifeChicken: 35
[10/05/26 03:19:14] D2BS 17100: ÿc8!!! [BOOK] !!!
[10/05/26 03:19:21] D2BS 17100: ÿc4=== [DURIEL] ===
[10/05/26 03:22:22] D2BS 17100: party has left: fowo-xa
[10/05/26 03:22:22] D2BS 17100:  [07:24] +11.47% / [Level 72] 22.33%
[10/05/26 03:22:22] D2BS 17100: Script threads\autobuildthread.js ended
[10/05/26 03:22:22] D2BS 17100: Script threads\partythread.js ended
[10/05/26 03:22:22] D2BS 17100: Script threads\townchicken.js ended
[10/05/26 03:22:22] D2BS 17100: Script default.dbj ended
[10/05/26 03:22:34] D2BS 17100: joining game pz-66
[10/05/26 03:22:35] D2BS 17100: ÿc2D2BSÿc0 :: Starting default.dbj
[10/05/26 03:22:35] D2BS 17100: ÿc2D2BSÿc0 :: default.dbj running.
[10/05/26 03:22:35] D2BS 17100: Loaded ÿc9[X.nip] [Y.nip] [Z.nip] [V.nip] [P.CONC.nip]
[10/05/26 03:22:35] D2BS 17100: Loaded ÿc9[P.CONC.js]
[10/05/26 03:22:35] D2BS 17100: equipped: [Head] 13
[10/05/26 03:22:35] D2BS 17100: equipped: [Neck] 16
[10/05/26 03:22:35] D2BS 17100: equipped: [Body] 17
[10/05/26 03:22:35] D2BS 17100: equipped: [ArmR] 16
[10/05/26 03:22:35] D2BS 17100: equipped: [ArmL] 27
[10/05/26 03:22:35] D2BS 17100: equipped: [RingR] 11
[10/05/26 03:22:36] D2BS 17100: equipped: [RingL] 12
[10/05/26 03:22:36] D2BS 17100: equipped: [Belt] 15
[10/05/26 03:22:36] D2BS 17100: equipped: [Boots] 11
[10/05/26 03:22:36] D2BS 17100: equipped: [Mitts] 14
[10/05/26 03:22:36] D2BS 17100: updateStat
[10/05/26 03:22:36] D2BS 17100: granted: [Head] 12
[10/05/26 03:22:36] D2BS 17100: granted: [Body] 17
[10/05/26 03:22:36] D2BS 17100: granted: [ArmR] 10
[10/05/26 03:22:36] D2BS 17100: Loaded ÿc9[AutoSmurf.js]
[10/05/26 03:22:38] D2BS 17100: farmingON
[10/05/26 03:22:38] D2BS 17100: MiniShopBot: true
[10/05/26 03:22:39] D2BS 17100: UseMerc: true HP: 70
[10/05/26 03:22:39] D2BS 17100: Merc matched: Holy Freeze
[10/05/26 03:23:24] D2BS 17100: Token needed
[10/05/26 03:23:25] D2BS 17100: Merc matched: Holy Freeze
[10/05/26 03:23:28] D2BS 17100: act2 BO
[10/05/26 03:23:43] D2BS 17100: ÿc4=== [DURIEL] ===
[10/05/26 03:30:06] D2BS 17100: act3 BO
[10/05/26 03:30:50] D2BS 17100: party has left: fowo-xa
[10/05/26 03:30:50] D2BS 17100:  [08:15] +10.85% / [Level 72] 33.18%
[10/05/26 03:30:50] D2BS 17100: Script threads\autobuildthread.js ended
[10/05/26 03:30:50] D2BS 17100: Script threads\partythread.js ended
[10/05/26 03:30:50] D2BS 17100: Script threads\townchicken.js ended
[10/05/26 03:30:50] D2BS 17100: Script default.dbj ended
[10/05/26 03:31:03] D2BS 17100: joining game pz-67
[10/05/26 03:31:05] D2BS 17100: ÿc2D2BSÿc0 :: Starting default.dbj
[10/05/26 03:31:05] D2BS 17100: ÿc2D2BSÿc0 :: default.dbj running.
[10/05/26 03:31:05] D2BS 17100: Loaded ÿc9[X.nip] [Y.nip] [Z.nip] [V.nip] [P.CONC.nip]
[10/05/26 03:31:05] D2BS 17100: Loaded ÿc9[P.CONC.js]
[10/05/26 03:31:05] D2BS 17100: equipped: [Head] 13
[10/05/26 03:31:05] D2BS 17100: equipped: [Neck] 16
[10/05/26 03:31:05] D2BS 17100: equipped: [Body] 17
[10/05/26 03:31:05] D2BS 17100: equipped: [ArmR] 16
[10/05/26 03:31:05] D2BS 17100: equipped: [ArmL] 27
[10/05/26 03:31:05] D2BS 17100: equipped: [RingR] 11
[10/05/26 03:31:05] D2BS 17100: equipped: [RingL] 12
[10/05/26 03:31:05] D2BS 17100: equipped: [Belt] 15
[10/05/26 03:31:05] D2BS 17100: equipped: [Boots] 11
[10/05/26 03:31:05] D2BS 17100: equipped: [Mitts] 14
[10/05/26 03:31:05] D2BS 17100: updateStat
[10/05/26 03:31:05] D2BS 17100: granted: [Head] 12
[10/05/26 03:31:05] D2BS 17100: granted: [Body] 17
[10/05/26 03:31:05] D2BS 17100: granted: [ArmR] 10
[10/05/26 03:31:06] D2BS 17100: Loaded ÿc9[AutoSmurf.js]
[10/05/26 03:31:07] D2BS 17100: MiniShopBot: true
[10/05/26 03:31:07] D2BS 17100: farmingON
[10/05/26 03:31:07] D2BS 17100: UseMerc: true HP: 70
[10/05/26 03:31:22] D2BS 17100: Merc matched: Holy Freeze
[10/05/26 03:31:30] D2BS 17100: Token needed
[10/05/26 03:31:37] D2BS 17100: act3 BO
[10/05/26 03:32:32] D2BS 17100: ÿc4=== [TRAVINCAL] ===
[10/05/26 03:33:44] D2BS 17100: party has left: fowo-xa
[10/05/26 03:33:45] D2BS 17100:  [02:39] +17.91% / [Level 72] 51.09%
[10/05/26 03:33:45] D2BS 17100: Script threads\autobuildthread.js ended
[10/05/26 03:33:45] D2BS 17100: Script threads\partythread.js ended
[10/05/26 03:33:45] D2BS 17100: Script threads\townchicken.js ended
[10/05/26 03:33:45] D2BS 17100: Script default.dbj ended
[10/05/26 03:33:56] D2BS 17100: joining game pz-68
[10/05/26 03:33:57] D2BS 17100: ÿc2D2BSÿc0 :: Starting default.dbj
[10/05/26 03:33:57] D2BS 17100: ÿc2D2BSÿc0 :: default.dbj running.
[10/05/26 03:33:57] D2BS 17100: Loaded ÿc9[X.nip] [Y.nip] [Z.nip] [V.nip] [P.CONC.nip]
[10/05/26 03:33:57] D2BS 17100: Loaded ÿc9[P.CONC.js]
[10/05/26 03:33:57] D2BS 17100: equipped: [Head] 13
[10/05/26 03:33:57] D2BS 17100: equipped: [Neck] 16
[10/05/26 03:33:57] D2BS 17100: equipped: [Body] 17
[10/05/26 03:33:57] D2BS 17100: equipped: [ArmR] 16
[10/05/26 03:33:57] D2BS 17100: equipped: [ArmL] 27
[10/05/26 03:33:57] D2BS 17100: equipped: [RingR] 11
[10/05/26 03:33:57] D2BS 17100: equipped: [RingL] 12
[10/05/26 03:33:58] D2BS 17100: equipped: [Belt] 15
[10/05/26 03:33:58] D2BS 17100: equipped: [Boots] 11
[10/05/26 03:33:58] D2BS 17100: equipped: [Mitts] 14
[10/05/26 03:33:58] D2BS 17100: updateStat
[10/05/26 03:33:58] D2BS 17100: granted: [Head] 12
[10/05/26 03:33:58] D2BS 17100: granted: [Body] 17
[10/05/26 03:33:58] D2BS 17100: granted: [ArmR] 10
[10/05/26 03:33:58] D2BS 17100: Loaded ÿc9[AutoSmurf.js]
[10/05/26 03:33:59] D2BS 17100: MiniShopBot: true
[10/05/26 03:34:00] D2BS 17100: farmingON
[10/05/26 03:34:00] D2BS 17100: UseMerc: true HP: 70
[10/05/26 03:34:10] D2BS 17100: Merc matched: Holy Freeze
[10/05/26 03:34:27] D2BS 17100: Token needed
[10/05/26 03:34:32] D2BS 17100: act3 BO
[10/05/26 03:34:52] D2BS 17100: ÿc4=== [TRAVINCAL] ===
[10/05/26 03:35:29] D2BS 17100: party has left: fowo-xe
[10/05/26 03:35:29] D2BS 17100:  [01:32] +9.63% / [Level 72] 60.72%
[10/05/26 03:35:29] D2BS 17100: Script threads\autobuildthread.js ended
[10/05/26 03:35:29] D2BS 17100: Script threads\partythread.js ended
[10/05/26 03:35:30] D2BS 17100: Script threads\townchicken.js ended
[10/05/26 03:35:30] D2BS 17100: Script default.dbj ended
[10/05/26 03:35:43] D2BS 17100: joining game pz-69
[10/05/26 03:35:45] D2BS 17100: ÿc2D2BSÿc0 :: Starting default.dbj
[10/05/26 03:35:45] D2BS 17100: ÿc2D2BSÿc0 :: default.dbj running.
[10/05/26 03:35:45] D2BS 17100: Loaded ÿc9[X.nip] [Y.nip] [Z.nip] [V.nip] [P.CONC.nip]
[10/05/26 03:35:45] D2BS 17100: Loaded ÿc9[P.CONC.js]
[10/05/26 03:35:45] D2BS 17100: equipped: [Head] 13
[10/05/26 03:35:45] D2BS 17100: equipped: [Neck] 16
[10/05/26 03:35:45] D2BS 17100: equipped: [Body] 17
[10/05/26 03:35:45] D2BS 17100: equipped: [ArmR] 16
[10/05/26 03:35:45] D2BS 17100: equipped: [ArmL] 27
[10/05/26 03:35:45] D2BS 17100: equipped: [RingR] 11
[10/05/26 03:35:45] D2BS 17100: equipped: [RingL] 12
[10/05/26 03:35:45] D2BS 17100: equipped: [Belt] 15
[10/05/26 03:35:45] D2BS 17100: equipped: [Boots] 11
[10/05/26 03:35:45] D2BS 17100: equipped: [Mitts] 14
[10/05/26 03:35:45] D2BS 17100: updateStat
[10/05/26 03:35:45] D2BS 17100: granted: [Head] 12
[10/05/26 03:35:45] D2BS 17100: granted: [Body] 17
[10/05/26 03:35:45] D2BS 17100: granted: [ArmR] 10
[10/05/26 03:35:45] D2BS 17100: Loaded ÿc9[AutoSmurf.js]
[10/05/26 03:35:48] D2BS 17100: farmingON
[10/05/26 03:35:49] D2BS 17100: MiniShopBot: true
[10/05/26 03:35:49] D2BS 17100: UseMerc: true HP: 70
[10/05/26 03:35:58] D2BS 17100: Merc matched: Holy Freeze
[10/05/26 03:36:09] D2BS 17100: Token needed
[10/05/26 03:36:17] D2BS 17100: act3 BO
[10/05/26 03:36:37] D2BS 17100: ÿc4=== [TRAVINCAL] ===
[10/05/26 03:37:37] D2BS 17100: party has left: fowo-xa
[10/05/26 03:37:37] D2BS 17100:  [01:52] +17.65% / [Level 72] 78.37%
[10/05/26 03:37:37] D2BS 17100: Script threads\autobuildthread.js ended
[10/05/26 03:37:37] D2BS 17100: Script threads\partythread.js ended
[10/05/26 03:37:37] D2BS 17100: Script threads\townchicken.js ended
[10/05/26 03:37:37] D2BS 17100: Script default.dbj ended
[10/05/26 03:37:50] D2BS 17100: joining game pz-70
[10/05/26 03:37:52] D2BS 17100: ÿc2D2BSÿc0 :: Starting default.dbj
[10/05/26 03:37:52] D2BS 17100: ÿc2D2BSÿc0 :: default.dbj running.
[10/05/26 03:37:52] D2BS 17100: Loaded ÿc9[X.nip] [Y.nip] [Z.nip] [V.nip] [P.CONC.nip]
[10/05/26 03:37:52] D2BS 17100: Loaded ÿc9[P.CONC.js]
[10/05/26 03:37:52] D2BS 17100: equipped: [Head] 13
[10/05/26 03:37:52] D2BS 17100: equipped: [Neck] 16
[10/05/26 03:37:52] D2BS 17100: equipped: [Body] 17
[10/05/26 03:37:52] D2BS 17100: equipped: [ArmR] 16
[10/05/26 03:37:52] D2BS 17100: equipped: [ArmL] 27
[10/05/26 03:37:52] D2BS 17100: equipped: [RingR] 11
[10/05/26 03:37:52] D2BS 17100: equipped: [RingL] 12
[10/05/26 03:37:52] D2BS 17100: equipped: [Belt] 15
[10/05/26 03:37:52] D2BS 17100: equipped: [Boots] 11
[10/05/26 03:37:52] D2BS 17100: equipped: [Mitts] 14
[10/05/26 03:37:52] D2BS 17100: updateStat
[10/05/26 03:37:52] D2BS 17100: granted: [Head] 12
[10/05/26 03:37:52] D2BS 17100: granted: [Body] 17
[10/05/26 03:37:52] D2BS 17100: granted: [ArmR] 10
[10/05/26 03:37:52] D2BS 17100: Loaded ÿc9[AutoSmurf.js]
[10/05/26 03:37:53] D2BS 17100: MiniShopBot: true
[10/05/26 03:37:54] D2BS 17100: farmingON
[10/05/26 03:37:54] D2BS 17100: UseMerc: true HP: 70
[10/05/26 03:38:03] D2BS 17100: Merc matched: Holy Freeze
[10/05/26 03:38:18] D2BS 17100: Token needed
[10/05/26 03:38:23] D2BS 17100: act3 BO
[10/05/26 03:38:41] D2BS 17100: ÿc4=== [TRAVINCAL] ===
[10/05/26 03:39:20] D2BS 17100: Going to town
[10/05/26 03:39:21] D2BS 17100: party has left: fowo-xb
[10/05/26 03:39:21] D2BS 17100:  [01:29] +9.63% / [Level 72] 88.00%
[10/05/26 03:39:21] D2BS 17100: Script threads\autobuildthread.js ended
[10/05/26 03:39:21] D2BS 17100: Script threads\partythread.js ended
[10/05/26 03:39:21] D2BS 17100: Script threads\townchicken.js ended
[10/05/26 03:39:21] D2BS 17100: Script default.dbj ended
[10/05/26 03:39:33] D2BS 17100: joining game pz-71
[10/05/26 03:39:34] D2BS 17100: ÿc2D2BSÿc0 :: Starting default.dbj
[10/05/26 03:39:34] D2BS 17100: ÿc2D2BSÿc0 :: default.dbj running.
[10/05/26 03:39:34] D2BS 17100: Loaded ÿc9[X.nip] [Y.nip] [Z.nip] [V.nip] [P.CONC.nip]
[10/05/26 03:39:34] D2BS 17100: Loaded ÿc9[P.CONC.js]
[10/05/26 03:39:34] D2BS 17100: equipped: [Head] 13
[10/05/26 03:39:34] D2BS 17100: equipped: [Neck] 16
[10/05/26 03:39:34] D2BS 17100: equipped: [Body] 17
[10/05/26 03:39:34] D2BS 17100: equipped: [ArmR] 16
[10/05/26 03:39:34] D2BS 17100: equipped: [ArmL] 27
[10/05/26 03:39:34] D2BS 17100: equipped: [RingR] 11
[10/05/26 03:39:34] D2BS 17100: equipped: [RingL] 12
[10/05/26 03:39:34] D2BS 17100: equipped: [Belt] 15
[10/05/26 03:39:34] D2BS 17100: equipped: [Boots] 11
[10/05/26 03:39:34] D2BS 17100: equipped: [Mitts] 14
[10/05/26 03:39:34] D2BS 17100: updateStat
[10/05/26 03:39:34] D2BS 17100: granted: [Head] 12
[10/05/26 03:39:34] D2BS 17100: granted: [Body] 17
[10/05/26 03:39:34] D2BS 17100: granted: [ArmR] 10
[10/05/26 03:39:34] D2BS 17100: Loaded ÿc9[AutoSmurf.js]
[10/05/26 03:39:38] D2BS 17100: farmingON
[10/05/26 03:39:39] D2BS 17100: MiniShopBot: true
[10/05/26 03:39:39] D2BS 17100: UseMerc: true HP: 70
[10/05/26 03:39:50] D2BS 17100: Merc matched: Holy Freeze
[10/05/26 03:39:58] D2BS 17100: Token needed
[10/05/26 03:40:04] D2BS 17100: act3 BO
[10/05/26 03:40:21] D2BS 17100: ÿc4=== [TRAVINCAL] ===
[10/05/26 03:41:19] D2BS 17100: party has left: fowo-xa
[10/05/26 03:41:19] D2BS 17100:  [01:45] +13.32% / [Level 73] 2.30%
[10/05/26 03:41:19] D2BS 17100: Script threads\autobuildthread.js ended
[10/05/26 03:41:19] D2BS 17100: Script threads\partythread.js ended
[10/05/26 03:41:19] D2BS 17100: Script threads\townchicken.js ended
[10/05/26 03:41:19] D2BS 17100: Script default.dbj ended
[10/05/26 03:41:31] D2BS 17100: joining game pz-72
[10/05/26 03:41:32] D2BS 17100: ÿc2D2BSÿc0 :: Starting default.dbj
[10/05/26 03:41:32] D2BS 17100: ÿc2D2BSÿc0 :: default.dbj running.
[10/05/26 03:41:33] D2BS 17100: Loaded ÿc9[X.nip] [Y.nip] [Z.nip] [V.nip] [P.CONC.nip]
[10/05/26 03:41:33] D2BS 17100: Loaded ÿc9[P.CONC.js]
[10/05/26 03:41:33] D2BS 17100: equipped: [Head] 13
[10/05/26 03:41:33] D2BS 17100: equipped: [Neck] 16
[10/05/26 03:41:33] D2BS 17100: equipped: [Body] 17
[10/05/26 03:41:33] D2BS 17100: equipped: [ArmR] 16
[10/05/26 03:41:33] D2BS 17100: equipped: [ArmL] 27
[10/05/26 03:41:33] D2BS 17100: equipped: [RingR] 11
[10/05/26 03:41:33] D2BS 17100: equipped: [RingL] 12
[10/05/26 03:41:33] D2BS 17100: equipped: [Belt] 15
[10/05/26 03:41:33] D2BS 17100: equipped: [Boots] 11
[10/05/26 03:41:33] D2BS 17100: equipped: [Mitts] 14
[10/05/26 03:41:33] D2BS 17100: updateStat
[10/05/26 03:41:33] D2BS 17100: granted: [Head] 12
[10/05/26 03:41:33] D2BS 17100: granted: [Body] 17
[10/05/26 03:41:33] D2BS 17100: granted: [ArmR] 10
[10/05/26 03:41:33] D2BS 17100: Loaded ÿc9[AutoSmurf.js]
[10/05/26 03:41:36] D2BS 17100: MiniShopBot: true
[10/05/26 03:41:36] D2BS 17100: farmingON
[10/05/26 03:41:36] D2BS 17100: UseMerc: true HP: 70
[10/05/26 03:41:47] D2BS 17100: Merc matched: Holy Freeze
[10/05/26 03:42:03] D2BS 17100: Token needed
[10/05/26 03:42:06] D2BS 17100: ÿc4=== [FIGURINE] ===
[10/05/26 03:42:40] D2BS 17100: ÿc8!!! [POTION] !!!
[10/05/26 03:43:48] D2BS 17100: act3 BO
[10/05/26 03:44:31] D2BS 17100: ÿc4=== [MEPHISTO] ===
[10/05/26 03:44:53] D2BS 17100: Config.LifeChicken: 0
[10/05/26 03:44:56] D2BS 17100: Config.LifeChicken: 35
[10/05/26 03:45:32] D2BS 17100: ÿc4=== [IZUAL] ===
[10/05/26 03:45:47] D2BS 17100: granted: [Body] 18
[10/05/26 03:47:19] D2BS 17100: Config.LifeChicken: 0
[10/05/26 03:47:30] D2BS 17100: Config.LifeChicken: 35
[10/05/26 03:47:41] D2BS 17100: ÿc4=== [DIABLO] ===
[10/05/26 03:47:55] D2BS 17100: granted: [ArmR] 14
[10/05/26 03:53:06] D2BS 17100: party has left: fowo-xh
[10/05/26 03:53:07] D2BS 17100:  [11:34] +34.48% / [Level 73] 36.78%
[10/05/26 03:53:07] D2BS 17100: Script threads\autobuildthread.js ended
[10/05/26 03:53:07] D2BS 17100: Script threads\partythread.js ended
[10/05/26 03:53:07] D2BS 17100: Script threads\townchicken.js ended
[10/05/26 03:53:07] D2BS 17100: Script default.dbj ended
[10/05/26 03:53:19] D2BS 17100: joining game pz-73
[10/05/26 03:53:21] D2BS 17100: ÿc2D2BSÿc0 :: Starting default.dbj
[10/05/26 03:53:21] D2BS 17100: ÿc2D2BSÿc0 :: default.dbj running.
[10/05/26 03:53:21] D2BS 17100: Loaded ÿc9[X.nip] [Y.nip] [Z.nip] [V.nip] [P.CONC.nip]
[10/05/26 03:53:21] D2BS 17100: Loaded ÿc9[P.CONC.js]
[10/05/26 03:53:21] D2BS 17100: equipped: [Head] 13
[10/05/26 03:53:21] D2BS 17100: equipped: [Neck] 16
[10/05/26 03:53:21] D2BS 17100: equipped: [Body] 17
[10/05/26 03:53:21] D2BS 17100: equipped: [ArmR] 16
[10/05/26 03:53:21] D2BS 17100: equipped: [ArmL] 27
[10/05/26 03:53:21] D2BS 17100: equipped: [RingR] 11
[10/05/26 03:53:21] D2BS 17100: equipped: [RingL] 12
[10/05/26 03:53:21] D2BS 17100: equipped: [Belt] 15
[10/05/26 03:53:21] D2BS 17100: equipped: [Boots] 11
[10/05/26 03:53:21] D2BS 17100: equipped: [Mitts] 14
[10/05/26 03:53:21] D2BS 17100: updateStat
[10/05/26 03:53:21] D2BS 17100: granted: [Head] 12
[10/05/26 03:53:21] D2BS 17100: granted: [Body] 18
[10/05/26 03:53:21] D2BS 17100: granted: [ArmR] 14
[10/05/26 03:53:21] D2BS 17100: Loaded ÿc9[AutoSmurf.js]
[10/05/26 03:53:24] D2BS 17100: MiniShopBot: true
[10/05/26 03:53:24] D2BS 17100: farmingON
[10/05/26 03:53:24] D2BS 17100: UseMerc: true HP: 70
[10/05/26 03:53:43] D2BS 17100: Merc matched: Holy Freeze
[10/05/26 03:53:52] D2BS 17100: Token needed
[10/05/26 03:53:56] D2BS 17100: act4+ WP
[10/05/26 03:54:02] D2BS 17100: act4+ BO
[10/05/26 03:54:15] D2BS 17100: ÿc4=== [DIABLO] ===
[10/05/26 03:54:35] D2BS 17100: party has left: fowo-xa
[10/05/26 03:54:35] D2BS 17100: no exp [01:14]
[10/05/26 03:54:35] D2BS 17100: Script threads\autobuildthread.js ended
[10/05/26 03:54:35] D2BS 17100: Script threads\partythread.js ended
[10/05/26 03:54:35] D2BS 17100: Script threads\townchicken.js ended
[10/05/26 03:54:35] D2BS 17100: Script default.dbj ended
[10/05/26 03:54:47] D2BS 17100: joining game pz-74
[10/05/26 03:54:49] D2BS 17100: ÿc2D2BSÿc0 :: Starting default.dbj
[10/05/26 03:54:49] D2BS 17100: ÿc2D2BSÿc0 :: default.dbj running.
[10/05/26 03:54:49] D2BS 17100: Loaded ÿc9[X.nip] [Y.nip] [Z.nip] [V.nip] [P.CONC.nip]
[10/05/26 03:54:49] D2BS 17100: Loaded ÿc9[P.CONC.js]
[10/05/26 03:54:49] D2BS 17100: equipped: [Head] 13
[10/05/26 03:54:49] D2BS 17100: equipped: [Neck] 16
[10/05/26 03:54:49] D2BS 17100: equipped: [Body] 17
[10/05/26 03:54:49] D2BS 17100: equipped: [ArmR] 16
[10/05/26 03:54:49] D2BS 17100: equipped: [ArmL] 27
[10/05/26 03:54:49] D2BS 17100: equipped: [RingR] 11
[10/05/26 03:54:49] D2BS 17100: equipped: [RingL] 12
[10/05/26 03:54:49] D2BS 17100: equipped: [Belt] 15
[10/05/26 03:54:49] D2BS 17100: equipped: [Boots] 11
[10/05/26 03:54:49] D2BS 17100: equipped: [Mitts] 14
[10/05/26 03:54:49] D2BS 17100: updateStat
[10/05/26 03:54:49] D2BS 17100: granted: [Head] 12
[10/05/26 03:54:49] D2BS 17100: granted: [Body] 18
[10/05/26 03:54:49] D2BS 17100: granted: [ArmR] 14
[10/05/26 03:54:49] D2BS 17100: Loaded ÿc9[AutoSmurf.js]
[10/05/26 03:54:51] D2BS 17100: farmingON
[10/05/26 03:54:51] D2BS 17100: MiniShopBot: true
[10/05/26 03:54:51] D2BS 17100: UseMerc: true HP: 70
[10/05/26 03:55:02] D2BS 17100: granted: [Head] 14
[10/05/26 03:55:02] D2BS 17100: Merc matched: Holy Freeze
[10/05/26 03:55:14] D2BS 17100: Token needed
[10/05/26 03:55:21] D2BS 17100: act4+ BO
[10/05/26 03:55:35] D2BS 17100: ÿc4=== [DIABLO] ===
[10/05/26 03:56:20] D2BS 17100: Going to town
[10/05/26 03:56:20] D2BS 17100: [Chicken] Life (900/2826) area:108 (7834,5285)
[10/05/26 03:56:20] D2BS 17100:  [01:31] +2.82% / [Level 73] 39.60%
[10/05/26 03:56:20] D2BS 17100: Script threads\autobuildthread.js ended
[10/05/26 03:56:21] D2BS 17100: Script threads\partythread.js ended
[10/05/26 03:56:21] D2BS 17100: Script threads\townchicken.js ended
[10/05/26 03:56:21] D2BS 17100: Script default.dbj ended
[10/05/26 03:56:33] D2BS 17100: joining game pz-75
[10/05/26 03:56:35] D2BS 17100: ÿc2D2BSÿc0 :: Starting default.dbj
[10/05/26 03:56:35] D2BS 17100: ÿc2D2BSÿc0 :: default.dbj running.
[10/05/26 03:56:35] D2BS 17100: Loaded ÿc9[X.nip] [Y.nip] [Z.nip] [V.nip] [P.CONC.nip]
[10/05/26 03:56:35] D2BS 17100: Loaded ÿc9[P.CONC.js]
[10/05/26 03:56:35] D2BS 17100: equipped: [Head] 13
[10/05/26 03:56:35] D2BS 17100: equipped: [Neck] 16
[10/05/26 03:56:35] D2BS 17100: equipped: [Body] 17
[10/05/26 03:56:35] D2BS 17100: equipped: [ArmR] 16
[10/05/26 03:56:35] D2BS 17100: equipped: [ArmL] 27
[10/05/26 03:56:35] D2BS 17100: equipped: [RingR] 11
[10/05/26 03:56:35] D2BS 17100: equipped: [RingL] 12
[10/05/26 03:56:35] D2BS 17100: equipped: [Belt] 15
[10/05/26 03:56:35] D2BS 17100: equipped: [Boots] 11
[10/05/26 03:56:35] D2BS 17100: equipped: [Mitts] 14
[10/05/26 03:56:35] D2BS 17100: updateStat
[10/05/26 03:56:35] D2BS 17100: granted: [Head] 14
[10/05/26 03:56:35] D2BS 17100: granted: [Body] 18
[10/05/26 03:56:35] D2BS 17100: granted: [ArmR] 14
[10/05/26 03:56:35] D2BS 17100: Loaded ÿc9[AutoSmurf.js]
[10/05/26 03:56:37] D2BS 17100: farmingON
[10/05/26 03:56:37] D2BS 17100: MiniShopBot: true
[10/05/26 03:56:37] D2BS 17100: UseMerc: true HP: 70
[10/05/26 03:56:51] D2BS 17100: Merc matched: Holy Freeze
[10/05/26 03:57:01] D2BS 17100: Token needed
[10/05/26 03:57:08] D2BS 17100: act4+ BO
[10/05/26 03:57:23] D2BS 17100: ÿc4=== [DIABLO] ===
[10/05/26 03:58:13] D2BS 17100: party has left: fowo-xe
[10/05/26 03:58:13] D2BS 17100:  [01:38] +6.76% / [Level 73] 46.36%
[10/05/26 03:58:13] D2BS 17100: Script threads\autobuildthread.js ended
[10/05/26 03:58:13] D2BS 17100: Script threads\partythread.js ended
[10/05/26 03:58:13] D2BS 17100: Script threads\townchicken.js ended
[10/05/26 03:58:13] D2BS 17100: Script default.dbj ended
[10/05/26 03:58:25] D2BS 17100: joining game pz-76
[10/05/26 03:58:26] D2BS 17100: ÿc2D2BSÿc0 :: Starting default.dbj
[10/05/26 03:58:26] D2BS 17100: ÿc2D2BSÿc0 :: default.dbj running.
[10/05/26 03:58:26] D2BS 17100: Loaded ÿc9[X.nip] [Y.nip] [Z.nip] [V.nip] [P.CONC.nip]
[10/05/26 03:58:26] D2BS 17100: Loaded ÿc9[P.CONC.js]
[10/05/26 03:58:26] D2BS 17100: equipped: [Head] 13
[10/05/26 03:58:26] D2BS 17100: equipped: [Neck] 16
[10/05/26 03:58:27] D2BS 17100: equipped: [Body] 17
[10/05/26 03:58:27] D2BS 17100: equipped: [ArmR] 16
[10/05/26 03:58:27] D2BS 17100: equipped: [ArmL] 27
[10/05/26 03:58:27] D2BS 17100: equipped: [RingR] 11
[10/05/26 03:58:27] D2BS 17100: equipped: [RingL] 12
[10/05/26 03:58:27] D2BS 17100: equipped: [Belt] 15
[10/05/26 03:58:27] D2BS 17100: equipped: [Boots] 11
[10/05/26 03:58:27] D2BS 17100: equipped: [Mitts] 14
[10/05/26 03:58:27] D2BS 17100: updateStat
[10/05/26 03:58:27] D2BS 17100: granted: [Head] 14
[10/05/26 03:58:27] D2BS 17100: granted: [Body] 18
[10/05/26 03:58:27] D2BS 17100: granted: [ArmR] 14
[10/05/26 03:58:27] D2BS 17100: Loaded ÿc9[AutoSmurf.js]
[10/05/26 03:58:29] D2BS 17100: MiniShopBot: true
[10/05/26 03:58:30] D2BS 17100: farmingON
[10/05/26 03:58:30] D2BS 17100: UseMerc: true HP: 70
[10/05/26 03:58:49] D2BS 17100: Merc matched: Holy Freeze
[10/05/26 03:58:53] D2BS 17100: Token needed
[10/05/26 03:59:01] D2BS 17100: act4+ BO
[10/05/26 03:59:15] D2BS 17100: ÿc4=== [DIABLO] ===
[10/05/26 04:06:16] D2BS 17100: Config.LifeChicken: 0
[10/05/26 04:06:21] D2BS 17100: Config.LifeChicken: 35
[10/05/26 04:06:38] D2BS 17100: ÿc4=== [SHENK] ===
[10/05/26 04:06:41] D2BS 17100: party has left: fowo-xb
[10/05/26 04:06:41] D2BS 17100:  [08:15] +69.68% / [Level 74] 20.46%
[10/05/26 04:06:41] D2BS 17100: Script threads\autobuildthread.js ended
[10/05/26 04:06:41] D2BS 17100: Script threads\partythread.js ended
[10/05/26 04:06:41] D2BS 17100: Script threads\townchicken.js ended
[10/05/26 04:06:41] D2BS 17100: Script default.dbj ended
[10/05/26 04:07:02] D2BS 17100: joining game pz-77
[10/05/26 04:07:04] D2BS 17100: ÿc2D2BSÿc0 :: Starting default.dbj
[10/05/26 04:07:04] D2BS 17100: ÿc2D2BSÿc0 :: default.dbj running.
[10/05/26 04:07:04] D2BS 17100: Loaded ÿc9[X.nip] [Y.nip] [Z.nip] [V.nip] [P.CONC.nip]
[10/05/26 04:07:04] D2BS 17100: Loaded ÿc9[P.CONC.js]
[10/05/26 04:07:04] D2BS 17100: equipped: [Head] 13
[10/05/26 04:07:04] D2BS 17100: equipped: [Neck] 16
[10/05/26 04:07:04] D2BS 17100: equipped: [Body] 17
[10/05/26 04:07:04] D2BS 17100: equipped: [ArmR] 16
[10/05/26 04:07:04] D2BS 17100: equipped: [ArmL] 27
[10/05/26 04:07:04] D2BS 17100: equipped: [RingR] 11
[10/05/26 04:07:04] D2BS 17100: equipped: [RingL] 12
[10/05/26 04:07:05] D2BS 17100: equipped: [Belt] 15
[10/05/26 04:07:05] D2BS 17100: equipped: [Boots] 11
[10/05/26 04:07:05] D2BS 17100: equipped: [Mitts] 14
[10/05/26 04:07:05] D2BS 17100: updateStat
[10/05/26 04:07:05] D2BS 17100: granted: [Head] 14
[10/05/26 04:07:05] D2BS 17100: granted: [Body] 18
[10/05/26 04:07:05] D2BS 17100: granted: [ArmR] 14
[10/05/26 04:07:05] D2BS 17100: Loaded ÿc9[AutoSmurf.js]
[10/05/26 04:07:07] D2BS 17100: MiniShopBot: true
[10/05/26 04:07:07] D2BS 17100: farmingON
[10/05/26 04:07:07] D2BS 17100: UseMerc: true HP: 70
[10/05/26 04:07:21] D2BS 17100: Merc matched: Holy Freeze
[10/05/26 04:07:37] D2BS 17100: Token needed
[10/05/26 04:07:41] D2BS 17100: act5 BO
[10/05/26 04:07:55] D2BS 17100: ÿc4=== [SHENK] ===
[10/05/26 04:10:20] D2BS 17100: Config.LifeChicken: 0
[10/05/26 04:10:55] D2BS 17100: Going to town
[10/05/26 04:11:25] D2BS 17100: Config.LifeChicken: 35
[10/05/26 04:11:32] D2BS 17100: ÿc4=== [ANYA] ===
[10/05/26 04:12:12] D2BS 17100: party has left: fowo-xa
[10/05/26 04:12:12] D2BS 17100:  [05:08] +4.62% / [Level 74] 25.08%
[10/05/26 04:12:12] D2BS 17100: Script threads\autobuildthread.js ended
[10/05/26 04:12:12] D2BS 17100: Script threads\partythread.js ended
[10/05/26 04:12:12] D2BS 17100: Script threads\townchicken.js ended
[10/05/26 04:12:12] D2BS 17100: Script default.dbj ended
[10/05/26 04:12:25] D2BS 17100: joining game pz-78
[10/05/26 04:12:27] D2BS 17100: ÿc2D2BSÿc0 :: Starting default.dbj
[10/05/26 04:12:27] D2BS 17100: ÿc2D2BSÿc0 :: default.dbj running.
[10/05/26 04:12:27] D2BS 17100: Loaded ÿc9[X.nip] [Y.nip] [Z.nip] [V.nip] [P.CONC.nip]
[10/05/26 04:12:27] D2BS 17100: Loaded ÿc9[P.CONC.js]
[10/05/26 04:12:27] D2BS 17100: equipped: [Head] 13
[10/05/26 04:12:27] D2BS 17100: equipped: [Neck] 16
[10/05/26 04:12:27] D2BS 17100: equipped: [Body] 17
[10/05/26 04:12:27] D2BS 17100: equipped: [ArmR] 16
[10/05/26 04:12:27] D2BS 17100: equipped: [ArmL] 27
[10/05/26 04:12:27] D2BS 17100: equipped: [RingR] 11
[10/05/26 04:12:27] D2BS 17100: equipped: [RingL] 12
[10/05/26 04:12:27] D2BS 17100: equipped: [Belt] 15
[10/05/26 04:12:27] D2BS 17100: equipped: [Boots] 11
[10/05/26 04:12:27] D2BS 17100: equipped: [Mitts] 14
[10/05/26 04:12:27] D2BS 17100: updateStat
[10/05/26 04:12:27] D2BS 17100: granted: [Head] 14
[10/05/26 04:12:27] D2BS 17100: granted: [Body] 18
[10/05/26 04:12:27] D2BS 17100: granted: [ArmR] 14
[10/05/26 04:12:27] D2BS 17100: Loaded ÿc9[AutoSmurf.js]
[10/05/26 04:12:29] D2BS 17100: MiniShopBot: true
[10/05/26 04:12:29] D2BS 17100: farmingON
[10/05/26 04:12:29] D2BS 17100: UseMerc: true HP: 70
[10/05/26 04:12:44] D2BS 17100: Merc matched: Holy Freeze
[10/05/26 04:14:01] D2BS 17100: Token needed
[10/05/26 04:14:03] D2BS 17100: act5+ WP
[10/05/26 04:14:20] D2BS 17100: act5+ BO
[10/05/26 04:14:22] D2BS 17100: Going to town
[10/05/26 04:14:22] D2BS 17100: [Chicken] Life (390/1363) area:118 (10447,10584)
[10/05/26 04:14:22] D2BS 17100: no exp [01:56]
[10/05/26 04:14:22] D2BS 17100: Script threads\autobuildthread.js ended
[10/05/26 04:14:22] D2BS 17100: Script threads\partythread.js ended
[10/05/26 04:14:23] D2BS 17100: Script threads\townchicken.js ended
[10/05/26 04:14:23] D2BS 17100: Script default.dbj ended
[10/05/26 04:14:37] D2BS 17100: joining game pz-79
[10/05/26 04:14:39] D2BS 17100: ÿc2D2BSÿc0 :: Starting default.dbj
[10/05/26 04:14:39] D2BS 17100: ÿc2D2BSÿc0 :: default.dbj running.
[10/05/26 04:14:39] D2BS 17100: Loaded ÿc9[X.nip] [Y.nip] [Z.nip] [V.nip] [P.CONC.nip]
[10/05/26 04:14:39] D2BS 17100: Loaded ÿc9[P.CONC.js]
[10/05/26 04:14:39] D2BS 17100: equipped: [Head] 13
[10/05/26 04:14:39] D2BS 17100: equipped: [Neck] 16
[10/05/26 04:14:39] D2BS 17100: equipped: [Body] 17
[10/05/26 04:14:39] D2BS 17100: equipped: [ArmR] 16
[10/05/26 04:14:39] D2BS 17100: equipped: [ArmL] 27
[10/05/26 04:14:39] D2BS 17100: equipped: [RingR] 11
[10/05/26 04:14:39] D2BS 17100: equipped: [RingL] 12
[10/05/26 04:14:39] D2BS 17100: equipped: [Belt] 15
[10/05/26 04:14:39] D2BS 17100: equipped: [Boots] 11
[10/05/26 04:14:39] D2BS 17100: equipped: [Mitts] 14
[10/05/26 04:14:40] D2BS 17100: Loaded ÿc9[AutoSmurf.js]
[10/05/26 04:14:41] D2BS 17100: MiniShopBot: true
[10/05/26 04:14:41] D2BS 17100: farmingON
[10/05/26 04:14:41] D2BS 17100: UseMerc: true HP: 70
[10/05/26 04:14:54] D2BS 17100: Revive needed
[10/05/26 04:15:22] D2BS 17100: Token needed
[10/05/26 04:15:26] D2BS 17100: act5+ BO
[10/05/26 04:15:39] D2BS 17100: ÿc4=== [ANYA] ===
[10/05/26 04:17:14] D2BS 17100: ÿc8!!! [SCROLL] !!!
[10/05/26 04:17:30] D2BS 17100: ÿc4=== [ANCIENTS] ===
[10/05/26 04:18:27] D2BS 17100: [Chicken] Life (867/4906) area:120 (10039,12620)
[10/05/26 04:18:27] D2BS 17100:  [03:47] +9.53% / [Level 74] 34.61%
[10/05/26 04:18:27] D2BS 17100: Script threads\autobuildthread.js ended
[10/05/26 04:18:27] D2BS 17100: Script threads\partythread.js ended
[10/05/26 04:18:28] D2BS 17100: Script threads\townchicken.js ended
[10/05/26 04:18:28] D2BS 17100: Script default.dbj ended
[10/05/26 04:18:39] D2BS 17100: joining game pz-80
[10/05/26 04:18:41] D2BS 17100: ÿc2D2BSÿc0 :: Starting default.dbj
[10/05/26 04:18:41] D2BS 17100: ÿc2D2BSÿc0 :: default.dbj running.
[10/05/26 04:18:41] D2BS 17100: Loaded ÿc9[X.nip] [Y.nip] [Z.nip] [V.nip] [P.CONC.nip]
[10/05/26 04:18:41] D2BS 17100: Loaded ÿc9[P.CONC.js]
[10/05/26 04:18:41] D2BS 17100: equipped: [Head] 13
[10/05/26 04:18:41] D2BS 17100: equipped: [Neck] 16
[10/05/26 04:18:41] D2BS 17100: equipped: [Body] 17
[10/05/26 04:18:41] D2BS 17100: equipped: [ArmR] 16
[10/05/26 04:18:41] D2BS 17100: equipped: [ArmL] 27
[10/05/26 04:18:41] D2BS 17100: equipped: [RingR] 11
[10/05/26 04:18:41] D2BS 17100: equipped: [RingL] 12
[10/05/26 04:18:41] D2BS 17100: equipped: [Belt] 15
[10/05/26 04:18:41] D2BS 17100: equipped: [Boots] 11
[10/05/26 04:18:41] D2BS 17100: equipped: [Mitts] 14
[10/05/26 04:18:42] D2BS 17100: Loaded ÿc9[AutoSmurf.js]
[10/05/26 04:18:44] D2BS 17100: farmingON
[10/05/26 04:18:44] D2BS 17100: MiniShopBot: true
[10/05/26 04:18:44] D2BS 17100: UseMerc: true HP: 70
[10/05/26 04:18:54] D2BS 17100: updateStat
[10/05/26 04:18:54] D2BS 17100: granted: [Head] 14
[10/05/26 04:18:54] D2BS 17100: granted: [Body] 18
[10/05/26 04:18:54] D2BS 17100: granted: [ArmR] 14
[10/05/26 04:19:07] D2BS 17100: Merc matched: Holy Freeze
[10/05/26 04:19:11] D2BS 17100: Token needed
[10/05/26 04:19:15] D2BS 17100: act5+ BO
[10/05/26 04:19:17] D2BS 17100: updateStat
[10/05/26 04:19:29] D2BS 17100: ÿc4=== [ANCIENTS] ===
[10/05/26 04:20:35] D2BS 17100: Config.LifeChicken: 0
[10/05/26 04:20:48] D2BS 17100: Config.LifeChicken: 35
[10/05/26 04:21:14] D2BS 17100: ÿc4=== [BAAL] ===
[10/05/26 04:23:47] D2BS 17100: updateStat
[10/05/26 04:23:48] D2BS 17100: Going to town
[10/05/26 04:25:17] D2BS 17100: Config.LifeChicken: 0
[10/05/26 04:25:26] D2BS 17100: Config.LifeChicken: 35
[10/05/26 04:25:34] D2BS 17100: ÿc4=== [COUNTESS] ===
[10/05/26 04:26:33] D2BS 17100: updateStat
[10/05/26 04:26:53] D2BS 17100: ÿc4=== [PIT] ===
[10/05/26 04:28:49] D2BS 17100: ÿc4=== [ANDY] ===
[10/05/26 04:28:58] D2BS 17100: granted: [ArmR] 15
[10/05/26 04:30:00] D2BS 17100: ÿc4=== [MEPHISTO] ===
[10/05/26 04:31:19] D2BS 17100: ÿc4=== [DIABLO] ===
[10/05/26 04:32:37] D2BS 17100: Going to town
[10/05/26 04:34:41] D2BS 17100: Going to town
[10/05/26 04:34:42] D2BS 17100: [Chicken] Life (1654/5029) area:108 (7839,5289)
[10/05/26 04:34:42] D2BS 17100:  [16:01] +186.76% / [Level 76] 39.98%
[10/05/26 04:34:42] D2BS 17100: Script threads\autobuildthread.js ended
[10/05/26 04:34:42] D2BS 17100: Script threads\partythread.js ended
[10/05/26 04:34:42] D2BS 17100: Script threads\townchicken.js ended
[10/05/26 04:34:42] D2BS 17100: Script default.dbj ended
[10/05/26 04:39:42] D2BS 17100: joining game pz-81
[10/05/26 04:39:44] D2BS 17100: ÿc2D2BSÿc0 :: Starting default.dbj
[10/05/26 04:39:44] D2BS 17100: ÿc2D2BSÿc0 :: default.dbj running.
[10/05/26 04:39:45] D2BS 17100: Loaded ÿc9[X.nip] [Y.nip] [Z.nip] [V.nip] [P.CONC.nip]
[10/05/26 04:39:45] D2BS 17100: Loaded ÿc9[P.CONC.js]
[10/05/26 04:39:45] D2BS 17100: equipped: [Head] 13
[10/05/26 04:39:45] D2BS 17100: equipped: [Neck] 16
[10/05/26 04:39:45] D2BS 17100: equipped: [Body] 17
[10/05/26 04:39:45] D2BS 17100: equipped: [ArmR] 16
[10/05/26 04:39:45] D2BS 17100: equipped: [ArmL] 27
[10/05/26 04:39:45] D2BS 17100: equipped: [RingR] 11
[10/05/26 04:39:45] D2BS 17100: equipped: [RingL] 12
[10/05/26 04:39:45] D2BS 17100: equipped: [Belt] 15
[10/05/26 04:39:45] D2BS 17100: equipped: [Boots] 11
[10/05/26 04:39:45] D2BS 17100: equipped: [Mitts] 14
[10/05/26 04:39:45] D2BS 17100: updateStat
[10/05/26 04:39:45] D2BS 17100: granted: [Head] 14
[10/05/26 04:39:45] D2BS 17100: granted: [Body] 18
[10/05/26 04:39:45] D2BS 17100: granted: [ArmR] 15
[10/05/26 04:39:45] D2BS 17100: Loaded ÿc9[AutoSmurf.js]
[10/05/26 04:39:50] D2BS 17100: farmingON
[10/05/26 04:39:51] D2BS 17100: MiniShopBot: true
[10/05/26 04:39:51] D2BS 17100: UseMerc: true HP: 70
[10/05/26 04:40:12] D2BS 17100: Merc matched: Holy Freeze
[10/05/26 04:40:23] D2BS 17100: Token needed
[10/05/26 04:40:27] D2BS 17100: act5+ BO
[10/05/26 04:40:39] D2BS 17100: ÿc4=== [BAAL] ===
[10/05/26 04:40:54] D2BS 17100: party has left: fowo-xa
[10/05/26 04:40:54] D2BS 17100: no exp [01:11]
[10/05/26 04:40:54] D2BS 17100: Script threads\autobuildthread.js ended
[10/05/26 04:40:54] D2BS 17100: Script threads\partythread.js ended
[10/05/26 04:40:55] D2BS 17100: Script threads\townchicken.js ended
[10/05/26 04:40:55] D2BS 17100: Script default.dbj ended
[10/05/26 04:41:06] D2BS 17100: joining game pz-82
[10/05/26 04:41:08] D2BS 17100: ÿc2D2BSÿc0 :: Starting default.dbj
[10/05/26 04:41:08] D2BS 17100: ÿc2D2BSÿc0 :: default.dbj running.
[10/05/26 04:41:08] D2BS 17100: Loaded ÿc9[X.nip] [Y.nip] [Z.nip] [V.nip] [P.CONC.nip]
[10/05/26 04:41:08] D2BS 17100: Loaded ÿc9[P.CONC.js]
[10/05/26 04:41:08] D2BS 17100: equipped: [Head] 13
[10/05/26 04:41:08] D2BS 17100: equipped: [Neck] 16
[10/05/26 04:41:08] D2BS 17100: equipped: [Body] 17
[10/05/26 04:41:08] D2BS 17100: equipped: [ArmR] 16
[10/05/26 04:41:08] D2BS 17100: equipped: [ArmL] 27
[10/05/26 04:41:08] D2BS 17100: equipped: [RingR] 11
[10/05/26 04:41:08] D2BS 17100: equipped: [RingL] 12
[10/05/26 04:41:08] D2BS 17100: equipped: [Belt] 15
[10/05/26 04:41:08] D2BS 17100: equipped: [Boots] 11
[10/05/26 04:41:08] D2BS 17100: equipped: [Mitts] 14
[10/05/26 04:41:08] D2BS 17100: updateStat
[10/05/26 04:41:08] D2BS 17100: granted: [Head] 14
[10/05/26 04:41:08] D2BS 17100: granted: [Body] 18
[10/05/26 04:41:08] D2BS 17100: granted: [ArmR] 15
[10/05/26 04:41:08] D2BS 17100: Loaded ÿc9[AutoSmurf.js]
[10/05/26 04:41:10] D2BS 17100: MiniShopBot: true
[10/05/26 04:41:10] D2BS 17100: farmingON
[10/05/26 04:41:10] D2BS 17100: UseMerc: true HP: 70
[10/05/26 04:41:23] D2BS 17100: Merc matched: Holy Freeze
[10/05/26 04:41:34] D2BS 17100: Token needed
[10/05/26 04:41:38] D2BS 17100: act5+ BO
[10/05/26 04:41:51] D2BS 17100: ÿc4=== [BAAL] ===
[10/05/26 04:44:59] D2BS 17100: Going to town
[10/05/26 04:45:47] D2BS 17100: ÿc4=== [COUNTESS] ===
[10/05/26 04:46:57] D2BS 17100: ÿc4=== [PIT] ===
[10/05/26 04:48:51] D2BS 17100: ÿc4=== [ANDY] ===
[10/05/26 04:49:52] D2BS 17100: ÿc4=== [MEPHISTO] ===
[10/05/26 04:51:24] D2BS 17100: ÿc4=== [DIABLO] ===
[10/05/26 04:54:31] D2BS 17100: Going to town
[10/05/26 04:56:58] D2BS 17100:  [15:50] +91.95% / [Level 77] 36.89%
[10/05/26 04:56:58] D2BS 17100: Script threads\autobuildthread.js ended
[10/05/26 04:56:58] D2BS 17100: Script threads\partythread.js ended
[10/05/26 04:56:58] D2BS 17100: Script threads\townchicken.js ended
[10/05/26 04:56:58] D2BS 17100: Script default.dbj ended
[10/05/26 04:57:11] D2BS 17100: joining game pz-83
[10/05/26 04:57:13] D2BS 17100: ÿc2D2BSÿc0 :: Starting default.dbj
[10/05/26 04:57:13] D2BS 17100: ÿc2D2BSÿc0 :: default.dbj running.
[10/05/26 04:57:13] D2BS 17100: Loaded ÿc9[X.nip] [Y.nip] [Z.nip] [V.nip] [P.CONC.nip]
[10/05/26 04:57:13] D2BS 17100: Loaded ÿc9[P.CONC.js]
[10/05/26 04:57:13] D2BS 17100: equipped: [Head] 13
[10/05/26 04:57:13] D2BS 17100: equipped: [Neck] 16
[10/05/26 04:57:13] D2BS 17100: equipped: [Body] 17
[10/05/26 04:57:14] D2BS 17100: equipped: [ArmR] 16
[10/05/26 04:57:14] D2BS 17100: equipped: [ArmL] 27
[10/05/26 04:57:14] D2BS 17100: equipped: [RingR] 11
[10/05/26 04:57:14] D2BS 17100: equipped: [RingL] 12
[10/05/26 04:57:14] D2BS 17100: equipped: [Belt] 15
[10/05/26 04:57:14] D2BS 17100: equipped: [Boots] 11
[10/05/26 04:57:14] D2BS 17100: equipped: [Mitts] 14
[10/05/26 04:57:14] D2BS 17100: updateStat
[10/05/26 04:57:14] D2BS 17100: granted: [Head] 14
[10/05/26 04:57:14] D2BS 17100: granted: [Body] 18
[10/05/26 04:57:14] D2BS 17100: granted: [ArmR] 15
[10/05/26 04:57:14] D2BS 17100: Loaded ÿc9[AutoSmurf.js]
[10/05/26 04:57:18] D2BS 17100: farmingON
[10/05/26 04:57:19] D2BS 17100: MiniShopBot: true
[10/05/26 04:57:19] D2BS 17100: UseMerc: true HP: 70
[10/05/26 04:57:33] D2BS 17100: Merc matched: Holy Freeze
[10/05/26 04:57:48] D2BS 17100: Token needed
[10/05/26 04:57:52] D2BS 17100: act5+ BO
[10/05/26 04:58:06] D2BS 17100: ÿc4=== [BAAL] ===
[10/05/26 05:01:38] D2BS 17100: ÿc4=== [COUNTESS] ===
[10/05/26 05:03:10] D2BS 17100: ÿc4=== [PIT] ===
[10/05/26 05:04:03] D2BS 17100: updateStat
[10/05/26 05:04:17] D2BS 17100: Going to town
[10/05/26 05:05:14] D2BS 17100: ÿc4=== [ANDY] ===
[10/05/26 05:06:18] D2BS 17100: ÿc4=== [MEPHISTO] ===
[10/05/26 05:07:43] D2BS 17100: ÿc4=== [DIABLO] ===
[10/05/26 05:12:31] D2BS 17100: party has left: fowo-xe
[10/05/26 05:12:32] D2BS 17100:  [15:18] +74.92% / [Level 78] 17.02%
[10/05/26 05:12:32] D2BS 17100: Script threads\autobuildthread.js ended
[10/05/26 05:12:32] D2BS 17100: Script threads\partythread.js ended
[10/05/26 05:12:32] D2BS 17100: Script threads\townchicken.js ended
[10/05/26 05:12:32] D2BS 17100: Script default.dbj ended
[10/05/26 05:12:44] D2BS 17100: joining game pz-84
[10/05/26 05:12:46] D2BS 17100: ÿc2D2BSÿc0 :: Starting default.dbj
[10/05/26 05:12:46] D2BS 17100: ÿc2D2BSÿc0 :: default.dbj running.
[10/05/26 05:12:46] D2BS 17100: Loaded ÿc9[X.nip] [Y.nip] [Z.nip] [V.nip] [P.CONC.nip]
[10/05/26 05:12:46] D2BS 17100: Loaded ÿc9[P.CONC.js]
[10/05/26 05:12:46] D2BS 17100: equipped: [Head] 13
[10/05/26 05:12:46] D2BS 17100: equipped: [Neck] 16
[10/05/26 05:12:46] D2BS 17100: equipped: [Body] 17
[10/05/26 05:12:46] D2BS 17100: equipped: [ArmR] 16
[10/05/26 05:12:46] D2BS 17100: equipped: [ArmL] 27
[10/05/26 05:12:46] D2BS 17100: equipped: [RingR] 11
[10/05/26 05:12:46] D2BS 17100: equipped: [RingL] 12
[10/05/26 05:12:46] D2BS 17100: equipped: [Belt] 15
[10/05/26 05:12:46] D2BS 17100: equipped: [Boots] 11
[10/05/26 05:12:46] D2BS 17100: equipped: [Mitts] 14
[10/05/26 05:12:46] D2BS 17100: updateStat
[10/05/26 05:12:46] D2BS 17100: granted: [Head] 14
[10/05/26 05:12:46] D2BS 17100: granted: [Body] 18
[10/05/26 05:12:46] D2BS 17100: granted: [ArmR] 15
[10/05/26 05:12:46] D2BS 17100: Loaded ÿc9[AutoSmurf.js]
[10/05/26 05:12:51] D2BS 17100: MiniShopBot: true
[10/05/26 05:12:52] D2BS 17100: farmingON
[10/05/26 05:12:52] D2BS 17100: UseMerc: true HP: 70
[10/05/26 05:13:06] D2BS 17100: Merc matched: Holy Freeze
[10/05/26 05:13:23] D2BS 17100: Token needed
[10/05/26 05:13:28] D2BS 17100: act5+ BO
[10/05/26 05:13:42] D2BS 17100: ÿc4=== [BAAL] ===
[10/05/26 05:17:16] D2BS 17100: ÿc4=== [COUNTESS] ===
[10/05/26 05:18:34] D2BS 17100: ÿc4=== [PIT] ===
[10/05/26 05:20:23] D2BS 17100: ÿc4=== [ANDY] ===
[10/05/26 05:21:19] D2BS 17100: ÿc4=== [MEPHISTO] ===
[10/05/26 05:23:01] D2BS 17100: ÿc4=== [DIABLO] ===
[10/05/26 05:23:13] D2BS 17100: equipped: [ArmR] 19
[10/05/26 05:25:01] D2BS 17100: party has left: fowo-xe
[10/05/26 05:25:01] D2BS 17100:  [12:15] +73.40% / [Level 78] 90.42%
[10/05/26 05:25:01] D2BS 17100: Script threads\autobuildthread.js ended
[10/05/26 05:25:01] D2BS 17100: Script threads\partythread.js ended
[10/05/26 05:25:01] D2BS 17100: Script threads\townchicken.js ended
[10/05/26 05:25:01] D2BS 17100: Script default.dbj ended
[10/05/26 05:25:12] D2BS 17100: joining game pz-85
[10/05/26 05:25:13] D2BS 17100: ÿc2D2BSÿc0 :: Starting default.dbj
[10/05/26 05:25:13] D2BS 17100: ÿc2D2BSÿc0 :: default.dbj running.
[10/05/26 05:25:13] D2BS 17100: Loaded ÿc9[X.nip] [Y.nip] [Z.nip] [V.nip] [P.CONC.nip]
[10/05/26 05:25:13] D2BS 17100: Loaded ÿc9[P.CONC.js]
[10/05/26 05:25:13] D2BS 17100: equipped: [Head] 13
[10/05/26 05:25:13] D2BS 17100: equipped: [Neck] 16
[10/05/26 05:25:13] D2BS 17100: equipped: [Body] 17
[10/05/26 05:25:13] D2BS 17100: equipped: [ArmR] 19
[10/05/26 05:25:14] D2BS 17100: equipped: [ArmL] 27
[10/05/26 05:25:14] D2BS 17100: equipped: [RingR] 11
[10/05/26 05:25:14] D2BS 17100: equipped: [RingL] 12
[10/05/26 05:25:14] D2BS 17100: equipped: [Belt] 15
[10/05/26 05:25:14] D2BS 17100: equipped: [Boots] 11
[10/05/26 05:25:14] D2BS 17100: equipped: [Mitts] 14
[10/05/26 05:25:14] D2BS 17100: updateStat
[10/05/26 05:25:14] D2BS 17100: granted: [Head] 14
[10/05/26 05:25:14] D2BS 17100: granted: [Body] 18
[10/05/26 05:25:14] D2BS 17100: granted: [ArmR] 15
[10/05/26 05:25:15] D2BS 17100: Loaded ÿc9[AutoSmurf.js]
[10/05/26 05:25:19] D2BS 17100: farmingON
[10/05/26 05:25:19] D2BS 17100: MiniShopBot: true
[10/05/26 05:25:19] D2BS 17100: UseMerc: true HP: 70
[10/05/26 05:25:39] D2BS 17100: Merc matched: Holy Freeze
[10/05/26 05:25:50] D2BS 17100: Token needed
[10/05/26 05:25:53] D2BS 17100: act5+ BO
[10/05/26 05:28:00] D2BS 17100: no exp [02:47]
[10/05/26 05:28:00] D2BS 17100: Script threads\autobuildthread.js ended
[10/05/26 05:28:00] D2BS 17100: Script threads\partythread.js ended
[10/05/26 05:28:00] D2BS 17100: Script threads\townchicken.js ended
[10/05/26 05:28:00] D2BS 17100: Script default.dbj ended
[10/05/26 05:28:12] D2BS 17100: joining game pz-86
[10/05/26 05:28:14] D2BS 17100: ÿc2D2BSÿc0 :: Starting default.dbj
[10/05/26 05:28:14] D2BS 17100: ÿc2D2BSÿc0 :: default.dbj running.
[10/05/26 05:28:14] D2BS 17100: Loaded ÿc9[X.nip] [Y.nip] [Z.nip] [V.nip] [P.CONC.nip]
[10/05/26 05:28:14] D2BS 17100: Loaded ÿc9[P.CONC.js]
[10/05/26 05:28:14] D2BS 17100: equipped: [Head] 13
[10/05/26 05:28:14] D2BS 17100: equipped: [Neck] 16
[10/05/26 05:28:14] D2BS 17100: equipped: [Body] 17
[10/05/26 05:28:14] D2BS 17100: equipped: [ArmR] 19
[10/05/26 05:28:14] D2BS 17100: equipped: [ArmL] 27
[10/05/26 05:28:14] D2BS 17100: equipped: [RingR] 11
[10/05/26 05:28:14] D2BS 17100: equipped: [RingL] 12
[10/05/26 05:28:14] D2BS 17100: equipped: [Belt] 15
[10/05/26 05:28:14] D2BS 17100: equipped: [Boots] 11
[10/05/26 05:28:14] D2BS 17100: equipped: [Mitts] 14
[10/05/26 05:28:14] D2BS 17100: updateStat
[10/05/26 05:28:14] D2BS 17100: granted: [Head] 14
[10/05/26 05:28:15] D2BS 17100: granted: [Body] 18
[10/05/26 05:28:15] D2BS 17100: granted: [ArmR] 15
[10/05/26 05:28:15] D2BS 17100: Loaded ÿc9[AutoSmurf.js]
[10/05/26 05:28:16] D2BS 17100: farmingON
[10/05/26 05:28:16] D2BS 17100: MiniShopBot: true
[10/05/26 05:28:16] D2BS 17100: UseMerc: true HP: 70
[10/05/26 05:28:28] D2BS 17100: Merc matched: Holy Freeze
[10/05/26 05:28:41] D2BS 17100: Token needed
[10/05/26 05:28:46] D2BS 17100: act5+ BO
[10/05/26 05:28:58] D2BS 17100: ÿc4=== [BAAL] ===
[10/05/26 05:29:15] D2BS 17100: Baal failed: souls found
[10/05/26 05:29:15] D2BS 17100: ÿc4=== [COUNTESS] ===
[10/05/26 05:30:51] D2BS 17100: ÿc4=== [PIT] ===
[10/05/26 05:31:48] D2BS 17100: updateStat
[10/05/26 05:32:40] D2BS 17100: ÿc4=== [ANDY] ===
[10/05/26 05:33:52] D2BS 17100: ÿc4=== [MEPHISTO] ===
[10/05/26 05:35:22] D2BS 17100: ÿc4=== [DIABLO] ===
[10/05/26 05:41:13] D2BS 17100: party has left: fowo-xh
[10/05/26 05:41:13] D2BS 17100:  [13:00] +42.30% / [Level 79] 33.52%
[10/05/26 05:41:13] D2BS 17100: Script threads\autobuildthread.js ended
[10/05/26 05:41:13] D2BS 17100: Script threads\partythread.js ended
[10/05/26 05:41:14] D2BS 17100: Script threads\townchicken.js ended
[10/05/26 05:41:14] D2BS 17100: Script default.dbj ended
[10/05/26 05:41:26] D2BS 17100: joining game pz-87
[10/05/26 05:41:28] D2BS 17100: ÿc2D2BSÿc0 :: Starting default.dbj
[10/05/26 05:41:29] D2BS 17100: ÿc2D2BSÿc0 :: default.dbj running.
[10/05/26 05:41:29] D2BS 17100: Loaded ÿc9[X.nip] [Y.nip] [Z.nip] [V.nip] [P.CONC.nip]
[10/05/26 05:41:29] D2BS 17100: Loaded ÿc9[P.CONC.js]
[10/05/26 05:41:29] D2BS 17100: equipped: [Head] 13
[10/05/26 05:41:29] D2BS 17100: equipped: [Neck] 16
[10/05/26 05:41:29] D2BS 17100: equipped: [Body] 17
[10/05/26 05:41:29] D2BS 17100: equipped: [ArmR] 19
[10/05/26 05:41:29] D2BS 17100: equipped: [ArmL] 27
[10/05/26 05:41:29] D2BS 17100: equipped: [RingR] 11
[10/05/26 05:41:29] D2BS 17100: equipped: [RingL] 12
[10/05/26 05:41:29] D2BS 17100: equipped: [Belt] 15
[10/05/26 05:41:29] D2BS 17100: equipped: [Boots] 11
[10/05/26 05:41:29] D2BS 17100: equipped: [Mitts] 14
[10/05/26 05:41:29] D2BS 17100: updateStat
[10/05/26 05:41:29] D2BS 17100: granted: [Head] 14
[10/05/26 05:41:29] D2BS 17100: granted: [Body] 18
[10/05/26 05:41:29] D2BS 17100: granted: [ArmR] 15
[10/05/26 05:41:29] D2BS 17100: Loaded ÿc9[AutoSmurf.js]
[10/05/26 05:41:33] D2BS 17100: farmingON
[10/05/26 05:41:35] D2BS 17100: MiniShopBot: true
[10/05/26 05:41:35] D2BS 17100: UseMerc: true HP: 70
[10/05/26 05:41:57] D2BS 17100: Merc matched: Holy Freeze
[10/05/26 05:42:06] D2BS 17100: Token needed
[10/05/26 05:42:11] D2BS 17100: act5+ BO
[10/05/26 05:42:25] D2BS 17100: ÿc4=== [BAAL] ===
[10/05/26 05:46:22] D2BS 17100: ÿc4=== [COUNTESS] ===
[10/05/26 05:47:42] D2BS 17100: party has left: fowo-xe
[10/05/26 05:47:42] D2BS 17100:  [06:15] +42.36% / [Level 79] 75.87%
[10/05/26 05:47:42] D2BS 17100: Script threads\autobuildthread.js ended
[10/05/26 05:47:42] D2BS 17100: Script threads\partythread.js ended
[10/05/26 05:47:42] D2BS 17100: Script threads\townchicken.js ended
[10/05/26 05:47:43] D2BS 17100: Script default.dbj ended
[10/05/26 05:47:54] D2BS 17100: joining game pz-88
[10/05/26 05:47:56] D2BS 17100: ÿc2D2BSÿc0 :: Starting default.dbj
[10/05/26 05:47:56] D2BS 17100: ÿc2D2BSÿc0 :: default.dbj running.
[10/05/26 05:47:56] D2BS 17100: Loaded ÿc9[X.nip] [Y.nip] [Z.nip] [V.nip] [P.CONC.nip]
[10/05/26 05:47:56] D2BS 17100: Loaded ÿc9[P.CONC.js]
[10/05/26 05:47:56] D2BS 17100: equipped: [Head] 13
[10/05/26 05:47:56] D2BS 17100: equipped: [Neck] 16
[10/05/26 05:47:56] D2BS 17100: equipped: [Body] 17
[10/05/26 05:47:56] D2BS 17100: equipped: [ArmR] 19
[10/05/26 05:47:56] D2BS 17100: equipped: [ArmL] 27
[10/05/26 05:47:56] D2BS 17100: equipped: [RingR] 11
[10/05/26 05:47:56] D2BS 17100: equipped: [RingL] 12
[10/05/26 05:47:56] D2BS 17100: equipped: [Belt] 15
[10/05/26 05:47:56] D2BS 17100: equipped: [Boots] 11
[10/05/26 05:47:56] D2BS 17100: equipped: [Mitts] 14
[10/05/26 05:47:57] D2BS 17100: updateStat
[10/05/26 05:47:57] D2BS 17100: granted: [Head] 14
[10/05/26 05:47:57] D2BS 17100: granted: [Body] 18
[10/05/26 05:47:57] D2BS 17100: granted: [ArmR] 15
[10/05/26 05:47:57] D2BS 17100: Loaded ÿc9[AutoSmurf.js]
[10/05/26 05:48:03] D2BS 17100: farmingON
[10/05/26 05:48:05] D2BS 17100: MiniShopBot: true
[10/05/26 05:48:05] D2BS 17100: UseMerc: true HP: 70
[10/05/26 05:48:19] D2BS 17100: Merc matched: Holy Freeze
[10/05/26 05:48:39] D2BS 17100: Token needed
[10/05/26 05:48:43] D2BS 17100: act5+ BO
[10/05/26 05:48:56] D2BS 17100: ÿc4=== [BAAL] ===
[10/05/26 05:52:48] D2BS 17100: ÿc4=== [COUNTESS] ===
[10/05/26 05:52:56] D2BS 17100: equipped: [Boots] 12
[10/05/26 05:54:21] D2BS 17100: ÿc4=== [PIT] ===
[10/05/26 05:56:15] D2BS 17100: ÿc4=== [ANDY] ===
[10/05/26 05:57:17] D2BS 17100: ÿc4=== [MEPHISTO] ===
[10/05/26 05:59:00] D2BS 17100: ÿc4=== [DIABLO] ===
[10/05/26 06:03:57] D2BS 17100: party has left: fowo-xe
[10/05/26 06:03:57] D2BS 17100:  [16:01] +63.25% / [Level 80] 41.11%
[10/05/26 06:03:57] D2BS 17100: Script threads\autobuildthread.js ended
[10/05/26 06:03:57] D2BS 17100: Script threads\partythread.js ended
[10/05/26 06:03:57] D2BS 17100: Script threads\townchicken.js ended
[10/05/26 06:03:57] D2BS 17100: Script default.dbj ended
[10/05/26 06:04:10] D2BS 17100: joining game pz-89
[10/05/26 06:04:12] D2BS 17100: ÿc2D2BSÿc0 :: Starting default.dbj
[10/05/26 06:04:12] D2BS 17100: ÿc2D2BSÿc0 :: default.dbj running.
[10/05/26 06:04:12] D2BS 17100: Loaded ÿc9[X.nip] [Y.nip] [Z.nip] [V.nip] [P.CONC.nip]
[10/05/26 06:04:12] D2BS 17100: Loaded ÿc9[P.CONC.js]
[10/05/26 06:04:12] D2BS 17100: equipped: [Head] 13
[10/05/26 06:04:12] D2BS 17100: equipped: [Neck] 16
[10/05/26 06:04:12] D2BS 17100: equipped: [Body] 17
[10/05/26 06:04:12] D2BS 17100: equipped: [ArmR] 19
[10/05/26 06:04:12] D2BS 17100: equipped: [ArmL] 27
[10/05/26 06:04:12] D2BS 17100: equipped: [RingR] 11
[10/05/26 06:04:12] D2BS 17100: equipped: [RingL] 12
[10/05/26 06:04:12] D2BS 17100: equipped: [Belt] 15
[10/05/26 06:04:12] D2BS 17100: equipped: [Boots] 12
[10/05/26 06:04:12] D2BS 17100: equipped: [Mitts] 14
[10/05/26 06:04:12] D2BS 17100: Loaded ÿc9[AutoSmurf.js]
[10/05/26 06:04:18] D2BS 17100: farmingON
[10/05/26 06:04:20] D2BS 17100: MiniShopBot: true
[10/05/26 06:04:20] D2BS 17100: UseMerc: true HP: 70
[10/05/26 06:04:43] D2BS 17100: Merc matched: Holy Freeze
[10/05/26 06:04:50] D2BS 17100: Token needed
[10/05/26 06:04:54] D2BS 17100: act5+ BO
[10/05/26 06:04:55] D2BS 17100: updateStat
[10/05/26 06:05:06] D2BS 17100: ÿc4=== [BAAL] ===
[10/05/26 06:07:26] D2BS 17100: Going to town
[10/05/26 06:09:15] D2BS 17100: ÿc4=== [COUNTESS] ===
[10/05/26 06:10:30] D2BS 17100: ÿc4=== [PIT] ===
[10/05/26 06:11:13] D2BS 17100: party has left: fowo-xe
[10/05/26 06:11:13] D2BS 17100:  [07:01] +28.67% / [Level 80] 70.24%
[10/05/26 06:11:13] D2BS 17100: Script threads\autobuildthread.js ended
[10/05/26 06:11:13] D2BS 17100: Script threads\partythread.js ended
[10/05/26 06:11:13] D2BS 17100: Script threads\townchicken.js ended
[10/05/26 06:11:13] D2BS 17100: Script default.dbj ended
[10/05/26 06:11:27] D2BS 17100: joining game pz-90
[10/05/26 06:11:28] D2BS 17100: ÿc2D2BSÿc0 :: Starting default.dbj
[10/05/26 06:11:28] D2BS 17100: ÿc2D2BSÿc0 :: default.dbj running.
[10/05/26 06:11:29] D2BS 17100: Loaded ÿc9[X.nip] [Y.nip] [Z.nip] [V.nip] [P.CONC.nip]
[10/05/26 06:11:29] D2BS 17100: Loaded ÿc9[P.CONC.js]
[10/05/26 06:11:29] D2BS 17100: equipped: [Head] 13
[10/05/26 06:11:29] D2BS 17100: equipped: [Neck] 16
[10/05/26 06:11:29] D2BS 17100: equipped: [Body] 17
[10/05/26 06:11:29] D2BS 17100: equipped: [ArmR] 19
[10/05/26 06:11:29] D2BS 17100: equipped: [ArmL] 27
[10/05/26 06:11:29] D2BS 17100: equipped: [RingR] 11
[10/05/26 06:11:29] D2BS 17100: equipped: [RingL] 12
[10/05/26 06:11:29] D2BS 17100: equipped: [Belt] 15
[10/05/26 06:11:29] D2BS 17100: equipped: [Boots] 12
[10/05/26 06:11:29] D2BS 17100: equipped: [Mitts] 14
[10/05/26 06:11:29] D2BS 17100: updateStat
[10/05/26 06:11:29] D2BS 17100: granted: [Head] 14
[10/05/26 06:11:29] D2BS 17100: granted: [Body] 18
[10/05/26 06:11:29] D2BS 17100: granted: [ArmR] 15
[10/05/26 06:11:29] D2BS 17100: Loaded ÿc9[AutoSmurf.js]
[10/05/26 06:11:35] D2BS 17100: MiniShopBot: true
[10/05/26 06:11:35] D2BS 17100: farmingON
[10/05/26 06:11:35] D2BS 17100: UseMerc: true HP: 70
[10/05/26 06:11:52] D2BS 17100: Merc matched: Holy Freeze
[10/05/26 06:12:01] D2BS 17100: Token needed
[10/05/26 06:12:06] D2BS 17100: act5+ BO
[10/05/26 06:12:18] D2BS 17100: ÿc4=== [BAAL] ===
[10/05/26 06:12:46] D2BS 17100: Going to town
[10/05/26 06:13:53] D2BS 17100: Going to town
[10/05/26 06:17:35] D2BS 17100: Going to town
[10/05/26 06:17:54] D2BS 17100: ÿc4=== [COUNTESS] ===
[10/05/26 06:19:21] D2BS 17100: party has left: fowo-xe
[10/05/26 06:19:21] D2BS 17100:  [07:53] +36.57% / [Level 81] 9.27%
[10/05/26 06:19:21] D2BS 17100: Script threads\autobuildthread.js ended
[10/05/26 06:19:21] D2BS 17100: Script threads\partythread.js ended
[10/05/26 06:19:21] D2BS 17100: Script threads\townchicken.js ended
[10/05/26 06:19:21] D2BS 17100: Script default.dbj ended
[10/05/26 06:19:33] D2BS 17100: joining game pz-91
[10/05/26 06:19:35] D2BS 17100: ÿc2D2BSÿc0 :: Starting default.dbj
[10/05/26 06:19:35] D2BS 17100: ÿc2D2BSÿc0 :: default.dbj running.
[10/05/26 06:19:35] D2BS 17100: Loaded ÿc9[X.nip] [Y.nip] [Z.nip] [V.nip] [P.CONC.nip]
[10/05/26 06:19:35] D2BS 17100: Loaded ÿc9[P.CONC.js]
[10/05/26 06:19:35] D2BS 17100: equipped: [Head] 13
[10/05/26 06:19:35] D2BS 17100: equipped: [Neck] 16
[10/05/26 06:19:35] D2BS 17100: equipped: [Body] 17
[10/05/26 06:19:35] D2BS 17100: equipped: [ArmR] 19
[10/05/26 06:19:35] D2BS 17100: equipped: [ArmL] 27
[10/05/26 06:19:35] D2BS 17100: equipped: [RingR] 11
[10/05/26 06:19:35] D2BS 17100: equipped: [RingL] 12
[10/05/26 06:19:35] D2BS 17100: equipped: [Belt] 15
[10/05/26 06:19:35] D2BS 17100: equipped: [Boots] 12
[10/05/26 06:19:35] D2BS 17100: equipped: [Mitts] 14
[10/05/26 06:19:35] D2BS 17100: updateStat
[10/05/26 06:19:35] D2BS 17100: granted: [Head] 14
[10/05/26 06:19:35] D2BS 17100: granted: [Body] 18
[10/05/26 06:19:35] D2BS 17100: granted: [ArmR] 15
[10/05/26 06:19:35] D2BS 17100: Loaded ÿc9[AutoSmurf.js]
[10/05/26 06:19:41] D2BS 17100: farmingON
[10/05/26 06:19:41] D2BS 17100: MiniShopBot: true
[10/05/26 06:19:41] D2BS 17100: UseMerc: true HP: 70
[10/05/26 06:19:54] D2BS 17100: Merc matched: Holy Freeze
[10/05/26 06:20:11] D2BS 17100: Token needed
[10/05/26 06:20:15] D2BS 17100: act5+ BO
[10/05/26 06:20:37] D2BS 17100: ÿc4=== [BAAL] ===
[10/05/26 06:23:23] D2BS 17100: party has left: fowo-xe
[10/05/26 06:23:23] D2BS 17100:  [03:49] +22.82% / [Level 81] 32.08%
[10/05/26 06:23:23] D2BS 17100: Script threads\autobuildthread.js ended
[10/05/26 06:23:23] D2BS 17100: Script threads\partythread.js ended
[10/05/26 06:23:23] D2BS 17100: Script threads\townchicken.js ended
[10/05/26 06:23:23] D2BS 17100: Script default.dbj ended
[10/05/26 06:23:45] D2BS 17100: joining game pz-92
[10/05/26 06:23:46] D2BS 17100: ÿc2D2BSÿc0 :: Starting default.dbj
[10/05/26 06:23:46] D2BS 17100: ÿc2D2BSÿc0 :: default.dbj running.
[10/05/26 06:23:47] D2BS 17100: Loaded ÿc9[X.nip] [Y.nip] [Z.nip] [V.nip] [P.CONC.nip]
[10/05/26 06:23:47] D2BS 17100: Loaded ÿc9[P.CONC.js]
[10/05/26 06:23:47] D2BS 17100: equipped: [Head] 13
[10/05/26 06:23:47] D2BS 17100: equipped: [Neck] 16
[10/05/26 06:23:47] D2BS 17100: equipped: [Body] 17
[10/05/26 06:23:47] D2BS 17100: equipped: [ArmR] 19
[10/05/26 06:23:47] D2BS 17100: equipped: [ArmL] 27
[10/05/26 06:23:47] D2BS 17100: equipped: [RingR] 11
[10/05/26 06:23:47] D2BS 17100: equipped: [RingL] 12
[10/05/26 06:23:47] D2BS 17100: equipped: [Belt] 15
[10/05/26 06:23:47] D2BS 17100: equipped: [Boots] 12
[10/05/26 06:23:47] D2BS 17100: equipped: [Mitts] 14
[10/05/26 06:23:47] D2BS 17100: updateStat
[10/05/26 06:23:48] D2BS 17100: granted: [Head] 14
[10/05/26 06:23:48] D2BS 17100: granted: [Body] 18
[10/05/26 06:23:48] D2BS 17100: granted: [ArmR] 15
[10/05/26 06:23:48] D2BS 17100: Loaded ÿc9[AutoSmurf.js]
[10/05/26 06:23:49] D2BS 17100: MiniShopBot: true
[10/05/26 06:23:49] D2BS 17100: farmingON
[10/05/26 06:23:49] D2BS 17100: UseMerc: true HP: 70
[10/05/26 06:23:51] D2BS 17100: granted: [ArmR] 18
[10/05/26 06:24:07] D2BS 17100: Merc matched: Holy Freeze
[10/05/26 06:24:17] D2BS 17100: Token needed
[10/05/26 06:24:21] D2BS 17100: act5+ BO
[10/05/26 06:24:34] D2BS 17100: ÿc4=== [BAAL] ===
[10/05/26 06:28:47] D2BS 17100:  [05:01] +2.05% / [Level 81] 34.13%
[10/05/26 06:28:47] D2BS 17100: Script threads\autobuildthread.js ended
[10/05/26 06:28:47] D2BS 17100: Script threads\partythread.js ended
[10/05/26 06:28:47] D2BS 17100: Script threads\townchicken.js ended
[10/05/26 06:29:00] D2BS 17100: joining game pz-93
[10/05/26 06:29:02] D2BS 17100: ÿc2D2BSÿc0 :: Starting default.dbj
[10/05/26 06:29:02] D2BS 17100: ÿc2D2BSÿc0 :: default.dbj running.
[10/05/26 06:29:02] D2BS 17100: Loaded ÿc9[X.nip] [Y.nip] [Z.nip] [V.nip] [P.CONC.nip]
[10/05/26 06:29:02] D2BS 17100: Loaded ÿc9[P.CONC.js]
[10/05/26 06:29:02] D2BS 17100: equipped: [Head] 13
[10/05/26 06:29:02] D2BS 17100: equipped: [Neck] 16
[10/05/26 06:29:02] D2BS 17100: equipped: [Body] 17
[10/05/26 06:29:02] D2BS 17100: equipped: [ArmR] 19
[10/05/26 06:29:02] D2BS 17100: equipped: [ArmL] 27
[10/05/26 06:29:02] D2BS 17100: equipped: [RingR] 11
[10/05/26 06:29:02] D2BS 17100: equipped: [RingL] 12
[10/05/26 06:29:02] D2BS 17100: equipped: [Belt] 15
[10/05/26 06:29:02] D2BS 17100: equipped: [Boots] 12
[10/05/26 06:29:02] D2BS 17100: equipped: [Mitts] 14
[10/05/26 06:29:02] D2BS 17100: updateStat
[10/05/26 06:29:02] D2BS 17100: granted: [Head] 14
[10/05/26 06:29:02] D2BS 17100: granted: [Body] 18
[10/05/26 06:29:02] D2BS 17100: granted: [ArmR] 18
[10/05/26 06:29:02] D2BS 17100: Loaded ÿc9[AutoSmurf.js]
[10/05/26 06:29:04] D2BS 17100: MiniShopBot: true
[10/05/26 06:29:05] D2BS 17100: farmingON
[10/05/26 06:29:05] D2BS 17100: UseMerc: true HP: 70
[10/05/26 06:29:23] D2BS 17100: Merc matched: Holy Freeze
[10/05/26 06:29:33] D2BS 17100: Token needed
[10/05/26 06:29:38] D2BS 17100: act5+ BO
[10/05/26 06:29:52] D2BS 17100: ÿc4=== [BAAL] ===
[10/05/26 06:30:06] D2BS 17100: Baal failed: souls found
[10/05/26 06:30:06] D2BS 17100: ÿc4=== [COUNTESS] ===
[10/05/26 06:31:09] D2BS 17100: ÿc4=== [PIT] ===
[10/05/26 06:33:01] D2BS 17100: ÿc4=== [ANDY] ===
[10/05/26 06:33:45] D2BS 17100: updateStat
[10/05/26 06:33:56] D2BS 17100: ÿc4=== [MEPHISTO] ===
[10/05/26 06:34:59] D2BS 17100: Going to town
[10/05/26 06:35:00] D2BS 17100: [Chicken] Life (1706/5335) area:102 (17530,8075)
[10/05/26 06:35:00] D2BS 17100:  [05:58] +8.32% / [Level 81] 42.45%
[10/05/26 06:35:00] D2BS 17100: Script threads\autobuildthread.js ended
[10/05/26 06:35:01] D2BS 17100: Script threads\partythread.js ended
[10/05/26 06:35:01] D2BS 17100: Script threads\townchicken.js ended
[10/05/26 06:35:01] D2BS 17100: Script default.dbj ended
[10/05/26 06:35:14] D2BS 17100: joining game pz-94
[10/05/26 06:35:16] D2BS 17100: ÿc2D2BSÿc0 :: Starting default.dbj
[10/05/26 06:35:16] D2BS 17100: ÿc2D2BSÿc0 :: default.dbj running.
[10/05/26 06:35:16] D2BS 17100: Loaded ÿc9[X.nip] [Y.nip] [Z.nip] [V.nip] [P.CONC.nip]
[10/05/26 06:35:16] D2BS 17100: Loaded ÿc9[P.CONC.js]
[10/05/26 06:35:16] D2BS 17100: equipped: [Head] 13
[10/05/26 06:35:16] D2BS 17100: equipped: [Neck] 16
[10/05/26 06:35:16] D2BS 17100: equipped: [Body] 17
[10/05/26 06:35:16] D2BS 17100: equipped: [ArmR] 19
[10/05/26 06:35:16] D2BS 17100: equipped: [ArmL] 27
[10/05/26 06:35:16] D2BS 17100: equipped: [RingR] 11
[10/05/26 06:35:16] D2BS 17100: equipped: [RingL] 12
[10/05/26 06:35:16] D2BS 17100: equipped: [Belt] 15
[10/05/26 06:35:16] D2BS 17100: equipped: [Boots] 12
[10/05/26 06:35:17] D2BS 17100: equipped: [Mitts] 14
[10/05/26 06:35:17] D2BS 17100: Loaded ÿc9[AutoSmurf.js]
[10/05/26 06:35:27] D2BS 17100: MiniShopBot: true
[10/05/26 06:35:27] D2BS 17100: farmingON
[10/05/26 06:35:27] D2BS 17100: UseMerc: true HP: 70
[10/05/26 06:35:42] D2BS 17100: Merc matched: Holy Freeze
[10/05/26 06:36:00] D2BS 17100: Token needed
[10/05/26 06:36:05] D2BS 17100: act5+ BO
[10/05/26 06:36:06] D2BS 17100: updateStat
[10/05/26 06:36:18] D2BS 17100: ÿc4=== [BAAL] ===
[10/05/26 06:36:40] D2BS 17100: Baal failed: souls found
[10/05/26 06:36:40] D2BS 17100: ÿc4=== [COUNTESS] ===
[10/05/26 06:37:58] D2BS 17100: ÿc4=== [PIT] ===
[10/05/26 06:39:41] D2BS 17100: ÿc4=== [ANDY] ===
[10/05/26 06:40:37] D2BS 17100: ÿc4=== [MEPHISTO] ===
[10/05/26 06:42:05] D2BS 17100: ÿc4=== [DIABLO] ===
[10/05/26 06:43:27] D2BS 17100: party has left: fowo-xe
[10/05/26 06:43:28] D2BS 17100:  [08:12] +13.71% / [Level 81] 56.59%
[10/05/26 06:43:28] D2BS 17100: Script threads\autobuildthread.js ended
[10/05/26 06:43:28] D2BS 17100: Script threads\partythread.js ended
[10/05/26 06:43:28] D2BS 17100: Script threads\townchicken.js ended
[10/05/26 06:43:28] D2BS 17100: Script default.dbj ended
[10/05/26 06:43:40] D2BS 17100: joining game pz-95
[10/05/26 06:43:42] D2BS 17100: ÿc2D2BSÿc0 :: Starting default.dbj
[10/05/26 06:43:42] D2BS 17100: ÿc2D2BSÿc0 :: default.dbj running.
[10/05/26 06:43:42] D2BS 17100: Loaded ÿc9[X.nip] [Y.nip] [Z.nip] [V.nip] [P.CONC.nip]
[10/05/26 06:43:42] D2BS 17100: Loaded ÿc9[P.CONC.js]
[10/05/26 06:43:42] D2BS 17100: equipped: [Head] 13
[10/05/26 06:43:42] D2BS 17100: equipped: [Neck] 16
[10/05/26 06:43:42] D2BS 17100: equipped: [Body] 17
[10/05/26 06:43:42] D2BS 17100: equipped: [ArmR] 19
[10/05/26 06:43:42] D2BS 17100: equipped: [ArmL] 27
[10/05/26 06:43:43] D2BS 17100: equipped: [RingR] 11
[10/05/26 06:43:43] D2BS 17100: equipped: [RingL] 12
[10/05/26 06:43:43] D2BS 17100: equipped: [Belt] 15
[10/05/26 06:43:43] D2BS 17100: equipped: [Boots] 12
[10/05/26 06:43:43] D2BS 17100: equipped: [Mitts] 14
[10/05/26 06:43:43] D2BS 17100: updateStat
[10/05/26 06:43:43] D2BS 17100: granted: [Head] 14
[10/05/26 06:43:43] D2BS 17100: granted: [Body] 18
[10/05/26 06:43:43] D2BS 17100: granted: [ArmR] 18
[10/05/26 06:43:43] D2BS 17100: Loaded ÿc9[AutoSmurf.js]
[10/05/26 06:43:48] D2BS 17100: farmingON
[10/05/26 06:43:50] D2BS 17100: MiniShopBot: true
[10/05/26 06:43:50] D2BS 17100: UseMerc: true HP: 70
[10/05/26 06:44:10] D2BS 17100: Merc matched: Holy Freeze
[10/05/26 06:44:23] D2BS 17100: Token needed
[10/05/26 06:44:26] D2BS 17100: act5+ BO
[10/05/26 06:44:40] D2BS 17100: ÿc4=== [BAAL] ===
[10/05/26 06:48:12] D2BS 17100: ÿc4=== [COUNTESS] ===
[10/05/26 06:49:25] D2BS 17100: ÿc4=== [PIT] ===
[10/05/26 06:50:36] D2BS 17100: Going to town
[10/05/26 06:50:36] D2BS 17100: [Chicken] Life (1861/5335) area:16 (7571,14436)
[10/05/26 06:50:36] D2BS 17100:  [06:54] +28.70% / [Level 81] 85.30%
[10/05/26 06:50:36] D2BS 17100: Script threads\autobuildthread.js ended
[10/05/26 06:50:36] D2BS 17100: Script threads\partythread.js ended
[10/05/26 06:50:36] D2BS 17100: Script threads\townchicken.js ended
[10/05/26 06:50:36] D2BS 17100: Script default.dbj ended
[10/05/26 06:50:49] D2BS 17100: joining game pz-96
[10/05/26 06:50:50] D2BS 17100: ÿc2D2BSÿc0 :: Starting default.dbj
[10/05/26 06:50:50] D2BS 17100: ÿc2D2BSÿc0 :: default.dbj running.
[10/05/26 06:50:50] D2BS 17100: Loaded ÿc9[X.nip] [Y.nip] [Z.nip] [V.nip] [P.CONC.nip]
[10/05/26 06:50:50] D2BS 17100: Loaded ÿc9[P.CONC.js]
[10/05/26 06:50:50] D2BS 17100: equipped: [Head] 13
[10/05/26 06:50:50] D2BS 17100: equipped: [Neck] 16
[10/05/26 06:50:50] D2BS 17100: equipped: [Body] 17
[10/05/26 06:50:50] D2BS 17100: equipped: [ArmR] 19
[10/05/26 06:50:50] D2BS 17100: equipped: [ArmL] 27
[10/05/26 06:50:51] D2BS 17100: equipped: [RingR] 11
[10/05/26 06:50:51] D2BS 17100: equipped: [RingL] 12
[10/05/26 06:50:51] D2BS 17100: equipped: [Belt] 15
[10/05/26 06:50:51] D2BS 17100: equipped: [Boots] 12
[10/05/26 06:50:51] D2BS 17100: equipped: [Mitts] 14
[10/05/26 06:50:51] D2BS 17100: updateStat
[10/05/26 06:50:51] D2BS 17100: granted: [Head] 14
[10/05/26 06:50:51] D2BS 17100: granted: [Body] 18
[10/05/26 06:50:51] D2BS 17100: granted: [ArmR] 18
[10/05/26 06:50:51] D2BS 17100: Loaded ÿc9[AutoSmurf.js]
[10/05/26 06:50:57] D2BS 17100: farmingON
[10/05/26 06:50:58] D2BS 17100: MiniShopBot: true
[10/05/26 06:50:58] D2BS 17100: UseMerc: true HP: 70
[10/05/26 06:51:17] D2BS 17100: granted: [ArmR] 20
[10/05/26 06:51:17] D2BS 17100: Merc matched: Holy Freeze
[10/05/26 06:51:31] D2BS 17100: Token needed
[10/05/26 06:51:34] D2BS 17100: act5+ BO
[10/05/26 06:51:48] D2BS 17100: ÿc4=== [BAAL] ===
[10/05/26 06:52:09] D2BS 17100: Baal failed: souls found
[10/05/26 06:52:09] D2BS 17100: ÿc4=== [COUNTESS] ===
[10/05/26 06:53:21] D2BS 17100: ÿc4=== [PIT] ===
[10/05/26 06:55:10] D2BS 17100: ÿc4=== [ANDY] ===
[10/05/26 06:56:11] D2BS 17100: ÿc4=== [MEPHISTO] ===
[10/05/26 06:57:55] D2BS 17100: ÿc4=== [DIABLO] ===
[10/05/26 06:59:49] D2BS 17100: party has left: fowo-xe
[10/05/26 06:59:49] D2BS 17100:  [08:59] +18.89% / [Level 82] 5.40%
[10/05/26 06:59:49] D2BS 17100: Script threads\autobuildthread.js ended
[10/05/26 06:59:49] D2BS 17100: Script threads\partythread.js ended
[10/05/26 06:59:49] D2BS 17100: Script threads\townchicken.js ended
[10/05/26 06:59:49] D2BS 17100: Script default.dbj ended
[10/05/26 07:00:01] D2BS 17100: joining game pz-97
[10/05/26 07:00:03] D2BS 17100: ÿc2D2BSÿc0 :: Starting default.dbj
[10/05/26 07:00:03] D2BS 17100: ÿc2D2BSÿc0 :: default.dbj running.
[10/05/26 07:00:04] D2BS 17100: Loaded ÿc9[X.nip] [Y.nip] [Z.nip] [V.nip] [P.CONC.nip]
[10/05/26 07:00:04] D2BS 17100: Loaded ÿc9[P.CONC.js]
[10/05/26 07:00:04] D2BS 17100: equipped: [Head] 13
[10/05/26 07:00:04] D2BS 17100: equipped: [Neck] 16
[10/05/26 07:00:04] D2BS 17100: equipped: [Body] 17
[10/05/26 07:00:04] D2BS 17100: equipped: [ArmR] 19
[10/05/26 07:00:04] D2BS 17100: equipped: [ArmL] 27
[10/05/26 07:00:04] D2BS 17100: equipped: [RingR] 11
[10/05/26 07:00:04] D2BS 17100: equipped: [RingL] 12
[10/05/26 07:00:04] D2BS 17100: equipped: [Belt] 15
[10/05/26 07:00:04] D2BS 17100: equipped: [Boots] 12
[10/05/26 07:00:04] D2BS 17100: equipped: [Mitts] 14
[10/05/26 07:00:04] D2BS 17100: updateStat
[10/05/26 07:00:04] D2BS 17100: granted: [Head] 14
[10/05/26 07:00:04] D2BS 17100: granted: [Body] 18
[10/05/26 07:00:04] D2BS 17100: granted: [ArmR] 20
[10/05/26 07:00:04] D2BS 17100: Loaded ÿc9[AutoSmurf.js]
[10/05/26 07:00:09] D2BS 17100: farmingON
[10/05/26 07:00:09] D2BS 17100: MiniShopBot: true
[10/05/26 07:00:09] D2BS 17100: UseMerc: true HP: 70
[10/05/26 07:00:24] D2BS 17100: Merc matched: Holy Freeze
[10/05/26 07:00:45] D2BS 17100: Token needed
[10/05/26 07:00:49] D2BS 17100: act5+ BO
[10/05/26 07:01:02] D2BS 17100: ÿc4=== [BAAL] ===
[10/05/26 07:04:30] D2BS 17100: ÿc4=== [COUNTESS] ===
[10/05/26 07:05:39] D2BS 17100: ÿc4=== [PIT] ===
[10/05/26 07:07:30] D2BS 17100: ÿc4=== [ANDY] ===
[10/05/26 07:08:26] D2BS 17100: ÿc4=== [MEPHISTO] ===
[10/05/26 07:10:26] D2BS 17100: ÿc4=== [DIABLO] ===
[10/05/26 07:16:44] D2BS 17100: Script ended
[10/05/26 07:16:44] D2BS 17100:  [16:40] +45.97% / [Level 82] 51.38%
[10/05/26 07:16:44] D2BS 17100: Script threads\autobuildthread.js ended
[10/05/26 07:16:45] D2BS 17100: Script threads\partythread.js ended
[10/05/26 07:16:45] D2BS 17100: Script threads\townchicken.js ended
[10/05/26 07:16:57] D2BS 17100: joining game pz-98
[10/05/26 07:16:59] D2BS 17100: ÿc2D2BSÿc0 :: Starting default.dbj
[10/05/26 07:16:59] D2BS 17100: ÿc2D2BSÿc0 :: default.dbj running.
[10/05/26 07:16:59] D2BS 17100: Loaded ÿc9[X.nip] [Y.nip] [Z.nip] [V.nip] [P.CONC.nip]
[10/05/26 07:16:59] D2BS 17100: Loaded ÿc9[P.CONC.js]
[10/05/26 07:16:59] D2BS 17100: equipped: [Head] 13
[10/05/26 07:16:59] D2BS 17100: equipped: [Neck] 16
[10/05/26 07:16:59] D2BS 17100: equipped: [Body] 17
[10/05/26 07:17:00] D2BS 17100: equipped: [ArmR] 19
[10/05/26 07:17:00] D2BS 17100: equipped: [ArmL] 27
[10/05/26 07:17:00] D2BS 17100: equipped: [RingR] 11
[10/05/26 07:17:00] D2BS 17100: equipped: [RingL] 12
[10/05/26 07:17:00] D2BS 17100: equipped: [Belt] 15
[10/05/26 07:17:00] D2BS 17100: equipped: [Boots] 12
[10/05/26 07:17:00] D2BS 17100: equipped: [Mitts] 14
[10/05/26 07:17:00] D2BS 17100: updateStat
[10/05/26 07:17:00] D2BS 17100: granted: [Head] 14
[10/05/26 07:17:00] D2BS 17100: granted: [Body] 18
[10/05/26 07:17:00] D2BS 17100: granted: [ArmR] 20
[10/05/26 07:17:00] D2BS 17100: Loaded ÿc9[AutoSmurf.js]
[10/05/26 07:17:04] D2BS 17100: farmingON
[10/05/26 07:17:05] D2BS 17100: MiniShopBot: true
[10/05/26 07:17:05] D2BS 17100: UseMerc: true HP: 70
[10/05/26 07:17:28] D2BS 17100: Merc matched: Holy Freeze
[10/05/26 07:17:39] D2BS 17100: Token needed
[10/05/26 07:17:44] D2BS 17100: act5+ BO
[10/05/26 07:17:57] D2BS 17100: ÿc4=== [BAAL] ===
[10/05/26 07:18:15] D2BS 17100: Baal failed: souls found
[10/05/26 07:18:15] D2BS 17100: ÿc4=== [COUNTESS] ===
[10/05/26 07:19:14] D2BS 17100: ÿc4=== [PIT] ===
[10/05/26 07:21:26] D2BS 17100: ÿc4=== [ANDY] ===
[10/05/26 07:22:23] D2BS 17100: ÿc4=== [MEPHISTO] ===
[10/05/26 07:24:13] D2BS 17100: ÿc4=== [DIABLO] ===
[10/05/26 07:26:56] D2BS 17100: updateStat
[10/05/26 07:30:43] D2BS 17100: party has left: fowo-xg
[10/05/26 07:30:43] D2BS 17100:  [13:44] +36.34% / [Level 82] 87.72%
[10/05/26 07:30:43] D2BS 17100: Script threads\autobuildthread.js ended
[10/05/26 07:30:43] D2BS 17100: Script threads\partythread.js ended
[10/05/26 07:30:43] D2BS 17100: Script threads\townchicken.js ended
[10/05/26 07:30:44] D2BS 17100: Script default.dbj ended
[10/05/26 07:30:56] D2BS 17100: joining game pz-99
[10/05/26 07:30:57] D2BS 17100: ÿc2D2BSÿc0 :: Starting default.dbj
[10/05/26 07:30:57] D2BS 17100: ÿc2D2BSÿc0 :: default.dbj running.
[10/05/26 07:30:59] D2BS 17100: Loaded ÿc9[X.nip] [Y.nip] [Z.nip] [V.nip] [P.CONC.nip]
[10/05/26 07:30:59] D2BS 17100: Loaded ÿc9[P.CONC.js]
[10/05/26 07:30:59] D2BS 17100: equipped: [Head] 13
[10/05/26 07:30:59] D2BS 17100: equipped: [Neck] 16
[10/05/26 07:30:59] D2BS 17100: equipped: [Body] 17
[10/05/26 07:30:59] D2BS 17100: equipped: [ArmR] 19
[10/05/26 07:30:59] D2BS 17100: equipped: [ArmL] 27
[10/05/26 07:30:59] D2BS 17100: equipped: [RingR] 11
[10/05/26 07:30:59] D2BS 17100: equipped: [RingL] 12
[10/05/26 07:30:59] D2BS 17100: equipped: [Belt] 15
[10/05/26 07:30:59] D2BS 17100: equipped: [Boots] 12
[10/05/26 07:30:59] D2BS 17100: equipped: [Mitts] 14
[10/05/26 07:30:59] D2BS 17100: updateStat
[10/05/26 07:30:59] D2BS 17100: granted: [Head] 14
[10/05/26 07:30:59] D2BS 17100: granted: [Body] 18
[10/05/26 07:30:59] D2BS 17100: granted: [ArmR] 20
[10/05/26 07:30:59] D2BS 17100: Loaded ÿc9[AutoSmurf.js]
[10/05/26 07:31:03] D2BS 17100: farmingON
[10/05/26 07:31:05] D2BS 17100: MiniShopBot: true
[10/05/26 07:31:05] D2BS 17100: UseMerc: true HP: 70
[10/05/26 07:31:31] D2BS 17100: Merc matched: Holy Freeze
[10/05/26 07:31:34] D2BS 17100: Token needed
[10/05/26 07:31:39] D2BS 17100: act5+ BO
[10/05/26 07:31:52] D2BS 17100: ÿc4=== [BAAL] ===
[10/05/26 07:35:24] D2BS 17100: ÿc4=== [COUNTESS] ===
[10/05/26 07:36:35] D2BS 17100: ÿc4=== [PIT] ===
[10/05/26 07:38:16] D2BS 17100: ÿc4=== [ANDY] ===
[10/05/26 07:39:09] D2BS 17100: ÿc4=== [MEPHISTO] ===
[10/05/26 07:40:52] D2BS 17100: ÿc4=== [DIABLO] ===
[10/05/26 07:48:07] D2BS 17100: party has left: fowo-xb
[10/05/26 07:48:07] D2BS 17100:  [17:09] +42.28% / [Level 83] 31.02%
[10/05/26 07:48:07] D2BS 17100: Script threads\autobuildthread.js ended
[10/05/26 07:48:07] D2BS 17100: Script threads\partythread.js ended
[10/05/26 07:48:08] D2BS 17100: Script threads\townchicken.js ended
[10/05/26 07:48:08] D2BS 17100: Script default.dbj ended
[10/05/26 07:48:20] D2BS 17100: joining game pz-100
[10/05/26 07:48:23] D2BS 17100: ÿc2D2BSÿc0 :: Starting default.dbj
[10/05/26 07:48:23] D2BS 17100: ÿc2D2BSÿc0 :: default.dbj running.
[10/05/26 07:48:23] D2BS 17100: Loaded ÿc9[X.nip] [Y.nip] [Z.nip] [V.nip] [P.CONC.nip]
[10/05/26 07:48:23] D2BS 17100: Loaded ÿc9[P.CONC.js]
[10/05/26 07:48:23] D2BS 17100: equipped: [Head] 13
[10/05/26 07:48:23] D2BS 17100: equipped: [Neck] 16
[10/05/26 07:48:23] D2BS 17100: equipped: [Body] 17
[10/05/26 07:48:23] D2BS 17100: equipped: [ArmR] 19
[10/05/26 07:48:23] D2BS 17100: equipped: [ArmL] 27
[10/05/26 07:48:23] D2BS 17100: equipped: [RingR] 11
[10/05/26 07:48:23] D2BS 17100: equipped: [RingL] 12
[10/05/26 07:48:23] D2BS 17100: equipped: [Belt] 15
[10/05/26 07:48:23] D2BS 17100: equipped: [Boots] 12
[10/05/26 07:48:23] D2BS 17100: equipped: [Mitts] 14
[10/05/26 07:48:23] D2BS 17100: updateStat
[10/05/26 07:48:23] D2BS 17100: granted: [Head] 14
[10/05/26 07:48:23] D2BS 17100: granted: [Body] 18
[10/05/26 07:48:23] D2BS 17100: granted: [ArmR] 20
[10/05/26 07:48:23] D2BS 17100: Loaded ÿc9[AutoSmurf.js]
[10/05/26 07:48:27] D2BS 17100: farmingON
[10/05/26 07:48:30] D2BS 17100: MiniShopBot: true
[10/05/26 07:48:30] D2BS 17100: UseMerc: true HP: 70
[10/05/26 07:48:51] D2BS 17100: Merc matched: Holy Freeze
[10/05/26 07:48:58] D2BS 17100: Token needed
[10/05/26 07:49:02] D2BS 17100: act5+ BO
[10/05/26 07:49:14] D2BS 17100: ÿc4=== [BAAL] ===
[10/05/26 07:49:27] D2BS 17100: Baal failed: souls found
[10/05/26 07:49:27] D2BS 17100: ÿc4=== [COUNTESS] ===
[10/05/26 07:50:36] D2BS 17100: ÿc4=== [PIT] ===
[10/05/26 07:51:24] D2BS 17100: Going to town
[10/05/26 07:52:19] D2BS 17100: ÿc4=== [ANDY] ===
[10/05/26 07:53:22] D2BS 17100: ÿc4=== [MEPHISTO] ===
[10/05/26 07:53:31] D2BS 17100: equipped: [RingR] 13
[10/05/26 07:54:58] D2BS 17100: ÿc4=== [DIABLO] ===
[10/05/26 07:59:45] D2BS 17100: Going to town
[10/05/26 07:59:45] D2BS 17100: [Chicken] Life (1306/5468) area:108 (7668,5321)
[10/05/26 07:59:45] D2BS 17100:  [11:24] +13.72% / [Level 83] 44.74%
[10/05/26 07:59:45] D2BS 17100: Script threads\autobuildthread.js ended
[10/05/26 07:59:45] D2BS 17100: Script threads\partythread.js ended
[10/05/26 07:59:45] D2BS 17100: Script threads\townchicken.js ended
[10/05/26 07:59:45] D2BS 17100: Script default.dbj ended
[10/05/26 07:59:57] D2BS 17100: joining game pz-101
[10/05/26 07:59:58] D2BS 17100: ÿc2D2BSÿc0 :: Starting default.dbj
[10/05/26 07:59:58] D2BS 17100: ÿc2D2BSÿc0 :: default.dbj running.
[10/05/26 07:59:59] D2BS 17100: Loaded ÿc9[X.nip] [Y.nip] [Z.nip] [V.nip] [P.CONC.nip]
[10/05/26 07:59:59] D2BS 17100: Loaded ÿc9[P.CONC.js]
[10/05/26 07:59:59] D2BS 17100: equipped: [Head] 13
[10/05/26 07:59:59] D2BS 17100: equipped: [Neck] 16
[10/05/26 07:59:59] D2BS 17100: equipped: [Body] 17
[10/05/26 07:59:59] D2BS 17100: equipped: [ArmR] 19
[10/05/26 07:59:59] D2BS 17100: equipped: [ArmL] 27
[10/05/26 07:59:59] D2BS 17100: equipped: [RingR] 13
[10/05/26 07:59:59] D2BS 17100: equipped: [RingL] 12
[10/05/26 07:59:59] D2BS 17100: equipped: [Belt] 15
[10/05/26 07:59:59] D2BS 17100: equipped: [Boots] 12
[10/05/26 07:59:59] D2BS 17100: equipped: [Mitts] 14
[10/05/26 07:59:59] D2BS 17100: updateStat
[10/05/26 07:59:59] D2BS 17100: granted: [Head] 14
[10/05/26 07:59:59] D2BS 17100: granted: [Body] 18
[10/05/26 07:59:59] D2BS 17100: granted: [ArmR] 20
[10/05/26 07:59:59] D2BS 17100: Loaded ÿc9[AutoSmurf.js]
[10/05/26 08:00:04] D2BS 17100: farmingON
[10/05/26 08:00:05] D2BS 17100: MiniShopBot: true
[10/05/26 08:00:05] D2BS 17100: UseMerc: true HP: 70
[10/05/26 08:00:31] D2BS 17100: Merc matched: Holy Freeze
[10/05/26 08:00:35] D2BS 17100: Token needed
[10/05/26 08:00:39] D2BS 17100: act5+ BO
[10/05/26 08:00:54] D2BS 17100: ÿc4=== [BAAL] ===
[10/05/26 08:01:37] D2BS 17100: updateStat
[10/05/26 08:01:43] D2BS 17100: Going to town
[10/05/26 08:03:37] D2BS 17100: [Chicken] Life (1874/5392) area:131 (15095,5034)
[10/05/26 08:03:37] D2BS 17100: Going to town
[10/05/26 08:03:37] D2BS 17100:  [03:39] +16.35% / [Level 83] 61.09%
[10/05/26 08:03:37] D2BS 17100: Script threads\autobuildthread.js ended
[10/05/26 08:03:37] D2BS 17100: Script threads\partythread.js ended
[10/05/26 08:03:37] D2BS 17100: Script threads\townchicken.js ended
[10/05/26 08:03:37] D2BS 17100: Script default.dbj ended
[10/05/26 08:03:53] D2BS 17100: joining game pz-102
[10/05/26 08:03:54] D2BS 17100: ÿc2D2BSÿc0 :: Starting default.dbj
[10/05/26 08:03:54] D2BS 17100: ÿc2D2BSÿc0 :: default.dbj running.
[10/05/26 08:03:55] D2BS 17100: Loaded ÿc9[X.nip] [Y.nip] [Z.nip] [V.nip] [P.CONC.nip]
[10/05/26 08:03:55] D2BS 17100: Loaded ÿc9[P.CONC.js]
[10/05/26 08:03:55] D2BS 17100: equipped: [Head] 13
[10/05/26 08:03:55] D2BS 17100: equipped: [Neck] 16
[10/05/26 08:03:55] D2BS 17100: equipped: [Body] 17
[10/05/26 08:03:55] D2BS 17100: equipped: [ArmR] 19
[10/05/26 08:03:55] D2BS 17100: equipped: [ArmL] 27
[10/05/26 08:03:55] D2BS 17100: equipped: [RingR] 13
[10/05/26 08:03:55] D2BS 17100: equipped: [RingL] 12
[10/05/26 08:03:55] D2BS 17100: equipped: [Belt] 15
[10/05/26 08:03:55] D2BS 17100: equipped: [Boots] 12
[10/05/26 08:03:55] D2BS 17100: equipped: [Mitts] 14
[10/05/26 08:03:55] D2BS 17100: updateStat
[10/05/26 08:03:55] D2BS 17100: granted: [Head] 14
[10/05/26 08:03:55] D2BS 17100: granted: [Body] 18
[10/05/26 08:03:55] D2BS 17100: granted: [ArmR] 20
[10/05/26 08:03:55] D2BS 17100: Loaded ÿc9[AutoSmurf.js]
[10/05/26 08:03:56] D2BS 17100: MiniShopBot: true
[10/05/26 08:03:57] D2BS 17100: farmingON
[10/05/26 08:03:57] D2BS 17100: UseMerc: true HP: 70
[10/05/26 08:04:14] D2BS 17100: Merc matched: Holy Freeze
[10/05/26 08:04:21] D2BS 17100: Token needed
[10/05/26 08:04:25] D2BS 17100: act5+ BO
[10/05/26 08:04:39] D2BS 17100: ÿc4=== [BAAL] ===
[10/05/26 08:05:01] D2BS 17100: Baal failed: souls found
[10/05/26 08:05:01] D2BS 17100: ÿc4=== [COUNTESS] ===
[10/05/26 08:06:04] D2BS 17100: ÿc4=== [PIT] ===
[10/05/26 08:08:07] D2BS 17100: ÿc4=== [ANDY] ===
[10/05/26 08:09:04] D2BS 17100: ÿc4=== [MEPHISTO] ===
[10/05/26 08:10:32] D2BS 17100: ÿc4=== [DIABLO] ===
[10/05/26 08:16:50] D2BS 17100: party has left: fowo-xg
[10/05/26 08:16:50] D2BS 17100:  [12:56] +20.36% / [Level 83] 81.44%
[10/05/26 08:16:50] D2BS 17100: Script threads\autobuildthread.js ended
[10/05/26 08:16:51] D2BS 17100: Script threads\partythread.js ended
[10/05/26 08:16:51] D2BS 17100: Script threads\townchicken.js ended
[10/05/26 08:16:51] D2BS 17100: Script default.dbj ended
[10/05/26 08:17:03] D2BS 17100: joining game pz-103
[10/05/26 08:17:05] D2BS 17100: ÿc2D2BSÿc0 :: Starting default.dbj
[10/05/26 08:17:05] D2BS 17100: ÿc2D2BSÿc0 :: default.dbj running.
[10/05/26 08:17:05] D2BS 17100: Loaded ÿc9[X.nip] [Y.nip] [Z.nip] [V.nip] [P.CONC.nip]
[10/05/26 08:17:05] D2BS 17100: Loaded ÿc9[P.CONC.js]
[10/05/26 08:17:05] D2BS 17100: equipped: [Head] 13
[10/05/26 08:17:05] D2BS 17100: equipped: [Neck] 16
[10/05/26 08:17:05] D2BS 17100: equipped: [Body] 17
[10/05/26 08:17:05] D2BS 17100: equipped: [ArmR] 19
[10/05/26 08:17:05] D2BS 17100: equipped: [ArmL] 27
[10/05/26 08:17:05] D2BS 17100: equipped: [RingR] 13
[10/05/26 08:17:05] D2BS 17100: equipped: [RingL] 12
[10/05/26 08:17:05] D2BS 17100: equipped: [Belt] 15
[10/05/26 08:17:05] D2BS 17100: equipped: [Boots] 12
[10/05/26 08:17:05] D2BS 17100: equipped: [Mitts] 14
[10/05/26 08:17:05] D2BS 17100: updateStat
[10/05/26 08:17:05] D2BS 17100: granted: [Head] 14
[10/05/26 08:17:05] D2BS 17100: granted: [Body] 18
[10/05/26 08:17:05] D2BS 17100: granted: [ArmR] 20
[10/05/26 08:17:05] D2BS 17100: Loaded ÿc9[AutoSmurf.js]
[10/05/26 08:17:11] D2BS 17100: farmingON
[10/05/26 08:17:13] D2BS 17100: MiniShopBot: true
[10/05/26 08:17:13] D2BS 17100: UseMerc: true HP: 70
[10/05/26 08:17:40] D2BS 17100: granted: [ArmR] 21
[10/05/26 08:17:40] D2BS 17100: Merc matched: Holy Freeze
[10/05/26 08:17:48] D2BS 17100: Token needed
[10/05/26 08:17:52] D2BS 17100: act5+ BO
[10/05/26 08:18:06] D2BS 17100: ÿc4=== [BAAL] ===
[10/05/26 08:18:53] D2BS 17100: Going to town
[10/05/26 08:23:53] D2BS 17100: party has left: fowo-xh
[10/05/26 08:23:53] D2BS 17100:  [06:48] +15.65% / [Level 83] 97.09%
[10/05/26 08:23:53] D2BS 17100: Script threads\autobuildthread.js ended
[10/05/26 08:23:53] D2BS 17100: Script threads\partythread.js ended
[10/05/26 08:23:53] D2BS 17100: Script threads\townchicken.js ended
[10/05/26 08:23:53] D2BS 17100: Script default.dbj ended
[10/05/26 08:24:05] D2BS 17100: joining game pz-104
[10/05/26 08:24:08] D2BS 17100: ÿc2D2BSÿc0 :: Starting default.dbj
[10/05/26 08:24:08] D2BS 17100: ÿc2D2BSÿc0 :: default.dbj running.
[10/05/26 08:24:08] D2BS 17100: Loaded ÿc9[X.nip] [Y.nip] [Z.nip] [V.nip] [P.CONC.nip]
[10/05/26 08:24:08] D2BS 17100: Loaded ÿc9[P.CONC.js]
[10/05/26 08:24:08] D2BS 17100: equipped: [Head] 13
[10/05/26 08:24:08] D2BS 17100: equipped: [Neck] 16
[10/05/26 08:24:08] D2BS 17100: equipped: [Body] 17
[10/05/26 08:24:08] D2BS 17100: equipped: [ArmR] 19
[10/05/26 08:24:08] D2BS 17100: equipped: [ArmL] 27
[10/05/26 08:24:08] D2BS 17100: equipped: [RingR] 13
[10/05/26 08:24:08] D2BS 17100: equipped: [RingL] 12
[10/05/26 08:24:08] D2BS 17100: equipped: [Belt] 15
[10/05/26 08:24:08] D2BS 17100: equipped: [Boots] 12
[10/05/26 08:24:08] D2BS 17100: equipped: [Mitts] 14
[10/05/26 08:24:08] D2BS 17100: updateStat
[10/05/26 08:24:08] D2BS 17100: granted: [Head] 14
[10/05/26 08:24:08] D2BS 17100: granted: [Body] 18
[10/05/26 08:24:08] D2BS 17100: granted: [ArmR] 21
[10/05/26 08:24:08] D2BS 17100: Loaded ÿc9[AutoSmurf.js]
[10/05/26 08:24:09] D2BS 17100: farmingON
[10/05/26 08:24:10] D2BS 17100: MiniShopBot: true
[10/05/26 08:24:10] D2BS 17100: UseMerc: true HP: 70
[10/05/26 08:24:31] D2BS 17100: Merc matched: Holy Freeze
[10/05/26 08:24:39] D2BS 17100: Token needed
[10/05/26 08:24:43] D2BS 17100: act5+ BO
[10/05/26 08:24:56] D2BS 17100: ÿc4=== [BAAL] ===
[10/05/26 08:25:03] D2BS 17100: party has left: fowo-xa
[10/05/26 08:25:03] D2BS 17100: no exp [00:56]
[10/05/26 08:25:03] D2BS 17100: Script threads\autobuildthread.js ended
[10/05/26 08:25:03] D2BS 17100: Script threads\partythread.js ended
[10/05/26 08:25:03] D2BS 17100: Script threads\townchicken.js ended
[10/05/26 08:25:03] D2BS 17100: Script default.dbj ended
[10/05/26 08:25:15] D2BS 17100: joining game pz-105
[10/05/26 08:25:16] D2BS 17100: ÿc2D2BSÿc0 :: Starting default.dbj
[10/05/26 08:25:16] D2BS 17100: ÿc2D2BSÿc0 :: default.dbj running.
[10/05/26 08:25:17] D2BS 17100: Loaded ÿc9[X.nip] [Y.nip] [Z.nip] [V.nip] [P.CONC.nip]
[10/05/26 08:25:17] D2BS 17100: Loaded ÿc9[P.CONC.js]
[10/05/26 08:25:17] D2BS 17100: equipped: [Head] 13
[10/05/26 08:25:17] D2BS 17100: equipped: [Neck] 16
[10/05/26 08:25:17] D2BS 17100: equipped: [Body] 17
[10/05/26 08:25:17] D2BS 17100: equipped: [ArmR] 19
[10/05/26 08:25:17] D2BS 17100: equipped: [ArmL] 27
[10/05/26 08:25:17] D2BS 17100: equipped: [RingR] 13
[10/05/26 08:25:17] D2BS 17100: equipped: [RingL] 12
[10/05/26 08:25:17] D2BS 17100: equipped: [Belt] 15
[10/05/26 08:25:17] D2BS 17100: equipped: [Boots] 12
[10/05/26 08:25:17] D2BS 17100: equipped: [Mitts] 14
[10/05/26 08:25:17] D2BS 17100: updateStat
[10/05/26 08:25:17] D2BS 17100: granted: [Head] 14
[10/05/26 08:25:17] D2BS 17100: granted: [Body] 18
[10/05/26 08:25:17] D2BS 17100: granted: [ArmR] 21
[10/05/26 08:25:17] D2BS 17100: Loaded ÿc9[AutoSmurf.js]
[10/05/26 08:25:20] D2BS 17100: MiniShopBot: true
[10/05/26 08:25:20] D2BS 17100: farmingON
[10/05/26 08:25:20] D2BS 17100: UseMerc: true HP: 70
[10/05/26 08:25:32] D2BS 17100: Merc matched: Holy Freeze
[10/05/26 08:25:44] D2BS 17100: Token needed
[10/05/26 08:25:48] D2BS 17100: act5+ BO
[10/05/26 08:26:02] D2BS 17100: ÿc4=== [BAAL] ===
[10/05/26 08:29:03] D2BS 17100: ÿc4=== [COUNTESS] ===
[10/05/26 08:30:16] D2BS 17100: ÿc4=== [PIT] ===
[10/05/26 08:31:46] D2BS 17100: ÿc4=== [ANDY] ===
[10/05/26 08:32:46] D2BS 17100: ÿc4=== [MEPHISTO] ===
[10/05/26 08:34:13] D2BS 17100: ÿc4=== [DIABLO] ===
[10/05/26 08:39:39] D2BS 17100: party has left: fowo-xe
[10/05/26 08:39:39] D2BS 17100:  [14:22] +24.36% / [Level 84] 21.69%
[10/05/26 08:39:39] D2BS 17100: Script threads\autobuildthread.js ended
[10/05/26 08:39:39] D2BS 17100: Script threads\partythread.js ended
[10/05/26 08:39:39] D2BS 17100: Script threads\townchicken.js ended
[10/05/26 08:39:39] D2BS 17100: Script default.dbj ended
[10/05/26 08:39:51] D2BS 17100: joining game pz-106
[10/05/26 08:39:53] D2BS 17100: ÿc2D2BSÿc0 :: Starting default.dbj
[10/05/26 08:39:53] D2BS 17100: ÿc2D2BSÿc0 :: default.dbj running.
[10/05/26 08:39:53] D2BS 17100: Loaded ÿc9[X.nip] [Y.nip] [Z.nip] [V.nip] [P.CONC.nip]
[10/05/26 08:39:53] D2BS 17100: Loaded ÿc9[P.CONC.js]
[10/05/26 08:39:53] D2BS 17100: equipped: [Head] 13
[10/05/26 08:39:53] D2BS 17100: equipped: [Neck] 16
[10/05/26 08:39:53] D2BS 17100: equipped: [Body] 17
[10/05/26 08:39:53] D2BS 17100: equipped: [ArmR] 19
[10/05/26 08:39:53] D2BS 17100: equipped: [ArmL] 27
[10/05/26 08:39:53] D2BS 17100: equipped: [RingR] 13
[10/05/26 08:39:53] D2BS 17100: equipped: [RingL] 12
[10/05/26 08:39:53] D2BS 17100: equipped: [Belt] 15
[10/05/26 08:39:53] D2BS 17100: equipped: [Boots] 12
[10/05/26 08:39:53] D2BS 17100: equipped: [Mitts] 14
[10/05/26 08:39:53] D2BS 17100: Loaded ÿc9[AutoSmurf.js]
[10/05/26 08:39:59] D2BS 17100: farmingON
[10/05/26 08:40:00] D2BS 17100: MiniShopBot: true
[10/05/26 08:40:00] D2BS 17100: UseMerc: true HP: 70
[10/05/26 08:40:08] D2BS 17100: updateStat
[10/05/26 08:40:08] D2BS 17100: granted: [Head] 14
[10/05/26 08:40:08] D2BS 17100: granted: [Body] 18
[10/05/26 08:40:08] D2BS 17100: granted: [ArmR] 21
[10/05/26 08:40:22] D2BS 17100: Merc matched: Holy Freeze
[10/05/26 08:40:30] D2BS 17100: Token needed
[10/05/26 08:40:34] D2BS 17100: act5+ BO
[10/05/26 08:40:35] D2BS 17100: updateStat
[10/05/26 08:40:48] D2BS 17100: ÿc4=== [BAAL] ===
[10/05/26 08:40:56] D2BS 17100: party has left: fowo-xa
[10/05/26 08:40:56] D2BS 17100: no exp [01:03]
[10/05/26 08:40:56] D2BS 17100: Script threads\autobuildthread.js ended
[10/05/26 08:40:56] D2BS 17100: Script threads\partythread.js ended
[10/05/26 08:40:56] D2BS 17100: Script threads\townchicken.js ended
[10/05/26 08:40:56] D2BS 17100: Script default.dbj ended
[10/05/26 08:41:08] D2BS 17100: joining game pz-107
[10/05/26 08:41:09] D2BS 17100: ÿc2D2BSÿc0 :: Starting default.dbj
[10/05/26 08:41:09] D2BS 17100: ÿc2D2BSÿc0 :: default.dbj running.
[10/05/26 08:41:09] D2BS 17100: Loaded ÿc9[X.nip] [Y.nip] [Z.nip] [V.nip] [P.CONC.nip]
[10/05/26 08:41:09] D2BS 17100: Loaded ÿc9[P.CONC.js]
[10/05/26 08:41:09] D2BS 17100: equipped: [Head] 13
[10/05/26 08:41:09] D2BS 17100: equipped: [Neck] 16
[10/05/26 08:41:09] D2BS 17100: equipped: [Body] 17
[10/05/26 08:41:09] D2BS 17100: equipped: [ArmR] 19
[10/05/26 08:41:09] D2BS 17100: equipped: [ArmL] 27
[10/05/26 08:41:09] D2BS 17100: equipped: [RingR] 13
[10/05/26 08:41:09] D2BS 17100: equipped: [RingL] 12
[10/05/26 08:41:09] D2BS 17100: equipped: [Belt] 15
[10/05/26 08:41:09] D2BS 17100: equipped: [Boots] 12
[10/05/26 08:41:09] D2BS 17100: equipped: [Mitts] 14
[10/05/26 08:41:09] D2BS 17100: updateStat
[10/05/26 08:41:09] D2BS 17100: granted: [Head] 14
[10/05/26 08:41:09] D2BS 17100: granted: [Body] 18
[10/05/26 08:41:09] D2BS 17100: granted: [ArmR] 21
[10/05/26 08:41:10] D2BS 17100: Loaded ÿc9[AutoSmurf.js]
[10/05/26 08:41:12] D2BS 17100: farmingON
[10/05/26 08:41:13] D2BS 17100: MiniShopBot: true
[10/05/26 08:41:13] D2BS 17100: UseMerc: true HP: 70
[10/05/26 08:41:26] D2BS 17100: Merc matched: Holy Freeze
[10/05/26 08:41:35] D2BS 17100: Token needed
[10/05/26 08:41:40] D2BS 17100: act5+ BO
[10/05/26 08:41:53] D2BS 17100: ÿc4=== [BAAL] ===
[10/05/26 08:42:10] D2BS 17100: Baal failed: souls found
[10/05/26 08:42:10] D2BS 17100: ÿc4=== [COUNTESS] ===
[10/05/26 08:43:52] D2BS 17100: ÿc4=== [PIT] ===
[10/05/26 08:45:36] D2BS 17100: ÿc4=== [ANDY] ===
[10/05/26 08:46:34] D2BS 17100: ÿc4=== [MEPHISTO] ===
[10/05/26 08:48:18] D2BS 17100: ÿc4=== [DIABLO] ===
[10/05/26 08:54:12] D2BS 17100: party has left: fowo-xe
[10/05/26 08:54:12] D2BS 17100:  [13:03] +18.93% / [Level 84] 40.62%
[10/05/26 08:54:12] D2BS 17100: Script threads\autobuildthread.js ended
[10/05/26 08:54:13] D2BS 17100: Script threads\partythread.js ended
[10/05/26 08:54:13] D2BS 17100: Script threads\townchicken.js ended
[10/05/26 08:54:13] D2BS 17100: Script default.dbj ended
[10/05/26 08:54:26] D2BS 17100: joining game pz-108
[10/05/26 08:54:27] D2BS 17100: ÿc2D2BSÿc0 :: Starting default.dbj
[10/05/26 08:54:27] D2BS 17100: ÿc2D2BSÿc0 :: default.dbj running.
[10/05/26 08:54:27] D2BS 17100: Loaded ÿc9[X.nip] [Y.nip] [Z.nip] [V.nip] [P.CONC.nip]
[10/05/26 08:54:27] D2BS 17100: Loaded ÿc9[P.CONC.js]
[10/05/26 08:54:28] D2BS 17100: equipped: [Head] 13
[10/05/26 08:54:28] D2BS 17100: equipped: [Neck] 16
[10/05/26 08:54:28] D2BS 17100: equipped: [Body] 17
[10/05/26 08:54:28] D2BS 17100: equipped: [ArmR] 19
[10/05/26 08:54:28] D2BS 17100: equipped: [ArmL] 27
[10/05/26 08:54:28] D2BS 17100: equipped: [RingR] 13
[10/05/26 08:54:28] D2BS 17100: equipped: [RingL] 12
[10/05/26 08:54:28] D2BS 17100: equipped: [Belt] 15
[10/05/26 08:54:28] D2BS 17100: equipped: [Boots] 12
[10/05/26 08:54:28] D2BS 17100: equipped: [Mitts] 14
[10/05/26 08:54:28] D2BS 17100: updateStat
[10/05/26 08:54:28] D2BS 17100: granted: [Head] 14
[10/05/26 08:54:28] D2BS 17100: granted: [Body] 18
[10/05/26 08:54:28] D2BS 17100: granted: [ArmR] 21
[10/05/26 08:54:28] D2BS 17100: Loaded ÿc9[AutoSmurf.js]
[10/05/26 08:54:33] D2BS 17100: MiniShopBot: true
[10/05/26 08:54:34] D2BS 17100: farmingON
[10/05/26 08:54:34] D2BS 17100: UseMerc: true HP: 70
[10/05/26 08:55:01] D2BS 17100: equipped: [Neck] 19
[10/05/26 08:55:04] D2BS 17100: Merc matched: Holy Freeze
[10/05/26 08:55:11] D2BS 17100: Token needed
[10/05/26 08:55:15] D2BS 17100: act5+ BO
[10/05/26 08:55:27] D2BS 17100: ÿc4=== [BAAL] ===
[10/05/26 08:55:41] D2BS 17100: Baal failed: souls found
[10/05/26 08:55:41] D2BS 17100: ÿc4=== [COUNTESS] ===
[10/05/26 08:56:43] D2BS 17100: ÿc4=== [PIT] ===
[10/05/26 08:58:09] D2BS 17100: ÿc4=== [ANDY] ===
[10/05/26 08:58:58] D2BS 17100: ÿc4=== [MEPHISTO] ===
[10/05/26 09:00:38] D2BS 17100: ÿc4=== [DIABLO] ===
[10/05/26 09:03:11] D2BS 17100: party has left: fowo-xa
[10/05/26 09:03:11] D2BS 17100:  [08:44] +9.31% / [Level 84] 49.93%
[10/05/26 09:03:11] D2BS 17100: Script threads\autobuildthread.js ended
[10/05/26 09:03:11] D2BS 17100: Script threads\partythread.js ended
[10/05/26 09:03:11] D2BS 17100: Script threads\townchicken.js ended
[10/05/26 09:03:11] D2BS 17100: Script default.dbj ended
[10/05/26 09:03:26] D2BS 17100: joining game pz-109
[10/05/26 09:03:28] D2BS 17100: ÿc2D2BSÿc0 :: Starting default.dbj
[10/05/26 09:03:28] D2BS 17100: ÿc2D2BSÿc0 :: default.dbj running.
[10/05/26 09:03:28] D2BS 17100: Loaded ÿc9[X.nip] [Y.nip] [Z.nip] [V.nip] [P.CONC.nip]
[10/05/26 09:03:28] D2BS 17100: Loaded ÿc9[P.CONC.js]
[10/05/26 09:03:28] D2BS 17100: equipped: [Head] 13
[10/05/26 09:03:28] D2BS 17100: equipped: [Neck] 19
[10/05/26 09:03:28] D2BS 17100: equipped: [Body] 17
[10/05/26 09:03:28] D2BS 17100: equipped: [ArmR] 19
[10/05/26 09:03:28] D2BS 17100: equipped: [ArmL] 27
[10/05/26 09:03:28] D2BS 17100: equipped: [RingR] 13
[10/05/26 09:03:28] D2BS 17100: equipped: [RingL] 12
[10/05/26 09:03:28] D2BS 17100: equipped: [Belt] 15
[10/05/26 09:03:28] D2BS 17100: equipped: [Boots] 12
[10/05/26 09:03:28] D2BS 17100: equipped: [Mitts] 14
[10/05/26 09:03:28] D2BS 17100: updateStat
[10/05/26 09:03:28] D2BS 17100: granted: [Head] 14
[10/05/26 09:03:28] D2BS 17100: granted: [Body] 18
[10/05/26 09:03:28] D2BS 17100: granted: [ArmR] 21
[10/05/26 09:03:28] D2BS 17100: Loaded ÿc9[AutoSmurf.js]
[10/05/26 09:03:33] D2BS 17100: farmingON
[10/05/26 09:03:33] D2BS 17100: MiniShopBot: true
[10/05/26 09:03:33] D2BS 17100: UseMerc: true HP: 70
[10/05/26 09:03:50] D2BS 17100: equipped: [Body] 18
[10/05/26 09:03:50] D2BS 17100: Merc matched: Holy Freeze
[10/05/26 09:04:06] D2BS 17100: Token needed
[10/05/26 09:04:10] D2BS 17100: act5+ BO
[10/05/26 09:04:24] D2BS 17100: ÿc4=== [BAAL] ===
[10/05/26 09:04:56] D2BS 17100: updateStat
[10/05/26 09:05:20] D2BS 17100: Going to town
[10/05/26 09:08:11] D2BS 17100: ÿc4=== [COUNTESS] ===
[10/05/26 09:09:45] D2BS 17100: ÿc4=== [PIT] ===
[10/05/26 09:11:48] D2BS 17100: ÿc4=== [ANDY] ===
[10/05/26 09:12:38] D2BS 17100: ÿc4=== [MEPHISTO] ===
[10/05/26 09:14:19] D2BS 17100: ÿc4=== [DIABLO] ===
[10/05/26 09:20:48] D2BS 17100: Script ended
[10/05/26 09:20:48] D2BS 17100:  [17:21] +32.90% / [Level 84] 82.83%
[10/05/26 09:20:48] D2BS 17100: Script threads\autobuildthread.js ended
[10/05/26 09:20:48] D2BS 17100: Script threads\partythread.js ended
[10/05/26 09:20:48] D2BS 17100: Script threads\townchicken.js ended
[10/05/26 09:21:01] D2BS 17100: joining game pz-110
[10/05/26 09:21:02] D2BS 17100: ÿc2D2BSÿc0 :: Starting default.dbj
[10/05/26 09:21:02] D2BS 17100: ÿc2D2BSÿc0 :: default.dbj running.
[10/05/26 09:21:03] D2BS 17100: Loaded ÿc9[X.nip] [Y.nip] [Z.nip] [V.nip] [P.CONC.nip]
[10/05/26 09:21:03] D2BS 17100: Loaded ÿc9[P.CONC.js]
[10/05/26 09:21:03] D2BS 17100: equipped: [Head] 13
[10/05/26 09:21:03] D2BS 17100: equipped: [Neck] 19
[10/05/26 09:21:03] D2BS 17100: equipped: [Body] 18
[10/05/26 09:21:03] D2BS 17100: equipped: [ArmR] 19
[10/05/26 09:21:03] D2BS 17100: equipped: [ArmL] 27
[10/05/26 09:21:03] D2BS 17100: equipped: [RingR] 13
[10/05/26 09:21:03] D2BS 17100: equipped: [RingL] 12
[10/05/26 09:21:03] D2BS 17100: equipped: [Belt] 15
[10/05/26 09:21:03] D2BS 17100: equipped: [Boots] 12
[10/05/26 09:21:03] D2BS 17100: equipped: [Mitts] 14
[10/05/26 09:21:03] D2BS 17100: updateStat
[10/05/26 09:21:03] D2BS 17100: granted: [Head] 14
[10/05/26 09:21:03] D2BS 17100: granted: [Body] 18
[10/05/26 09:21:03] D2BS 17100: granted: [ArmR] 21
[10/05/26 09:21:03] D2BS 17100: Loaded ÿc9[AutoSmurf.js]
[10/05/26 09:21:08] D2BS 17100: farmingON
[10/05/26 09:21:10] D2BS 17100: MiniShopBot: true
[10/05/26 09:21:10] D2BS 17100: UseMerc: true HP: 70
[10/05/26 09:21:28] D2BS 17100: Merc matched: Holy Freeze
[10/05/26 09:21:41] D2BS 17100: Token needed
[10/05/26 09:21:46] D2BS 17100: act5+ BO
[10/05/26 09:22:00] D2BS 17100: ÿc4=== [BAAL] ===
[10/05/26 09:22:07] D2BS 17100: party has left: fowo-xa
[10/05/26 09:22:07] D2BS 17100: no exp [01:05]
[10/05/26 09:22:07] D2BS 17100: Script threads\autobuildthread.js ended
[10/05/26 09:22:07] D2BS 17100: Script threads\partythread.js ended
[10/05/26 09:22:07] D2BS 17100: Script threads\townchicken.js ended
[10/05/26 09:22:07] D2BS 17100: Script default.dbj ended
[10/05/26 09:22:20] D2BS 17100: joining game pz-111
[10/05/26 09:22:22] D2BS 17100: ÿc2D2BSÿc0 :: Starting default.dbj
[10/05/26 09:22:22] D2BS 17100: ÿc2D2BSÿc0 :: default.dbj running.
[10/05/26 09:22:22] D2BS 17100: Loaded ÿc9[X.nip] [Y.nip] [Z.nip] [V.nip] [P.CONC.nip]
[10/05/26 09:22:22] D2BS 17100: Loaded ÿc9[P.CONC.js]
[10/05/26 09:22:22] D2BS 17100: equipped: [Head] 13
[10/05/26 09:22:22] D2BS 17100: equipped: [Neck] 19
[10/05/26 09:22:22] D2BS 17100: equipped: [Body] 18
[10/05/26 09:22:22] D2BS 17100: equipped: [ArmR] 19
[10/05/26 09:22:22] D2BS 17100: equipped: [ArmL] 27
[10/05/26 09:22:22] D2BS 17100: equipped: [RingR] 13
[10/05/26 09:22:22] D2BS 17100: equipped: [RingL] 12
[10/05/26 09:22:22] D2BS 17100: equipped: [Belt] 15
[10/05/26 09:22:22] D2BS 17100: equipped: [Boots] 12
[10/05/26 09:22:22] D2BS 17100: equipped: [Mitts] 14
[10/05/26 09:22:22] D2BS 17100: updateStat
[10/05/26 09:22:22] D2BS 17100: granted: [Head] 14
[10/05/26 09:22:22] D2BS 17100: granted: [Body] 18
[10/05/26 09:22:22] D2BS 17100: granted: [ArmR] 21
[10/05/26 09:22:22] D2BS 17100: Loaded ÿc9[AutoSmurf.js]
[10/05/26 09:22:24] D2BS 17100: MiniShopBot: true
[10/05/26 09:22:24] D2BS 17100: farmingON
[10/05/26 09:22:24] D2BS 17100: UseMerc: true HP: 70
[10/05/26 09:22:40] D2BS 17100: Merc matched: Holy Freeze
[10/05/26 09:22:49] D2BS 17100: Token needed
[10/05/26 09:22:52] D2BS 17100: act5+ BO
[10/05/26 09:23:03] D2BS 17100: ÿc4=== [BAAL] ===
[10/05/26 09:23:13] D2BS 17100: party has left: fowo-xa
[10/05/26 09:23:13] D2BS 17100: no exp [00:52]
[10/05/26 09:23:13] D2BS 17100: Script threads\autobuildthread.js ended
[10/05/26 09:23:13] D2BS 17100: Script threads\partythread.js ended
[10/05/26 09:23:13] D2BS 17100: Script threads\townchicken.js ended
[10/05/26 09:23:13] D2BS 17100: Script default.dbj ended
[10/05/26 09:23:29] D2BS 17100: joining game pz-112
[10/05/26 09:23:30] D2BS 17100: ÿc2D2BSÿc0 :: Starting default.dbj
[10/05/26 09:23:30] D2BS 17100: ÿc2D2BSÿc0 :: default.dbj running.
[10/05/26 09:23:31] D2BS 17100: Loaded ÿc9[X.nip] [Y.nip] [Z.nip] [V.nip] [P.CONC.nip]
[10/05/26 09:23:31] D2BS 17100: Loaded ÿc9[P.CONC.js]
[10/05/26 09:23:31] D2BS 17100: equipped: [Head] 13
[10/05/26 09:23:31] D2BS 17100: equipped: [Neck] 19
[10/05/26 09:23:31] D2BS 17100: equipped: [Body] 18
[10/05/26 09:23:31] D2BS 17100: equipped: [ArmR] 19
[10/05/26 09:23:31] D2BS 17100: equipped: [ArmL] 27
[10/05/26 09:23:31] D2BS 17100: equipped: [RingR] 13
[10/05/26 09:23:31] D2BS 17100: equipped: [RingL] 12
[10/05/26 09:23:31] D2BS 17100: equipped: [Belt] 15
[10/05/26 09:23:31] D2BS 17100: equipped: [Boots] 12
[10/05/26 09:23:31] D2BS 17100: equipped: [Mitts] 14
[10/05/26 09:23:31] D2BS 17100: updateStat
[10/05/26 09:23:31] D2BS 17100: granted: [Head] 14
[10/05/26 09:23:31] D2BS 17100: granted: [Body] 18
[10/05/26 09:23:31] D2BS 17100: granted: [ArmR] 21
[10/05/26 09:23:31] D2BS 17100: Loaded ÿc9[AutoSmurf.js]
[10/05/26 09:23:33] D2BS 17100: farmingON
[10/05/26 09:23:34] D2BS 17100: MiniShopBot: true
[10/05/26 09:23:34] D2BS 17100: UseMerc: true HP: 70
[10/05/26 09:23:50] D2BS 17100: Merc matched: Holy Freeze
[10/05/26 09:24:00] D2BS 17100: Token needed
[10/05/26 09:24:03] D2BS 17100: act5+ BO
[10/05/26 09:24:16] D2BS 17100: ÿc4=== [BAAL] ===
[10/05/26 09:27:39] D2BS 17100: ÿc4=== [COUNTESS] ===
[10/05/26 09:28:54] D2BS 17100: ÿc4=== [PIT] ===
[10/05/26 09:30:37] D2BS 17100: ÿc4=== [ANDY] ===
[10/05/26 09:31:50] D2BS 17100: ÿc4=== [MEPHISTO] ===
[10/05/26 09:33:02] D2BS 17100: ÿc4=== [DIABLO] ===
[10/05/26 09:41:04] D2BS 17100: party has left: fowo-xa
[10/05/26 09:41:04] D2BS 17100:  [17:34] +26.74% / [Level 85] 10.99%
[10/05/26 09:41:04] D2BS 17100: Script threads\autobuildthread.js ended
[10/05/26 09:41:04] D2BS 17100: Script threads\partythread.js ended
[10/05/26 09:41:04] D2BS 17100: Script threads\townchicken.js ended
[10/05/26 09:41:04] D2BS 17100: Script default.dbj ended
[10/05/26 09:41:16] D2BS 17100: joining game pz-113
[10/05/26 09:41:18] D2BS 17100: ÿc2D2BSÿc0 :: Starting default.dbj
[10/05/26 09:41:18] D2BS 17100: ÿc2D2BSÿc0 :: default.dbj running.
[10/05/26 09:41:18] D2BS 17100: Loaded ÿc9[X.nip] [Y.nip] [Z.nip] [V.nip] [P.CONC.nip]
[10/05/26 09:41:18] D2BS 17100: Loaded ÿc9[P.CONC.js]
[10/05/26 09:41:18] D2BS 17100: equipped: [Head] 13
[10/05/26 09:41:18] D2BS 17100: equipped: [Neck] 19
[10/05/26 09:41:18] D2BS 17100: equipped: [Body] 18
[10/05/26 09:41:18] D2BS 17100: equipped: [ArmR] 19
[10/05/26 09:41:18] D2BS 17100: equipped: [ArmL] 27
[10/05/26 09:41:18] D2BS 17100: equipped: [RingR] 13
[10/05/26 09:41:18] D2BS 17100: equipped: [RingL] 12
[10/05/26 09:41:18] D2BS 17100: equipped: [Belt] 15
[10/05/26 09:41:18] D2BS 17100: equipped: [Boots] 12
[10/05/26 09:41:18] D2BS 17100: equipped: [Mitts] 14
[10/05/26 09:41:18] D2BS 17100: updateStat
[10/05/26 09:41:18] D2BS 17100: granted: [Head] 14
[10/05/26 09:41:18] D2BS 17100: granted: [Body] 18
[10/05/26 09:41:18] D2BS 17100: granted: [ArmR] 21
[10/05/26 09:41:18] D2BS 17100: Loaded ÿc9[AutoSmurf.js]
[10/05/26 09:41:22] D2BS 17100: MiniShopBot: true
[10/05/26 09:41:22] D2BS 17100: farmingON
[10/05/26 09:41:22] D2BS 17100: UseMerc: true HP: 70
[10/05/26 09:41:37] D2BS 17100: Merc matched: Holy Freeze
[10/05/26 09:41:58] D2BS 17100: Token needed
[10/05/26 09:42:02] D2BS 17100: act5+ BO
[10/05/26 09:42:16] D2BS 17100: ÿc4=== [BAAL] ===
[10/05/26 09:46:13] D2BS 17100: ÿc4=== [COUNTESS] ===
[10/05/26 09:47:35] D2BS 17100: ÿc4=== [PIT] ===
[10/05/26 09:49:18] D2BS 17100: ÿc4=== [ANDY] ===
[10/05/26 09:50:36] D2BS 17100: ÿc4=== [MEPHISTO] ===
[10/05/26 09:52:02] D2BS 17100: ÿc4=== [DIABLO] ===
[10/05/26 09:52:14] D2BS 17100: granted: [Body] 20
[10/05/26 09:57:08] D2BS 17100: updateStat
[10/05/26 09:57:33] D2BS 17100: Going to town
[10/05/26 09:59:47] D2BS 17100: party has left: fowo-xb
[10/05/26 09:59:47] D2BS 17100:  [18:30] +22.31% / [Level 85] 33.29%
[10/05/26 09:59:47] D2BS 17100: Script threads\autobuildthread.js ended
[10/05/26 09:59:48] D2BS 17100: Script threads\partythread.js ended
[10/05/26 09:59:48] D2BS 17100: Script threads\townchicken.js ended
[10/05/26 09:59:48] D2BS 17100: Script default.dbj ended
[10/05/26 10:00:00] D2BS 17100: joining game pz-114
[10/05/26 10:00:03] D2BS 17100: ÿc2D2BSÿc0 :: Starting default.dbj
[10/05/26 10:00:03] D2BS 17100: ÿc2D2BSÿc0 :: default.dbj running.
[10/05/26 10:00:03] D2BS 17100: Loaded ÿc9[X.nip] [Y.nip] [Z.nip] [V.nip] [P.CONC.nip]
[10/05/26 10:00:03] D2BS 17100: Loaded ÿc9[P.CONC.js]
[10/05/26 10:00:03] D2BS 17100: equipped: [Head] 13
[10/05/26 10:00:03] D2BS 17100: equipped: [Neck] 19
[10/05/26 10:00:03] D2BS 17100: equipped: [Body] 18
[10/05/26 10:00:03] D2BS 17100: equipped: [ArmR] 19
[10/05/26 10:00:03] D2BS 17100: equipped: [ArmL] 27
[10/05/26 10:00:03] D2BS 17100: equipped: [RingR] 13
[10/05/26 10:00:03] D2BS 17100: equipped: [RingL] 12
[10/05/26 10:00:03] D2BS 17100: equipped: [Belt] 15
[10/05/26 10:00:03] D2BS 17100: equipped: [Boots] 12
[10/05/26 10:00:03] D2BS 17100: equipped: [Mitts] 14
[10/05/26 10:00:03] D2BS 17100: updateStat
[10/05/26 10:00:03] D2BS 17100: granted: [Head] 14
[10/05/26 10:00:03] D2BS 17100: granted: [Body] 20
[10/05/26 10:00:03] D2BS 17100: granted: [ArmR] 21
[10/05/26 10:00:03] D2BS 17100: Loaded ÿc9[AutoSmurf.js]
[10/05/26 10:00:07] D2BS 17100: MiniShopBot: true
[10/05/26 10:00:07] D2BS 17100: farmingON
[10/05/26 10:00:07] D2BS 17100: UseMerc: true HP: 70
[10/05/26 10:00:21] D2BS 17100: Merc matched: Holy Freeze
[10/05/26 10:00:39] D2BS 17100: Token needed
[10/05/26 10:00:42] D2BS 17100: act5+ BO
[10/05/26 10:00:55] D2BS 17100: ÿc4=== [BAAL] ===
[10/05/26 10:01:11] D2BS 17100: Baal failed: souls found
[10/05/26 10:01:11] D2BS 17100: ÿc4=== [COUNTESS] ===
[10/05/26 10:02:20] D2BS 17100: ÿc4=== [PIT] ===
[10/05/26 10:04:42] D2BS 17100: ÿc4=== [ANDY] ===
[10/05/26 10:05:33] D2BS 17100: ÿc4=== [MEPHISTO] ===
[10/05/26 10:06:47] D2BS 17100: ÿc4=== [DIABLO] ===
[10/05/26 10:13:05] D2BS 17100: party has left: fowo-xa
[10/05/26 10:13:05] D2BS 17100:  [13:03] +12.29% / [Level 85] 45.58%
[10/05/26 10:13:05] D2BS 17100: Script threads\autobuildthread.js ended
[10/05/26 10:13:05] D2BS 17100: Script threads\partythread.js ended
[10/05/26 10:13:05] D2BS 17100: Script threads\townchicken.js ended
[10/05/26 10:13:05] D2BS 17100: Script default.dbj ended
[10/05/26 10:13:17] D2BS 17100: joining game pz-115
[10/05/26 10:13:19] D2BS 17100: ÿc2D2BSÿc0 :: Starting default.dbj
[10/05/26 10:13:19] D2BS 17100: ÿc2D2BSÿc0 :: default.dbj running.
[10/05/26 10:13:19] D2BS 17100: Loaded ÿc9[X.nip] [Y.nip] [Z.nip] [V.nip] [P.CONC.nip]
[10/05/26 10:13:19] D2BS 17100: Loaded ÿc9[P.CONC.js]
[10/05/26 10:13:19] D2BS 17100: equipped: [Head] 13
[10/05/26 10:13:19] D2BS 17100: equipped: [Neck] 19
[10/05/26 10:13:19] D2BS 17100: equipped: [Body] 18
[10/05/26 10:13:19] D2BS 17100: equipped: [ArmR] 19
[10/05/26 10:13:19] D2BS 17100: equipped: [ArmL] 27
[10/05/26 10:13:19] D2BS 17100: equipped: [RingR] 13
[10/05/26 10:13:19] D2BS 17100: equipped: [RingL] 12
[10/05/26 10:13:19] D2BS 17100: equipped: [Belt] 15
[10/05/26 10:13:19] D2BS 17100: equipped: [Boots] 12
[10/05/26 10:13:19] D2BS 17100: equipped: [Mitts] 14
[10/05/26 10:13:19] D2BS 17100: updateStat
[10/05/26 10:13:19] D2BS 17100: granted: [Head] 14
[10/05/26 10:13:19] D2BS 17100: granted: [Body] 20
[10/05/26 10:13:19] D2BS 17100: granted: [ArmR] 21
[10/05/26 10:13:19] D2BS 17100: Loaded ÿc9[AutoSmurf.js]
[10/05/26 10:13:24] D2BS 17100: farmingON
[10/05/26 10:13:24] D2BS 17100: MiniShopBot: true
[10/05/26 10:13:24] D2BS 17100: UseMerc: true HP: 70
[10/05/26 10:13:45] D2BS 17100: Merc matched: Holy Freeze
[10/05/26 10:13:54] D2BS 17100: Token needed
[10/05/26 10:13:57] D2BS 17100: act5+ BO
[10/05/26 10:14:12] D2BS 17100: ÿc4=== [BAAL] ===
[10/05/26 10:18:01] D2BS 17100: ÿc4=== [COUNTESS] ===
[10/05/26 10:19:16] D2BS 17100: ÿc4=== [PIT] ===
[10/05/26 10:20:58] D2BS 17100: ÿc4=== [ANDY] ===
[10/05/26 10:21:55] D2BS 17100: ÿc4=== [MEPHISTO] ===
[10/05/26 10:23:19] D2BS 17100: ÿc4=== [DIABLO] ===
[10/05/26 10:28:52] D2BS 17100: updateStat
[10/05/26 10:29:54] D2BS 17100: Script ended
[10/05/26 10:29:54] D2BS 17100:  [16:36] +22.74% / [Level 85] 68.32%
[10/05/26 10:29:54] D2BS 17100: Script threads\autobuildthread.js ended
[10/05/26 10:29:55] D2BS 17100: Script threads\partythread.js ended
[10/05/26 10:29:55] D2BS 17100: Script threads\townchicken.js ended
[10/05/26 10:30:09] D2BS 17100: joining game pz-116
[10/05/26 10:30:10] D2BS 17100: ÿc2D2BSÿc0 :: Starting default.dbj
[10/05/26 10:30:10] D2BS 17100: ÿc2D2BSÿc0 :: default.dbj running.
[10/05/26 10:30:11] D2BS 17100: Loaded ÿc9[X.nip] [Y.nip] [Z.nip] [V.nip] [P.CONC.nip]
[10/05/26 10:30:11] D2BS 17100: Loaded ÿc9[P.CONC.js]
[10/05/26 10:30:11] D2BS 17100: equipped: [Head] 13
[10/05/26 10:30:11] D2BS 17100: equipped: [Neck] 19
[10/05/26 10:30:11] D2BS 17100: equipped: [Body] 18
[10/05/26 10:30:11] D2BS 17100: equipped: [ArmR] 19
[10/05/26 10:30:11] D2BS 17100: equipped: [ArmL] 27
[10/05/26 10:30:11] D2BS 17100: equipped: [RingR] 13
[10/05/26 10:30:11] D2BS 17100: equipped: [RingL] 12
[10/05/26 10:30:11] D2BS 17100: equipped: [Belt] 15
[10/05/26 10:30:11] D2BS 17100: equipped: [Boots] 12
[10/05/26 10:30:11] D2BS 17100: equipped: [Mitts] 14
[10/05/26 10:30:11] D2BS 17100: updateStat
[10/05/26 10:30:11] D2BS 17100: granted: [Head] 14
[10/05/26 10:30:11] D2BS 17100: granted: [Body] 20
[10/05/26 10:30:11] D2BS 17100: granted: [ArmR] 21
[10/05/26 10:30:11] D2BS 17100: Loaded ÿc9[AutoSmurf.js]
[10/05/26 10:30:16] D2BS 17100: farmingON
[10/05/26 10:30:16] D2BS 17100: MiniShopBot: true
[10/05/26 10:30:16] D2BS 17100: UseMerc: true HP: 70
[10/05/26 10:30:37] D2BS 17100: equipped: [Head] 14
[10/05/26 10:30:41] D2BS 17100: Merc matched: Holy Freeze
[10/05/26 10:30:47] D2BS 17100: Token needed
[10/05/26 10:30:51] D2BS 17100: act5+ BO
[10/05/26 10:31:07] D2BS 17100: ÿc4=== [BAAL] ===
[10/05/26 10:32:04] D2BS 17100: Going to town
[10/05/26 10:34:54] D2BS 17100: ÿc4=== [COUNTESS] ===
[10/05/26 10:36:13] D2BS 17100: ÿc4=== [PIT] ===
[10/05/26 10:38:04] D2BS 17100: ÿc4=== [ANDY] ===
[10/05/26 10:39:00] D2BS 17100: ÿc4=== [MEPHISTO] ===
[10/05/26 10:40:09] D2BS 17100: ÿc4=== [DIABLO] ===
[10/05/26 10:40:25] D2BS 17100: equipped: [Belt] 16
[10/05/26 10:43:11] D2BS 17100: party has left: fowo-xf
[10/05/26 10:43:11] D2BS 17100:  [13:00] +18.84% / [Level 85] 87.16%
[10/05/26 10:43:11] D2BS 17100: Script threads\autobuildthread.js ended
[10/05/26 10:43:11] D2BS 17100: Script threads\partythread.js ended
[10/05/26 10:43:11] D2BS 17100: Script threads\townchicken.js ended
[10/05/26 10:43:11] D2BS 17100: Script default.dbj ended
[10/05/26 10:43:24] D2BS 17100: joining game pz-117
[10/05/26 10:43:26] D2BS 17100: ÿc2D2BSÿc0 :: Starting default.dbj
[10/05/26 10:43:26] D2BS 17100: ÿc2D2BSÿc0 :: default.dbj running.
[10/05/26 10:43:26] D2BS 17100: Loaded ÿc9[X.nip] [Y.nip] [Z.nip] [V.nip] [P.CONC.nip]
[10/05/26 10:43:26] D2BS 17100: Loaded ÿc9[P.CONC.js]
[10/05/26 10:43:26] D2BS 17100: equipped: [Head] 14
[10/05/26 10:43:26] D2BS 17100: equipped: [Neck] 19
[10/05/26 10:43:26] D2BS 17100: equipped: [Body] 18
[10/05/26 10:43:26] D2BS 17100: equipped: [ArmR] 19
[10/05/26 10:43:26] D2BS 17100: equipped: [ArmL] 27
[10/05/26 10:43:26] D2BS 17100: equipped: [RingR] 13
[10/05/26 10:43:26] D2BS 17100: equipped: [RingL] 12
[10/05/26 10:43:26] D2BS 17100: equipped: [Belt] 16
[10/05/26 10:43:26] D2BS 17100: equipped: [Boots] 12
[10/05/26 10:43:26] D2BS 17100: equipped: [Mitts] 14
[10/05/26 10:43:26] D2BS 17100: updateStat
[10/05/26 10:43:26] D2BS 17100: granted: [Head] 14
[10/05/26 10:43:26] D2BS 17100: granted: [Body] 20
[10/05/26 10:43:26] D2BS 17100: granted: [ArmR] 21
[10/05/26 10:43:26] D2BS 17100: Loaded ÿc9[AutoSmurf.js]
[10/05/26 10:43:32] D2BS 17100: farmingON
[10/05/26 10:43:35] D2BS 17100: MiniShopBot: true
[10/05/26 10:43:35] D2BS 17100: UseMerc: true HP: 70
[10/05/26 10:44:01] D2BS 17100: Merc matched: Holy Freeze
[10/05/26 10:44:04] D2BS 17100: Token needed
[10/05/26 10:44:08] D2BS 17100: act5+ BO
[10/05/26 10:44:22] D2BS 17100: ÿc4=== [BAAL] ===
[10/05/26 10:48:16] D2BS 17100: ÿc4=== [COUNTESS] ===
[10/05/26 10:49:43] D2BS 17100: ÿc4=== [PIT] ===
[10/05/26 10:51:38] D2BS 17100: ÿc4=== [ANDY] ===
[10/05/26 10:52:48] D2BS 17100: ÿc4=== [MEPHISTO] ===
[10/05/26 10:54:10] D2BS 17100: ÿc4=== [DIABLO] ===
[10/05/26 11:00:17] D2BS 17100: party has left: fowo-xa
[10/05/26 11:00:17] D2BS 17100:  [16:52] +21.11% / [Level 86] 9.33%
[10/05/26 11:00:17] D2BS 17100: Script threads\autobuildthread.js ended
[10/05/26 11:00:17] D2BS 17100: Script threads\partythread.js ended
[10/05/26 11:00:17] D2BS 17100: Script threads\townchicken.js ended
[10/05/26 11:00:17] D2BS 17100: Script default.dbj ended
[10/05/26 11:00:30] D2BS 17100: joining game pz-118
[10/05/26 11:00:31] D2BS 17100: ÿc2D2BSÿc0 :: Starting default.dbj
[10/05/26 11:00:31] D2BS 17100: ÿc2D2BSÿc0 :: default.dbj running.
[10/05/26 11:00:31] D2BS 17100: Loaded ÿc9[X.nip] [Y.nip] [Z.nip] [V.nip] [P.CONC.nip]
[10/05/26 11:00:32] D2BS 17100: Loaded ÿc9[P.CONC.js]
[10/05/26 11:00:32] D2BS 17100: equipped: [Head] 14
[10/05/26 11:00:32] D2BS 17100: equipped: [Neck] 19
[10/05/26 11:00:32] D2BS 17100: equipped: [Body] 18
[10/05/26 11:00:32] D2BS 17100: equipped: [ArmR] 19
[10/05/26 11:00:32] D2BS 17100: equipped: [ArmL] 27
[10/05/26 11:00:32] D2BS 17100: equipped: [RingR] 13
[10/05/26 11:00:32] D2BS 17100: equipped: [RingL] 12
[10/05/26 11:00:32] D2BS 17100: equipped: [Belt] 16
[10/05/26 11:00:32] D2BS 17100: equipped: [Boots] 12
[10/05/26 11:00:32] D2BS 17100: equipped: [Mitts] 14
[10/05/26 11:00:32] D2BS 17100: updateStat
[10/05/26 11:00:32] D2BS 17100: granted: [Head] 14
[10/05/26 11:00:32] D2BS 17100: granted: [Body] 20
[10/05/26 11:00:32] D2BS 17100: granted: [ArmR] 21
[10/05/26 11:00:32] D2BS 17100: Loaded ÿc9[AutoSmurf.js]
[10/05/26 11:00:37] D2BS 17100: farmingON
[10/05/26 11:00:39] D2BS 17100: MiniShopBot: true
[10/05/26 11:00:39] D2BS 17100: UseMerc: true HP: 70
[10/05/26 11:00:59] D2BS 17100: Merc matched: Holy Freeze
[10/05/26 11:01:12] D2BS 17100: Token needed
[10/05/26 11:01:17] D2BS 17100: act5+ BO
[10/05/26 11:01:31] D2BS 17100: ÿc4=== [BAAL] ===
[10/05/26 11:05:04] D2BS 17100: ÿc4=== [COUNTESS] ===
[10/05/26 11:05:13] D2BS 17100: equipped: [RingL] 14
[10/05/26 11:06:07] D2BS 17100: ÿc4=== [PIT] ===
[10/05/26 11:07:41] D2BS 17100: ÿc4=== [ANDY] ===
[10/05/26 11:08:29] D2BS 17100: ÿc4=== [MEPHISTO] ===
[10/05/26 11:09:43] D2BS 17100: ÿc4=== [DIABLO] ===
[10/05/26 11:15:06] D2BS 17100: party has left: fowo-xb
[10/05/26 11:15:06] D2BS 17100:  [14:35] +16.93% / [Level 86] 26.26%
[10/05/26 11:15:06] D2BS 17100: Script threads\autobuildthread.js ended
[10/05/26 11:15:07] D2BS 17100: Script threads\partythread.js ended
[10/05/26 11:15:07] D2BS 17100: Script threads\townchicken.js ended
[10/05/26 11:15:07] D2BS 17100: Script default.dbj ended
[10/05/26 11:15:19] D2BS 17100: joining game pz-119
[10/05/26 11:15:21] D2BS 17100: ÿc2D2BSÿc0 :: Starting default.dbj
[10/05/26 11:15:21] D2BS 17100: ÿc2D2BSÿc0 :: default.dbj running.
[10/05/26 11:15:21] D2BS 17100: Loaded ÿc9[X.nip] [Y.nip] [Z.nip] [V.nip] [P.CONC.nip]
[10/05/26 11:15:21] D2BS 17100: Loaded ÿc9[P.CONC.js]
[10/05/26 11:15:21] D2BS 17100: equipped: [Head] 14
[10/05/26 11:15:21] D2BS 17100: equipped: [Neck] 19
[10/05/26 11:15:21] D2BS 17100: equipped: [Body] 18
[10/05/26 11:15:21] D2BS 17100: equipped: [ArmR] 19
[10/05/26 11:15:21] D2BS 17100: equipped: [ArmL] 27
[10/05/26 11:15:21] D2BS 17100: equipped: [RingR] 13
[10/05/26 11:15:21] D2BS 17100: equipped: [RingL] 14
[10/05/26 11:15:21] D2BS 17100: equipped: [Belt] 16
[10/05/26 11:15:21] D2BS 17100: equipped: [Boots] 12
[10/05/26 11:15:21] D2BS 17100: equipped: [Mitts] 14
[10/05/26 11:15:21] D2BS 17100: updateStat
[10/05/26 11:15:21] D2BS 17100: granted: [Head] 14
[10/05/26 11:15:21] D2BS 17100: granted: [Body] 20
[10/05/26 11:15:21] D2BS 17100: granted: [ArmR] 21
[10/05/26 11:15:21] D2BS 17100: Loaded ÿc9[AutoSmurf.js]
[10/05/26 11:15:26] D2BS 17100: farmingON
[10/05/26 11:15:29] D2BS 17100: MiniShopBot: true
[10/05/26 11:15:29] D2BS 17100: UseMerc: true HP: 70
[10/05/26 11:15:51] D2BS 17100: granted: [ArmR] 22
[10/05/26 11:15:51] D2BS 17100: Merc matched: Holy Freeze
[10/05/26 11:16:03] D2BS 17100: Token needed
[10/05/26 11:16:07] D2BS 17100: act5+ BO
[10/05/26 11:16:19] D2BS 17100: ÿc4=== [BAAL] ===
[10/05/26 11:16:42] D2BS 17100: Baal failed: souls found
[10/05/26 11:16:42] D2BS 17100: ÿc4=== [COUNTESS] ===
[10/05/26 11:17:53] D2BS 17100: ÿc4=== [PIT] ===
[10/05/26 11:20:00] D2BS 17100: ÿc4=== [ANDY] ===
[10/05/26 11:21:16] D2BS 17100: ÿc4=== [MEPHISTO] ===
[10/05/26 11:22:26] D2BS 17100: ÿc4=== [DIABLO] ===
[10/05/26 11:26:30] D2BS 17100: updateStat
[10/05/26 11:27:30] D2BS 17100: Going to town
[10/05/26 11:28:43] D2BS 17100: Script ended
[10/05/26 11:28:43] D2BS 17100:  [13:23] +10.75% / [Level 86] 37.01%
[10/05/26 11:28:43] D2BS 17100: Script threads\autobuildthread.js ended
[10/05/26 11:28:43] D2BS 17100: Script threads\partythread.js ended
[10/05/26 11:28:43] D2BS 17100: Script threads\townchicken.js ended
[10/05/26 11:28:57] D2BS 17100: joining game pz-120
[10/05/26 11:29:00] D2BS 17100: ÿc2D2BSÿc0 :: Starting default.dbj
[10/05/26 11:29:00] D2BS 17100: ÿc2D2BSÿc0 :: default.dbj running.
[10/05/26 11:29:00] D2BS 17100: Loaded ÿc9[X.nip] [Y.nip] [Z.nip] [V.nip] [P.CONC.nip]
[10/05/26 11:29:00] D2BS 17100: Loaded ÿc9[P.CONC.js]
[10/05/26 11:29:00] D2BS 17100: equipped: [Head] 14
[10/05/26 11:29:00] D2BS 17100: equipped: [Neck] 19
[10/05/26 11:29:00] D2BS 17100: equipped: [Body] 18
[10/05/26 11:29:00] D2BS 17100: equipped: [ArmR] 19
[10/05/26 11:29:00] D2BS 17100: equipped: [ArmL] 27
[10/05/26 11:29:00] D2BS 17100: equipped: [RingR] 13
[10/05/26 11:29:00] D2BS 17100: equipped: [RingL] 14
[10/05/26 11:29:00] D2BS 17100: equipped: [Belt] 16
[10/05/26 11:29:00] D2BS 17100: equipped: [Boots] 12
[10/05/26 11:29:00] D2BS 17100: equipped: [Mitts] 14
[10/05/26 11:29:00] D2BS 17100: updateStat
[10/05/26 11:29:00] D2BS 17100: granted: [Head] 14
[10/05/26 11:29:00] D2BS 17100: granted: [Body] 20
[10/05/26 11:29:00] D2BS 17100: granted: [ArmR] 22
[10/05/26 11:29:00] D2BS 17100: Loaded ÿc9[AutoSmurf.js]
[10/05/26 11:29:04] D2BS 17100: MiniShopBot: true
[10/05/26 11:29:04] D2BS 17100: farmingON
[10/05/26 11:29:04] D2BS 17100: UseMerc: true HP: 70
[10/05/26 11:29:19] D2BS 17100: Merc matched: Holy Freeze
[10/05/26 11:29:57] D2BS 17100: Token needed
[10/05/26 11:30:00] D2BS 17100: act5+ BO
[10/05/26 11:30:14] D2BS 17100: ÿc4=== [BAAL] ===
[10/05/26 11:33:51] D2BS 17100: ÿc4=== [COUNTESS] ===
[10/05/26 11:35:12] D2BS 17100: ÿc4=== [PIT] ===
[10/05/26 11:36:58] D2BS 17100: ÿc4=== [ANDY] ===
[10/05/26 11:37:56] D2BS 17100: ÿc4=== [MEPHISTO] ===
[10/05/26 11:39:14] D2BS 17100: ÿc4=== [DIABLO] ===
[10/05/26 11:45:51] D2BS 17100: party has left: fowo-xa
[10/05/26 11:45:51] D2BS 17100:  [16:52] +15.84% / [Level 86] 52.85%
[10/05/26 11:45:51] D2BS 17100: Script threads\autobuildthread.js ended
[10/05/26 11:45:51] D2BS 17100: Script threads\partythread.js ended
[10/05/26 11:45:51] D2BS 17100: Script threads\townchicken.js ended
[10/05/26 11:45:51] D2BS 17100: Script default.dbj ended
[10/05/26 11:46:04] D2BS 17100: joining game pz-121
[10/05/26 11:46:06] D2BS 17100: ÿc2D2BSÿc0 :: Starting default.dbj
[10/05/26 11:46:06] D2BS 17100: ÿc2D2BSÿc0 :: default.dbj running.
[10/05/26 11:46:07] D2BS 17100: Loaded ÿc9[X.nip] [Y.nip] [Z.nip] [V.nip] [P.CONC.nip]
[10/05/26 11:46:07] D2BS 17100: Loaded ÿc9[P.CONC.js]
[10/05/26 11:46:07] D2BS 17100: equipped: [Head] 14
[10/05/26 11:46:07] D2BS 17100: equipped: [Neck] 19
[10/05/26 11:46:07] D2BS 17100: equipped: [Body] 18
[10/05/26 11:46:07] D2BS 17100: equipped: [ArmR] 19
[10/05/26 11:46:07] D2BS 17100: equipped: [ArmL] 27
[10/05/26 11:46:07] D2BS 17100: equipped: [RingR] 13
[10/05/26 11:46:07] D2BS 17100: equipped: [RingL] 14
[10/05/26 11:46:07] D2BS 17100: equipped: [Belt] 16
[10/05/26 11:46:07] D2BS 17100: equipped: [Boots] 12
[10/05/26 11:46:07] D2BS 17100: equipped: [Mitts] 14
[10/05/26 11:46:07] D2BS 17100: updateStat
[10/05/26 11:46:07] D2BS 17100: granted: [Head] 14
[10/05/26 11:46:07] D2BS 17100: granted: [Body] 20
[10/05/26 11:46:07] D2BS 17100: granted: [ArmR] 22
[10/05/26 11:46:07] D2BS 17100: Loaded ÿc9[AutoSmurf.js]
[10/05/26 11:46:12] D2BS 17100: farmingON
[10/05/26 11:46:12] D2BS 17100: MiniShopBot: true
[10/05/26 11:46:12] D2BS 17100: UseMerc: true HP: 70
[10/05/26 11:46:26] D2BS 17100: Merc matched: Holy Freeze
[10/05/26 11:46:44] D2BS 17100: Token needed
[10/05/26 11:46:48] D2BS 17100: act5+ BO
[10/05/26 11:47:02] D2BS 17100: ÿc4=== [BAAL] ===
[10/05/26 11:47:13] D2BS 17100: Baal failed: souls found
[10/05/26 11:47:13] D2BS 17100: ÿc4=== [COUNTESS] ===
[10/05/26 11:48:15] D2BS 17100: ÿc4=== [PIT] ===
[10/05/26 11:50:04] D2BS 17100: ÿc4=== [ANDY] ===
[10/05/26 11:51:22] D2BS 17100: ÿc4=== [MEPHISTO] ===
[10/05/26 11:52:43] D2BS 17100: ÿc4=== [DIABLO] ===
[10/05/26 11:58:25] D2BS 17100: updateStat
[10/05/26 11:58:43] D2BS 17100: Going to town
[10/05/26 11:59:51] D2BS 17100: party has left: fowo-xf
[10/05/26 11:59:51] D2BS 17100:  [13:45] +8.05% / [Level 86] 60.89%
[10/05/26 11:59:51] D2BS 17100: Script threads\autobuildthread.js ended
[10/05/26 11:59:51] D2BS 17100: Script threads\partythread.js ended
[10/05/26 11:59:51] D2BS 17100: Script threads\townchicken.js ended
[10/05/26 11:59:51] D2BS 17100: Script default.dbj ended
[10/05/26 12:00:05] D2BS 17100: joining game pz-122
[10/05/26 12:00:06] D2BS 17100: ÿc2D2BSÿc0 :: Starting default.dbj
[10/05/26 12:00:06] D2BS 17100: ÿc2D2BSÿc0 :: default.dbj running.
[10/05/26 12:00:07] D2BS 17100: Loaded ÿc9[X.nip] [Y.nip] [Z.nip] [V.nip] [P.CONC.nip]
[10/05/26 12:00:07] D2BS 17100: Loaded ÿc9[P.CONC.js]
[10/05/26 12:00:07] D2BS 17100: equipped: [Head] 14
[10/05/26 12:00:07] D2BS 17100: equipped: [Neck] 19
[10/05/26 12:00:07] D2BS 17100: equipped: [Body] 18
[10/05/26 12:00:07] D2BS 17100: equipped: [ArmR] 19
[10/05/26 12:00:07] D2BS 17100: equipped: [ArmL] 27
[10/05/26 12:00:07] D2BS 17100: equipped: [RingR] 13
[10/05/26 12:00:07] D2BS 17100: equipped: [RingL] 14
[10/05/26 12:00:07] D2BS 17100: equipped: [Belt] 16
[10/05/26 12:00:07] D2BS 17100: equipped: [Boots] 12
[10/05/26 12:00:07] D2BS 17100: equipped: [Mitts] 14
[10/05/26 12:00:07] D2BS 17100: updateStat
[10/05/26 12:00:07] D2BS 17100: granted: [Head] 14
[10/05/26 12:00:07] D2BS 17100: granted: [Body] 20
[10/05/26 12:00:07] D2BS 17100: granted: [ArmR] 22
[10/05/26 12:00:07] D2BS 17100: Loaded ÿc9[AutoSmurf.js]
[10/05/26 12:00:13] D2BS 17100: farmingON
[10/05/26 12:00:13] D2BS 17100: MiniShopBot: true
[10/05/26 12:00:13] D2BS 17100: UseMerc: true HP: 70
[10/05/26 12:00:18] D2BS 17100: [Token Of Absolution]
[10/05/26 12:00:40] D2BS 17100: Merc matched: Holy Freeze
[10/05/26 12:00:49] D2BS 17100: Token needed
[10/05/26 12:00:52] D2BS 17100: act5+ BO
[10/05/26 12:01:06] D2BS 17100: ÿc4=== [BAAL] ===
[10/05/26 12:04:49] D2BS 17100: Going to town
[10/05/26 12:05:04] D2BS 17100: ÿc4=== [COUNTESS] ===
[10/05/26 12:06:32] D2BS 17100: ÿc4=== [PIT] ===
[10/05/26 12:08:12] D2BS 17100: ÿc4=== [ANDY] ===
[10/05/26 12:09:11] D2BS 17100: ÿc4=== [MEPHISTO] ===
[10/05/26 12:10:51] D2BS 17100: ÿc4=== [DIABLO] ===
[10/05/26 12:17:19] D2BS 17100: party has left: fowo-xa
[10/05/26 12:17:19] D2BS 17100:  [17:12] +16.15% / [Level 86] 77.05%
[10/05/26 12:17:19] D2BS 17100: Script threads\autobuildthread.js ended
[10/05/26 12:17:19] D2BS 17100: Script threads\partythread.js ended
[10/05/26 12:17:19] D2BS 17100: Script threads\townchicken.js ended
[10/05/26 12:17:19] D2BS 17100: Script default.dbj ended
[10/05/26 12:17:32] D2BS 17100: joining game pz-123
[10/05/26 12:17:34] D2BS 17100: ÿc2D2BSÿc0 :: Starting default.dbj
[10/05/26 12:17:34] D2BS 17100: ÿc2D2BSÿc0 :: default.dbj running.
[10/05/26 12:17:35] D2BS 17100: Loaded ÿc9[X.nip] [Y.nip] [Z.nip] [V.nip] [P.CONC.nip]
[10/05/26 12:17:35] D2BS 17100: Loaded ÿc9[P.CONC.js]
[10/05/26 12:17:35] D2BS 17100: equipped: [Head] 14
[10/05/26 12:17:35] D2BS 17100: equipped: [Neck] 19
[10/05/26 12:17:35] D2BS 17100: equipped: [Body] 18
[10/05/26 12:17:35] D2BS 17100: equipped: [ArmR] 19
[10/05/26 12:17:35] D2BS 17100: equipped: [ArmL] 27
[10/05/26 12:17:35] D2BS 17100: equipped: [RingR] 13
[10/05/26 12:17:35] D2BS 17100: equipped: [RingL] 14
[10/05/26 12:17:35] D2BS 17100: equipped: [Belt] 16
[10/05/26 12:17:35] D2BS 17100: equipped: [Boots] 12
[10/05/26 12:17:35] D2BS 17100: equipped: [Mitts] 14
[10/05/26 12:17:35] D2BS 17100: Loaded ÿc9[AutoSmurf.js]
[10/05/26 12:17:40] D2BS 17100: farmingON
[10/05/26 12:17:40] D2BS 17100: MiniShopBot: true
[10/05/26 12:17:40] D2BS 17100: UseMerc: true HP: 70
[10/05/26 12:17:48] D2BS 17100: updateStat
[10/05/26 12:17:48] D2BS 17100: granted: [Head] 14
[10/05/26 12:17:48] D2BS 17100: granted: [Body] 20
[10/05/26 12:17:48] D2BS 17100: granted: [ArmR] 22
[10/05/26 12:18:09] D2BS 17100: Merc matched: Holy Freeze
[10/05/26 12:18:18] D2BS 17100: act5+ BO
[10/05/26 12:18:19] D2BS 17100: updateStat
[10/05/26 12:18:30] D2BS 17100: ÿc4=== [BAAL] ===
[10/05/26 12:21:37] D2BS 17100: ÿc4=== [COUNTESS] ===
[10/05/26 12:22:53] D2BS 17100: ÿc4=== [PIT] ===
[10/05/26 12:24:21] D2BS 17100: ÿc4=== [ANDY] ===
[10/05/26 12:25:13] D2BS 17100: ÿc4=== [MEPHISTO] ===
[10/05/26 12:26:20] D2BS 17100: ÿc4=== [DIABLO] ===
[10/05/26 12:32:02] D2BS 17100: party has left: fowo-xh
[10/05/26 12:32:02] D2BS 17100:  [14:28] +14.12% / [Level 86] 91.17%
[10/05/26 12:32:02] D2BS 17100: Script threads\autobuildthread.js ended
[10/05/26 12:32:02] D2BS 17100: Script threads\partythread.js ended
[10/05/26 12:32:02] D2BS 17100: Script threads\townchicken.js ended
[10/05/26 12:32:03] D2BS 17100: Script default.dbj ended
[10/05/26 12:32:15] D2BS 17100: joining game pz-124
[10/05/26 12:32:17] D2BS 17100: ÿc2D2BSÿc0 :: Starting default.dbj
[10/05/26 12:32:17] D2BS 17100: ÿc2D2BSÿc0 :: default.dbj running.
[10/05/26 12:32:17] D2BS 17100: Loaded ÿc9[X.nip] [Y.nip] [Z.nip] [V.nip] [P.CONC.nip]
[10/05/26 12:32:17] D2BS 17100: Loaded ÿc9[P.CONC.js]
[10/05/26 12:32:17] D2BS 17100: equipped: [Head] 14
[10/05/26 12:32:17] D2BS 17100: equipped: [Neck] 19
[10/05/26 12:32:17] D2BS 17100: equipped: [Body] 18
[10/05/26 12:32:17] D2BS 17100: equipped: [ArmR] 19
[10/05/26 12:32:17] D2BS 17100: equipped: [ArmL] 27
[10/05/26 12:32:17] D2BS 17100: equipped: [RingR] 13
[10/05/26 12:32:17] D2BS 17100: equipped: [RingL] 14
[10/05/26 12:32:17] D2BS 17100: equipped: [Belt] 16
[10/05/26 12:32:17] D2BS 17100: equipped: [Boots] 12
[10/05/26 12:32:17] D2BS 17100: equipped: [Mitts] 14
[10/05/26 12:32:17] D2BS 17100: updateStat
[10/05/26 12:32:17] D2BS 17100: granted: [Head] 14
[10/05/26 12:32:17] D2BS 17100: granted: [Body] 20
[10/05/26 12:32:18] D2BS 17100: granted: [ArmR] 22
[10/05/26 12:32:18] D2BS 17100: Loaded ÿc9[AutoSmurf.js]
[10/05/26 12:32:22] D2BS 17100: farmingON
[10/05/26 12:32:24] D2BS 17100: MiniShopBot: true
[10/05/26 12:32:24] D2BS 17100: UseMerc: true HP: 70
[10/05/26 12:32:44] D2BS 17100: Merc matched: Holy Freeze
[10/05/26 12:32:56] D2BS 17100: Token needed
[10/05/26 12:33:01] D2BS 17100: act5+ BO
[10/05/26 12:33:13] D2BS 17100: ÿc4=== [BAAL] ===
[10/05/26 12:36:41] D2BS 17100: ÿc4=== [COUNTESS] ===
[10/05/26 12:37:51] D2BS 17100: ÿc4=== [PIT] ===
[10/05/26 12:39:37] D2BS 17100: ÿc4=== [ANDY] ===
[10/05/26 12:40:32] D2BS 17100: ÿc4=== [MEPHISTO] ===
[10/05/26 12:41:39] D2BS 17100: ÿc4=== [DIABLO] ===
[10/05/26 12:46:35] D2BS 17100: party has left: fowo-xb
[10/05/26 12:46:35] D2BS 17100:  [14:18] +11.75% / [Level 87] 3.65%
[10/05/26 12:46:35] D2BS 17100: Script threads\autobuildthread.js ended
[10/05/26 12:46:35] D2BS 17100: Script threads\partythread.js ended
[10/05/26 12:46:35] D2BS 17100: Script threads\townchicken.js ended
[10/05/26 12:46:35] D2BS 17100: Script default.dbj ended
[10/05/26 12:46:48] D2BS 17100: joining game pz-125
[10/05/26 12:46:50] D2BS 17100: ÿc2D2BSÿc0 :: Starting default.dbj
[10/05/26 12:46:50] D2BS 17100: ÿc2D2BSÿc0 :: default.dbj running.
[10/05/26 12:46:51] D2BS 17100: Loaded ÿc9[X.nip] [Y.nip] [Z.nip] [V.nip] [P.CONC.nip]
[10/05/26 12:46:51] D2BS 17100: Loaded ÿc9[P.CONC.js]
[10/05/26 12:46:51] D2BS 17100: equipped: [Head] 14
[10/05/26 12:46:51] D2BS 17100: equipped: [Neck] 19
[10/05/26 12:46:51] D2BS 17100: equipped: [Body] 18
[10/05/26 12:46:51] D2BS 17100: equipped: [ArmR] 19
[10/05/26 12:46:51] D2BS 17100: equipped: [ArmL] 27
[10/05/26 12:46:51] D2BS 17100: equipped: [RingR] 13
[10/05/26 12:46:51] D2BS 17100: equipped: [RingL] 14
[10/05/26 12:46:51] D2BS 17100: equipped: [Belt] 16
[10/05/26 12:46:51] D2BS 17100: equipped: [Boots] 12
[10/05/26 12:46:51] D2BS 17100: equipped: [Mitts] 14
[10/05/26 12:46:51] D2BS 17100: updateStat
[10/05/26 12:46:51] D2BS 17100: granted: [Head] 14
[10/05/26 12:46:51] D2BS 17100: granted: [Body] 20
[10/05/26 12:46:51] D2BS 17100: granted: [ArmR] 22
[10/05/26 12:46:51] D2BS 17100: Loaded ÿc9[AutoSmurf.js]
[10/05/26 12:46:55] D2BS 17100: MiniShopBot: true
[10/05/26 12:46:55] D2BS 17100: farmingON
[10/05/26 12:46:55] D2BS 17100: UseMerc: true HP: 70
[10/05/26 12:47:13] D2BS 17100: equipped: [Belt] 18
[10/05/26 12:47:15] D2BS 17100: Merc matched: Holy Freeze
[10/05/26 12:47:28] D2BS 17100: Token needed
[10/05/26 12:47:31] D2BS 17100: act5+ BO
[10/05/26 12:47:46] D2BS 17100: ÿc4=== [BAAL] ===
[10/05/26 12:48:02] D2BS 17100: Baal failed: souls found
[10/05/26 12:48:02] D2BS 17100: ÿc4=== [COUNTESS] ===
[10/05/26 12:49:19] D2BS 17100: ÿc4=== [PIT] ===
[10/05/26 12:50:39] D2BS 17100: ÿc4=== [ANDY] ===
[10/05/26 12:51:33] D2BS 17100: ÿc4=== [MEPHISTO] ===
[10/05/26 12:52:48] D2BS 17100: ÿc4=== [DIABLO] ===
[10/05/26 12:58:33] D2BS 17100: party has left: fowo-xf
[10/05/26 12:58:33] D2BS 17100:  [11:43] +5.40% / [Level 87] 9.05%
[10/05/26 12:58:33] D2BS 17100: Script threads\autobuildthread.js ended
[10/05/26 12:58:33] D2BS 17100: Script threads\partythread.js ended
[10/05/26 12:58:33] D2BS 17100: Script threads\townchicken.js ended
[10/05/26 12:58:33] D2BS 17100: Script default.dbj ended
[10/05/26 12:58:44] D2BS 17100: joining game pz-126
[10/05/26 12:58:47] D2BS 17100: ÿc2D2BSÿc0 :: Starting default.dbj
[10/05/26 12:58:47] D2BS 17100: ÿc2D2BSÿc0 :: default.dbj running.
[10/05/26 12:58:47] D2BS 17100: Loaded ÿc9[X.nip] [Y.nip] [Z.nip] [V.nip] [P.CONC.nip]
[10/05/26 12:58:47] D2BS 17100: Loaded ÿc9[P.CONC.js]
[10/05/26 12:58:47] D2BS 17100: equipped: [Head] 14
[10/05/26 12:58:47] D2BS 17100: equipped: [Neck] 19
[10/05/26 12:58:47] D2BS 17100: equipped: [Body] 18
[10/05/26 12:58:47] D2BS 17100: equipped: [ArmR] 19
[10/05/26 12:58:47] D2BS 17100: equipped: [ArmL] 27
[10/05/26 12:58:47] D2BS 17100: equipped: [RingR] 13
[10/05/26 12:58:47] D2BS 17100: equipped: [RingL] 14
[10/05/26 12:58:47] D2BS 17100: equipped: [Belt] 18
[10/05/26 12:58:47] D2BS 17100: equipped: [Boots] 12
[10/05/26 12:58:47] D2BS 17100: equipped: [Mitts] 14
[10/05/26 12:58:47] D2BS 17100: updateStat
[10/05/26 12:58:47] D2BS 17100: granted: [Head] 14
[10/05/26 12:58:47] D2BS 17100: granted: [Body] 20
[10/05/26 12:58:47] D2BS 17100: granted: [ArmR] 22
[10/05/26 12:58:47] D2BS 17100: Loaded ÿc9[AutoSmurf.js]
[10/05/26 12:58:52] D2BS 17100: farmingON
[10/05/26 12:58:53] D2BS 17100: MiniShopBot: true
[10/05/26 12:58:53] D2BS 17100: UseMerc: true HP: 70
[10/05/26 12:59:16] D2BS 17100: Merc matched: Holy Freeze
[10/05/26 12:59:28] D2BS 17100: Token needed
[10/05/26 12:59:31] D2BS 17100: act5+ BO
[10/05/26 12:59:44] D2BS 17100: ÿc4=== [BAAL] ===
[10/05/26 12:59:57] D2BS 17100: party has left: fowo-xa
[10/05/26 12:59:57] D2BS 17100: no exp [01:11]
[10/05/26 12:59:57] D2BS 17100: Script threads\autobuildthread.js ended
[10/05/26 12:59:57] D2BS 17100: Script threads\partythread.js ended
[10/05/26 12:59:58] D2BS 17100: Script threads\townchicken.js ended
[10/05/26 12:59:58] D2BS 17100: Script default.dbj ended
[10/05/26 13:00:09] D2BS 17100: joining game pz-127
[10/05/26 13:00:11] D2BS 17100: ÿc2D2BSÿc0 :: Starting default.dbj
[10/05/26 13:00:11] D2BS 17100: ÿc2D2BSÿc0 :: default.dbj running.
[10/05/26 13:00:11] D2BS 17100: Loaded ÿc9[X.nip] [Y.nip] [Z.nip] [V.nip] [P.CONC.nip]
[10/05/26 13:00:11] D2BS 17100: Loaded ÿc9[P.CONC.js]
[10/05/26 13:00:11] D2BS 17100: equipped: [Head] 14
[10/05/26 13:00:11] D2BS 17100: equipped: [Neck] 19
[10/05/26 13:00:11] D2BS 17100: equipped: [Body] 18
[10/05/26 13:00:11] D2BS 17100: equipped: [ArmR] 19
[10/05/26 13:00:11] D2BS 17100: equipped: [ArmL] 27
[10/05/26 13:00:11] D2BS 17100: equipped: [RingR] 13
[10/05/26 13:00:11] D2BS 17100: equipped: [RingL] 14
[10/05/26 13:00:11] D2BS 17100: equipped: [Belt] 18
[10/05/26 13:00:11] D2BS 17100: equipped: [Boots] 12
[10/05/26 13:00:11] D2BS 17100: equipped: [Mitts] 14
[10/05/26 13:00:11] D2BS 17100: updateStat
[10/05/26 13:00:11] D2BS 17100: granted: [Head] 14
[10/05/26 13:00:11] D2BS 17100: granted: [Body] 20
[10/05/26 13:00:11] D2BS 17100: granted: [ArmR] 22
[10/05/26 13:00:11] D2BS 17100: Loaded ÿc9[AutoSmurf.js]
[10/05/26 13:00:14] D2BS 17100: MiniShopBot: true
[10/05/26 13:00:14] D2BS 17100: farmingON
[10/05/26 13:00:14] D2BS 17100: UseMerc: true HP: 70
[10/05/26 13:00:28] D2BS 17100: Merc matched: Holy Freeze
[10/05/26 13:00:38] D2BS 17100: Token needed
[10/05/26 13:00:42] D2BS 17100: act5+ BO
[10/05/26 13:00:56] D2BS 17100: ÿc4=== [BAAL] ===
[10/05/26 13:01:19] D2BS 17100: Baal failed: souls found
[10/05/26 13:01:19] D2BS 17100: ÿc4=== [COUNTESS] ===
[10/05/26 13:02:40] D2BS 17100: ÿc4=== [PIT] ===
[10/05/26 13:04:36] D2BS 17100: ÿc4=== [ANDY] ===
[10/05/26 13:05:43] D2BS 17100: ÿc4=== [MEPHISTO] ===
[10/05/26 13:08:58] D2BS 17100: party has left: fowo-xf
[10/05/26 13:08:58] D2BS 17100:  [08:47] +2.18% / [Level 87] 11.24%
[10/05/26 13:08:58] D2BS 17100: Script threads\autobuildthread.js ended
[10/05/26 13:08:58] D2BS 17100: Script threads\partythread.js ended
[10/05/26 13:08:58] D2BS 17100: Script threads\townchicken.js ended
[10/05/26 13:08:59] D2BS 17100: Script default.dbj ended
[10/05/26 13:09:11] D2BS 17100: joining game pz-128
[10/05/26 13:09:13] D2BS 17100: ÿc2D2BSÿc0 :: Starting default.dbj
[10/05/26 13:09:13] D2BS 17100: ÿc2D2BSÿc0 :: default.dbj running.
[10/05/26 13:09:13] D2BS 17100: Loaded ÿc9[X.nip] [Y.nip] [Z.nip] [V.nip] [P.CONC.nip]
[10/05/26 13:09:13] D2BS 17100: Loaded ÿc9[P.CONC.js]
[10/05/26 13:09:13] D2BS 17100: equipped: [Head] 14
[10/05/26 13:09:14] D2BS 17100: equipped: [Neck] 19
[10/05/26 13:09:14] D2BS 17100: equipped: [Body] 18
[10/05/26 13:09:14] D2BS 17100: equipped: [ArmR] 19
[10/05/26 13:09:14] D2BS 17100: equipped: [ArmL] 27
[10/05/26 13:09:14] D2BS 17100: equipped: [RingR] 13
[10/05/26 13:09:14] D2BS 17100: equipped: [RingL] 14
[10/05/26 13:09:14] D2BS 17100: equipped: [Belt] 18
[10/05/26 13:09:14] D2BS 17100: equipped: [Boots] 12
[10/05/26 13:09:14] D2BS 17100: equipped: [Mitts] 14
[10/05/26 13:09:14] D2BS 17100: updateStat
[10/05/26 13:09:14] D2BS 17100: granted: [Head] 14
[10/05/26 13:09:14] D2BS 17100: granted: [Body] 20
[10/05/26 13:09:14] D2BS 17100: granted: [ArmR] 22
[10/05/26 13:09:14] D2BS 17100: Loaded ÿc9[AutoSmurf.js]
[10/05/26 13:09:19] D2BS 17100: farmingON
[10/05/26 13:09:20] D2BS 17100: MiniShopBot: true
[10/05/26 13:09:20] D2BS 17100: UseMerc: true HP: 70
[10/05/26 13:09:35] D2BS 17100: Merc matched: Holy Freeze
[10/05/26 13:09:49] D2BS 17100: Token needed
[10/05/26 13:09:53] D2BS 17100: act5+ BO
[10/05/26 13:10:07] D2BS 17100: ÿc4=== [BAAL] ===
[10/05/26 13:13:28] D2BS 17100: Going to town
[10/05/26 13:13:46] D2BS 17100: ÿc4=== [COUNTESS] ===
[10/05/26 13:14:48] D2BS 17100: ÿc4=== [PIT] ===
[10/05/26 13:16:09] D2BS 17100: ÿc4=== [ANDY] ===
[10/05/26 13:17:08] D2BS 17100: ÿc4=== [MEPHISTO] ===
[10/05/26 13:18:39] D2BS 17100: ÿc4=== [DIABLO] ===
[10/05/26 13:18:55] D2BS 17100: equipped: [ArmL] 28
[10/05/26 13:20:02] D2BS 17100: updateStat
[10/05/26 13:20:20] D2BS 17100: Going to town
[10/05/26 13:24:24] D2BS 17100: party has left: fowo-xb
[10/05/26 13:24:24] D2BS 17100:  [15:11] +9.82% / [Level 87] 21.05%
[10/05/26 13:24:24] D2BS 17100: Script threads\autobuildthread.js ended
[10/05/26 13:24:24] D2BS 17100: Script threads\partythread.js ended
[10/05/26 13:24:24] D2BS 17100: Script threads\townchicken.js ended
[10/05/26 13:24:24] D2BS 17100: Script default.dbj ended
[10/05/26 13:24:35] D2BS 17100: joining game pz-129
[10/05/26 13:24:38] D2BS 17100: ÿc2D2BSÿc0 :: Starting default.dbj
[10/05/26 13:24:38] D2BS 17100: ÿc2D2BSÿc0 :: default.dbj running.
[10/05/26 13:24:38] D2BS 17100: Loaded ÿc9[X.nip] [Y.nip] [Z.nip] [V.nip] [P.CONC.nip]
[10/05/26 13:24:38] D2BS 17100: Loaded ÿc9[P.CONC.js]
[10/05/26 13:24:38] D2BS 17100: equipped: [Head] 14
[10/05/26 13:24:38] D2BS 17100: equipped: [Neck] 19
[10/05/26 13:24:38] D2BS 17100: equipped: [Body] 18
[10/05/26 13:24:38] D2BS 17100: equipped: [ArmR] 19
[10/05/26 13:24:38] D2BS 17100: equipped: [ArmL] 28
[10/05/26 13:24:38] D2BS 17100: equipped: [RingR] 13
[10/05/26 13:24:38] D2BS 17100: equipped: [RingL] 14
[10/05/26 13:24:38] D2BS 17100: equipped: [Belt] 18
[10/05/26 13:24:38] D2BS 17100: equipped: [Boots] 12
[10/05/26 13:24:38] D2BS 17100: equipped: [Mitts] 14
[10/05/26 13:24:38] D2BS 17100: updateStat
[10/05/26 13:24:38] D2BS 17100: granted: [Head] 14
[10/05/26 13:24:38] D2BS 17100: granted: [Body] 20
[10/05/26 13:24:38] D2BS 17100: granted: [ArmR] 22
[10/05/26 13:24:38] D2BS 17100: Loaded ÿc9[AutoSmurf.js]
[10/05/26 13:24:43] D2BS 17100: farmingON
[10/05/26 13:24:44] D2BS 17100: MiniShopBot: true
[10/05/26 13:24:44] D2BS 17100: UseMerc: true HP: 70
[10/05/26 13:25:06] D2BS 17100: Merc matched: Holy Freeze
[10/05/26 13:25:15] D2BS 17100: Token needed
[10/05/26 13:25:19] D2BS 17100: act5+ BO
[10/05/26 13:25:33] D2BS 17100: ÿc4=== [BAAL] ===
[10/05/26 13:29:21] D2BS 17100: ÿc4=== [COUNTESS] ===
[10/05/26 13:30:29] D2BS 17100: ÿc4=== [PIT] ===
[10/05/26 13:32:05] D2BS 17100: ÿc4=== [ANDY] ===
[10/05/26 13:32:59] D2BS 17100: ÿc4=== [MEPHISTO] ===
[10/05/26 13:34:22] D2BS 17100: ÿc4=== [DIABLO] ===
[10/05/26 13:40:22] D2BS 17100: Script ended
[10/05/26 13:40:22] D2BS 17100:  [15:45] +11.94% / [Level 87] 33.00%
[10/05/26 13:40:22] D2BS 17100: Script threads\autobuildthread.js ended
[10/05/26 13:40:22] D2BS 17100: Script threads\partythread.js ended
[10/05/26 13:40:22] D2BS 17100: Script threads\townchicken.js ended
[10/05/26 13:40:35] D2BS 17100: joining game pz-130
[10/05/26 13:40:37] D2BS 17100: ÿc2D2BSÿc0 :: Starting default.dbj
[10/05/26 13:40:37] D2BS 17100: ÿc2D2BSÿc0 :: default.dbj running.
[10/05/26 13:40:38] D2BS 17100: Loaded ÿc9[X.nip] [Y.nip] [Z.nip] [V.nip] [P.CONC.nip]
[10/05/26 13:40:38] D2BS 17100: Loaded ÿc9[P.CONC.js]
[10/05/26 13:40:38] D2BS 17100: equipped: [Head] 14
[10/05/26 13:40:38] D2BS 17100: equipped: [Neck] 19
[10/05/26 13:40:38] D2BS 17100: equipped: [Body] 18
[10/05/26 13:40:38] D2BS 17100: equipped: [ArmR] 19
[10/05/26 13:40:38] D2BS 17100: equipped: [ArmL] 28
[10/05/26 13:40:38] D2BS 17100: equipped: [RingR] 13
[10/05/26 13:40:38] D2BS 17100: equipped: [RingL] 14
[10/05/26 13:40:38] D2BS 17100: equipped: [Belt] 18
[10/05/26 13:40:38] D2BS 17100: equipped: [Boots] 12
[10/05/26 13:40:38] D2BS 17100: equipped: [Mitts] 14
[10/05/26 13:40:38] D2BS 17100: updateStat
[10/05/26 13:40:38] D2BS 17100: granted: [Head] 14
[10/05/26 13:40:38] D2BS 17100: granted: [Body] 20
[10/05/26 13:40:38] D2BS 17100: granted: [ArmR] 22
[10/05/26 13:40:38] D2BS 17100: Loaded ÿc9[AutoSmurf.js]
[10/05/26 13:40:43] D2BS 17100: farmingON
[10/05/26 13:40:43] D2BS 17100: MiniShopBot: true
[10/05/26 13:40:43] D2BS 17100: UseMerc: true HP: 70
[10/05/26 13:41:09] D2BS 17100: Merc matched: Holy Freeze
[10/05/26 13:41:18] D2BS 17100: act5+ BO
[10/05/26 13:41:31] D2BS 17100: ÿc4=== [BAAL] ===
[10/05/26 13:45:11] D2BS 17100: Going to town
[10/05/26 13:45:39] D2BS 17100: ÿc4=== [COUNTESS] ===
[10/05/26 13:46:52] D2BS 17100: ÿc4=== [PIT] ===
[10/05/26 13:48:31] D2BS 17100: ÿc4=== [ANDY] ===
[10/05/26 13:49:29] D2BS 17100: ÿc4=== [MEPHISTO] ===
[10/05/26 13:50:47] D2BS 17100: ÿc4=== [DIABLO] ===
[10/05/26 13:57:09] D2BS 17100: party has left: fowo-xb
[10/05/26 13:57:09] D2BS 17100:  [16:32] +11.57% / [Level 87] 44.57%
[10/05/26 13:57:09] D2BS 17100: Script threads\autobuildthread.js ended
[10/05/26 13:57:09] D2BS 17100: Script threads\partythread.js ended
[10/05/26 13:57:09] D2BS 17100: Script threads\townchicken.js ended
[10/05/26 13:57:09] D2BS 17100: Script default.dbj ended
[10/05/26 13:57:21] D2BS 17100: joining game pz-131
[10/05/26 13:57:23] D2BS 17100: ÿc2D2BSÿc0 :: Starting default.dbj
[10/05/26 13:57:23] D2BS 17100: ÿc2D2BSÿc0 :: default.dbj running.
[10/05/26 13:57:23] D2BS 17100: Loaded ÿc9[X.nip] [Y.nip] [Z.nip] [V.nip] [P.CONC.nip]
[10/05/26 13:57:23] D2BS 17100: Loaded ÿc9[P.CONC.js]
[10/05/26 13:57:23] D2BS 17100: equipped: [Head] 14
[10/05/26 13:57:23] D2BS 17100: equipped: [Neck] 19
[10/05/26 13:57:23] D2BS 17100: equipped: [Body] 18
[10/05/26 13:57:23] D2BS 17100: equipped: [ArmR] 19
[10/05/26 13:57:23] D2BS 17100: equipped: [ArmL] 28
[10/05/26 13:57:23] D2BS 17100: equipped: [RingR] 13
[10/05/26 13:57:23] D2BS 17100: equipped: [RingL] 14
[10/05/26 13:57:23] D2BS 17100: equipped: [Belt] 18
[10/05/26 13:57:23] D2BS 17100: equipped: [Boots] 12
[10/05/26 13:57:23] D2BS 17100: equipped: [Mitts] 14
[10/05/26 13:57:23] D2BS 17100: updateStat
[10/05/26 13:57:23] D2BS 17100: granted: [Head] 14
[10/05/26 13:57:23] D2BS 17100: granted: [Body] 20
[10/05/26 13:57:23] D2BS 17100: granted: [ArmR] 22
[10/05/26 13:57:23] D2BS 17100: Loaded ÿc9[AutoSmurf.js]
[10/05/26 13:57:29] D2BS 17100: farmingON
[10/05/26 13:57:30] D2BS 17100: MiniShopBot: true
[10/05/26 13:57:30] D2BS 17100: UseMerc: true HP: 70
[10/05/26 13:57:51] D2BS 17100: Merc matched: Holy Freeze
[10/05/26 13:58:04] D2BS 17100: Token needed
[10/05/26 13:58:08] D2BS 17100: act5+ BO
[10/05/26 13:58:21] D2BS 17100: ÿc4=== [BAAL] ===
[10/05/26 13:58:36] D2BS 17100: Baal failed: souls found
[10/05/26 13:58:36] D2BS 17100: ÿc4=== [COUNTESS] ===
[10/05/26 13:59:47] D2BS 17100: ÿc4=== [PIT] ===
[10/05/26 14:01:17] D2BS 17100: ÿc4=== [ANDY] ===
[10/05/26 14:02:09] D2BS 17100: ÿc4=== [MEPHISTO] ===
[10/05/26 14:03:32] D2BS 17100: ÿc4=== [DIABLO] ===
[10/05/26 14:05:59] D2BS 17100: party has left: fowo-xc
[10/05/26 14:05:59] D2BS 17100:  [08:36] +1.85% / [Level 87] 46.42%
[10/05/26 14:05:59] D2BS 17100: Script threads\autobuildthread.js ended
[10/05/26 14:05:59] D2BS 17100: party has left: fowo-xc
[10/05/26 14:05:59] D2BS 17100: Script threads\partythread.js ended
[10/05/26 14:05:59] D2BS 17100: Script threads\townchicken.js ended
[10/05/26 14:05:59] D2BS 17100: Script default.dbj ended
[10/05/26 14:06:13] D2BS 17100: joining game pz-132
[10/05/26 14:06:14] D2BS 17100: ÿc2D2BSÿc0 :: Starting default.dbj
[10/05/26 14:06:14] D2BS 17100: ÿc2D2BSÿc0 :: default.dbj running.
[10/05/26 14:06:14] D2BS 17100: Loaded ÿc9[X.nip] [Y.nip] [Z.nip] [V.nip] [P.CONC.nip]
[10/05/26 14:06:14] D2BS 17100: Loaded ÿc9[P.CONC.js]
[10/05/26 14:06:14] D2BS 17100: equipped: [Head] 14
[10/05/26 14:06:14] D2BS 17100: equipped: [Neck] 19
[10/05/26 14:06:14] D2BS 17100: equipped: [Body] 18
[10/05/26 14:06:14] D2BS 17100: equipped: [ArmR] 19
[10/05/26 14:06:14] D2BS 17100: equipped: [ArmL] 28
[10/05/26 14:06:14] D2BS 17100: equipped: [RingR] 13
[10/05/26 14:06:14] D2BS 17100: equipped: [RingL] 14
[10/05/26 14:06:14] D2BS 17100: equipped: [Belt] 18
[10/05/26 14:06:15] D2BS 17100: equipped: [Boots] 12
[10/05/26 14:06:15] D2BS 17100: equipped: [Mitts] 14
[10/05/26 14:06:15] D2BS 17100: updateStat
[10/05/26 14:06:15] D2BS 17100: granted: [Head] 14
[10/05/26 14:06:15] D2BS 17100: granted: [Body] 20
[10/05/26 14:06:15] D2BS 17100: granted: [ArmR] 22
[10/05/26 14:06:15] D2BS 17100: Loaded ÿc9[AutoSmurf.js]
[10/05/26 14:06:20] D2BS 17100: MiniShopBot: true
[10/05/26 14:06:20] D2BS 17100: farmingON
[10/05/26 14:06:20] D2BS 17100: UseMerc: true HP: 70
[10/05/26 14:06:39] D2BS 17100: Merc matched: Holy Freeze
[10/05/26 14:06:53] D2BS 17100: Token needed
[10/05/26 14:06:58] D2BS 17100: act5+ BO
[10/05/26 14:07:10] D2BS 17100: ÿc4=== [BAAL] ===
[10/05/26 14:10:24] D2BS 17100: ÿc4=== [COUNTESS] ===
[10/05/26 14:10:59] D2BS 17100: party has left: fowo-xg
[10/05/26 14:10:59] D2BS 17100:  [04:45] +4.87% / [Level 87] 51.29%
[10/05/26 14:10:59] D2BS 17100: Script threads\autobuildthread.js ended
[10/05/26 14:10:59] D2BS 17100: Script threads\partythread.js ended
[10/05/26 14:10:59] D2BS 17100: Script threads\townchicken.js ended
[10/05/26 14:10:59] D2BS 17100: Script default.dbj ended
[10/05/26 14:11:11] D2BS 17100: joining game pz-133
[10/05/26 14:11:12] D2BS 17100: ÿc2D2BSÿc0 :: Starting default.dbj
[10/05/26 14:11:12] D2BS 17100: ÿc2D2BSÿc0 :: default.dbj running.
[10/05/26 14:11:12] D2BS 17100: Loaded ÿc9[X.nip] [Y.nip] [Z.nip] [V.nip] [P.CONC.nip]
[10/05/26 14:11:12] D2BS 17100: Loaded ÿc9[P.CONC.js]
[10/05/26 14:11:12] D2BS 17100: equipped: [Head] 14
[10/05/26 14:11:12] D2BS 17100: equipped: [Neck] 19
[10/05/26 14:11:12] D2BS 17100: equipped: [Body] 18
[10/05/26 14:11:12] D2BS 17100: equipped: [ArmR] 19
[10/05/26 14:11:12] D2BS 17100: equipped: [ArmL] 28
[10/05/26 14:11:13] D2BS 17100: equipped: [RingR] 13
[10/05/26 14:11:13] D2BS 17100: equipped: [RingL] 14
[10/05/26 14:11:13] D2BS 17100: equipped: [Belt] 18
[10/05/26 14:11:13] D2BS 17100: equipped: [Boots] 12
[10/05/26 14:11:13] D2BS 17100: equipped: [Mitts] 14
[10/05/26 14:11:13] D2BS 17100: updateStat
[10/05/26 14:11:13] D2BS 17100: granted: [Head] 14
[10/05/26 14:11:13] D2BS 17100: granted: [Body] 20
[10/05/26 14:11:13] D2BS 17100: granted: [ArmR] 22
[10/05/26 14:11:13] D2BS 17100: Loaded ÿc9[AutoSmurf.js]
[10/05/26 14:11:15] D2BS 17100: MiniShopBot: true
[10/05/26 14:11:16] D2BS 17100: farmingON
[10/05/26 14:11:16] D2BS 17100: UseMerc: true HP: 70
[10/05/26 14:11:33] D2BS 17100: Merc matched: Holy Freeze
[10/05/26 14:11:44] D2BS 17100: Token needed
[10/05/26 14:11:47] D2BS 17100: act5+ BO
[10/05/26 14:12:00] D2BS 17100: ÿc4=== [BAAL] ===
[10/05/26 14:12:15] D2BS 17100: party has left: fowo-xa
[10/05/26 14:12:15] D2BS 17100: no exp [01:03]
[10/05/26 14:12:15] D2BS 17100: Script threads\autobuildthread.js ended
[10/05/26 14:12:15] D2BS 17100: Script threads\partythread.js ended
[10/05/26 14:12:15] D2BS 17100: Script threads\townchicken.js ended
[10/05/26 14:12:15] D2BS 17100: Script default.dbj ended
[10/05/26 14:12:29] D2BS 17100: joining game pz-134
[10/05/26 14:12:31] D2BS 17100: ÿc2D2BSÿc0 :: Starting default.dbj
[10/05/26 14:12:31] D2BS 17100: ÿc2D2BSÿc0 :: default.dbj running.
[10/05/26 14:12:31] D2BS 17100: Loaded ÿc9[X.nip] [Y.nip] [Z.nip] [V.nip] [P.CONC.nip]
[10/05/26 14:12:31] D2BS 17100: Loaded ÿc9[P.CONC.js]
[10/05/26 14:12:31] D2BS 17100: equipped: [Head] 14
[10/05/26 14:12:31] D2BS 17100: equipped: [Neck] 19
[10/05/26 14:12:31] D2BS 17100: equipped: [Body] 18
[10/05/26 14:12:31] D2BS 17100: equipped: [ArmR] 19
[10/05/26 14:12:31] D2BS 17100: equipped: [ArmL] 28
[10/05/26 14:12:31] D2BS 17100: equipped: [RingR] 13
[10/05/26 14:12:31] D2BS 17100: equipped: [RingL] 14
[10/05/26 14:12:31] D2BS 17100: equipped: [Belt] 18
[10/05/26 14:12:31] D2BS 17100: equipped: [Boots] 12
[10/05/26 14:12:31] D2BS 17100: equipped: [Mitts] 14
[10/05/26 14:12:31] D2BS 17100: updateStat
[10/05/26 14:12:31] D2BS 17100: granted: [Head] 14
[10/05/26 14:12:31] D2BS 17100: granted: [Body] 20
[10/05/26 14:12:31] D2BS 17100: granted: [ArmR] 22
[10/05/26 14:12:32] D2BS 17100: Loaded ÿc9[AutoSmurf.js]
[10/05/26 14:12:34] D2BS 17100: farmingON
[10/05/26 14:12:34] D2BS 17100: MiniShopBot: true
[10/05/26 14:12:34] D2BS 17100: UseMerc: true HP: 70
[10/05/26 14:12:47] D2BS 17100: Merc matched: Holy Freeze
[10/05/26 14:13:00] D2BS 17100: Token needed
[10/05/26 14:13:04] D2BS 17100: act5+ BO
[10/05/26 14:13:17] D2BS 17100: ÿc4=== [BAAL] ===
[10/05/26 14:13:22] D2BS 17100: party has left: fowo-xa
[10/05/26 14:13:22] D2BS 17100: no exp [00:51]
[10/05/26 14:13:22] D2BS 17100: Script threads\autobuildthread.js ended
[10/05/26 14:13:22] D2BS 17100: Script threads\partythread.js ended
[10/05/26 14:13:22] D2BS 17100: Script threads\townchicken.js ended
[10/05/26 14:13:22] D2BS 17100: Script default.dbj ended
[10/05/26 14:13:39] D2BS 17100: joining game pz-135
[10/05/26 14:13:41] D2BS 17100: ÿc2D2BSÿc0 :: Starting default.dbj
[10/05/26 14:13:41] D2BS 17100: ÿc2D2BSÿc0 :: default.dbj running.
[10/05/26 14:13:41] D2BS 17100: Loaded ÿc9[X.nip] [Y.nip] [Z.nip] [V.nip] [P.CONC.nip]
[10/05/26 14:13:41] D2BS 17100: Loaded ÿc9[P.CONC.js]
[10/05/26 14:13:41] D2BS 17100: equipped: [Head] 14
[10/05/26 14:13:41] D2BS 17100: equipped: [Neck] 19
[10/05/26 14:13:41] D2BS 17100: equipped: [Body] 18
[10/05/26 14:13:41] D2BS 17100: equipped: [ArmR] 19
[10/05/26 14:13:41] D2BS 17100: equipped: [ArmL] 28
[10/05/26 14:13:41] D2BS 17100: equipped: [RingR] 13
[10/05/26 14:13:41] D2BS 17100: equipped: [RingL] 14
[10/05/26 14:13:41] D2BS 17100: equipped: [Belt] 18
[10/05/26 14:13:41] D2BS 17100: equipped: [Boots] 12
[10/05/26 14:13:41] D2BS 17100: equipped: [Mitts] 14
[10/05/26 14:13:41] D2BS 17100: updateStat
[10/05/26 14:13:41] D2BS 17100: granted: [Head] 14
[10/05/26 14:13:42] D2BS 17100: granted: [Body] 20
[10/05/26 14:13:42] D2BS 17100: granted: [ArmR] 22
[10/05/26 14:13:42] D2BS 17100: Loaded ÿc9[AutoSmurf.js]
[10/05/26 14:13:43] D2BS 17100: MiniShopBot: true
[10/05/26 14:13:44] D2BS 17100: farmingON
[10/05/26 14:13:44] D2BS 17100: UseMerc: true HP: 70
[10/05/26 14:13:56] D2BS 17100: Merc matched: Holy Freeze
[10/05/26 14:14:10] D2BS 17100: Token needed
[10/05/26 14:14:14] D2BS 17100: act5+ BO
[10/05/26 14:14:27] D2BS 17100: ÿc4=== [BAAL] ===
[10/05/26 14:17:49] D2BS 17100: ÿc4=== [COUNTESS] ===
[10/05/26 14:18:53] D2BS 17100: ÿc4=== [PIT] ===
[10/05/26 14:20:28] D2BS 17100: ÿc4=== [ANDY] ===
[10/05/26 14:21:18] D2BS 17100: ÿc4=== [MEPHISTO] ===
[10/05/26 14:22:37] D2BS 17100: ÿc4=== [DIABLO] ===
[10/05/26 14:28:55] D2BS 17100: party has left: fowo-xc
[10/05/26 14:28:55] D2BS 17100:  [15:14] +12.13% / [Level 87] 63.42%
[10/05/26 14:28:55] D2BS 17100: Script threads\autobuildthread.js ended
[10/05/26 14:28:55] D2BS 17100: Script threads\partythread.js ended
[10/05/26 14:28:55] D2BS 17100: Script threads\townchicken.js ended
[10/05/26 14:28:55] D2BS 17100: Script default.dbj ended
[10/05/26 14:29:07] D2BS 17100: joining game pz-136
[10/05/26 14:29:09] D2BS 17100: ÿc2D2BSÿc0 :: Starting default.dbj
[10/05/26 14:29:09] D2BS 17100: ÿc2D2BSÿc0 :: default.dbj running.
[10/05/26 14:29:09] D2BS 17100: Loaded ÿc9[X.nip] [Y.nip] [Z.nip] [V.nip] [P.CONC.nip]
[10/05/26 14:29:09] D2BS 17100: Loaded ÿc9[P.CONC.js]
[10/05/26 14:29:09] D2BS 17100: equipped: [Head] 14
[10/05/26 14:29:09] D2BS 17100: equipped: [Neck] 19
[10/05/26 14:29:10] D2BS 17100: equipped: [Body] 18
[10/05/26 14:29:10] D2BS 17100: equipped: [ArmR] 19
[10/05/26 14:29:10] D2BS 17100: equipped: [ArmL] 28
[10/05/26 14:29:10] D2BS 17100: equipped: [RingR] 13
[10/05/26 14:29:10] D2BS 17100: equipped: [RingL] 14
[10/05/26 14:29:10] D2BS 17100: equipped: [Belt] 18
[10/05/26 14:29:10] D2BS 17100: equipped: [Boots] 12
[10/05/26 14:29:10] D2BS 17100: equipped: [Mitts] 14
[10/05/26 14:29:10] D2BS 17100: updateStat
[10/05/26 14:29:10] D2BS 17100: granted: [Head] 14
[10/05/26 14:29:10] D2BS 17100: granted: [Body] 20
[10/05/26 14:29:10] D2BS 17100: granted: [ArmR] 22
[10/05/26 14:29:10] D2BS 17100: Loaded ÿc9[AutoSmurf.js]
[10/05/26 14:29:15] D2BS 17100: farmingON
[10/05/26 14:29:17] D2BS 17100: MiniShopBot: true
[10/05/26 14:29:17] D2BS 17100: UseMerc: true HP: 70
[10/05/26 14:29:37] D2BS 17100: Merc matched: Holy Freeze
[10/05/26 14:29:49] D2BS 17100: Token needed
[10/05/26 14:29:52] D2BS 17100: act5+ BO
[10/05/26 14:30:05] D2BS 17100: ÿc4=== [BAAL] ===
[10/05/26 14:30:13] D2BS 17100: Baal failed: souls found
[10/05/26 14:30:13] D2BS 17100: ÿc4=== [COUNTESS] ===
[10/05/26 14:31:12] D2BS 17100: ÿc4=== [PIT] ===
[10/05/26 14:32:52] D2BS 17100: ÿc4=== [ANDY] ===
[10/05/26 14:33:47] D2BS 17100: ÿc4=== [MEPHISTO] ===
[10/05/26 14:35:17] D2BS 17100: ÿc4=== [DIABLO] ===
[10/05/26 14:36:38] D2BS 17100: Going to town
[10/05/26 14:36:38] D2BS 17100: [Chicken] Life (1885/6354) area:108 (7771,5163)
[10/05/26 14:36:38] D2BS 17100:  [07:30] +2.56% / [Level 87] 65.98%
[10/05/26 14:36:38] D2BS 17100: Script threads\autobuildthread.js ended
[10/05/26 14:36:38] D2BS 17100: Script threads\partythread.js ended
[10/05/26 14:36:39] D2BS 17100: Script threads\townchicken.js ended
[10/05/26 14:36:39] D2BS 17100: Script default.dbj ended
[10/05/26 14:36:51] D2BS 17100: joining game pz-137
[10/05/26 14:36:53] D2BS 17100: ÿc2D2BSÿc0 :: Starting default.dbj
[10/05/26 14:36:53] D2BS 17100: ÿc2D2BSÿc0 :: default.dbj running.
[10/05/26 14:36:53] D2BS 17100: Loaded ÿc9[X.nip] [Y.nip] [Z.nip] [V.nip] [P.CONC.nip]
[10/05/26 14:36:53] D2BS 17100: Loaded ÿc9[P.CONC.js]
[10/05/26 14:36:53] D2BS 17100: equipped: [Head] 14
[10/05/26 14:36:53] D2BS 17100: equipped: [Neck] 19
[10/05/26 14:36:53] D2BS 17100: equipped: [Body] 18
[10/05/26 14:36:53] D2BS 17100: equipped: [ArmR] 19
[10/05/26 14:36:53] D2BS 17100: equipped: [ArmL] 28
[10/05/26 14:36:53] D2BS 17100: equipped: [RingR] 13
[10/05/26 14:36:53] D2BS 17100: equipped: [RingL] 14
[10/05/26 14:36:53] D2BS 17100: equipped: [Belt] 18
[10/05/26 14:36:53] D2BS 17100: equipped: [Boots] 12
[10/05/26 14:36:53] D2BS 17100: equipped: [Mitts] 14
[10/05/26 14:36:53] D2BS 17100: Loaded ÿc9[AutoSmurf.js]
[10/05/26 14:36:58] D2BS 17100: farmingON
[10/05/26 14:37:00] D2BS 17100: MiniShopBot: true
[10/05/26 14:37:00] D2BS 17100: UseMerc: true HP: 70
[10/05/26 14:37:03] D2BS 17100: ÿc4[Runeword] ÿc0Smoke Serpentskin Armor
[10/05/26 14:37:25] D2BS 17100: equipped: [Body] 21
[10/05/26 14:37:27] D2BS 17100: Merc matched: Holy Freeze
[10/05/26 14:37:36] D2BS 17100: act5+ BO
[10/05/26 14:37:37] D2BS 17100: updateStat
[10/05/26 14:37:49] D2BS 17100: ÿc4=== [BAAL] ===
[10/05/26 14:41:15] D2BS 17100: ÿc4=== [COUNTESS] ===
[10/05/26 14:42:22] D2BS 17100: ÿc4=== [PIT] ===
[10/05/26 14:43:54] D2BS 17100: ÿc4=== [ANDY] ===
[10/05/26 14:45:03] D2BS 17100: ÿc4=== [MEPHISTO] ===
[10/05/26 14:46:14] D2BS 17100: ÿc4=== [DIABLO] ===
[10/05/26 14:52:48] D2BS 17100: party has left: fowo-xa
[10/05/26 14:52:48] D2BS 17100:  [15:56] +12.66% / [Level 87] 78.64%
[10/05/26 14:52:48] D2BS 17100: Script threads\autobuildthread.js ended
[10/05/26 14:52:48] D2BS 17100: Script threads\partythread.js ended
[10/05/26 14:52:49] D2BS 17100: Script threads\townchicken.js ended
[10/05/26 14:52:49] D2BS 17100: Script default.dbj ended
[10/05/26 14:53:01] D2BS 17100: joining game pz-138
[10/05/26 14:53:03] D2BS 17100: ÿc2D2BSÿc0 :: Starting default.dbj
[10/05/26 14:53:03] D2BS 17100: ÿc2D2BSÿc0 :: default.dbj running.
[10/05/26 14:53:03] D2BS 17100: Loaded ÿc9[X.nip] [Y.nip] [Z.nip] [V.nip] [P.CONC.nip]
[10/05/26 14:53:03] D2BS 17100: Loaded ÿc9[P.CONC.js]
[10/05/26 14:53:03] D2BS 17100: equipped: [Head] 14
[10/05/26 14:53:03] D2BS 17100: equipped: [Neck] 19
[10/05/26 14:53:03] D2BS 17100: equipped: [Body] 21
[10/05/26 14:53:03] D2BS 17100: equipped: [ArmR] 19
[10/05/26 14:53:03] D2BS 17100: equipped: [ArmL] 28
[10/05/26 14:53:03] D2BS 17100: equipped: [RingR] 13
[10/05/26 14:53:03] D2BS 17100: equipped: [RingL] 14
[10/05/26 14:53:03] D2BS 17100: equipped: [Belt] 18
[10/05/26 14:53:03] D2BS 17100: equipped: [Boots] 12
[10/05/26 14:53:03] D2BS 17100: equipped: [Mitts] 14
[10/05/26 14:53:03] D2BS 17100: updateStat
[10/05/26 14:53:03] D2BS 17100: granted: [Head] 14
[10/05/26 14:53:03] D2BS 17100: granted: [Body] 20
[10/05/26 14:53:03] D2BS 17100: granted: [ArmR] 22
[10/05/26 14:53:03] D2BS 17100: Loaded ÿc9[AutoSmurf.js]
[10/05/26 14:53:08] D2BS 17100: farmingON
[10/05/26 14:53:12] D2BS 17100: MiniShopBot: true
[10/05/26 14:53:12] D2BS 17100: UseMerc: true HP: 70
[10/05/26 14:53:35] D2BS 17100: Merc matched: Holy Freeze
[10/05/26 14:53:42] D2BS 17100: Token needed
[10/05/26 14:53:47] D2BS 17100: act5+ BO
[10/05/26 14:54:01] D2BS 17100: ÿc4=== [BAAL] ===
[10/05/26 14:54:14] D2BS 17100: Baal failed: souls found
[10/05/26 14:54:14] D2BS 17100: ÿc4=== [COUNTESS] ===
[10/05/26 14:54:16] D2BS 17100: party has left: fowo-xa
[10/05/26 14:54:16] D2BS 17100: no exp [01:13]
[10/05/26 14:54:16] D2BS 17100: Script threads\autobuildthread.js ended
[10/05/26 14:54:16] D2BS 17100: Script threads\partythread.js ended
[10/05/26 14:54:16] D2BS 17100: Script threads\townchicken.js ended
[10/05/26 14:54:16] D2BS 17100: Script default.dbj ended
[10/05/26 14:54:29] D2BS 17100: joining game pz-139
[10/05/26 14:54:31] D2BS 17100: ÿc2D2BSÿc0 :: Starting default.dbj
[10/05/26 14:54:31] D2BS 17100: ÿc2D2BSÿc0 :: default.dbj running.
[10/05/26 14:54:31] D2BS 17100: Loaded ÿc9[X.nip] [Y.nip] [Z.nip] [V.nip] [P.CONC.nip]
[10/05/26 14:54:31] D2BS 17100: Loaded ÿc9[P.CONC.js]
[10/05/26 14:54:31] D2BS 17100: equipped: [Head] 14
[10/05/26 14:54:31] D2BS 17100: equipped: [Neck] 19
[10/05/26 14:54:31] D2BS 17100: equipped: [Body] 21
[10/05/26 14:54:31] D2BS 17100: equipped: [ArmR] 19
[10/05/26 14:54:31] D2BS 17100: equipped: [ArmL] 28
[10/05/26 14:54:31] D2BS 17100: equipped: [RingR] 13
[10/05/26 14:54:31] D2BS 17100: equipped: [RingL] 14
[10/05/26 14:54:31] D2BS 17100: equipped: [Belt] 18
[10/05/26 14:54:31] D2BS 17100: equipped: [Boots] 12
[10/05/26 14:54:31] D2BS 17100: equipped: [Mitts] 14
[10/05/26 14:54:31] D2BS 17100: updateStat
[10/05/26 14:54:31] D2BS 17100: granted: [Head] 14
[10/05/26 14:54:31] D2BS 17100: granted: [Body] 20
[10/05/26 14:54:31] D2BS 17100: granted: [ArmR] 22
[10/05/26 14:54:31] D2BS 17100: Loaded ÿc9[AutoSmurf.js]
[10/05/26 14:56:31] D2BS 17100: no exp [02:01]
[10/05/26 14:56:31] D2BS 17100: Script threads\autobuildthread.js ended
[10/05/26 14:56:31] D2BS 17100: Script threads\partythread.js ended
[10/05/26 14:56:31] D2BS 17100: Script threads\townchicken.js ended
[10/05/26 14:56:31] D2BS 17100: Script default.dbj ended
[10/05/26 14:56:45] D2BS 17100: joining game pz-140
[10/05/26 14:56:47] D2BS 17100: ÿc2D2BSÿc0 :: Starting default.dbj
[10/05/26 14:56:47] D2BS 17100: ÿc2D2BSÿc0 :: default.dbj running.
[10/05/26 14:56:47] D2BS 17100: Loaded ÿc9[X.nip] [Y.nip] [Z.nip] [V.nip] [P.CONC.nip]
[10/05/26 14:56:47] D2BS 17100: Loaded ÿc9[P.CONC.js]
[10/05/26 14:56:47] D2BS 17100: equipped: [Head] 14
[10/05/26 14:56:47] D2BS 17100: equipped: [Neck] 19
[10/05/26 14:56:48] D2BS 17100: equipped: [Body] 21
[10/05/26 14:56:48] D2BS 17100: equipped: [ArmR] 19
[10/05/26 14:56:48] D2BS 17100: equipped: [ArmL] 28
[10/05/26 14:56:48] D2BS 17100: equipped: [RingR] 13
[10/05/26 14:56:48] D2BS 17100: equipped: [RingL] 14
[10/05/26 14:56:48] D2BS 17100: equipped: [Belt] 18
[10/05/26 14:56:48] D2BS 17100: equipped: [Boots] 12
[10/05/26 14:56:48] D2BS 17100: equipped: [Mitts] 14
[10/05/26 14:56:48] D2BS 17100: updateStat
[10/05/26 14:56:48] D2BS 17100: granted: [Head] 14
[10/05/26 14:56:48] D2BS 17100: granted: [Body] 20
[10/05/26 14:56:48] D2BS 17100: granted: [ArmR] 22
[10/05/26 14:56:48] D2BS 17100: Loaded ÿc9[AutoSmurf.js]
[10/05/26 14:56:49] D2BS 17100: MiniShopBot: true
[10/05/26 14:56:49] D2BS 17100: farmingON
[10/05/26 14:56:49] D2BS 17100: UseMerc: true HP: 70
[10/05/26 14:57:07] D2BS 17100: Merc matched: Holy Freeze
[10/05/26 14:57:16] D2BS 17100: Token needed
[10/05/26 14:57:21] D2BS 17100: act5+ BO
[10/05/26 14:57:25] D2BS 17100: party has left: fowo-xg
[10/05/26 14:57:25] D2BS 17100: no exp [00:39]
[10/05/26 14:57:25] D2BS 17100: Script threads\autobuildthread.js ended
[10/05/26 14:57:25] D2BS 17100: Script threads\partythread.js ended
[10/05/26 14:57:26] D2BS 17100: Script threads\townchicken.js ended
[10/05/26 14:57:26] D2BS 17100: Script default.dbj ended
[10/05/26 14:57:53] D2BS 17100: joining game pz-141
[10/05/26 14:57:56] D2BS 17100: ÿc2D2BSÿc0 :: Starting default.dbj
[10/05/26 14:57:56] D2BS 17100: ÿc2D2BSÿc0 :: default.dbj running.
[10/05/26 14:57:56] D2BS 17100: Loaded ÿc9[X.nip] [Y.nip] [Z.nip] [V.nip] [P.CONC.nip]
[10/05/26 14:57:56] D2BS 17100: Loaded ÿc9[P.CONC.js]
[10/05/26 14:57:56] D2BS 17100: equipped: [Head] 14
[10/05/26 14:57:56] D2BS 17100: equipped: [Neck] 19
[10/05/26 14:57:56] D2BS 17100: equipped: [Body] 21
[10/05/26 14:57:56] D2BS 17100: equipped: [ArmR] 19
[10/05/26 14:57:56] D2BS 17100: equipped: [ArmL] 28
[10/05/26 14:57:56] D2BS 17100: equipped: [RingR] 13
[10/05/26 14:57:56] D2BS 17100: equipped: [RingL] 14
[10/05/26 14:57:56] D2BS 17100: equipped: [Belt] 18
[10/05/26 14:57:56] D2BS 17100: equipped: [Boots] 12
[10/05/26 14:57:56] D2BS 17100: equipped: [Mitts] 14
[10/05/26 14:57:56] D2BS 17100: updateStat
[10/05/26 14:57:56] D2BS 17100: granted: [Head] 14
[10/05/26 14:57:56] D2BS 17100: granted: [Body] 20
[10/05/26 14:57:56] D2BS 17100: granted: [ArmR] 22
[10/05/26 14:57:56] D2BS 17100: Loaded ÿc9[AutoSmurf.js]
[10/05/26 14:57:58] D2BS 17100: farmingON
[10/05/26 14:57:58] D2BS 17100: MiniShopBot: true
[10/05/26 14:57:58] D2BS 17100: UseMerc: true HP: 70
[10/05/26 14:58:17] D2BS 17100: Merc matched: Holy Freeze
[10/05/26 14:58:21] D2BS 17100: Token needed
[10/05/26 14:58:27] D2BS 17100: Script default.dbj ended
[10/05/26 14:58:27] D2BS 17100: Script threads\autobuildthread.js ended
[10/05/26 14:58:27] D2BS 17100: Script threads\partythread.js ended
[10/05/26 14:58:27] D2BS 17100: Script threads\toolsthread.js ended
[10/05/26 14:58:27] D2BS 17100: Script threads\townchicken.js ended
[10/05/26 14:59:01] D2BS 17100: joining game pz-142
[10/05/26 14:59:03] D2BS 17100: ÿc2D2BSÿc0 :: Starting default.dbj
[10/05/26 14:59:03] D2BS 17100: ÿc2D2BSÿc0 :: default.dbj running.
[10/05/26 14:59:03] D2BS 17100: Loaded ÿc9[X.nip] [Y.nip] [Z.nip] [V.nip] [P.CONC.nip]
[10/05/26 14:59:03] D2BS 17100: Loaded ÿc9[P.CONC.js]
[10/05/26 14:59:03] D2BS 17100: equipped: [Head] 14
[10/05/26 14:59:03] D2BS 17100: equipped: [Neck] 19
[10/05/26 14:59:03] D2BS 17100: equipped: [Body] 21
[10/05/26 14:59:03] D2BS 17100: equipped: [ArmR] 19
[10/05/26 14:59:03] D2BS 17100: equipped: [ArmL] 28
[10/05/26 14:59:03] D2BS 17100: equipped: [RingR] 13
[10/05/26 14:59:03] D2BS 17100: equipped: [RingL] 14
[10/05/26 14:59:03] D2BS 17100: equipped: [Belt] 18
[10/05/26 14:59:03] D2BS 17100: equipped: [Boots] 12
[10/05/26 14:59:03] D2BS 17100: equipped: [Mitts] 14
[10/05/26 14:59:03] D2BS 17100: updateStat
[10/05/26 14:59:03] D2BS 17100: granted: [Head] 14
[10/05/26 14:59:03] D2BS 17100: granted: [Body] 20
[10/05/26 14:59:03] D2BS 17100: granted: [ArmR] 22
[10/05/26 14:59:03] D2BS 17100: Loaded ÿc9[AutoSmurf.js]
[10/05/26 14:59:06] D2BS 17100: MiniShopBot: true
[10/05/26 14:59:06] D2BS 17100: farmingON
[10/05/26 14:59:06] D2BS 17100: UseMerc: true HP: 70
[10/05/26 14:59:20] D2BS 17100: Merc matched: Holy Freeze
[10/05/26 14:59:30] D2BS 17100: Token needed
[10/05/26 14:59:35] D2BS 17100: act5+ BO
[10/05/26 14:59:48] D2BS 17100: ÿc4=== [BAAL] ===
[10/05/26 15:00:52] D2BS 17100: Going to town
[10/05/26 15:03:11] D2BS 17100: ÿc4=== [COUNTESS] ===
[10/05/26 15:04:27] D2BS 17100: ÿc4=== [PIT] ===
[10/05/26 15:05:56] D2BS 17100: ÿc4=== [ANDY] ===
[10/05/26 15:06:53] D2BS 17100: ÿc4=== [MEPHISTO] ===
[10/05/26 15:07:56] D2BS 17100: ÿc4=== [DIABLO] ===
[10/05/26 15:13:45] D2BS 17100: party has left: fowo-xc
[10/05/26 15:13:45] D2BS 17100:  [14:42] +11.28% / [Level 87] 89.91%
[10/05/26 15:13:45] D2BS 17100: Script threads\autobuildthread.js ended
[10/05/26 15:13:45] D2BS 17100: Script threads\partythread.js ended
[10/05/26 15:13:45] D2BS 17100: Script threads\townchicken.js ended
[10/05/26 15:13:45] D2BS 17100: Script default.dbj ended
[10/05/26 15:13:58] D2BS 17100: joining game pz-143
[10/05/26 15:14:00] D2BS 17100: ÿc2D2BSÿc0 :: Starting default.dbj
[10/05/26 15:14:00] D2BS 17100: ÿc2D2BSÿc0 :: default.dbj running.
[10/05/26 15:14:01] D2BS 17100: Loaded ÿc9[X.nip] [Y.nip] [Z.nip] [V.nip] [P.CONC.nip]
[10/05/26 15:14:01] D2BS 17100: Loaded ÿc9[P.CONC.js]
[10/05/26 15:14:01] D2BS 17100: equipped: [Head] 14
[10/05/26 15:14:01] D2BS 17100: equipped: [Neck] 19
[10/05/26 15:14:01] D2BS 17100: equipped: [Body] 21
[10/05/26 15:14:01] D2BS 17100: equipped: [ArmR] 19
[10/05/26 15:14:01] D2BS 17100: equipped: [ArmL] 28
[10/05/26 15:14:01] D2BS 17100: equipped: [RingR] 13
[10/05/26 15:14:01] D2BS 17100: equipped: [RingL] 14
[10/05/26 15:14:01] D2BS 17100: equipped: [Belt] 18
[10/05/26 15:14:01] D2BS 17100: equipped: [Boots] 12
[10/05/26 15:14:01] D2BS 17100: equipped: [Mitts] 14
[10/05/26 15:14:01] D2BS 17100: updateStat
[10/05/26 15:14:01] D2BS 17100: granted: [Head] 14
[10/05/26 15:14:01] D2BS 17100: granted: [Body] 20
[10/05/26 15:14:01] D2BS 17100: granted: [ArmR] 22
[10/05/26 15:14:01] D2BS 17100: Loaded ÿc9[AutoSmurf.js]
[10/05/26 15:14:05] D2BS 17100: farmingON
[10/05/26 15:14:06] D2BS 17100: MiniShopBot: true
[10/05/26 15:14:06] D2BS 17100: UseMerc: true HP: 70
[10/05/26 15:14:25] D2BS 17100: Merc matched: Holy Freeze
[10/05/26 15:14:37] D2BS 17100: Token needed
[10/05/26 15:14:41] D2BS 17100: act5+ BO
[10/05/26 15:14:54] D2BS 17100: ÿc4=== [BAAL] ===
[10/05/26 15:15:00] D2BS 17100: party has left: fowo-xa
[10/05/26 15:15:00] D2BS 17100: no exp [01:00]
[10/05/26 15:15:00] D2BS 17100: Script threads\autobuildthread.js ended
[10/05/26 15:15:00] D2BS 17100: Script threads\partythread.js ended
[10/05/26 15:15:00] D2BS 17100: Script threads\townchicken.js ended
[10/05/26 15:15:00] D2BS 17100: Script default.dbj ended
[10/05/26 15:15:13] D2BS 17100: joining game pz-144
[10/05/26 15:15:15] D2BS 17100: ÿc2D2BSÿc0 :: Starting default.dbj
[10/05/26 15:15:15] D2BS 17100: ÿc2D2BSÿc0 :: default.dbj running.
[10/05/26 15:15:15] D2BS 17100: Loaded ÿc9[X.nip] [Y.nip] [Z.nip] [V.nip] [P.CONC.nip]
[10/05/26 15:15:15] D2BS 17100: Loaded ÿc9[P.CONC.js]
[10/05/26 15:15:15] D2BS 17100: equipped: [Head] 14
[10/05/26 15:15:15] D2BS 17100: equipped: [Neck] 19
[10/05/26 15:15:15] D2BS 17100: equipped: [Body] 21
[10/05/26 15:15:15] D2BS 17100: equipped: [ArmR] 19
[10/05/26 15:15:15] D2BS 17100: equipped: [ArmL] 28
[10/05/26 15:15:15] D2BS 17100: equipped: [RingR] 13
[10/05/26 15:15:15] D2BS 17100: equipped: [RingL] 14
[10/05/26 15:15:15] D2BS 17100: equipped: [Belt] 18
[10/05/26 15:15:15] D2BS 17100: equipped: [Boots] 12
[10/05/26 15:15:15] D2BS 17100: equipped: [Mitts] 14
[10/05/26 15:15:15] D2BS 17100: updateStat
[10/05/26 15:15:15] D2BS 17100: granted: [Head] 14
[10/05/26 15:15:15] D2BS 17100: granted: [Body] 20
[10/05/26 15:15:15] D2BS 17100: granted: [ArmR] 22
[10/05/26 15:15:15] D2BS 17100: Loaded ÿc9[AutoSmurf.js]
[10/05/26 15:15:17] D2BS 17100: farmingON
[10/05/26 15:15:17] D2BS 17100: MiniShopBot: true
[10/05/26 15:15:17] D2BS 17100: UseMerc: true HP: 70
[10/05/26 15:15:29] D2BS 17100: equipped: [ArmR] 23
[10/05/26 15:15:29] D2BS 17100: Merc matched: Holy Freeze
[10/05/26 15:15:42] D2BS 17100: Token needed
[10/05/26 15:15:46] D2BS 17100: act5+ BO
[10/05/26 15:15:58] D2BS 17100: ÿc4=== [BAAL] ===
[10/05/26 15:16:13] D2BS 17100: Baal failed: souls found
[10/05/26 15:16:13] D2BS 17100: ÿc4=== [COUNTESS] ===
[10/05/26 15:17:19] D2BS 17100: ÿc4=== [PIT] ===
[10/05/26 15:18:52] D2BS 17100: ÿc4=== [ANDY] ===
[10/05/26 15:19:48] D2BS 17100: ÿc4=== [MEPHISTO] ===
[10/05/26 15:20:56] D2BS 17100: ÿc4=== [DIABLO] ===
[10/05/26 15:26:42] D2BS 17100: Script ended
[10/05/26 15:26:42] D2BS 17100:  [11:28] +4.84% / [Level 87] 94.75%
[10/05/26 15:26:42] D2BS 17100: Script threads\autobuildthread.js ended
[10/05/26 15:26:42] D2BS 17100: Script threads\partythread.js ended
[10/05/26 15:26:42] D2BS 17100: Script threads\townchicken.js ended
[10/05/26 15:26:55] D2BS 17100: joining game pz-145
[10/05/26 15:26:56] D2BS 17100: ÿc2D2BSÿc0 :: Starting default.dbj
[10/05/26 15:26:56] D2BS 17100: ÿc2D2BSÿc0 :: default.dbj running.
[10/05/26 15:26:56] D2BS 17100: Loaded ÿc9[X.nip] [Y.nip] [Z.nip] [V.nip] [P.CONC.nip]
[10/05/26 15:26:56] D2BS 17100: Loaded ÿc9[P.CONC.js]
[10/05/26 15:26:56] D2BS 17100: equipped: [Head] 14
[10/05/26 15:26:56] D2BS 17100: equipped: [Neck] 19
[10/05/26 15:26:56] D2BS 17100: equipped: [Body] 21
[10/05/26 15:26:56] D2BS 17100: equipped: [ArmR] 23
[10/05/26 15:26:56] D2BS 17100: equipped: [ArmL] 28
[10/05/26 15:26:56] D2BS 17100: equipped: [RingR] 13
[10/05/26 15:26:56] D2BS 17100: equipped: [RingL] 14
[10/05/26 15:26:56] D2BS 17100: equipped: [Belt] 18
[10/05/26 15:26:56] D2BS 17100: equipped: [Boots] 12
[10/05/26 15:26:56] D2BS 17100: equipped: [Mitts] 14
[10/05/26 15:26:56] D2BS 17100: updateStat
[10/05/26 15:26:56] D2BS 17100: granted: [Head] 14
[10/05/26 15:26:56] D2BS 17100: granted: [Body] 20
[10/05/26 15:26:56] D2BS 17100: granted: [ArmR] 22
[10/05/26 15:26:57] D2BS 17100: Loaded ÿc9[AutoSmurf.js]
[10/05/26 15:27:02] D2BS 17100: MiniShopBot: true
[10/05/26 15:27:03] D2BS 17100: farmingON
[10/05/26 15:27:03] D2BS 17100: UseMerc: true HP: 70
[10/05/26 15:27:23] D2BS 17100: Merc matched: Holy Freeze
[10/05/26 15:27:39] D2BS 17100: act5+ BO
[10/05/26 15:27:51] D2BS 17100: ÿc4=== [BAAL] ===
[10/05/26 15:31:08] D2BS 17100: ÿc4=== [COUNTESS] ===
[10/05/26 15:32:30] D2BS 17100: ÿc4=== [PIT] ===
[10/05/26 15:34:01] D2BS 17100: ÿc4=== [ANDY] ===
[10/05/26 15:34:51] D2BS 17100: ÿc4=== [MEPHISTO] ===
[10/05/26 15:36:11] D2BS 17100: ÿc4=== [DIABLO] ===
[10/05/26 15:43:19] D2BS 17100: party has left: fowo-xa, fowo-xb
[10/05/26 15:43:19] D2BS 17100:  [16:23] +8.16% / [Level 88] 3.35%
[10/05/26 15:43:19] D2BS 17100: Script threads\autobuildthread.js ended
[10/05/26 15:43:19] D2BS 17100: Script threads\partythread.js ended
[10/05/26 15:43:19] D2BS 17100: Script threads\townchicken.js ended
[10/05/26 15:43:19] D2BS 17100: Script default.dbj ended
[10/05/26 15:43:31] D2BS 17100: joining game pz-146
[10/05/26 15:43:32] D2BS 17100: ÿc2D2BSÿc0 :: Starting default.dbj
[10/05/26 15:43:32] D2BS 17100: ÿc2D2BSÿc0 :: default.dbj running.
[10/05/26 15:43:32] D2BS 17100: Loaded ÿc9[X.nip] [Y.nip] [Z.nip] [V.nip] [P.CONC.nip]
[10/05/26 15:43:32] D2BS 17100: Loaded ÿc9[P.CONC.js]
[10/05/26 15:43:32] D2BS 17100: equipped: [Head] 14
[10/05/26 15:43:33] D2BS 17100: equipped: [Neck] 19
[10/05/26 15:43:33] D2BS 17100: equipped: [Body] 21
[10/05/26 15:43:33] D2BS 17100: equipped: [ArmR] 23
[10/05/26 15:43:33] D2BS 17100: equipped: [ArmL] 28
[10/05/26 15:43:33] D2BS 17100: equipped: [RingR] 13
[10/05/26 15:43:33] D2BS 17100: equipped: [RingL] 14
[10/05/26 15:43:33] D2BS 17100: equipped: [Belt] 18
[10/05/26 15:43:33] D2BS 17100: equipped: [Boots] 12
[10/05/26 15:43:33] D2BS 17100: equipped: [Mitts] 14
[10/05/26 15:43:33] D2BS 17100: updateStat
[10/05/26 15:43:33] D2BS 17100: granted: [Head] 14
[10/05/26 15:43:33] D2BS 17100: granted: [Body] 20
[10/05/26 15:43:33] D2BS 17100: granted: [ArmR] 22
[10/05/26 15:43:33] D2BS 17100: Loaded ÿc9[AutoSmurf.js]
[10/05/26 15:43:40] D2BS 17100: MiniShopBot: true
[10/05/26 15:43:40] D2BS 17100: farmingON
[10/05/26 15:43:40] D2BS 17100: UseMerc: true HP: 70
[10/05/26 15:44:00] D2BS 17100: Merc matched: Holy Freeze
[10/05/26 15:44:13] D2BS 17100: Token needed
[10/05/26 15:44:18] D2BS 17100: act5+ BO
[10/05/26 15:44:30] D2BS 17100: ÿc4=== [BAAL] ===
[10/05/26 15:44:40] D2BS 17100: Baal failed: souls found
[10/05/26 15:44:40] D2BS 17100: ÿc4=== [COUNTESS] ===
[10/05/26 15:45:50] D2BS 17100: ÿc4=== [PIT] ===
[10/05/26 15:47:03] D2BS 17100: ÿc4=== [ANDY] ===
[10/05/26 15:47:57] D2BS 17100: ÿc4=== [MEPHISTO] ===
[10/05/26 15:49:05] D2BS 17100: ÿc4=== [DIABLO] ===
[10/05/26 15:54:49] D2BS 17100: party has left: fowo-xb
[10/05/26 15:54:49] D2BS 17100:  [11:17] +3.74% / [Level 88] 7.09%
[10/05/26 15:54:49] D2BS 17100: Script threads\autobuildthread.js ended
[10/05/26 15:54:49] D2BS 17100: Script threads\partythread.js ended
[10/05/26 15:54:49] D2BS 17100: Script threads\townchicken.js ended
[10/05/26 15:54:49] D2BS 17100: Script default.dbj ended
[10/05/26 15:55:01] D2BS 17100: joining game pz-147
[10/05/26 15:55:04] D2BS 17100: ÿc2D2BSÿc0 :: Starting default.dbj
[10/05/26 15:55:04] D2BS 17100: ÿc2D2BSÿc0 :: default.dbj running.
[10/05/26 15:55:04] D2BS 17100: Loaded ÿc9[X.nip] [Y.nip] [Z.nip] [V.nip] [P.CONC.nip]
[10/05/26 15:55:04] D2BS 17100: Loaded ÿc9[P.CONC.js]
[10/05/26 15:55:04] D2BS 17100: equipped: [Head] 14
[10/05/26 15:55:04] D2BS 17100: equipped: [Neck] 19
[10/05/26 15:55:04] D2BS 17100: equipped: [Body] 21
[10/05/26 15:55:04] D2BS 17100: equipped: [ArmR] 23
[10/05/26 15:55:04] D2BS 17100: equipped: [ArmL] 28
[10/05/26 15:55:04] D2BS 17100: equipped: [RingR] 13
[10/05/26 15:55:04] D2BS 17100: equipped: [RingL] 14
[10/05/26 15:55:04] D2BS 17100: equipped: [Belt] 18
[10/05/26 15:55:04] D2BS 17100: equipped: [Boots] 12
[10/05/26 15:55:04] D2BS 17100: equipped: [Mitts] 14
[10/05/26 15:55:04] D2BS 17100: updateStat
[10/05/26 15:55:04] D2BS 17100: granted: [Head] 14
[10/05/26 15:55:04] D2BS 17100: granted: [Body] 20
[10/05/26 15:55:04] D2BS 17100: granted: [ArmR] 22
[10/05/26 15:55:04] D2BS 17100: Loaded ÿc9[AutoSmurf.js]
[10/05/26 15:55:09] D2BS 17100: farmingON
[10/05/26 15:55:09] D2BS 17100: MiniShopBot: true
[10/05/26 15:55:09] D2BS 17100: UseMerc: true HP: 70
[10/05/26 15:55:27] D2BS 17100: Merc matched: Holy Freeze
[10/05/26 15:56:03] D2BS 17100: act5+ BO
[10/05/26 15:56:16] D2BS 17100: ÿc4=== [BAAL] ===
[10/05/26 15:59:43] D2BS 17100: ÿc4=== [COUNTESS] ===
[10/05/26 16:00:59] D2BS 17100: ÿc4=== [PIT] ===
[10/05/26 16:01:58] D2BS 17100: updateStat
[10/05/26 16:02:33] D2BS 17100: ÿc4=== [ANDY] ===
[10/05/26 16:03:20] D2BS 17100: ÿc4=== [MEPHISTO] ===
[10/05/26 16:04:40] D2BS 17100: ÿc4=== [DIABLO] ===
[10/05/26 16:08:05] D2BS 17100: Going to town
[10/05/26 16:10:51] D2BS 17100: party has left: fowo-xc, fowo-xe
[10/05/26 16:10:51] D2BS 17100:  [15:48] +7.87% / [Level 88] 14.96%
[10/05/26 16:10:51] D2BS 17100: Script threads\autobuildthread.js ended
[10/05/26 16:10:51] D2BS 17100: Script threads\partythread.js ended
[10/05/26 16:10:51] D2BS 17100: Script threads\townchicken.js ended
[10/05/26 16:10:51] D2BS 17100: Script default.dbj ended
[10/05/26 16:11:04] D2BS 17100: joining game pz-148
[10/05/26 16:11:07] D2BS 17100: ÿc2D2BSÿc0 :: Starting default.dbj
[10/05/26 16:11:07] D2BS 17100: ÿc2D2BSÿc0 :: default.dbj running.
[10/05/26 16:11:07] D2BS 17100: Loaded ÿc9[X.nip] [Y.nip] [Z.nip] [V.nip] [P.CONC.nip]
[10/05/26 16:11:07] D2BS 17100: Loaded ÿc9[P.CONC.js]
[10/05/26 16:11:07] D2BS 17100: equipped: [Head] 14
[10/05/26 16:11:07] D2BS 17100: equipped: [Neck] 19
[10/05/26 16:11:07] D2BS 17100: equipped: [Body] 21
[10/05/26 16:11:07] D2BS 17100: equipped: [ArmR] 23
[10/05/26 16:11:07] D2BS 17100: equipped: [ArmL] 28
[10/05/26 16:11:07] D2BS 17100: equipped: [RingR] 13
[10/05/26 16:11:07] D2BS 17100: equipped: [RingL] 14
[10/05/26 16:11:07] D2BS 17100: equipped: [Belt] 18
[10/05/26 16:11:07] D2BS 17100: equipped: [Boots] 12
[10/05/26 16:11:07] D2BS 17100: equipped: [Mitts] 14
[10/05/26 16:11:07] D2BS 17100: updateStat
[10/05/26 16:11:07] D2BS 17100: granted: [Head] 14
[10/05/26 16:11:07] D2BS 17100: granted: [Body] 20
[10/05/26 16:11:07] D2BS 17100: granted: [ArmR] 22
[10/05/26 16:11:07] D2BS 17100: Loaded ÿc9[AutoSmurf.js]
[10/05/26 16:11:12] D2BS 17100: farmingON
[10/05/26 16:11:14] D2BS 17100: MiniShopBot: true
[10/05/26 16:11:14] D2BS 17100: UseMerc: true HP: 70
[10/05/26 16:11:33] D2BS 17100: Merc matched: Holy Freeze
[10/05/26 16:11:39] D2BS 17100: Token needed
[10/05/26 16:11:43] D2BS 17100: act5+ BO
[10/05/26 16:11:56] D2BS 17100: ÿc4=== [BAAL] ===
[10/05/26 16:15:21] D2BS 17100: ÿc4=== [COUNTESS] ===
[10/05/26 16:16:43] D2BS 17100: ÿc4=== [PIT] ===
[10/05/26 16:18:34] D2BS 17100: ÿc4=== [ANDY] ===
[10/05/26 16:19:29] D2BS 17100: ÿc4=== [MEPHISTO] ===
[10/05/26 16:20:45] D2BS 17100: ÿc4=== [DIABLO] ===
[10/05/26 16:26:40] D2BS 17100: party has left: fowo-xa, fowo-xb
[10/05/26 16:26:40] D2BS 17100:  [15:34] +8.26% / [Level 88] 23.22%
[10/05/26 16:26:40] D2BS 17100: Script threads\autobuildthread.js ended
[10/05/26 16:26:40] D2BS 17100: Script threads\partythread.js ended
[10/05/26 16:26:40] D2BS 17100: Script threads\townchicken.js ended
[10/05/26 16:26:40] D2BS 17100: Script default.dbj ended
[10/05/26 16:26:52] D2BS 17100: joining game pz-149
[10/05/26 16:26:55] D2BS 17100: ÿc2D2BSÿc0 :: Starting default.dbj
[10/05/26 16:26:55] D2BS 17100: ÿc2D2BSÿc0 :: default.dbj running.
[10/05/26 16:26:55] D2BS 17100: Loaded ÿc9[X.nip] [Y.nip] [Z.nip] [V.nip] [P.CONC.nip]
[10/05/26 16:26:55] D2BS 17100: Loaded ÿc9[P.CONC.js]
[10/05/26 16:26:55] D2BS 17100: equipped: [Head] 14
[10/05/26 16:26:55] D2BS 17100: equipped: [Neck] 19
[10/05/26 16:26:55] D2BS 17100: equipped: [Body] 21
[10/05/26 16:26:55] D2BS 17100: equipped: [ArmR] 23
[10/05/26 16:26:55] D2BS 17100: equipped: [ArmL] 28
[10/05/26 16:26:55] D2BS 17100: equipped: [RingR] 13
[10/05/26 16:26:55] D2BS 17100: equipped: [RingL] 14
[10/05/26 16:26:55] D2BS 17100: equipped: [Belt] 18
[10/05/26 16:26:55] D2BS 17100: equipped: [Boots] 12
[10/05/26 16:26:55] D2BS 17100: equipped: [Mitts] 14
[10/05/26 16:26:55] D2BS 17100: updateStat
[10/05/26 16:26:55] D2BS 17100: granted: [Head] 14
[10/05/26 16:26:55] D2BS 17100: granted: [Body] 20
[10/05/26 16:26:55] D2BS 17100: granted: [ArmR] 22
[10/05/26 16:26:55] D2BS 17100: Loaded ÿc9[AutoSmurf.js]
[10/05/26 16:26:59] D2BS 17100: MiniShopBot: true
[10/05/26 16:26:59] D2BS 17100: farmingON
[10/05/26 16:26:59] D2BS 17100: UseMerc: true HP: 70
[10/05/26 16:27:12] D2BS 17100: Merc matched: Holy Freeze
[10/05/26 16:27:34] D2BS 17100: Token needed
[10/05/26 16:27:38] D2BS 17100: act5+ BO
[10/05/26 16:27:51] D2BS 17100: ÿc4=== [BAAL] ===
[10/05/26 16:28:04] D2BS 17100: Baal failed: souls found
[10/05/26 16:28:04] D2BS 17100: ÿc4=== [COUNTESS] ===
[10/05/26 16:29:16] D2BS 17100: ÿc4=== [PIT] ===
[10/05/26 16:30:48] D2BS 17100: ÿc4=== [ANDY] ===
[10/05/26 16:31:42] D2BS 17100: ÿc4=== [MEPHISTO] ===
[10/05/26 16:33:03] D2BS 17100: ÿc4=== [DIABLO] ===
[10/05/26 16:38:38] D2BS 17100: Script ended
[10/05/26 16:38:38] D2BS 17100:  [11:44] +3.94% / [Level 88] 27.16%
[10/05/26 16:38:38] D2BS 17100: Script threads\autobuildthread.js ended
[10/05/26 16:38:38] D2BS 17100: Script threads\partythread.js ended
[10/05/26 16:38:38] D2BS 17100: Script threads\townchicken.js ended
[10/05/26 16:38:50] D2BS 17100: joining game pz-150
[10/05/26 16:38:51] D2BS 17100: ÿc2D2BSÿc0 :: Starting default.dbj
[10/05/26 16:38:51] D2BS 17100: ÿc2D2BSÿc0 :: default.dbj running.
[10/05/26 16:38:52] D2BS 17100: Loaded ÿc9[X.nip] [Y.nip] [Z.nip] [V.nip] [P.CONC.nip]
[10/05/26 16:38:52] D2BS 17100: Loaded ÿc9[P.CONC.js]
[10/05/26 16:38:52] D2BS 17100: equipped: [Head] 14
[10/05/26 16:38:52] D2BS 17100: equipped: [Neck] 19
[10/05/26 16:38:52] D2BS 17100: equipped: [Body] 21
[10/05/26 16:38:52] D2BS 17100: equipped: [ArmR] 23
[10/05/26 16:38:52] D2BS 17100: equipped: [ArmL] 28
[10/05/26 16:38:52] D2BS 17100: equipped: [RingR] 13
[10/05/26 16:38:52] D2BS 17100: equipped: [RingL] 14
[10/05/26 16:38:52] D2BS 17100: equipped: [Belt] 18
[10/05/26 16:38:52] D2BS 17100: equipped: [Boots] 12
[10/05/26 16:38:52] D2BS 17100: equipped: [Mitts] 14
[10/05/26 16:38:52] D2BS 17100: updateStat
[10/05/26 16:38:52] D2BS 17100: granted: [Head] 14
[10/05/26 16:38:52] D2BS 17100: granted: [Body] 20
[10/05/26 16:38:52] D2BS 17100: granted: [ArmR] 22
[10/05/26 16:38:52] D2BS 17100: Loaded ÿc9[AutoSmurf.js]
[10/05/26 16:38:58] D2BS 17100: farmingON
[10/05/26 16:39:00] D2BS 17100: MiniShopBot: true
[10/05/26 16:39:00] D2BS 17100: UseMerc: true HP: 70
[10/05/26 16:39:17] D2BS 17100: Merc matched: Holy Freeze
[10/05/26 16:39:32] D2BS 17100: act5+ BO
[10/05/26 16:39:45] D2BS 17100: ÿc4=== [BAAL] ===
[10/05/26 16:39:59] D2BS 17100: Baal failed: souls found
[10/05/26 16:39:59] D2BS 17100: ÿc4=== [COUNTESS] ===
[10/05/26 16:41:12] D2BS 17100: ÿc4=== [PIT] ===
[10/05/26 16:43:02] D2BS 17100: ÿc4=== [ANDY] ===
[10/05/26 16:43:54] D2BS 17100: ÿc4=== [MEPHISTO] ===
[10/05/26 16:45:15] D2BS 17100: ÿc4=== [DIABLO] ===
[10/05/26 16:51:02] D2BS 17100: party has left: fowo-xb
[10/05/26 16:51:02] D2BS 17100:  [12:11] +4.69% / [Level 88] 31.85%
[10/05/26 16:51:02] D2BS 17100: Script threads\autobuildthread.js ended
[10/05/26 16:51:02] D2BS 17100: Script threads\partythread.js ended
[10/05/26 16:51:02] D2BS 17100: Script threads\townchicken.js ended
[10/05/26 16:51:02] D2BS 17100: Script default.dbj ended
[10/05/26 16:51:15] D2BS 17100: joining game pz-151
[10/05/26 16:51:18] D2BS 17100: ÿc2D2BSÿc0 :: Starting default.dbj
[10/05/26 16:51:18] D2BS 17100: ÿc2D2BSÿc0 :: default.dbj running.
[10/05/26 16:51:18] D2BS 17100: Loaded ÿc9[X.nip] [Y.nip] [Z.nip] [V.nip] [P.CONC.nip]
[10/05/26 16:51:18] D2BS 17100: Loaded ÿc9[P.CONC.js]
[10/05/26 16:51:18] D2BS 17100: equipped: [Head] 14
[10/05/26 16:51:18] D2BS 17100: equipped: [Neck] 19
[10/05/26 16:51:18] D2BS 17100: equipped: [Body] 21
[10/05/26 16:51:18] D2BS 17100: equipped: [ArmR] 23
[10/05/26 16:51:18] D2BS 17100: equipped: [ArmL] 28
[10/05/26 16:51:18] D2BS 17100: equipped: [RingR] 13
[10/05/26 16:51:18] D2BS 17100: equipped: [RingL] 14
[10/05/26 16:51:18] D2BS 17100: equipped: [Belt] 18
[10/05/26 16:51:18] D2BS 17100: equipped: [Boots] 12
[10/05/26 16:51:18] D2BS 17100: equipped: [Mitts] 14
[10/05/26 16:51:18] D2BS 17100: updateStat
[10/05/26 16:51:18] D2BS 17100: granted: [Head] 14
[10/05/26 16:51:18] D2BS 17100: granted: [Body] 20
[10/05/26 16:51:18] D2BS 17100: granted: [ArmR] 22
[10/05/26 16:51:18] D2BS 17100: Loaded ÿc9[AutoSmurf.js]
[10/05/26 16:51:22] D2BS 17100: farmingON
[10/05/26 16:51:23] D2BS 17100: MiniShopBot: true
[10/05/26 16:51:23] D2BS 17100: UseMerc: true HP: 70
[10/05/26 16:51:33] D2BS 17100: [Craft] Caster Ring
[10/05/26 16:51:54] D2BS 17100: Merc matched: Holy Freeze
[10/05/26 16:52:00] D2BS 17100: act5+ BO
[10/05/26 16:52:12] D2BS 17100: ÿc4=== [BAAL] ===
[10/05/26 16:52:25] D2BS 17100: Baal failed: souls found
[10/05/26 16:52:25] D2BS 17100: ÿc4=== [COUNTESS] ===
[10/05/26 16:53:37] D2BS 17100: ÿc4=== [PIT] ===
[10/05/26 16:55:19] D2BS 17100: ÿc4=== [ANDY] ===
[10/05/26 16:56:06] D2BS 17100: ÿc4=== [MEPHISTO] ===
[10/05/26 16:57:25] D2BS 17100: ÿc4=== [DIABLO] ===
[10/05/26 17:03:34] D2BS 17100: party has left: fowo-xb
[10/05/26 17:03:34] D2BS 17100:  [12:17] +3.88% / [Level 88] 35.73%
[10/05/26 17:03:34] D2BS 17100: Script threads\autobuildthread.js ended
[10/05/26 17:03:34] D2BS 17100: Script threads\partythread.js ended
[10/05/26 17:03:34] D2BS 17100: Script threads\townchicken.js ended
[10/05/26 17:03:34] D2BS 17100: Script default.dbj ended
[10/05/26 17:03:45] D2BS 17100: joining game pz-152
[10/05/26 17:03:47] D2BS 17100: ÿc2D2BSÿc0 :: Starting default.dbj
[10/05/26 17:03:47] D2BS 17100: ÿc2D2BSÿc0 :: default.dbj running.
[10/05/26 17:03:47] D2BS 17100: Loaded ÿc9[X.nip] [Y.nip] [Z.nip] [V.nip] [P.CONC.nip]
[10/05/26 17:03:47] D2BS 17100: Loaded ÿc9[P.CONC.js]
[10/05/26 17:03:47] D2BS 17100: equipped: [Head] 14
[10/05/26 17:03:47] D2BS 17100: equipped: [Neck] 19
[10/05/26 17:03:47] D2BS 17100: equipped: [Body] 21
[10/05/26 17:03:47] D2BS 17100: equipped: [ArmR] 23
[10/05/26 17:03:47] D2BS 17100: equipped: [ArmL] 28
[10/05/26 17:03:47] D2BS 17100: equipped: [RingR] 13
[10/05/26 17:03:47] D2BS 17100: equipped: [RingL] 14
[10/05/26 17:03:47] D2BS 17100: equipped: [Belt] 18
[10/05/26 17:03:47] D2BS 17100: equipped: [Boots] 12
[10/05/26 17:03:47] D2BS 17100: equipped: [Mitts] 14
[10/05/26 17:03:47] D2BS 17100: updateStat
[10/05/26 17:03:47] D2BS 17100: granted: [Head] 14
[10/05/26 17:03:47] D2BS 17100: granted: [Body] 20
[10/05/26 17:03:47] D2BS 17100: granted: [ArmR] 22
[10/05/26 17:03:47] D2BS 17100: Loaded ÿc9[AutoSmurf.js]
[10/05/26 17:03:52] D2BS 17100: farmingON
[10/05/26 17:03:53] D2BS 17100: MiniShopBot: true
[10/05/26 17:03:53] D2BS 17100: UseMerc: true HP: 70
[10/05/26 17:04:14] D2BS 17100: Merc matched: Holy Freeze
[10/05/26 17:04:27] D2BS 17100: act5+ BO
[10/05/26 17:04:40] D2BS 17100: ÿc4=== [BAAL] ===
[10/05/26 17:08:10] D2BS 17100: ÿc4=== [COUNTESS] ===
[10/05/26 17:09:20] D2BS 17100: ÿc4=== [PIT] ===
[10/05/26 17:11:04] D2BS 17100: ÿc4=== [ANDY] ===
[10/05/26 17:11:56] D2BS 17100: ÿc4=== [MEPHISTO] ===
[10/05/26 17:13:19] D2BS 17100: ÿc4=== [DIABLO] ===
[10/05/26 17:19:12] D2BS 17100: party has left: fowo-xh
[10/05/26 17:19:12] D2BS 17100:  [15:26] +7.74% / [Level 88] 43.47%
[10/05/26 17:19:12] D2BS 17100: Script threads\autobuildthread.js ended
[10/05/26 17:19:13] D2BS 17100: Script threads\partythread.js ended
[10/05/26 17:19:13] D2BS 17100: Script threads\townchicken.js ended
[10/05/26 17:19:13] D2BS 17100: Script default.dbj ended
[10/05/26 17:19:26] D2BS 17100: joining game pz-153
[10/05/26 17:19:28] D2BS 17100: ÿc2D2BSÿc0 :: Starting default.dbj
[10/05/26 17:19:28] D2BS 17100: ÿc2D2BSÿc0 :: default.dbj running.
[10/05/26 17:19:29] D2BS 17100: Loaded ÿc9[X.nip] [Y.nip] [Z.nip] [V.nip] [P.CONC.nip]
[10/05/26 17:19:29] D2BS 17100: Loaded ÿc9[P.CONC.js]
[10/05/26 17:19:29] D2BS 17100: equipped: [Head] 14
[10/05/26 17:19:29] D2BS 17100: equipped: [Neck] 19
[10/05/26 17:19:29] D2BS 17100: equipped: [Body] 21
[10/05/26 17:19:29] D2BS 17100: equipped: [ArmR] 23
[10/05/26 17:19:29] D2BS 17100: equipped: [ArmL] 28
[10/05/26 17:19:29] D2BS 17100: equipped: [RingR] 13
[10/05/26 17:19:29] D2BS 17100: equipped: [RingL] 14
[10/05/26 17:19:29] D2BS 17100: equipped: [Belt] 18
[10/05/26 17:19:29] D2BS 17100: equipped: [Boots] 12
[10/05/26 17:19:29] D2BS 17100: equipped: [Mitts] 14
[10/05/26 17:19:29] D2BS 17100: updateStat
[10/05/26 17:19:29] D2BS 17100: granted: [Head] 14
[10/05/26 17:19:29] D2BS 17100: granted: [Body] 20
[10/05/26 17:19:29] D2BS 17100: granted: [ArmR] 22
[10/05/26 17:19:29] D2BS 17100: Loaded ÿc9[AutoSmurf.js]
[10/05/26 17:19:33] D2BS 17100: farmingON
[10/05/26 17:19:36] D2BS 17100: MiniShopBot: true
[10/05/26 17:19:36] D2BS 17100: UseMerc: true HP: 70
[10/05/26 17:19:57] D2BS 17100: Merc matched: Holy Freeze
[10/05/26 17:20:02] D2BS 17100: Token needed
[10/05/26 17:20:06] D2BS 17100: act5+ BO
[10/05/26 17:20:19] D2BS 17100: ÿc4=== [BAAL] ===
[10/05/26 17:23:45] D2BS 17100: ÿc4=== [COUNTESS] ===
[10/05/26 17:25:11] D2BS 17100: ÿc4=== [PIT] ===
[10/05/26 17:26:30] D2BS 17100: ÿc4=== [ANDY] ===
[10/05/26 17:27:27] D2BS 17100: ÿc4=== [MEPHISTO] ===
[10/05/26 17:28:44] D2BS 17100: ÿc4=== [DIABLO] ===
[10/05/26 17:34:08] D2BS 17100: party has left: fowo-xf
[10/05/26 17:34:08] D2BS 17100:  [14:40] +7.80% / [Level 88] 51.28%
[10/05/26 17:34:08] D2BS 17100: Script threads\autobuildthread.js ended
[10/05/26 17:34:08] D2BS 17100: Script threads\partythread.js ended
[10/05/26 17:34:09] D2BS 17100: Script threads\townchicken.js ended
[10/05/26 17:34:09] D2BS 17100: Script default.dbj ended
[10/05/26 17:34:21] D2BS 17100: joining game pz-154
[10/05/26 17:34:22] D2BS 17100: ÿc2D2BSÿc0 :: Starting default.dbj
[10/05/26 17:34:22] D2BS 17100: ÿc2D2BSÿc0 :: default.dbj running.
[10/05/26 17:34:22] D2BS 17100: Loaded ÿc9[X.nip] [Y.nip] [Z.nip] [V.nip] [P.CONC.nip]
[10/05/26 17:34:22] D2BS 17100: Loaded ÿc9[P.CONC.js]
[10/05/26 17:34:22] D2BS 17100: equipped: [Head] 14
[10/05/26 17:34:22] D2BS 17100: equipped: [Neck] 19
[10/05/26 17:34:22] D2BS 17100: equipped: [Body] 21
[10/05/26 17:34:22] D2BS 17100: equipped: [ArmR] 23
[10/05/26 17:34:22] D2BS 17100: equipped: [ArmL] 28
[10/05/26 17:34:22] D2BS 17100: equipped: [RingR] 13
[10/05/26 17:34:22] D2BS 17100: equipped: [RingL] 14
[10/05/26 17:34:22] D2BS 17100: equipped: [Belt] 18
[10/05/26 17:34:22] D2BS 17100: equipped: [Boots] 12
[10/05/26 17:34:22] D2BS 17100: equipped: [Mitts] 14
[10/05/26 17:34:23] D2BS 17100: updateStat
[10/05/26 17:34:23] D2BS 17100: granted: [Head] 14
[10/05/26 17:34:23] D2BS 17100: granted: [Body] 20
[10/05/26 17:34:23] D2BS 17100: granted: [ArmR] 22
[10/05/26 17:34:23] D2BS 17100: Loaded ÿc9[AutoSmurf.js]
[10/05/26 17:34:28] D2BS 17100: MiniShopBot: true
[10/05/26 17:34:28] D2BS 17100: farmingON
[10/05/26 17:34:28] D2BS 17100: UseMerc: true HP: 70
[10/05/26 17:34:46] D2BS 17100: equipped: [Belt] 19
[10/05/26 17:34:46] D2BS 17100: Merc matched: Holy Freeze
[10/05/26 17:35:01] D2BS 17100: act5+ BO
[10/05/26 17:35:14] D2BS 17100: ÿc4=== [BAAL] ===
[10/05/26 17:38:40] D2BS 17100: ÿc4=== [COUNTESS] ===
[10/05/26 17:39:48] D2BS 17100: ÿc4=== [PIT] ===
[10/05/26 17:41:26] D2BS 17100: ÿc4=== [ANDY] ===
[10/05/26 17:42:15] D2BS 17100: ÿc4=== [MEPHISTO] ===
[10/05/26 17:43:42] D2BS 17100: ÿc4=== [DIABLO] ===
[10/05/26 17:49:28] D2BS 17100: party has left: fowo-xb
[10/05/26 17:49:28] D2BS 17100:  [15:06] +8.30% / [Level 88] 59.58%
[10/05/26 17:49:28] D2BS 17100: Script threads\autobuildthread.js ended
[10/05/26 17:49:28] D2BS 17100: Script threads\partythread.js ended
[10/05/26 17:49:28] D2BS 17100: Script threads\townchicken.js ended
[10/05/26 17:49:28] D2BS 17100: Script default.dbj ended
[10/05/26 17:49:42] D2BS 17100: joining game pz-155
[10/05/26 17:49:44] D2BS 17100: ÿc2D2BSÿc0 :: Starting default.dbj
[10/05/26 17:49:44] D2BS 17100: ÿc2D2BSÿc0 :: default.dbj running.
[10/05/26 17:49:45] D2BS 17100: Loaded ÿc9[X.nip] [Y.nip] [Z.nip] [V.nip] [P.CONC.nip]
[10/05/26 17:49:45] D2BS 17100: Loaded ÿc9[P.CONC.js]
[10/05/26 17:49:45] D2BS 17100: equipped: [Head] 14
[10/05/26 17:49:45] D2BS 17100: equipped: [Neck] 19
[10/05/26 17:49:45] D2BS 17100: equipped: [Body] 21
[10/05/26 17:49:45] D2BS 17100: equipped: [ArmR] 23
[10/05/26 17:49:45] D2BS 17100: equipped: [ArmL] 28
[10/05/26 17:49:45] D2BS 17100: equipped: [RingR] 13
[10/05/26 17:49:45] D2BS 17100: equipped: [RingL] 14
[10/05/26 17:49:45] D2BS 17100: equipped: [Belt] 19
[10/05/26 17:49:45] D2BS 17100: equipped: [Boots] 12
[10/05/26 17:49:45] D2BS 17100: equipped: [Mitts] 14
[10/05/26 17:49:45] D2BS 17100: updateStat
[10/05/26 17:49:45] D2BS 17100: granted: [Head] 14
[10/05/26 17:49:45] D2BS 17100: granted: [Body] 20
[10/05/26 17:49:45] D2BS 17100: granted: [ArmR] 22
[10/05/26 17:49:45] D2BS 17100: Loaded ÿc9[AutoSmurf.js]
[10/05/26 17:49:50] D2BS 17100: farmingON
[10/05/26 17:49:54] D2BS 17100: MiniShopBot: true
[10/05/26 17:49:54] D2BS 17100: UseMerc: true HP: 70
[10/05/26 17:50:16] D2BS 17100: Merc matched: Holy Freeze
[10/05/26 17:50:24] D2BS 17100: Token needed
[10/05/26 17:50:28] D2BS 17100: act5+ BO
[10/05/26 17:50:41] D2BS 17100: ÿc4=== [BAAL] ===
[10/05/26 17:52:29] D2BS 17100: Going to town
[10/05/26 17:53:28] D2BS 17100: Script default.dbj ended
[10/05/26 17:53:28] D2BS 17100: Script threads\autobuildthread.js ended
[10/05/26 17:53:29] D2BS 17100: Script threads\partythread.js ended
[10/05/26 17:53:29] D2BS 17100: Script threads\toolsthread.js ended
[10/05/26 17:53:29] D2BS 17100: Script threads\townchicken.js ended
[10/05/26 17:53:40] D2BS 17100: joining game pz-156
[10/05/26 17:53:42] D2BS 17100: ÿc2D2BSÿc0 :: Starting default.dbj
[10/05/26 17:53:42] D2BS 17100: ÿc2D2BSÿc0 :: default.dbj running.
[10/05/26 17:53:42] D2BS 17100: Loaded ÿc9[X.nip] [Y.nip] [Z.nip] [V.nip] [P.CONC.nip]
[10/05/26 17:53:42] D2BS 17100: Loaded ÿc9[P.CONC.js]
[10/05/26 17:53:42] D2BS 17100: equipped: [Head] 14
[10/05/26 17:53:42] D2BS 17100: equipped: [Neck] 19
[10/05/26 17:53:42] D2BS 17100: equipped: [Body] 21
[10/05/26 17:53:42] D2BS 17100: equipped: [ArmR] 23
[10/05/26 17:53:42] D2BS 17100: equipped: [ArmL] 28
[10/05/26 17:53:42] D2BS 17100: equipped: [RingR] 13
[10/05/26 17:53:42] D2BS 17100: equipped: [RingL] 14
[10/05/26 17:53:42] D2BS 17100: equipped: [Belt] 19
[10/05/26 17:53:42] D2BS 17100: equipped: [Boots] 12
[10/05/26 17:53:42] D2BS 17100: equipped: [Mitts] 14
[10/05/26 17:53:42] D2BS 17100: updateStat
[10/05/26 17:53:42] D2BS 17100: granted: [Head] 14
[10/05/26 17:53:42] D2BS 17100: granted: [Body] 20
[10/05/26 17:53:42] D2BS 17100: granted: [ArmR] 22
[10/05/26 17:53:42] D2BS 17100: Loaded ÿc9[AutoSmurf.js]
[10/05/26 17:53:45] D2BS 17100: farmingON
[10/05/26 17:53:46] D2BS 17100: MiniShopBot: true
[10/05/26 17:53:46] D2BS 17100: UseMerc: true HP: 70
[10/05/26 17:54:10] D2BS 17100: Merc matched: Holy Freeze
[10/05/26 17:54:17] D2BS 17100: act5+ BO
[10/05/26 17:54:30] D2BS 17100: ÿc4=== [BAAL] ===
[10/05/26 17:58:27] D2BS 17100: ÿc4=== [COUNTESS] ===
[10/05/26 17:59:55] D2BS 17100: ÿc4=== [PIT] ===
[10/05/26 18:01:49] D2BS 17100: ÿc4=== [ANDY] ===
[10/05/26 18:02:33] D2BS 17100: ÿc4=== [MEPHISTO] ===
[10/05/26 18:03:53] D2BS 17100: ÿc4=== [DIABLO] ===
[10/05/26 18:09:43] D2BS 17100: Script ended
[10/05/26 18:09:44] D2BS 17100:  [16:01] +8.29% / [Level 88] 70.53%
[10/05/26 18:09:44] D2BS 17100: Script threads\autobuildthread.js ended
[10/05/26 18:09:44] D2BS 17100: Script threads\partythread.js ended
[10/05/26 18:09:44] D2BS 17100: Script threads\townchicken.js ended
[10/05/26 18:09:56] D2BS 17100: joining game pz-157
[10/05/26 18:09:57] D2BS 17100: ÿc2D2BSÿc0 :: Starting default.dbj
[10/05/26 18:09:57] D2BS 17100: ÿc2D2BSÿc0 :: default.dbj running.
[10/05/26 18:09:58] D2BS 17100: Loaded ÿc9[X.nip] [Y.nip] [Z.nip] [V.nip] [P.CONC.nip]
[10/05/26 18:09:58] D2BS 17100: Loaded ÿc9[P.CONC.js]
[10/05/26 18:09:58] D2BS 17100: equipped: [Head] 14
[10/05/26 18:09:58] D2BS 17100: equipped: [Neck] 19
[10/05/26 18:09:58] D2BS 17100: equipped: [Body] 21
[10/05/26 18:09:58] D2BS 17100: equipped: [ArmR] 23
[10/05/26 18:09:58] D2BS 17100: equipped: [ArmL] 28
[10/05/26 18:09:58] D2BS 17100: equipped: [RingR] 13
[10/05/26 18:09:58] D2BS 17100: equipped: [RingL] 14
[10/05/26 18:09:58] D2BS 17100: equipped: [Belt] 19
[10/05/26 18:09:58] D2BS 17100: equipped: [Boots] 12
[10/05/26 18:09:58] D2BS 17100: equipped: [Mitts] 14
[10/05/26 18:09:58] D2BS 17100: updateStat
[10/05/26 18:09:58] D2BS 17100: granted: [Head] 14
[10/05/26 18:09:58] D2BS 17100: granted: [Body] 20
[10/05/26 18:09:58] D2BS 17100: granted: [ArmR] 22
[10/05/26 18:09:58] D2BS 17100: Loaded ÿc9[AutoSmurf.js]
[10/05/26 18:10:03] D2BS 17100: farmingON
[10/05/26 18:10:04] D2BS 17100: MiniShopBot: true
[10/05/26 18:10:04] D2BS 17100: UseMerc: true HP: 70
[10/05/26 18:10:26] D2BS 17100: Merc matched: Holy Freeze
[10/05/26 18:10:34] D2BS 17100: Token needed
[10/05/26 18:10:38] D2BS 17100: act5+ BO
[10/05/26 18:10:50] D2BS 17100: ÿc4=== [BAAL] ===
[10/05/26 18:14:27] D2BS 17100: ÿc4=== [COUNTESS] ===
[10/05/26 18:15:37] D2BS 17100: ÿc4=== [PIT] ===
[10/05/26 18:17:10] D2BS 17100: ÿc4=== [ANDY] ===
[10/05/26 18:18:00] D2BS 17100: ÿc4=== [MEPHISTO] ===
[10/05/26 18:19:17] D2BS 17100: ÿc4=== [DIABLO] ===
[10/05/26 18:25:37] D2BS 17100: party has left: fowo-xa
[10/05/26 18:25:37] D2BS 17100:  [15:40] +7.25% / [Level 88] 77.78%
[10/05/26 18:25:37] D2BS 17100: Script threads\autobuildthread.js ended
[10/05/26 18:25:37] D2BS 17100: Script threads\partythread.js ended
[10/05/26 18:25:37] D2BS 17100: Script threads\townchicken.js ended
[10/05/26 18:25:38] D2BS 17100: Script default.dbj ended
[10/05/26 18:25:50] D2BS 17100: joining game pz-158
[10/05/26 18:25:51] D2BS 17100: ÿc2D2BSÿc0 :: Starting default.dbj
[10/05/26 18:25:51] D2BS 17100: ÿc2D2BSÿc0 :: default.dbj running.
[10/05/26 18:25:51] D2BS 17100: Loaded ÿc9[X.nip] [Y.nip] [Z.nip] [V.nip] [P.CONC.nip]
[10/05/26 18:25:51] D2BS 17100: Loaded ÿc9[P.CONC.js]
[10/05/26 18:25:51] D2BS 17100: equipped: [Head] 14
[10/05/26 18:25:51] D2BS 17100: equipped: [Neck] 19
[10/05/26 18:25:51] D2BS 17100: equipped: [Body] 21
[10/05/26 18:25:51] D2BS 17100: equipped: [ArmR] 23
[10/05/26 18:25:52] D2BS 17100: equipped: [ArmL] 28
[10/05/26 18:25:52] D2BS 17100: equipped: [RingR] 13
[10/05/26 18:25:52] D2BS 17100: equipped: [RingL] 14
[10/05/26 18:25:52] D2BS 17100: equipped: [Belt] 19
[10/05/26 18:25:52] D2BS 17100: equipped: [Boots] 12
[10/05/26 18:25:52] D2BS 17100: equipped: [Mitts] 14
[10/05/26 18:25:52] D2BS 17100: updateStat
[10/05/26 18:25:52] D2BS 17100: granted: [Head] 14
[10/05/26 18:25:52] D2BS 17100: granted: [Body] 20
[10/05/26 18:25:52] D2BS 17100: granted: [ArmR] 22
[10/05/26 18:25:52] D2BS 17100: Loaded ÿc9[AutoSmurf.js]
[10/05/26 18:25:57] D2BS 17100: farmingON
[10/05/26 18:25:59] D2BS 17100: MiniShopBot: true
[10/05/26 18:25:59] D2BS 17100: UseMerc: true HP: 70
[10/05/26 18:26:24] D2BS 17100: Merc matched: Holy Freeze
[10/05/26 18:26:42] D2BS 17100: act5+ BO
[10/05/26 18:27:09] D2BS 17100: ÿc4=== [BAAL] ===
[10/05/26 18:28:42] D2BS 17100: party has left: fowo-xf
[10/05/26 18:28:42] D2BS 17100:  [02:51] +0.93% / [Level 88] 78.71%
[10/05/26 18:28:42] D2BS 17100: Script threads\autobuildthread.js ended
[10/05/26 18:28:43] D2BS 17100: Script threads\partythread.js ended
[10/05/26 18:28:43] D2BS 17100: Script threads\townchicken.js ended
[10/05/26 18:28:43] D2BS 17100: Script default.dbj ended
[10/05/26 18:28:55] D2BS 17100: joining game pz-159
[10/05/26 18:28:56] D2BS 17100: ÿc2D2BSÿc0 :: Starting default.dbj
[10/05/26 18:28:56] D2BS 17100: ÿc2D2BSÿc0 :: default.dbj running.
[10/05/26 18:28:56] D2BS 17100: Loaded ÿc9[X.nip] [Y.nip] [Z.nip] [V.nip] [P.CONC.nip]
[10/05/26 18:28:56] D2BS 17100: Loaded ÿc9[P.CONC.js]
[10/05/26 18:28:56] D2BS 17100: equipped: [Head] 14
[10/05/26 18:28:57] D2BS 17100: equipped: [Neck] 19
[10/05/26 18:28:57] D2BS 17100: equipped: [Body] 21
[10/05/26 18:28:57] D2BS 17100: equipped: [ArmR] 23
[10/05/26 18:28:57] D2BS 17100: equipped: [ArmL] 28
[10/05/26 18:28:57] D2BS 17100: equipped: [RingR] 13
[10/05/26 18:28:57] D2BS 17100: equipped: [RingL] 14
[10/05/26 18:28:57] D2BS 17100: equipped: [Belt] 19
[10/05/26 18:28:57] D2BS 17100: equipped: [Boots] 12
[10/05/26 18:28:57] D2BS 17100: equipped: [Mitts] 14
[10/05/26 18:28:57] D2BS 17100: updateStat
[10/05/26 18:28:57] D2BS 17100: granted: [Head] 14
[10/05/26 18:28:57] D2BS 17100: granted: [Body] 20
[10/05/26 18:28:57] D2BS 17100: granted: [ArmR] 22
[10/05/26 18:28:57] D2BS 17100: Loaded ÿc9[AutoSmurf.js]
[10/05/26 18:28:59] D2BS 17100: MiniShopBot: true
[10/05/26 18:28:59] D2BS 17100: farmingON
[10/05/26 18:28:59] D2BS 17100: UseMerc: true HP: 70
[10/05/26 18:29:09] D2BS 17100: Merc matched: Holy Freeze
[10/05/26 18:29:22] D2BS 17100: Token needed
[10/05/26 18:29:26] D2BS 17100: act5+ BO
[10/05/26 18:29:39] D2BS 17100: ÿc4=== [BAAL] ===
[10/05/26 18:32:55] D2BS 17100: ÿc4=== [COUNTESS] ===
[10/05/26 18:34:06] D2BS 17100: ÿc4=== [PIT] ===
[10/05/26 18:35:50] D2BS 17100: ÿc4=== [ANDY] ===
[10/05/26 18:36:43] D2BS 17100: ÿc4=== [MEPHISTO] ===
[10/05/26 18:37:54] D2BS 17100: ÿc4=== [DIABLO] ===
[10/05/26 18:44:47] D2BS 17100: Script ended
[10/05/26 18:44:48] D2BS 17100:  [15:52] +7.61% / [Level 88] 86.32%
[10/05/26 18:44:48] D2BS 17100: Script threads\autobuildthread.js ended
[10/05/26 18:44:48] D2BS 17100: Script threads\partythread.js ended
[10/05/26 18:44:48] D2BS 17100: Script threads\townchicken.js ended
[10/05/26 18:45:01] D2BS 17100: joining game pz-160
[10/05/26 18:45:03] D2BS 17100: ÿc2D2BSÿc0 :: Starting default.dbj
[10/05/26 18:45:03] D2BS 17100: ÿc2D2BSÿc0 :: default.dbj running.
[10/05/26 18:45:03] D2BS 17100: Loaded ÿc9[X.nip] [Y.nip] [Z.nip] [V.nip] [P.CONC.nip]
[10/05/26 18:45:03] D2BS 17100: Loaded ÿc9[P.CONC.js]
[10/05/26 18:45:03] D2BS 17100: equipped: [Head] 14
[10/05/26 18:45:03] D2BS 17100: equipped: [Neck] 19
[10/05/26 18:45:03] D2BS 17100: equipped: [Body] 21
[10/05/26 18:45:03] D2BS 17100: equipped: [ArmR] 23
[10/05/26 18:45:03] D2BS 17100: equipped: [ArmL] 28
[10/05/26 18:45:03] D2BS 17100: equipped: [RingR] 13
[10/05/26 18:45:03] D2BS 17100: equipped: [RingL] 14
[10/05/26 18:45:03] D2BS 17100: equipped: [Belt] 19
[10/05/26 18:45:03] D2BS 17100: equipped: [Boots] 12
[10/05/26 18:45:03] D2BS 17100: equipped: [Mitts] 14
[10/05/26 18:45:03] D2BS 17100: updateStat
[10/05/26 18:45:03] D2BS 17100: granted: [Head] 14
[10/05/26 18:45:03] D2BS 17100: granted: [Body] 20
[10/05/26 18:45:03] D2BS 17100: granted: [ArmR] 22
[10/05/26 18:45:03] D2BS 17100: Loaded ÿc9[AutoSmurf.js]
[10/05/26 18:45:08] D2BS 17100: farmingON
[10/05/26 18:45:11] D2BS 17100: MiniShopBot: true
[10/05/26 18:45:11] D2BS 17100: UseMerc: true HP: 70
[10/05/26 18:45:32] D2BS 17100: Merc matched: Holy Freeze
[10/05/26 18:45:37] D2BS 17100: Token needed
[10/05/26 18:45:41] D2BS 17100: act5+ BO
[10/05/26 18:45:55] D2BS 17100: ÿc4=== [BAAL] ===
[10/05/26 18:46:15] D2BS 17100: Baal failed: souls found
[10/05/26 18:46:15] D2BS 17100: ÿc4=== [COUNTESS] ===
[10/05/26 18:47:28] D2BS 17100: ÿc4=== [PIT] ===
[10/05/26 18:49:14] D2BS 17100: ÿc4=== [ANDY] ===
[10/05/26 18:50:17] D2BS 17100: ÿc4=== [MEPHISTO] ===
[10/05/26 18:51:42] D2BS 17100: ÿc4=== [DIABLO] ===
[10/05/26 18:56:41] D2BS 17100: party has left: fowo-xe
[10/05/26 18:56:41] D2BS 17100:  [11:39] +2.54% / [Level 88] 88.87%
[10/05/26 18:56:41] D2BS 17100: Script threads\autobuildthread.js ended
[10/05/26 18:56:41] D2BS 17100: Script threads\partythread.js ended
[10/05/26 18:56:41] D2BS 17100: Script threads\townchicken.js ended
[10/05/26 18:56:41] D2BS 17100: Script default.dbj ended
[10/05/26 18:56:54] D2BS 17100: joining game pz-161
[10/05/26 18:56:56] D2BS 17100: ÿc2D2BSÿc0 :: Starting default.dbj
[10/05/26 18:56:56] D2BS 17100: ÿc2D2BSÿc0 :: default.dbj running.
[10/05/26 18:56:56] D2BS 17100: Loaded ÿc9[X.nip] [Y.nip] [Z.nip] [V.nip] [P.CONC.nip]
[10/05/26 18:56:56] D2BS 17100: Loaded ÿc9[P.CONC.js]
[10/05/26 18:56:56] D2BS 17100: equipped: [Head] 14
[10/05/26 18:56:56] D2BS 17100: equipped: [Neck] 19
[10/05/26 18:56:56] D2BS 17100: equipped: [Body] 21
[10/05/26 18:56:56] D2BS 17100: equipped: [ArmR] 23
[10/05/26 18:56:56] D2BS 17100: equipped: [ArmL] 28
[10/05/26 18:56:56] D2BS 17100: equipped: [RingR] 13
[10/05/26 18:56:56] D2BS 17100: equipped: [RingL] 14
[10/05/26 18:56:56] D2BS 17100: equipped: [Belt] 19
[10/05/26 18:56:56] D2BS 17100: equipped: [Boots] 12
[10/05/26 18:56:56] D2BS 17100: equipped: [Mitts] 14
[10/05/26 18:56:56] D2BS 17100: updateStat
[10/05/26 18:56:56] D2BS 17100: granted: [Head] 14
[10/05/26 18:56:56] D2BS 17100: granted: [Body] 20
[10/05/26 18:56:56] D2BS 17100: granted: [ArmR] 22
[10/05/26 18:56:56] D2BS 17100: Loaded ÿc9[AutoSmurf.js]
[10/05/26 18:57:01] D2BS 17100: farmingON
[10/05/26 18:57:03] D2BS 17100: MiniShopBot: true
[10/05/26 18:57:03] D2BS 17100: UseMerc: true HP: 70
[10/05/26 18:57:17] D2BS 17100: Merc matched: Holy Freeze
[10/05/26 18:57:27] D2BS 17100: Token needed
[10/05/26 18:57:31] D2BS 17100: act5+ BO
[10/05/26 18:57:44] D2BS 17100: ÿc4=== [BAAL] ===
[10/05/26 18:57:59] D2BS 17100: Baal failed: souls found
[10/05/26 18:57:59] D2BS 17100: ÿc4=== [COUNTESS] ===
[10/05/26 18:59:05] D2BS 17100: ÿc4=== [PIT] ===
[10/05/26 19:01:03] D2BS 17100: ÿc4=== [ANDY] ===
[10/05/26 19:01:58] D2BS 17100: ÿc4=== [MEPHISTO] ===
[10/05/26 19:03:15] D2BS 17100: ÿc4=== [DIABLO] ===
[10/05/26 19:08:43] D2BS 17100: Script ended
[10/05/26 19:08:43] D2BS 17100:  [11:48] +4.54% / [Level 88] 93.41%
[10/05/26 19:08:43] D2BS 17100: Script threads\autobuildthread.js ended
[10/05/26 19:08:43] D2BS 17100: Script threads\partythread.js ended
[10/05/26 19:08:44] D2BS 17100: Script threads\townchicken.js ended
[10/05/26 19:08:56] D2BS 17100: joining game pz-162
[10/05/26 19:08:58] D2BS 17100: ÿc2D2BSÿc0 :: Starting default.dbj
[10/05/26 19:08:58] D2BS 17100: ÿc2D2BSÿc0 :: default.dbj running.
[10/05/26 19:08:58] D2BS 17100: Loaded ÿc9[X.nip] [Y.nip] [Z.nip] [V.nip] [P.CONC.nip]
[10/05/26 19:08:58] D2BS 17100: Loaded ÿc9[P.CONC.js]
[10/05/26 19:08:58] D2BS 17100: equipped: [Head] 14
[10/05/26 19:08:58] D2BS 17100: equipped: [Neck] 19
[10/05/26 19:08:58] D2BS 17100: equipped: [Body] 21
[10/05/26 19:08:58] D2BS 17100: equipped: [ArmR] 23
[10/05/26 19:08:58] D2BS 17100: equipped: [ArmL] 28
[10/05/26 19:08:58] D2BS 17100: equipped: [RingR] 13
[10/05/26 19:08:58] D2BS 17100: equipped: [RingL] 14
[10/05/26 19:08:58] D2BS 17100: equipped: [Belt] 19
[10/05/26 19:08:58] D2BS 17100: equipped: [Boots] 12
[10/05/26 19:08:58] D2BS 17100: equipped: [Mitts] 14
[10/05/26 19:08:58] D2BS 17100: updateStat
[10/05/26 19:08:58] D2BS 17100: granted: [Head] 14
[10/05/26 19:08:58] D2BS 17100: granted: [Body] 20
[10/05/26 19:08:58] D2BS 17100: granted: [ArmR] 22
[10/05/26 19:08:58] D2BS 17100: Loaded ÿc9[AutoSmurf.js]
[10/05/26 19:09:04] D2BS 17100: farmingON
[10/05/26 19:09:05] D2BS 17100: MiniShopBot: true
[10/05/26 19:09:05] D2BS 17100: UseMerc: true HP: 70
[10/05/26 19:09:22] D2BS 17100: Merc matched: Holy Freeze
[10/05/26 19:09:37] D2BS 17100: Token needed
[10/05/26 19:09:41] D2BS 17100: act5+ BO
[10/05/26 19:09:54] D2BS 17100: ÿc4=== [BAAL] ===
[10/05/26 19:10:04] D2BS 17100: Baal failed: souls found
[10/05/26 19:10:04] D2BS 17100: ÿc4=== [COUNTESS] ===
[10/05/26 19:11:08] D2BS 17100: ÿc4=== [PIT] ===
[10/05/26 19:12:05] D2BS 17100: Going to town
[10/05/26 19:12:54] D2BS 17100: ÿc4=== [ANDY] ===
[10/05/26 19:13:56] D2BS 17100: ÿc4=== [MEPHISTO] ===
[10/05/26 19:15:16] D2BS 17100: ÿc4=== [DIABLO] ===
[10/05/26 19:20:36] D2BS 17100: party has left: fowo-xa
[10/05/26 19:20:36] D2BS 17100:  [11:39] +3.51% / [Level 88] 96.91%
[10/05/26 19:20:36] D2BS 17100: Script threads\autobuildthread.js ended
[10/05/26 19:20:36] D2BS 17100: Script threads\partythread.js ended
[10/05/26 19:20:36] D2BS 17100: Script threads\townchicken.js ended
[10/05/26 19:20:36] D2BS 17100: Script default.dbj ended
[10/05/26 19:20:48] D2BS 17100: joining game pz-163
[10/05/26 19:20:50] D2BS 17100: ÿc2D2BSÿc0 :: Starting default.dbj
[10/05/26 19:20:50] D2BS 17100: ÿc2D2BSÿc0 :: default.dbj running.
[10/05/26 19:20:50] D2BS 17100: Loaded ÿc9[X.nip] [Y.nip] [Z.nip] [V.nip] [P.CONC.nip]
[10/05/26 19:20:50] D2BS 17100: Loaded ÿc9[P.CONC.js]
[10/05/26 19:20:50] D2BS 17100: equipped: [Head] 14
[10/05/26 19:20:50] D2BS 17100: equipped: [Neck] 19
[10/05/26 19:20:50] D2BS 17100: equipped: [Body] 21
[10/05/26 19:20:50] D2BS 17100: equipped: [ArmR] 23
[10/05/26 19:20:50] D2BS 17100: equipped: [ArmL] 28
[10/05/26 19:20:50] D2BS 17100: equipped: [RingR] 13
[10/05/26 19:20:50] D2BS 17100: equipped: [RingL] 14
[10/05/26 19:20:50] D2BS 17100: equipped: [Belt] 19
[10/05/26 19:20:50] D2BS 17100: equipped: [Boots] 12
[10/05/26 19:20:50] D2BS 17100: equipped: [Mitts] 14
[10/05/26 19:20:50] D2BS 17100: updateStat
[10/05/26 19:20:50] D2BS 17100: granted: [Head] 14
[10/05/26 19:20:50] D2BS 17100: granted: [Body] 20
[10/05/26 19:20:50] D2BS 17100: granted: [ArmR] 22
[10/05/26 19:20:50] D2BS 17100: Loaded ÿc9[AutoSmurf.js]
[10/05/26 19:20:56] D2BS 17100: farmingON
[10/05/26 19:20:57] D2BS 17100: MiniShopBot: true
[10/05/26 19:20:57] D2BS 17100: UseMerc: true HP: 70
[10/05/26 19:21:18] D2BS 17100: Merc matched: Holy Freeze
[10/05/26 19:21:28] D2BS 17100: Token needed
[10/05/26 19:21:32] D2BS 17100: act5+ BO
[10/05/26 19:21:46] D2BS 17100: ÿc4=== [BAAL] ===
[10/05/26 19:25:38] D2BS 17100: ÿc4=== [COUNTESS] ===
[10/05/26 19:26:45] D2BS 17100: ÿc4=== [PIT] ===
[10/05/26 19:28:24] D2BS 17100: ÿc4=== [ANDY] ===
[10/05/26 19:29:10] D2BS 17100: ÿc4=== [MEPHISTO] ===
[10/05/26 19:30:25] D2BS 17100: ÿc4=== [DIABLO] ===
[10/05/26 19:36:32] D2BS 17100: party has left: fowo-xb
[10/05/26 19:36:32] D2BS 17100:  [15:42] +6.25% / [Level 89] 3.42%
[10/05/26 19:36:32] D2BS 17100: Script threads\autobuildthread.js ended
[10/05/26 19:36:32] D2BS 17100: Script threads\partythread.js ended
[10/05/26 19:36:32] D2BS 17100: Script threads\townchicken.js ended
[10/05/26 19:36:32] D2BS 17100: Script default.dbj ended
[10/05/26 19:36:45] D2BS 17100: joining game pz-164
[10/05/26 19:36:47] D2BS 17100: ÿc2D2BSÿc0 :: Starting default.dbj
[10/05/26 19:36:47] D2BS 17100: ÿc2D2BSÿc0 :: default.dbj running.
[10/05/26 19:36:47] D2BS 17100: Loaded ÿc9[X.nip] [Y.nip] [Z.nip] [V.nip] [P.CONC.nip]
[10/05/26 19:36:47] D2BS 17100: Loaded ÿc9[P.CONC.js]
[10/05/26 19:36:47] D2BS 17100: equipped: [Head] 14
[10/05/26 19:36:48] D2BS 17100: equipped: [Neck] 19
[10/05/26 19:36:48] D2BS 17100: equipped: [Body] 21
[10/05/26 19:36:48] D2BS 17100: equipped: [ArmR] 23
[10/05/26 19:36:48] D2BS 17100: equipped: [ArmL] 28
[10/05/26 19:36:48] D2BS 17100: equipped: [RingR] 13
[10/05/26 19:36:48] D2BS 17100: equipped: [RingL] 14
[10/05/26 19:36:48] D2BS 17100: equipped: [Belt] 19
[10/05/26 19:36:48] D2BS 17100: equipped: [Boots] 12
[10/05/26 19:36:48] D2BS 17100: equipped: [Mitts] 14
[10/05/26 19:36:48] D2BS 17100: updateStat
[10/05/26 19:36:48] D2BS 17100: granted: [Head] 14
[10/05/26 19:36:48] D2BS 17100: granted: [Body] 20
[10/05/26 19:36:48] D2BS 17100: granted: [ArmR] 22
[10/05/26 19:36:48] D2BS 17100: Loaded ÿc9[AutoSmurf.js]
[10/05/26 19:36:52] D2BS 17100: farmingON
[10/05/26 19:36:57] D2BS 17100: MiniShopBot: true
[10/05/26 19:36:57] D2BS 17100: UseMerc: true HP: 70
[10/05/26 19:37:25] D2BS 17100: Merc matched: Holy Freeze
[10/05/26 19:37:32] D2BS 17100: act5+ BO
[10/05/26 19:39:39] D2BS 17100: no exp [02:52]
[10/05/26 19:39:39] D2BS 17100: Script threads\autobuildthread.js ended
[10/05/26 19:39:39] D2BS 17100: Script threads\partythread.js ended
[10/05/26 19:39:39] D2BS 17100: Script threads\townchicken.js ended
[10/05/26 19:39:39] D2BS 17100: Script default.dbj ended
[10/05/26 19:39:51] D2BS 17100: joining game pz-165
[10/05/26 19:39:52] D2BS 17100: ÿc2D2BSÿc0 :: Starting default.dbj
[10/05/26 19:39:52] D2BS 17100: ÿc2D2BSÿc0 :: default.dbj running.
[10/05/26 19:39:53] D2BS 17100: Loaded ÿc9[X.nip] [Y.nip] [Z.nip] [V.nip] [P.CONC.nip]
[10/05/26 19:39:53] D2BS 17100: Loaded ÿc9[P.CONC.js]
[10/05/26 19:39:53] D2BS 17100: equipped: [Head] 14
[10/05/26 19:39:53] D2BS 17100: equipped: [Neck] 19
[10/05/26 19:39:53] D2BS 17100: equipped: [Body] 21
[10/05/26 19:39:53] D2BS 17100: equipped: [ArmR] 23
[10/05/26 19:39:53] D2BS 17100: equipped: [ArmL] 28
[10/05/26 19:39:53] D2BS 17100: equipped: [RingR] 13
[10/05/26 19:39:53] D2BS 17100: equipped: [RingL] 14
[10/05/26 19:39:53] D2BS 17100: equipped: [Belt] 19
[10/05/26 19:39:53] D2BS 17100: equipped: [Boots] 12
[10/05/26 19:39:53] D2BS 17100: equipped: [Mitts] 14
[10/05/26 19:39:53] D2BS 17100: updateStat
[10/05/26 19:39:53] D2BS 17100: granted: [Head] 14
[10/05/26 19:39:53] D2BS 17100: granted: [Body] 20
[10/05/26 19:39:53] D2BS 17100: granted: [ArmR] 22
[10/05/26 19:39:53] D2BS 17100: Loaded ÿc9[AutoSmurf.js]
[10/05/26 19:39:56] D2BS 17100: farmingON
[10/05/26 19:39:56] D2BS 17100: MiniShopBot: true
[10/05/26 19:39:56] D2BS 17100: UseMerc: true HP: 70
[10/05/26 19:40:07] D2BS 17100: Merc matched: Holy Freeze
[10/05/26 19:40:19] D2BS 17100: Token needed
[10/05/26 19:40:23] D2BS 17100: act5+ BO
[10/05/26 19:40:37] D2BS 17100: ÿc4=== [BAAL] ===
[10/05/26 19:40:48] D2BS 17100: Baal failed: souls found
[10/05/26 19:40:48] D2BS 17100: ÿc4=== [COUNTESS] ===
[10/05/26 19:41:48] D2BS 17100: ÿc4=== [PIT] ===
[10/05/26 19:43:32] D2BS 17100: ÿc4=== [ANDY] ===
[10/05/26 19:44:20] D2BS 17100: ÿc4=== [MEPHISTO] ===
[10/05/26 19:45:35] D2BS 17100: ÿc4=== [DIABLO] ===
[10/05/26 19:51:23] D2BS 17100: party has left: fowo-xa
[10/05/26 19:51:23] D2BS 17100:  [11:31] +3.08% / [Level 89] 6.50%
[10/05/26 19:51:23] D2BS 17100: Script threads\autobuildthread.js ended
[10/05/26 19:51:23] D2BS 17100: Script threads\partythread.js ended
[10/05/26 19:51:24] D2BS 17100: Script threads\townchicken.js ended
[10/05/26 19:51:24] D2BS 17100: Script default.dbj ended
[10/05/26 19:51:36] D2BS 17100: joining game pz-166
[10/05/26 19:51:37] D2BS 17100: ÿc2D2BSÿc0 :: Starting default.dbj
[10/05/26 19:51:37] D2BS 17100: ÿc2D2BSÿc0 :: default.dbj running.
[10/05/26 19:51:38] D2BS 17100: Loaded ÿc9[X.nip] [Y.nip] [Z.nip] [V.nip] [P.CONC.nip]
[10/05/26 19:51:38] D2BS 17100: Loaded ÿc9[P.CONC.js]
[10/05/26 19:51:38] D2BS 17100: equipped: [Head] 14
[10/05/26 19:51:38] D2BS 17100: equipped: [Neck] 19
[10/05/26 19:51:38] D2BS 17100: equipped: [Body] 21
[10/05/26 19:51:38] D2BS 17100: equipped: [ArmR] 23
[10/05/26 19:51:38] D2BS 17100: equipped: [ArmL] 28
[10/05/26 19:51:38] D2BS 17100: equipped: [RingR] 13
[10/05/26 19:51:38] D2BS 17100: equipped: [RingL] 14
[10/05/26 19:51:38] D2BS 17100: equipped: [Belt] 19
[10/05/26 19:51:38] D2BS 17100: equipped: [Boots] 12
[10/05/26 19:51:38] D2BS 17100: equipped: [Mitts] 14
[10/05/26 19:51:38] D2BS 17100: updateStat
[10/05/26 19:51:38] D2BS 17100: granted: [Head] 14
[10/05/26 19:51:38] D2BS 17100: granted: [Body] 20
[10/05/26 19:51:38] D2BS 17100: granted: [ArmR] 22
[10/05/26 19:51:38] D2BS 17100: Loaded ÿc9[AutoSmurf.js]
[10/05/26 19:51:44] D2BS 17100: farmingON
[10/05/26 19:51:48] D2BS 17100: MiniShopBot: true
[10/05/26 19:51:48] D2BS 17100: UseMerc: true HP: 70
[10/05/26 19:52:05] D2BS 17100: Merc matched: Holy Freeze
[10/05/26 19:52:18] D2BS 17100: Token needed
[10/05/26 19:52:22] D2BS 17100: act5+ BO
[10/05/26 19:52:36] D2BS 17100: ÿc4=== [BAAL] ===
[10/05/26 19:53:04] D2BS 17100: Baal failed: souls found
[10/05/26 19:53:04] D2BS 17100: ÿc4=== [COUNTESS] ===
[10/05/26 19:54:10] D2BS 17100: ÿc4=== [PIT] ===
[10/05/26 19:55:51] D2BS 17100: ÿc4=== [ANDY] ===
[10/05/26 19:56:53] D2BS 17100: ÿc4=== [MEPHISTO] ===
[10/05/26 19:58:11] D2BS 17100: ÿc4=== [DIABLO] ===
[10/05/26 20:03:18] D2BS 17100: party has left: fowo-xg
[10/05/26 20:03:18] D2BS 17100:  [11:41] +2.73% / [Level 89] 9.22%
[10/05/26 20:03:18] D2BS 17100: Script threads\autobuildthread.js ended
[10/05/26 20:03:18] D2BS 17100: Script threads\partythread.js ended
[10/05/26 20:03:18] D2BS 17100: Script threads\townchicken.js ended
[10/05/26 20:03:18] D2BS 17100: Script default.dbj ended
[10/05/26 20:03:31] D2BS 17100: joining game pz-167
[10/05/26 20:03:33] D2BS 17100: ÿc2D2BSÿc0 :: Starting default.dbj
[10/05/26 20:03:33] D2BS 17100: ÿc2D2BSÿc0 :: default.dbj running.
[10/05/26 20:03:33] D2BS 17100: Loaded ÿc9[X.nip] [Y.nip] [Z.nip] [V.nip] [P.CONC.nip]
[10/05/26 20:03:33] D2BS 17100: Loaded ÿc9[P.CONC.js]
[10/05/26 20:03:33] D2BS 17100: equipped: [Head] 14
[10/05/26 20:03:33] D2BS 17100: equipped: [Neck] 19
[10/05/26 20:03:33] D2BS 17100: equipped: [Body] 21
[10/05/26 20:03:33] D2BS 17100: equipped: [ArmR] 23
[10/05/26 20:03:33] D2BS 17100: equipped: [ArmL] 28
[10/05/26 20:03:33] D2BS 17100: equipped: [RingR] 13
[10/05/26 20:03:33] D2BS 17100: equipped: [RingL] 14
[10/05/26 20:03:33] D2BS 17100: equipped: [Belt] 19
[10/05/26 20:03:33] D2BS 17100: equipped: [Boots] 12
[10/05/26 20:03:33] D2BS 17100: equipped: [Mitts] 14
[10/05/26 20:03:33] D2BS 17100: updateStat
[10/05/26 20:03:33] D2BS 17100: granted: [Head] 14
[10/05/26 20:03:33] D2BS 17100: granted: [Body] 20
[10/05/26 20:03:33] D2BS 17100: granted: [ArmR] 22
[10/05/26 20:03:33] D2BS 17100: Loaded ÿc9[AutoSmurf.js]
[10/05/26 20:03:39] D2BS 17100: farmingON
[10/05/26 20:03:40] D2BS 17100: MiniShopBot: true
[10/05/26 20:03:40] D2BS 17100: UseMerc: true HP: 70
[10/05/26 20:04:02] D2BS 17100: equipped: [Head] 15
[10/05/26 20:04:02] D2BS 17100: Merc matched: Holy Freeze
[10/05/26 20:04:20] D2BS 17100: act5+ BO
[10/05/26 20:04:33] D2BS 17100: ÿc4=== [BAAL] ===
[10/05/26 20:04:46] D2BS 17100: Baal failed: souls found
[10/05/26 20:04:46] D2BS 17100: ÿc4=== [COUNTESS] ===
[10/05/26 20:05:57] D2BS 17100: ÿc4=== [PIT] ===
[10/05/26 20:07:36] D2BS 17100: ÿc4=== [ANDY] ===
[10/05/26 20:08:28] D2BS 17100: ÿc4=== [MEPHISTO] ===
[10/05/26 20:09:45] D2BS 17100: ÿc4=== [DIABLO] ===
[10/05/26 20:11:58] D2BS 17100: Going to town
[10/05/26 20:15:09] D2BS 17100: party has left: fowo-xb
[10/05/26 20:15:09] D2BS 17100:  [11:37] +2.74% / [Level 89] 11.96%
[10/05/26 20:15:09] D2BS 17100: Script threads\autobuildthread.js ended
[10/05/26 20:15:10] D2BS 17100: Script threads\partythread.js ended
[10/05/26 20:15:10] D2BS 17100: Script threads\townchicken.js ended
[10/05/26 20:15:10] D2BS 17100: Script default.dbj ended
[10/05/26 20:15:21] D2BS 17100: joining game pz-168
[10/05/26 20:15:22] D2BS 17100: ÿc2D2BSÿc0 :: Starting default.dbj
[10/05/26 20:15:22] D2BS 17100: ÿc2D2BSÿc0 :: default.dbj running.
[10/05/26 20:15:23] D2BS 17100: Loaded ÿc9[X.nip] [Y.nip] [Z.nip] [V.nip] [P.CONC.nip]
[10/05/26 20:15:23] D2BS 17100: Loaded ÿc9[P.CONC.js]
[10/05/26 20:15:23] D2BS 17100: equipped: [Head] 15
[10/05/26 20:15:23] D2BS 17100: equipped: [Neck] 19
[10/05/26 20:15:23] D2BS 17100: equipped: [Body] 21
[10/05/26 20:15:23] D2BS 17100: equipped: [ArmR] 23
[10/05/26 20:15:23] D2BS 17100: equipped: [ArmL] 28
[10/05/26 20:15:23] D2BS 17100: equipped: [RingR] 13
[10/05/26 20:15:23] D2BS 17100: equipped: [RingL] 14
[10/05/26 20:15:23] D2BS 17100: equipped: [Belt] 19
[10/05/26 20:15:23] D2BS 17100: equipped: [Boots] 12
[10/05/26 20:15:23] D2BS 17100: equipped: [Mitts] 14
[10/05/26 20:15:23] D2BS 17100: updateStat
[10/05/26 20:15:23] D2BS 17100: granted: [Head] 14
[10/05/26 20:15:23] D2BS 17100: granted: [Body] 20
[10/05/26 20:15:23] D2BS 17100: granted: [ArmR] 22
[10/05/26 20:15:23] D2BS 17100: Loaded ÿc9[AutoSmurf.js]
[10/05/26 20:15:29] D2BS 17100: farmingON
[10/05/26 20:15:30] D2BS 17100: MiniShopBot: true
[10/05/26 20:15:30] D2BS 17100: UseMerc: true HP: 70
[10/05/26 20:15:54] D2BS 17100: granted: [Head] 30
[10/05/26 20:15:56] D2BS 17100: Merc matched: Holy Freeze
[10/05/26 20:16:03] D2BS 17100: act5+ BO
[10/05/26 20:16:15] D2BS 17100: ÿc4=== [BAAL] ===
[10/05/26 20:19:43] D2BS 17100: ÿc4=== [COUNTESS] ===
[10/05/26 20:21:08] D2BS 17100: ÿc4=== [PIT] ===
[10/05/26 20:22:37] D2BS 17100: ÿc4=== [ANDY] ===
[10/05/26 20:23:33] D2BS 17100: ÿc4=== [MEPHISTO] ===
[10/05/26 20:24:55] D2BS 17100: ÿc4=== [DIABLO] ===
[10/05/26 20:31:07] D2BS 17100: party has left: fowo-xh
[10/05/26 20:31:07] D2BS 17100:  [15:45] +5.60% / [Level 89] 17.56%
[10/05/26 20:31:07] D2BS 17100: Script threads\autobuildthread.js ended
[10/05/26 20:31:07] D2BS 17100: Script threads\partythread.js ended
[10/05/26 20:31:07] D2BS 17100: Script threads\townchicken.js ended
[10/05/26 20:31:07] D2BS 17100: Script default.dbj ended
[10/05/26 20:31:20] D2BS 17100: joining game pz-169
[10/05/26 20:31:22] D2BS 17100: ÿc2D2BSÿc0 :: Starting default.dbj
[10/05/26 20:31:22] D2BS 17100: ÿc2D2BSÿc0 :: default.dbj running.
[10/05/26 20:31:23] D2BS 17100: Loaded ÿc9[X.nip] [Y.nip] [Z.nip] [V.nip] [P.CONC.nip]
[10/05/26 20:31:23] D2BS 17100: Loaded ÿc9[P.CONC.js]
[10/05/26 20:31:23] D2BS 17100: equipped: [Head] 15
[10/05/26 20:31:23] D2BS 17100: equipped: [Neck] 19
[10/05/26 20:31:23] D2BS 17100: equipped: [Body] 21
[10/05/26 20:31:23] D2BS 17100: equipped: [ArmR] 23
[10/05/26 20:31:23] D2BS 17100: equipped: [ArmL] 28
[10/05/26 20:31:23] D2BS 17100: equipped: [RingR] 13
[10/05/26 20:31:23] D2BS 17100: equipped: [RingL] 14
[10/05/26 20:31:23] D2BS 17100: equipped: [Belt] 19
[10/05/26 20:31:23] D2BS 17100: equipped: [Boots] 12
[10/05/26 20:31:23] D2BS 17100: equipped: [Mitts] 14
[10/05/26 20:31:23] D2BS 17100: updateStat
[10/05/26 20:31:23] D2BS 17100: granted: [Head] 30
[10/05/26 20:31:23] D2BS 17100: granted: [Body] 20
[10/05/26 20:31:23] D2BS 17100: granted: [ArmR] 22
[10/05/26 20:31:23] D2BS 17100: Loaded ÿc9[AutoSmurf.js]
[10/05/26 20:31:28] D2BS 17100: farmingON
[10/05/26 20:31:29] D2BS 17100: MiniShopBot: true
[10/05/26 20:31:29] D2BS 17100: UseMerc: true HP: 70
[10/05/26 20:31:48] D2BS 17100: Merc matched: Holy Freeze
[10/05/26 20:32:02] D2BS 17100: act5+ BO
[10/05/26 20:32:15] D2BS 17100: ÿc4=== [BAAL] ===
[10/05/26 20:32:33] D2BS 17100: Baal failed: souls found
[10/05/26 20:32:33] D2BS 17100: ÿc4=== [COUNTESS] ===
[10/05/26 20:33:40] D2BS 17100: ÿc4=== [PIT] ===
[10/05/26 20:35:17] D2BS 17100: ÿc4=== [ANDY] ===
[10/05/26 20:36:25] D2BS 17100: ÿc4=== [MEPHISTO] ===
[10/05/26 20:37:46] D2BS 17100: ÿc4=== [DIABLO] ===
[10/05/26 20:43:23] D2BS 17100: party has left: fowo-xc
[10/05/26 20:43:23] D2BS 17100:  [12:01] +2.78% / [Level 89] 20.34%
[10/05/26 20:43:23] D2BS 17100: Script threads\autobuildthread.js ended
[10/05/26 20:43:23] D2BS 17100: Script threads\partythread.js ended
[10/05/26 20:43:23] D2BS 17100: Script threads\townchicken.js ended
[10/05/26 20:43:23] D2BS 17100: Script default.dbj ended
[10/05/26 20:43:37] D2BS 17100: joining game pz-170
[10/05/26 20:43:39] D2BS 17100: ÿc2D2BSÿc0 :: Starting default.dbj
[10/05/26 20:43:39] D2BS 17100: ÿc2D2BSÿc0 :: default.dbj running.
[10/05/26 20:43:39] D2BS 17100: Loaded ÿc9[X.nip] [Y.nip] [Z.nip] [V.nip] [P.CONC.nip]
[10/05/26 20:43:39] D2BS 17100: Loaded ÿc9[P.CONC.js]
[10/05/26 20:43:39] D2BS 17100: equipped: [Head] 15
[10/05/26 20:43:39] D2BS 17100: equipped: [Neck] 19
[10/05/26 20:43:39] D2BS 17100: equipped: [Body] 21
[10/05/26 20:43:39] D2BS 17100: equipped: [ArmR] 23
[10/05/26 20:43:39] D2BS 17100: equipped: [ArmL] 28
[10/05/26 20:43:39] D2BS 17100: equipped: [RingR] 13
[10/05/26 20:43:39] D2BS 17100: equipped: [RingL] 14
[10/05/26 20:43:39] D2BS 17100: equipped: [Belt] 19
[10/05/26 20:43:39] D2BS 17100: equipped: [Boots] 12
[10/05/26 20:43:39] D2BS 17100: equipped: [Mitts] 14
[10/05/26 20:43:39] D2BS 17100: updateStat
[10/05/26 20:43:39] D2BS 17100: granted: [Head] 30
[10/05/26 20:43:39] D2BS 17100: granted: [Body] 20
[10/05/26 20:43:39] D2BS 17100: granted: [ArmR] 22
[10/05/26 20:43:39] D2BS 17100: Loaded ÿc9[AutoSmurf.js]
[10/05/26 20:43:42] D2BS 17100: MiniShopBot: true
[10/05/26 20:43:42] D2BS 17100: farmingON
[10/05/26 20:43:42] D2BS 17100: UseMerc: true HP: 70
[10/05/26 20:44:05] D2BS 17100: equipped: [RingR] 14
[10/05/26 20:44:07] D2BS 17100: Merc matched: Holy Freeze
[10/05/26 20:44:15] D2BS 17100: Token needed
[10/05/26 20:44:18] D2BS 17100: act5+ BO
[10/05/26 20:44:31] D2BS 17100: ÿc4=== [BAAL] ===
[10/05/26 20:47:31] D2BS 17100: ÿc4=== [COUNTESS] ===
[10/05/26 20:48:51] D2BS 17100: ÿc4=== [PIT] ===
[10/05/26 20:50:26] D2BS 17100: ÿc4=== [ANDY] ===
[10/05/26 20:51:16] D2BS 17100: ÿc4=== [MEPHISTO] ===
[10/05/26 20:52:44] D2BS 17100: ÿc4=== [DIABLO] ===
[10/05/26 20:58:21] D2BS 17100: party has left: fowo-xh
[10/05/26 20:58:21] D2BS 17100:  [14:42] +5.38% / [Level 89] 25.72%
[10/05/26 20:58:21] D2BS 17100: Script threads\autobuildthread.js ended
[10/05/26 20:58:21] D2BS 17100: Script threads\partythread.js ended
[10/05/26 20:58:21] D2BS 17100: Script threads\townchicken.js ended
[10/05/26 20:58:21] D2BS 17100: Script default.dbj ended
[10/05/26 20:58:32] D2BS 17100: joining game pz-171
[10/05/26 20:58:35] D2BS 17100: ÿc2D2BSÿc0 :: Starting default.dbj
[10/05/26 20:58:35] D2BS 17100: ÿc2D2BSÿc0 :: default.dbj running.
[10/05/26 20:58:35] D2BS 17100: Loaded ÿc9[X.nip] [Y.nip] [Z.nip] [V.nip] [P.CONC.nip]
[10/05/26 20:58:35] D2BS 17100: Loaded ÿc9[P.CONC.js]
[10/05/26 20:58:35] D2BS 17100: equipped: [Head] 15
[10/05/26 20:58:35] D2BS 17100: equipped: [Neck] 19
[10/05/26 20:58:35] D2BS 17100: equipped: [Body] 21
[10/05/26 20:58:35] D2BS 17100: equipped: [ArmR] 23
[10/05/26 20:58:35] D2BS 17100: equipped: [ArmL] 28
[10/05/26 20:58:35] D2BS 17100: equipped: [RingR] 14
[10/05/26 20:58:35] D2BS 17100: equipped: [RingL] 14
[10/05/26 20:58:35] D2BS 17100: equipped: [Belt] 19
[10/05/26 20:58:35] D2BS 17100: equipped: [Boots] 12
[10/05/26 20:58:35] D2BS 17100: equipped: [Mitts] 14
[10/05/26 20:58:35] D2BS 17100: updateStat
[10/05/26 20:58:35] D2BS 17100: granted: [Head] 30
[10/05/26 20:58:35] D2BS 17100: granted: [Body] 20
[10/05/26 20:58:35] D2BS 17100: granted: [ArmR] 22
[10/05/26 20:58:35] D2BS 17100: Loaded ÿc9[AutoSmurf.js]
[10/05/26 20:58:39] D2BS 17100: farmingON
[10/05/26 20:58:41] D2BS 17100: MiniShopBot: true
[10/05/26 20:58:41] D2BS 17100: UseMerc: true HP: 70
[10/05/26 20:58:57] D2BS 17100: Merc matched: Holy Freeze
[10/05/26 20:59:15] D2BS 17100: act5+ BO
[10/05/26 20:59:28] D2BS 17100: ÿc4=== [BAAL] ===
[10/05/26 20:59:40] D2BS 17100: Baal failed: souls found
[10/05/26 20:59:40] D2BS 17100: ÿc4=== [COUNTESS] ===
[10/05/26 21:00:51] D2BS 17100: ÿc4=== [PIT] ===
[10/05/26 21:02:34] D2BS 17100: ÿc4=== [ANDY] ===
[10/05/26 21:03:26] D2BS 17100: ÿc4=== [MEPHISTO] ===
[10/05/26 21:04:28] D2BS 17100: ÿc4=== [DIABLO] ===
[10/05/26 21:09:27] D2BS 17100: party has left: fowo-xf, fowo-xh
[10/05/26 21:09:27] D2BS 17100:  [10:53] +2.22% / [Level 89] 27.94%
[10/05/26 21:09:27] D2BS 17100: Script threads\autobuildthread.js ended
[10/05/26 21:09:27] D2BS 17100: Script threads\partythread.js ended
[10/05/26 21:09:27] D2BS 17100: Script threads\townchicken.js ended
[10/05/26 21:09:27] D2BS 17100: Script default.dbj ended
[10/05/26 21:09:40] D2BS 17100: joining game pz-172
[10/05/26 21:09:41] D2BS 17100: ÿc2D2BSÿc0 :: Starting default.dbj
[10/05/26 21:09:41] D2BS 17100: ÿc2D2BSÿc0 :: default.dbj running.
[10/05/26 21:09:42] D2BS 17100: Loaded ÿc9[X.nip] [Y.nip] [Z.nip] [V.nip] [P.CONC.nip]
[10/05/26 21:09:42] D2BS 17100: Loaded ÿc9[P.CONC.js]
[10/05/26 21:09:42] D2BS 17100: equipped: [Head] 15
[10/05/26 21:09:42] D2BS 17100: equipped: [Neck] 19
[10/05/26 21:09:42] D2BS 17100: equipped: [Body] 21
[10/05/26 21:09:42] D2BS 17100: equipped: [ArmR] 23
[10/05/26 21:09:42] D2BS 17100: equipped: [ArmL] 28
[10/05/26 21:09:42] D2BS 17100: equipped: [RingR] 14
[10/05/26 21:09:42] D2BS 17100: equipped: [RingL] 14
[10/05/26 21:09:42] D2BS 17100: equipped: [Belt] 19
[10/05/26 21:09:42] D2BS 17100: equipped: [Boots] 12
[10/05/26 21:09:42] D2BS 17100: equipped: [Mitts] 14
[10/05/26 21:09:42] D2BS 17100: updateStat
[10/05/26 21:09:42] D2BS 17100: granted: [Head] 30
[10/05/26 21:09:42] D2BS 17100: granted: [Body] 20
[10/05/26 21:09:42] D2BS 17100: granted: [ArmR] 22
[10/05/26 21:09:42] D2BS 17100: Loaded ÿc9[AutoSmurf.js]
[10/05/26 21:09:47] D2BS 17100: farmingON
[10/05/26 21:09:49] D2BS 17100: MiniShopBot: true
[10/05/26 21:09:49] D2BS 17100: UseMerc: true HP: 70
[10/05/26 21:10:13] D2BS 17100: Merc matched: Holy Freeze
[10/05/26 21:10:21] D2BS 17100: act5+ BO
[10/05/26 21:10:33] D2BS 17100: ÿc4=== [BAAL] ===
[10/05/26 21:10:47] D2BS 17100: Baal failed: souls found
[10/05/26 21:10:47] D2BS 17100: ÿc4=== [COUNTESS] ===
[10/05/26 21:11:53] D2BS 17100: ÿc4=== [PIT] ===
[10/05/26 21:13:38] D2BS 17100: ÿc4=== [ANDY] ===
[10/05/26 21:14:37] D2BS 17100: ÿc4=== [MEPHISTO] ===
[10/05/26 21:16:07] D2BS 17100: ÿc4=== [DIABLO] ===
[10/05/26 21:17:06] D2BS 17100: Going to town
[10/05/26 21:21:34] D2BS 17100: party has left: fowo-xa
[10/05/26 21:21:34] D2BS 17100:  [11:53] +2.73% / [Level 89] 30.68%
[10/05/26 21:21:34] D2BS 17100: Script threads\autobuildthread.js ended
[10/05/26 21:21:34] D2BS 17100: Script threads\partythread.js ended
[10/05/26 21:21:34] D2BS 17100: Script threads\townchicken.js ended
[10/05/26 21:21:34] D2BS 17100: Script default.dbj ended
[10/05/26 21:21:47] D2BS 17100: joining game pz-173
[10/05/26 21:21:48] D2BS 17100: ÿc2D2BSÿc0 :: Starting default.dbj
[10/05/26 21:21:48] D2BS 17100: ÿc2D2BSÿc0 :: default.dbj running.
[10/05/26 21:21:49] D2BS 17100: Loaded ÿc9[X.nip] [Y.nip] [Z.nip] [V.nip] [P.CONC.nip]
[10/05/26 21:21:49] D2BS 17100: Loaded ÿc9[P.CONC.js]
[10/05/26 21:21:49] D2BS 17100: equipped: [Head] 15
[10/05/26 21:21:49] D2BS 17100: equipped: [Neck] 19
[10/05/26 21:21:49] D2BS 17100: equipped: [Body] 21
[10/05/26 21:21:49] D2BS 17100: equipped: [ArmR] 23
[10/05/26 21:21:49] D2BS 17100: equipped: [ArmL] 28
[10/05/26 21:21:49] D2BS 17100: equipped: [RingR] 14
[10/05/26 21:21:49] D2BS 17100: equipped: [RingL] 14
[10/05/26 21:21:49] D2BS 17100: equipped: [Belt] 19
[10/05/26 21:21:49] D2BS 17100: equipped: [Boots] 12
[10/05/26 21:21:49] D2BS 17100: equipped: [Mitts] 14
[10/05/26 21:21:49] D2BS 17100: updateStat
[10/05/26 21:21:49] D2BS 17100: granted: [Head] 30
[10/05/26 21:21:49] D2BS 17100: granted: [Body] 20
[10/05/26 21:21:49] D2BS 17100: granted: [ArmR] 22
[10/05/26 21:21:49] D2BS 17100: Loaded ÿc9[AutoSmurf.js]
[10/05/26 21:21:55] D2BS 17100: farmingON
[10/05/26 21:21:56] D2BS 17100: MiniShopBot: true
[10/05/26 21:21:56] D2BS 17100: UseMerc: true HP: 70
[10/05/26 21:22:17] D2BS 17100: Merc matched: Holy Freeze
[10/05/26 21:22:29] D2BS 17100: act5+ BO
[10/05/26 21:22:42] D2BS 17100: ÿc4=== [BAAL] ===
[10/05/26 21:23:04] D2BS 17100: Baal failed: souls found
[10/05/26 21:23:04] D2BS 17100: ÿc4=== [COUNTESS] ===
[10/05/26 21:24:14] D2BS 17100: ÿc4=== [PIT] ===
[10/05/26 21:27:45] D2BS 17100: party has left: fowo-xf
[10/05/26 21:27:45] D2BS 17100:  [05:57] +0.31% / [Level 89] 30.99%
[10/05/26 21:27:45] D2BS 17100: Script threads\autobuildthread.js ended
[10/05/26 21:27:45] D2BS 17100: Script threads\partythread.js ended
[10/05/26 21:27:45] D2BS 17100: Script threads\townchicken.js ended
[10/05/26 21:27:45] D2BS 17100: Script default.dbj ended
[10/05/26 21:27:58] D2BS 17100: joining game pz-174
[10/05/26 21:28:00] D2BS 17100: ÿc2D2BSÿc0 :: Starting default.dbj
[10/05/26 21:28:00] D2BS 17100: ÿc2D2BSÿc0 :: default.dbj running.
[10/05/26 21:28:00] D2BS 17100: Loaded ÿc9[X.nip] [Y.nip] [Z.nip] [V.nip] [P.CONC.nip]
[10/05/26 21:28:00] D2BS 17100: Loaded ÿc9[P.CONC.js]
[10/05/26 21:28:00] D2BS 17100: equipped: [Head] 15
[10/05/26 21:28:00] D2BS 17100: equipped: [Neck] 19
[10/05/26 21:28:00] D2BS 17100: equipped: [Body] 21
[10/05/26 21:28:00] D2BS 17100: equipped: [ArmR] 23
[10/05/26 21:28:00] D2BS 17100: equipped: [ArmL] 28
[10/05/26 21:28:00] D2BS 17100: equipped: [RingR] 14
[10/05/26 21:28:00] D2BS 17100: equipped: [RingL] 14
[10/05/26 21:28:00] D2BS 17100: equipped: [Belt] 19
[10/05/26 21:28:00] D2BS 17100: equipped: [Boots] 12
[10/05/26 21:28:00] D2BS 17100: equipped: [Mitts] 14
[10/05/26 21:28:00] D2BS 17100: updateStat
[10/05/26 21:28:00] D2BS 17100: granted: [Head] 30
[10/05/26 21:28:00] D2BS 17100: granted: [Body] 20
[10/05/26 21:28:00] D2BS 17100: granted: [ArmR] 22
[10/05/26 21:28:00] D2BS 17100: Loaded ÿc9[AutoSmurf.js]
[10/05/26 21:28:06] D2BS 17100: farmingON
[10/05/26 21:28:07] D2BS 17100: MiniShopBot: true
[10/05/26 21:28:07] D2BS 17100: UseMerc: true HP: 70
[10/05/26 21:28:25] D2BS 17100: Merc matched: Holy Freeze
[10/05/26 21:28:34] D2BS 17100: Token needed
[10/05/26 21:28:38] D2BS 17100: act5+ BO
[10/05/26 21:28:52] D2BS 17100: ÿc4=== [BAAL] ===
[10/05/26 21:29:02] D2BS 17100: Baal failed: souls found
[10/05/26 21:29:02] D2BS 17100: ÿc4=== [COUNTESS] ===
[10/05/26 21:30:34] D2BS 17100: ÿc4=== [PIT] ===
[10/05/26 21:32:08] D2BS 17100: ÿc4=== [ANDY] ===
[10/05/26 21:32:58] D2BS 17100: ÿc4=== [MEPHISTO] ===
[10/05/26 21:34:18] D2BS 17100: ÿc4=== [DIABLO] ===
[10/05/26 21:40:14] D2BS 17100: party has left: fowo-xa
[10/05/26 21:40:14] D2BS 17100:  [12:14] +2.95% / [Level 89] 33.94%
[10/05/26 21:40:14] D2BS 17100: Script threads\autobuildthread.js ended
[10/05/26 21:40:15] D2BS 17100: Script threads\partythread.js ended
[10/05/26 21:40:15] D2BS 17100: Script threads\townchicken.js ended
[10/05/26 21:40:15] D2BS 17100: Script default.dbj ended
[10/05/26 21:40:28] D2BS 17100: joining game pz-175
[10/05/26 21:40:30] D2BS 17100: ÿc2D2BSÿc0 :: Starting default.dbj
[10/05/26 21:40:30] D2BS 17100: ÿc2D2BSÿc0 :: default.dbj running.
[10/05/26 21:40:30] D2BS 17100: Loaded ÿc9[X.nip] [Y.nip] [Z.nip] [V.nip] [P.CONC.nip]
[10/05/26 21:40:30] D2BS 17100: Loaded ÿc9[P.CONC.js]
[10/05/26 21:40:30] D2BS 17100: equipped: [Head] 15
[10/05/26 21:40:30] D2BS 17100: equipped: [Neck] 19
[10/05/26 21:40:30] D2BS 17100: equipped: [Body] 21
[10/05/26 21:40:30] D2BS 17100: equipped: [ArmR] 23
[10/05/26 21:40:30] D2BS 17100: equipped: [ArmL] 28
[10/05/26 21:40:30] D2BS 17100: equipped: [RingR] 14
[10/05/26 21:40:30] D2BS 17100: equipped: [RingL] 14
[10/05/26 21:40:30] D2BS 17100: equipped: [Belt] 19
[10/05/26 21:40:30] D2BS 17100: equipped: [Boots] 12
[10/05/26 21:40:30] D2BS 17100: equipped: [Mitts] 14
[10/05/26 21:40:30] D2BS 17100: updateStat
[10/05/26 21:40:30] D2BS 17100: granted: [Head] 30
[10/05/26 21:40:30] D2BS 17100: granted: [Body] 20
[10/05/26 21:40:30] D2BS 17100: granted: [ArmR] 22
[10/05/26 21:40:30] D2BS 17100: Loaded ÿc9[AutoSmurf.js]
[10/05/26 21:40:35] D2BS 17100: MiniShopBot: true
[10/05/26 21:40:35] D2BS 17100: farmingON
[10/05/26 21:40:35] D2BS 17100: UseMerc: true HP: 70
[10/05/26 21:40:52] D2BS 17100: Merc matched: Holy Freeze
[10/05/26 21:41:13] D2BS 17100: act5+ BO
[10/05/26 21:41:26] D2BS 17100: ÿc4=== [BAAL] ===
[10/05/26 21:41:44] D2BS 17100: Baal failed: souls found
[10/05/26 21:41:44] D2BS 17100: ÿc4=== [COUNTESS] ===
[10/05/26 21:42:43] D2BS 17100: ÿc4=== [PIT] ===
[10/05/26 21:44:20] D2BS 17100: ÿc4=== [ANDY] ===
[10/05/26 21:45:45] D2BS 17100: ÿc4=== [MEPHISTO] ===
[10/05/26 21:46:53] D2BS 17100: ÿc4=== [DIABLO] ===
[10/05/26 21:52:15] D2BS 17100: party has left: fowo-xf
[10/05/26 21:52:15] D2BS 17100:  [11:46] +3.04% / [Level 89] 36.98%
[10/05/26 21:52:15] D2BS 17100: Script threads\autobuildthread.js ended
[10/05/26 21:52:16] D2BS 17100: Script threads\partythread.js ended
[10/05/26 21:52:16] D2BS 17100: Script threads\townchicken.js ended
[10/05/26 21:52:16] D2BS 17100: Script default.dbj ended
[10/05/26 21:52:29] D2BS 17100: joining game pz-176
[10/05/26 21:52:30] D2BS 17100: ÿc2D2BSÿc0 :: Starting default.dbj
[10/05/26 21:52:30] D2BS 17100: ÿc2D2BSÿc0 :: default.dbj running.
[10/05/26 21:52:31] D2BS 17100: Loaded ÿc9[X.nip] [Y.nip] [Z.nip] [V.nip] [P.CONC.nip]
[10/05/26 21:52:31] D2BS 17100: Loaded ÿc9[P.CONC.js]
[10/05/26 21:52:31] D2BS 17100: equipped: [Head] 15
[10/05/26 21:52:31] D2BS 17100: equipped: [Neck] 19
[10/05/26 21:52:31] D2BS 17100: equipped: [Body] 21
[10/05/26 21:52:31] D2BS 17100: equipped: [ArmR] 23
[10/05/26 21:52:31] D2BS 17100: equipped: [ArmL] 28
[10/05/26 21:52:31] D2BS 17100: equipped: [RingR] 14
[10/05/26 21:52:31] D2BS 17100: equipped: [RingL] 14
[10/05/26 21:52:31] D2BS 17100: equipped: [Belt] 19
[10/05/26 21:52:31] D2BS 17100: equipped: [Boots] 12
[10/05/26 21:52:31] D2BS 17100: equipped: [Mitts] 14
[10/05/26 21:52:31] D2BS 17100: updateStat
[10/05/26 21:52:31] D2BS 17100: granted: [Head] 30
[10/05/26 21:52:31] D2BS 17100: granted: [Body] 20
[10/05/26 21:52:31] D2BS 17100: granted: [ArmR] 22
[10/05/26 21:52:31] D2BS 17100: Loaded ÿc9[AutoSmurf.js]
[10/05/26 21:52:37] D2BS 17100: farmingON
[10/05/26 21:52:40] D2BS 17100: MiniShopBot: true
[10/05/26 21:52:40] D2BS 17100: UseMerc: true HP: 70
[10/05/26 21:53:03] D2BS 17100: Merc matched: Holy Freeze
[10/05/26 21:53:10] D2BS 17100: act5+ BO
[10/05/26 21:55:17] D2BS 17100: no exp [02:47]
[10/05/26 21:55:17] D2BS 17100: Script threads\autobuildthread.js ended
[10/05/26 21:55:17] D2BS 17100: Script threads\partythread.js ended
[10/05/26 21:55:17] D2BS 17100: Script threads\townchicken.js ended
[10/05/26 21:55:17] D2BS 17100: Script default.dbj ended
[10/05/26 21:55:31] D2BS 17100: joining game pz-177
[10/05/26 21:55:33] D2BS 17100: ÿc2D2BSÿc0 :: Starting default.dbj
[10/05/26 21:55:33] D2BS 17100: ÿc2D2BSÿc0 :: default.dbj running.
[10/05/26 21:55:33] D2BS 17100: Loaded ÿc9[X.nip] [Y.nip] [Z.nip] [V.nip] [P.CONC.nip]
[10/05/26 21:55:33] D2BS 17100: Loaded ÿc9[P.CONC.js]
[10/05/26 21:55:33] D2BS 17100: equipped: [Head] 15
[10/05/26 21:55:33] D2BS 17100: equipped: [Neck] 19
[10/05/26 21:55:33] D2BS 17100: equipped: [Body] 21
[10/05/26 21:55:33] D2BS 17100: equipped: [ArmR] 23
[10/05/26 21:55:33] D2BS 17100: equipped: [ArmL] 28
[10/05/26 21:55:33] D2BS 17100: equipped: [RingR] 14
[10/05/26 21:55:33] D2BS 17100: equipped: [RingL] 14
[10/05/26 21:55:33] D2BS 17100: equipped: [Belt] 19
[10/05/26 21:55:33] D2BS 17100: equipped: [Boots] 12
[10/05/26 21:55:33] D2BS 17100: equipped: [Mitts] 14
[10/05/26 21:55:33] D2BS 17100: updateStat
[10/05/26 21:55:33] D2BS 17100: granted: [Head] 30
[10/05/26 21:55:33] D2BS 17100: granted: [Body] 20
[10/05/26 21:55:33] D2BS 17100: granted: [ArmR] 22
[10/05/26 21:55:33] D2BS 17100: Loaded ÿc9[AutoSmurf.js]
[10/05/26 21:55:35] D2BS 17100: farmingON
[10/05/26 21:55:36] D2BS 17100: MiniShopBot: true
[10/05/26 21:55:36] D2BS 17100: UseMerc: true HP: 70
[10/05/26 21:55:47] D2BS 17100: Merc matched: Holy Freeze
[10/05/26 21:55:57] D2BS 17100: Token needed
[10/05/26 21:56:02] D2BS 17100: act5+ BO
[10/05/26 21:56:14] D2BS 17100: ÿc4=== [BAAL] ===
[10/05/26 22:00:33] D2BS 17100: party has left: fowo-xe
[10/05/26 22:00:33] D2BS 17100:  [05:00] +0.18% / [Level 89] 37.15%
[10/05/26 22:00:33] D2BS 17100: Script threads\autobuildthread.js ended
[10/05/26 22:00:33] D2BS 17100: Script threads\partythread.js ended
[10/05/26 22:00:33] D2BS 17100: Script threads\townchicken.js ended
[10/05/26 22:00:33] D2BS 17100: Script default.dbj ended
[10/05/26 22:00:46] D2BS 17100: joining game pz-178
[10/05/26 22:00:48] D2BS 17100: ÿc2D2BSÿc0 :: Starting default.dbj
[10/05/26 22:00:48] D2BS 17100: ÿc2D2BSÿc0 :: default.dbj running.
[10/05/26 22:00:48] D2BS 17100: Loaded ÿc9[X.nip] [Y.nip] [Z.nip] [V.nip] [P.CONC.nip]
[10/05/26 22:00:48] D2BS 17100: Loaded ÿc9[P.CONC.js]
[10/05/26 22:00:48] D2BS 17100: equipped: [Head] 15
[10/05/26 22:00:48] D2BS 17100: equipped: [Neck] 19
[10/05/26 22:00:48] D2BS 17100: equipped: [Body] 21
[10/05/26 22:00:48] D2BS 17100: equipped: [ArmR] 23
[10/05/26 22:00:48] D2BS 17100: equipped: [ArmL] 28
[10/05/26 22:00:48] D2BS 17100: equipped: [RingR] 14
[10/05/26 22:00:48] D2BS 17100: equipped: [RingL] 14
[10/05/26 22:00:48] D2BS 17100: equipped: [Belt] 19
[10/05/26 22:00:48] D2BS 17100: equipped: [Boots] 12
[10/05/26 22:00:48] D2BS 17100: equipped: [Mitts] 14
[10/05/26 22:00:48] D2BS 17100: updateStat
[10/05/26 22:00:48] D2BS 17100: granted: [Head] 30
[10/05/26 22:00:48] D2BS 17100: granted: [Body] 20
[10/05/26 22:00:48] D2BS 17100: granted: [ArmR] 22
[10/05/26 22:00:48] D2BS 17100: Loaded ÿc9[AutoSmurf.js]
[10/05/26 22:00:52] D2BS 17100: farmingON
[10/05/26 22:00:53] D2BS 17100: MiniShopBot: true
[10/05/26 22:00:53] D2BS 17100: UseMerc: true HP: 70
[10/05/26 22:01:05] D2BS 17100: Merc matched: Holy Freeze
[10/05/26 22:01:20] D2BS 17100: Token needed
[10/05/26 22:01:24] D2BS 17100: act5+ BO
[10/05/26 22:01:37] D2BS 17100: ÿc4=== [BAAL] ===
[10/05/26 22:05:14] D2BS 17100: ÿc4=== [COUNTESS] ===
[10/05/26 22:06:29] D2BS 17100: ÿc4=== [PIT] ===
[10/05/26 22:07:56] D2BS 17100: ÿc4=== [ANDY] ===
[10/05/26 22:08:52] D2BS 17100: ÿc4=== [MEPHISTO] ===
[10/05/26 22:09:59] D2BS 17100: ÿc4=== [DIABLO] ===
[10/05/26 22:15:33] D2BS 17100: party has left: fowo-xb
[10/05/26 22:15:33] D2BS 17100:  [14:45] +5.49% / [Level 89] 42.65%
[10/05/26 22:15:33] D2BS 17100: Script threads\autobuildthread.js ended
[10/05/26 22:15:33] D2BS 17100: Script threads\partythread.js ended
[10/05/26 22:15:33] D2BS 17100: Script threads\townchicken.js ended
[10/05/26 22:15:33] D2BS 17100: Script default.dbj ended
[10/05/26 22:15:46] D2BS 17100: joining game pz-179
[10/05/26 22:15:48] D2BS 17100: ÿc2D2BSÿc0 :: Starting default.dbj
[10/05/26 22:15:48] D2BS 17100: ÿc2D2BSÿc0 :: default.dbj running.
[10/05/26 22:15:49] D2BS 17100: Loaded ÿc9[X.nip] [Y.nip] [Z.nip] [V.nip] [P.CONC.nip]
[10/05/26 22:15:49] D2BS 17100: Loaded ÿc9[P.CONC.js]
[10/05/26 22:15:49] D2BS 17100: equipped: [Head] 15
[10/05/26 22:15:49] D2BS 17100: equipped: [Neck] 19
[10/05/26 22:15:49] D2BS 17100: equipped: [Body] 21
[10/05/26 22:15:49] D2BS 17100: equipped: [ArmR] 23
[10/05/26 22:15:49] D2BS 17100: equipped: [ArmL] 28
[10/05/26 22:15:49] D2BS 17100: equipped: [RingR] 14
[10/05/26 22:15:49] D2BS 17100: equipped: [RingL] 14
[10/05/26 22:15:49] D2BS 17100: equipped: [Belt] 19
[10/05/26 22:15:49] D2BS 17100: equipped: [Boots] 12
[10/05/26 22:15:49] D2BS 17100: equipped: [Mitts] 14
[10/05/26 22:15:49] D2BS 17100: updateStat
[10/05/26 22:15:49] D2BS 17100: granted: [Head] 30
[10/05/26 22:15:49] D2BS 17100: granted: [Body] 20
[10/05/26 22:15:49] D2BS 17100: granted: [ArmR] 22
[10/05/26 22:15:49] D2BS 17100: Loaded ÿc9[AutoSmurf.js]
[10/05/26 22:15:53] D2BS 17100: farmingON
[10/05/26 22:15:55] D2BS 17100: MiniShopBot: true
[10/05/26 22:15:55] D2BS 17100: UseMerc: true HP: 70
[10/05/26 22:16:16] D2BS 17100: Merc matched: Holy Freeze
[10/05/26 22:16:25] D2BS 17100: act5+ BO
[10/05/26 22:16:37] D2BS 17100: ÿc4=== [BAAL] ===
[10/05/26 22:16:53] D2BS 17100: Baal failed: souls found
[10/05/26 22:16:53] D2BS 17100: ÿc4=== [COUNTESS] ===
[10/05/26 22:17:57] D2BS 17100: ÿc4=== [PIT] ===
[10/05/26 22:19:35] D2BS 17100: ÿc4=== [ANDY] ===
[10/05/26 22:20:34] D2BS 17100: ÿc4=== [MEPHISTO] ===
[10/05/26 22:22:03] D2BS 17100: ÿc4=== [DIABLO] ===
[10/05/26 22:28:38] D2BS 17100: party has left: fowo-xf
[10/05/26 22:28:38] D2BS 17100:  [12:50] +3.20% / [Level 89] 45.85%
[10/05/26 22:28:38] D2BS 17100: Script threads\autobuildthread.js ended
[10/05/26 22:28:39] D2BS 17100: Script threads\partythread.js ended
[10/05/26 22:28:39] D2BS 17100: Script threads\townchicken.js ended
[10/05/26 22:28:39] D2BS 17100: Script default.dbj ended
[10/05/26 22:28:50] D2BS 17100: joining game pz-180
[10/05/26 22:28:53] D2BS 17100: ÿc2D2BSÿc0 :: Starting default.dbj
[10/05/26 22:28:53] D2BS 17100: ÿc2D2BSÿc0 :: default.dbj running.
[10/05/26 22:28:53] D2BS 17100: Loaded ÿc9[X.nip] [Y.nip] [Z.nip] [V.nip] [P.CONC.nip]
[10/05/26 22:28:53] D2BS 17100: Loaded ÿc9[P.CONC.js]
[10/05/26 22:28:53] D2BS 17100: equipped: [Head] 15
[10/05/26 22:28:53] D2BS 17100: equipped: [Neck] 19
[10/05/26 22:28:53] D2BS 17100: equipped: [Body] 21
[10/05/26 22:28:53] D2BS 17100: equipped: [ArmR] 23
[10/05/26 22:28:53] D2BS 17100: equipped: [ArmL] 28
[10/05/26 22:28:53] D2BS 17100: equipped: [RingR] 14
[10/05/26 22:28:53] D2BS 17100: equipped: [RingL] 14
[10/05/26 22:28:53] D2BS 17100: equipped: [Belt] 19
[10/05/26 22:28:53] D2BS 17100: equipped: [Boots] 12
[10/05/26 22:28:53] D2BS 17100: equipped: [Mitts] 14
[10/05/26 22:28:53] D2BS 17100: updateStat
[10/05/26 22:28:53] D2BS 17100: granted: [Head] 30
[10/05/26 22:28:53] D2BS 17100: granted: [Body] 20
[10/05/26 22:28:53] D2BS 17100: granted: [ArmR] 22
[10/05/26 22:28:53] D2BS 17100: Loaded ÿc9[AutoSmurf.js]
[10/05/26 22:28:58] D2BS 17100: farmingON
[10/05/26 22:28:59] D2BS 17100: MiniShopBot: true
[10/05/26 22:28:59] D2BS 17100: UseMerc: true HP: 70
[10/05/26 22:29:21] D2BS 17100: Merc matched: Holy Freeze
[10/05/26 22:29:31] D2BS 17100: act5+ BO
[10/05/26 22:29:45] D2BS 17100: ÿc4=== [BAAL] ===
[10/05/26 22:29:53] D2BS 17100: Baal failed: souls found
[10/05/26 22:29:53] D2BS 17100: ÿc4=== [COUNTESS] ===
[10/05/26 22:31:00] D2BS 17100: ÿc4=== [PIT] ===
[10/05/26 22:32:36] D2BS 17100: ÿc4=== [ANDY] ===
[10/05/26 22:33:38] D2BS 17100: ÿc4=== [MEPHISTO] ===
[10/05/26 22:34:56] D2BS 17100: ÿc4=== [DIABLO] ===
[10/05/26 22:38:43] D2BS 17100: party has left: fowo-xa
[10/05/26 22:38:43] D2BS 17100:  [09:52] +0.92% / [Level 89] 46.77%
[10/05/26 22:38:43] D2BS 17100: Script threads\autobuildthread.js ended
[10/05/26 22:38:43] D2BS 17100: Script threads\partythread.js ended
[10/05/26 22:38:43] D2BS 17100: Script threads\townchicken.js ended
[10/05/26 22:38:43] D2BS 17100: Script default.dbj ended
[10/05/26 22:38:56] D2BS 17100: joining game pz-181
[10/05/26 22:38:58] D2BS 17100: ÿc2D2BSÿc0 :: Starting default.dbj
[10/05/26 22:38:58] D2BS 17100: ÿc2D2BSÿc0 :: default.dbj running.
[10/05/26 22:38:58] D2BS 17100: Loaded ÿc9[X.nip] [Y.nip] [Z.nip] [V.nip] [P.CONC.nip]
[10/05/26 22:38:58] D2BS 17100: Loaded ÿc9[P.CONC.js]
[10/05/26 22:38:58] D2BS 17100: equipped: [Head] 15
[10/05/26 22:38:58] D2BS 17100: equipped: [Neck] 19
[10/05/26 22:38:58] D2BS 17100: equipped: [Body] 21
[10/05/26 22:38:58] D2BS 17100: equipped: [ArmR] 23
[10/05/26 22:38:58] D2BS 17100: equipped: [ArmL] 28
[10/05/26 22:38:58] D2BS 17100: equipped: [RingR] 14
[10/05/26 22:38:58] D2BS 17100: equipped: [RingL] 14
[10/05/26 22:38:58] D2BS 17100: equipped: [Belt] 19
[10/05/26 22:38:58] D2BS 17100: equipped: [Boots] 12
[10/05/26 22:38:58] D2BS 17100: equipped: [Mitts] 14
[10/05/26 22:38:58] D2BS 17100: updateStat
[10/05/26 22:38:58] D2BS 17100: granted: [Head] 30
[10/05/26 22:38:58] D2BS 17100: granted: [Body] 20
[10/05/26 22:38:58] D2BS 17100: granted: [ArmR] 22
[10/05/26 22:38:58] D2BS 17100: Loaded ÿc9[AutoSmurf.js]
[10/05/26 22:39:04] D2BS 17100: MiniShopBot: true
[10/05/26 22:39:04] D2BS 17100: farmingON
[10/05/26 22:39:04] D2BS 17100: UseMerc: true HP: 70
[10/05/26 22:39:19] D2BS 17100: Merc matched: Holy Freeze
[10/05/26 22:39:35] D2BS 17100: act5+ BO
[10/05/26 22:39:48] D2BS 17100: ÿc4=== [BAAL] ===
[10/05/26 22:40:01] D2BS 17100: Baal failed: souls found
[10/05/26 22:40:01] D2BS 17100: ÿc4=== [COUNTESS] ===
[10/05/26 22:41:00] D2BS 17100: ÿc4=== [PIT] ===
[10/05/26 22:42:13] D2BS 17100: ÿc4=== [ANDY] ===
[10/05/26 22:43:07] D2BS 17100: ÿc4=== [MEPHISTO] ===
[10/05/26 22:44:26] D2BS 17100: ÿc4=== [DIABLO] ===
[10/05/26 22:50:13] D2BS 17100: Script ended
[10/05/26 22:50:13] D2BS 17100:  [11:16] +2.81% / [Level 89] 49.58%
[10/05/26 22:50:13] D2BS 17100: Script threads\autobuildthread.js ended
[10/05/26 22:50:14] D2BS 17100: Script threads\partythread.js ended
[10/05/26 22:50:14] D2BS 17100: Script threads\townchicken.js ended
[10/05/26 22:50:27] D2BS 17100: joining game pz-182
[10/05/26 22:50:30] D2BS 17100: ÿc2D2BSÿc0 :: Starting default.dbj
[10/05/26 22:50:30] D2BS 17100: ÿc2D2BSÿc0 :: default.dbj running.
[10/05/26 22:50:30] D2BS 17100: Loaded ÿc9[X.nip] [Y.nip] [Z.nip] [V.nip] [P.CONC.nip]
[10/05/26 22:50:30] D2BS 17100: Loaded ÿc9[P.CONC.js]
[10/05/26 22:50:30] D2BS 17100: equipped: [Head] 15
[10/05/26 22:50:30] D2BS 17100: equipped: [Neck] 19
[10/05/26 22:50:30] D2BS 17100: equipped: [Body] 21
[10/05/26 22:50:30] D2BS 17100: equipped: [ArmR] 23
[10/05/26 22:50:30] D2BS 17100: equipped: [ArmL] 28
[10/05/26 22:50:30] D2BS 17100: equipped: [RingR] 14
[10/05/26 22:50:30] D2BS 17100: equipped: [RingL] 14
[10/05/26 22:50:30] D2BS 17100: equipped: [Belt] 19
[10/05/26 22:50:30] D2BS 17100: equipped: [Boots] 12
[10/05/26 22:50:30] D2BS 17100: equipped: [Mitts] 14
[10/05/26 22:50:30] D2BS 17100: updateStat
[10/05/26 22:50:30] D2BS 17100: granted: [Head] 30
[10/05/26 22:50:30] D2BS 17100: granted: [Body] 20
[10/05/26 22:50:30] D2BS 17100: granted: [ArmR] 22
[10/05/26 22:50:30] D2BS 17100: Loaded ÿc9[AutoSmurf.js]
[10/05/26 22:50:34] D2BS 17100: farmingON
[10/05/26 22:50:36] D2BS 17100: MiniShopBot: true
[10/05/26 22:50:36] D2BS 17100: UseMerc: true HP: 70
[10/05/26 22:50:55] D2BS 17100: Merc matched: Holy Freeze
[10/05/26 22:51:11] D2BS 17100: act5+ BO
[10/05/26 22:51:24] D2BS 17100: ÿc4=== [BAAL] ===
[10/05/26 22:54:31] D2BS 17100: ÿc4=== [COUNTESS] ===
[10/05/26 22:55:49] D2BS 17100: ÿc4=== [PIT] ===
[10/05/26 22:57:14] D2BS 17100: ÿc4=== [ANDY] ===
[10/05/26 22:58:08] D2BS 17100: ÿc4=== [MEPHISTO] ===
[10/05/26 22:59:28] D2BS 17100: ÿc4=== [DIABLO] ===
[10/05/26 22:59:52] D2BS 17100: equipped: [RingR] 15
[10/05/26 23:06:36] D2BS 17100: party has left: fowo-xg
[10/05/26 23:06:36] D2BS 17100:  [16:07] +5.54% / [Level 89] 55.11%
[10/05/26 23:06:36] D2BS 17100: Script threads\autobuildthread.js ended
[10/05/26 23:06:36] D2BS 17100: Script threads\partythread.js ended
[10/05/26 23:06:36] D2BS 17100: Script threads\townchicken.js ended
[10/05/26 23:06:36] D2BS 17100: Script default.dbj ended
[10/05/26 23:06:49] D2BS 17100: joining game pz-183
[10/05/26 23:06:51] D2BS 17100: ÿc2D2BSÿc0 :: Starting default.dbj
[10/05/26 23:06:51] D2BS 17100: ÿc2D2BSÿc0 :: default.dbj running.
[10/05/26 23:06:51] D2BS 17100: Loaded ÿc9[X.nip] [Y.nip] [Z.nip] [V.nip] [P.CONC.nip]
[10/05/26 23:06:51] D2BS 17100: Loaded ÿc9[P.CONC.js]
[10/05/26 23:06:51] D2BS 17100: equipped: [Head] 15
[10/05/26 23:06:51] D2BS 17100: equipped: [Neck] 19
[10/05/26 23:06:51] D2BS 17100: equipped: [Body] 21
[10/05/26 23:06:51] D2BS 17100: equipped: [ArmR] 23
[10/05/26 23:06:51] D2BS 17100: equipped: [ArmL] 28
[10/05/26 23:06:51] D2BS 17100: equipped: [RingR] 15
[10/05/26 23:06:51] D2BS 17100: equipped: [RingL] 14
[10/05/26 23:06:51] D2BS 17100: equipped: [Belt] 19
[10/05/26 23:06:51] D2BS 17100: equipped: [Boots] 12
[10/05/26 23:06:51] D2BS 17100: equipped: [Mitts] 14
[10/05/26 23:06:51] D2BS 17100: updateStat
[10/05/26 23:06:51] D2BS 17100: granted: [Head] 30
[10/05/26 23:06:51] D2BS 17100: granted: [Body] 20
[10/05/26 23:06:51] D2BS 17100: granted: [ArmR] 22
[10/05/26 23:06:52] D2BS 17100: Loaded ÿc9[AutoSmurf.js]
[10/05/26 23:06:56] D2BS 17100: farmingON
[10/05/26 23:06:56] D2BS 17100: MiniShopBot: true
[10/05/26 23:06:56] D2BS 17100: UseMerc: true HP: 70
[10/05/26 23:07:13] D2BS 17100: Merc matched: Holy Freeze
[10/05/26 23:07:30] D2BS 17100: act5+ BO
[10/05/26 23:07:44] D2BS 17100: ÿc4=== [BAAL] ===
[10/05/26 23:11:23] D2BS 17100: ÿc4=== [COUNTESS] ===
[10/05/26 23:12:34] D2BS 17100: ÿc4=== [PIT] ===
[10/05/26 23:14:01] D2BS 17100: ÿc4=== [ANDY] ===
[10/05/26 23:14:59] D2BS 17100: ÿc4=== [MEPHISTO] ===
[10/05/26 23:16:32] D2BS 17100: ÿc4=== [DIABLO] ===
[10/05/26 23:21:53] D2BS 17100: party has left: fowo-xb
[10/05/26 23:21:53] D2BS 17100:  [15:02] +5.50% / [Level 89] 60.61%
[10/05/26 23:21:53] D2BS 17100: Script threads\autobuildthread.js ended
[10/05/26 23:21:54] D2BS 17100: Script threads\partythread.js ended
[10/05/26 23:21:54] D2BS 17100: Script threads\townchicken.js ended
[10/05/26 23:21:54] D2BS 17100: Script default.dbj ended
[10/05/26 23:22:07] D2BS 17100: joining game pz-184
[10/05/26 23:22:08] D2BS 17100: ÿc2D2BSÿc0 :: Starting default.dbj
[10/05/26 23:22:08] D2BS 17100: ÿc2D2BSÿc0 :: default.dbj running.
[10/05/26 23:22:09] D2BS 17100: Loaded ÿc9[X.nip] [Y.nip] [Z.nip] [V.nip] [P.CONC.nip]
[10/05/26 23:22:09] D2BS 17100: Loaded ÿc9[P.CONC.js]
[10/05/26 23:22:09] D2BS 17100: equipped: [Head] 15
[10/05/26 23:22:09] D2BS 17100: equipped: [Neck] 19
[10/05/26 23:22:09] D2BS 17100: equipped: [Body] 21
[10/05/26 23:22:09] D2BS 17100: equipped: [ArmR] 23
[10/05/26 23:22:09] D2BS 17100: equipped: [ArmL] 28
[10/05/26 23:22:09] D2BS 17100: equipped: [RingR] 15
[10/05/26 23:22:10] D2BS 17100: equipped: [RingL] 14
[10/05/26 23:22:10] D2BS 17100: equipped: [Belt] 19
[10/05/26 23:22:10] D2BS 17100: equipped: [Boots] 12
[10/05/26 23:22:10] D2BS 17100: equipped: [Mitts] 14
[10/05/26 23:22:10] D2BS 17100: updateStat
[10/05/26 23:22:10] D2BS 17100: granted: [Head] 30
[10/05/26 23:22:10] D2BS 17100: granted: [Body] 20
[10/05/26 23:22:10] D2BS 17100: granted: [ArmR] 22
[10/05/26 23:22:10] D2BS 17100: Loaded ÿc9[AutoSmurf.js]
[10/05/26 23:22:14] D2BS 17100: farmingON
[10/05/26 23:22:14] D2BS 17100: MiniShopBot: true
[10/05/26 23:22:14] D2BS 17100: UseMerc: true HP: 70
[10/05/26 23:22:33] D2BS 17100: Merc matched: Holy Freeze
[10/05/26 23:22:48] D2BS 17100: act5+ BO
[10/05/26 23:23:03] D2BS 17100: ÿc4=== [BAAL] ===
[10/05/26 23:26:18] D2BS 17100: ÿc4=== [COUNTESS] ===
[10/05/26 23:27:29] D2BS 17100: ÿc4=== [PIT] ===
[10/05/26 23:29:26] D2BS 17100: ÿc4=== [ANDY] ===
[10/05/26 23:30:24] D2BS 17100: ÿc4=== [MEPHISTO] ===
[10/05/26 23:31:32] D2BS 17100: ÿc4=== [DIABLO] ===
[10/05/26 23:37:13] D2BS 17100: party has left: fowo-xa
[10/05/26 23:37:13] D2BS 17100:  [15:04] +5.41% / [Level 89] 66.02%
[10/05/26 23:37:13] D2BS 17100: Script threads\autobuildthread.js ended
[10/05/26 23:37:13] D2BS 17100: Script threads\partythread.js ended
[10/05/26 23:37:13] D2BS 17100: Script threads\townchicken.js ended
[10/05/26 23:37:13] D2BS 17100: Script default.dbj ended
[10/05/26 23:37:27] D2BS 17100: joining game pz-185
[10/05/26 23:37:29] D2BS 17100: ÿc2D2BSÿc0 :: Starting default.dbj
[10/05/26 23:37:29] D2BS 17100: ÿc2D2BSÿc0 :: default.dbj running.
[10/05/26 23:37:29] D2BS 17100: Loaded ÿc9[X.nip] [Y.nip] [Z.nip] [V.nip] [P.CONC.nip]
[10/05/26 23:37:29] D2BS 17100: Loaded ÿc9[P.CONC.js]
[10/05/26 23:37:29] D2BS 17100: equipped: [Head] 15
[10/05/26 23:37:29] D2BS 17100: equipped: [Neck] 19
[10/05/26 23:37:30] D2BS 17100: equipped: [Body] 21
[10/05/26 23:37:30] D2BS 17100: equipped: [ArmR] 23
[10/05/26 23:37:30] D2BS 17100: equipped: [ArmL] 28
[10/05/26 23:37:30] D2BS 17100: equipped: [RingR] 15
[10/05/26 23:37:30] D2BS 17100: equipped: [RingL] 14
[10/05/26 23:37:30] D2BS 17100: equipped: [Belt] 19
[10/05/26 23:37:30] D2BS 17100: equipped: [Boots] 12
[10/05/26 23:37:30] D2BS 17100: equipped: [Mitts] 14
[10/05/26 23:37:30] D2BS 17100: updateStat
[10/05/26 23:37:30] D2BS 17100: granted: [Head] 30
[10/05/26 23:37:30] D2BS 17100: granted: [Body] 20
[10/05/26 23:37:30] D2BS 17100: granted: [ArmR] 22
[10/05/26 23:37:30] D2BS 17100: Loaded ÿc9[AutoSmurf.js]
[10/05/26 23:37:34] D2BS 17100: MiniShopBot: true
[10/05/26 23:37:34] D2BS 17100: farmingON
[10/05/26 23:37:34] D2BS 17100: UseMerc: true HP: 70
[10/05/26 23:37:55] D2BS 17100: Merc matched: Holy Freeze
[10/05/26 23:38:21] D2BS 17100: act5+ BO
[10/05/26 23:38:34] D2BS 17100: ÿc4=== [BAAL] ===
[10/05/26 23:41:48] D2BS 17100: ÿc4=== [COUNTESS] ===
[10/05/26 23:43:06] D2BS 17100: ÿc4=== [PIT] ===
[10/05/26 23:44:32] D2BS 17100: ÿc4=== [ANDY] ===
[10/05/26 23:45:15] D2BS 17100: ÿc4=== [MEPHISTO] ===
[10/05/26 23:46:21] D2BS 17100: ÿc4=== [DIABLO] ===
[10/05/26 23:51:21] D2BS 17100: Script ended
[10/05/26 23:51:21] D2BS 17100:  [13:52] +4.86% / [Level 89] 70.88%
[10/05/26 23:51:21] D2BS 17100: Script threads\autobuildthread.js ended
[10/05/26 23:51:21] D2BS 17100: Script threads\partythread.js ended
[10/05/26 23:51:21] D2BS 17100: Script threads\townchicken.js ended
[10/05/26 23:51:35] D2BS 17100: joining game pz-186
[10/05/26 23:51:37] D2BS 17100: ÿc2D2BSÿc0 :: Starting default.dbj
[10/05/26 23:51:37] D2BS 17100: ÿc2D2BSÿc0 :: default.dbj running.
[10/05/26 23:51:37] D2BS 17100: Loaded ÿc9[X.nip] [Y.nip] [Z.nip] [V.nip] [P.CONC.nip]
[10/05/26 23:51:37] D2BS 17100: Loaded ÿc9[P.CONC.js]
[10/05/26 23:51:37] D2BS 17100: equipped: [Head] 15
[10/05/26 23:51:37] D2BS 17100: equipped: [Neck] 19
[10/05/26 23:51:37] D2BS 17100: equipped: [Body] 21
[10/05/26 23:51:37] D2BS 17100: equipped: [ArmR] 23
[10/05/26 23:51:37] D2BS 17100: equipped: [ArmL] 28
[10/05/26 23:51:37] D2BS 17100: equipped: [RingR] 15
[10/05/26 23:51:37] D2BS 17100: equipped: [RingL] 14
[10/05/26 23:51:37] D2BS 17100: equipped: [Belt] 19
[10/05/26 23:51:37] D2BS 17100: equipped: [Boots] 12
[10/05/26 23:51:37] D2BS 17100: equipped: [Mitts] 14
[10/05/26 23:51:38] D2BS 17100: updateStat
[10/05/26 23:51:38] D2BS 17100: granted: [Head] 30
[10/05/26 23:51:38] D2BS 17100: granted: [Body] 20
[10/05/26 23:51:38] D2BS 17100: granted: [ArmR] 22
[10/05/26 23:51:38] D2BS 17100: Loaded ÿc9[AutoSmurf.js]
[10/05/26 23:51:42] D2BS 17100: MiniShopBot: true
[10/05/26 23:51:42] D2BS 17100: farmingON
[10/05/26 23:51:42] D2BS 17100: UseMerc: true HP: 70
[10/05/26 23:51:59] D2BS 17100: Merc matched: Holy Freeze
[10/05/26 23:52:19] D2BS 17100: act5+ BO
[10/05/26 23:52:33] D2BS 17100: ÿc4=== [BAAL] ===
[10/05/26 23:56:17] D2BS 17100: ÿc4=== [COUNTESS] ===
[10/05/26 23:57:38] D2BS 17100: ÿc4=== [PIT] ===
[10/05/26 23:59:07] D2BS 17100: ÿc4=== [ANDY] ===
[10/05/26 23:59:58] D2BS 17100: ÿc4=== [MEPHISTO] ===
