[10/05/26 00:00:59] D2BS 16000: ÿc4=== [POA] ===
[10/05/26 00:03:49] D2BS 16000: ÿc4=== [INFERNAL] ===
[10/05/26 00:07:01] D2BS 16000: ÿc4=== [DIABLO] ===
[10/05/26 00:12:54] D2BS 16000: party has left: fowo-xg
[10/05/26 00:12:54] D2BS 16000:  [17:44] +339.17% / [Level 57] 82.36%
[10/05/26 00:12:54] D2BS 16000: Script threads\autobuildthread.js ended
[10/05/26 00:12:55] D2BS 16000: Script threads\partythread.js ended
[10/05/26 00:12:55] D2BS 16000: Script threads\townchicken.js ended
[10/05/26 00:12:55] D2BS 16000: Script default.dbj ended
[10/05/26 00:13:07] D2BS 16000: joining game pz-53
[10/05/26 00:13:09] D2BS 16000: ÿc2D2BSÿc0 :: Starting default.dbj
[10/05/26 00:13:09] D2BS 16000: ÿc2D2BSÿc0 :: default.dbj running.
[10/05/26 00:13:09] D2BS 16000: Loaded ÿc9[X.nip] [Y.nip] [Z.nip] [V.nip] [D.FGOM.nip]
[10/05/26 00:13:09] D2BS 16000: Loaded ÿc9[D.FGOM.js]
[10/05/26 00:13:09] D2BS 16000: equipped: [Head] 14
[10/05/26 00:13:09] D2BS 16000: equipped: [Neck] 11
[10/05/26 00:13:09] D2BS 16000: equipped: [Body] 13
[10/05/26 00:13:09] D2BS 16000: equipped: [ArmR] 11
[10/05/26 00:13:09] D2BS 16000: equipped: [ArmL] 26
[10/05/26 00:13:09] D2BS 16000: equipped: [RingR] 11
[10/05/26 00:13:09] D2BS 16000: equipped: [RingL] 11
[10/05/26 00:13:09] D2BS 16000: equipped: [Belt] 13
[10/05/26 00:13:09] D2BS 16000: equipped: [Boots] 13
[10/05/26 00:13:09] D2BS 16000: equipped: [Mitts] 12
[10/05/26 00:13:09] D2BS 16000: Loaded ÿc9[AutoSmurf.js]
[10/05/26 00:13:15] D2BS 16000: MiniShopBot: true
[10/05/26 00:13:36] D2BS 16000: equipped: [ArmR] 12
[10/05/26 00:13:54] D2BS 16000: act5+ BO
[10/05/26 00:14:06] D2BS 16000: ÿc4=== [BAAL] ===
[10/05/26 00:16:38] D2BS 16000: Not ready to kill Baal
[10/05/26 00:16:38] D2BS 16000: ÿc4=== [ABADDON] ===
[10/05/26 00:19:04] D2BS 16000: ÿc4=== [POA] ===
[10/05/26 00:21:52] D2BS 16000: ÿc4=== [INFERNAL] ===
[10/05/26 00:24:22] D2BS 16000: ÿc4=== [DIABLO] ===
[10/05/26 00:29:29] D2BS 16000: Script ended
[10/05/26 00:29:29] D2BS 16000:  [16:20] +220.76% / [Level 60] 31.23%
[10/05/26 00:29:29] D2BS 16000: Script threads\autobuildthread.js ended
[10/05/26 00:29:29] D2BS 16000: Script threads\partythread.js ended
[10/05/26 00:29:29] D2BS 16000: Script threads\townchicken.js ended
[10/05/26 00:29:43] D2BS 16000: joining game pz-54
[10/05/26 00:29:46] D2BS 16000: ÿc2D2BSÿc0 :: Starting default.dbj
[10/05/26 00:29:46] D2BS 16000: ÿc2D2BSÿc0 :: default.dbj running.
[10/05/26 00:29:46] D2BS 16000: Loaded ÿc9[X.nip] [Y.nip] [Z.nip] [V.nip] [D.FGOM.nip]
[10/05/26 00:29:46] D2BS 16000: Loaded ÿc9[D.FGOM.js]
[10/05/26 00:29:46] D2BS 16000: equipped: [Head] 14
[10/05/26 00:29:46] D2BS 16000: equipped: [Neck] 11
[10/05/26 00:29:46] D2BS 16000: equipped: [Body] 13
[10/05/26 00:29:46] D2BS 16000: equipped: [ArmR] 12
[10/05/26 00:29:46] D2BS 16000: equipped: [ArmL] 26
[10/05/26 00:29:46] D2BS 16000: equipped: [RingR] 11
[10/05/26 00:29:46] D2BS 16000: equipped: [RingL] 11
[10/05/26 00:29:46] D2BS 16000: equipped: [Belt] 13
[10/05/26 00:29:46] D2BS 16000: equipped: [Boots] 13
[10/05/26 00:29:46] D2BS 16000: equipped: [Mitts] 12
[10/05/26 00:29:46] D2BS 16000: Loaded ÿc9[AutoSmurf.js]
[10/05/26 00:29:52] D2BS 16000: MiniShopBot: true
[10/05/26 00:30:30] D2BS 16000: act5+ BO
[10/05/26 00:30:43] D2BS 16000: ÿc4=== [BAAL] ===
[10/05/26 00:33:02] D2BS 16000: Not ready to kill Baal
[10/05/26 00:33:02] D2BS 16000: ÿc4=== [ABADDON] ===
[10/05/26 00:36:43] D2BS 16000: ÿc4=== [POA] ===
[10/05/26 00:39:45] D2BS 16000: ÿc4=== [INFERNAL] ===
[10/05/26 00:42:53] D2BS 16000: ÿc4=== [DIABLO] ===
[10/05/26 00:47:54] D2BS 16000: party has left: fowo-xb
[10/05/26 00:47:54] D2BS 16000:  [18:09] +220.53% / [Level 62] 70.90%
[10/05/26 00:47:54] D2BS 16000: Script threads\autobuildthread.js ended
[10/05/26 00:47:54] D2BS 16000: Script threads\partythread.js ended
[10/05/26 00:47:54] D2BS 16000: Script threads\townchicken.js ended
[10/05/26 00:47:54] D2BS 16000: Script default.dbj ended
[10/05/26 00:48:07] D2BS 16000: joining game pz-55
[10/05/26 00:48:08] D2BS 16000: ÿc2D2BSÿc0 :: Starting default.dbj
[10/05/26 00:48:08] D2BS 16000: ÿc2D2BSÿc0 :: default.dbj running.
[10/05/26 00:48:09] D2BS 16000: Loaded ÿc9[X.nip] [Y.nip] [Z.nip] [V.nip] [D.FGOM.nip]
[10/05/26 00:48:09] D2BS 16000: Loaded ÿc9[D.FGOM.js]
[10/05/26 00:48:09] D2BS 16000: equipped: [Head] 14
[10/05/26 00:48:09] D2BS 16000: equipped: [Neck] 11
[10/05/26 00:48:09] D2BS 16000: equipped: [Body] 13
[10/05/26 00:48:09] D2BS 16000: equipped: [ArmR] 12
[10/05/26 00:48:09] D2BS 16000: equipped: [ArmL] 26
[10/05/26 00:48:09] D2BS 16000: equipped: [RingR] 11
[10/05/26 00:48:09] D2BS 16000: equipped: [RingL] 11
[10/05/26 00:48:09] D2BS 16000: equipped: [Belt] 13
[10/05/26 00:48:09] D2BS 16000: equipped: [Boots] 13
[10/05/26 00:48:09] D2BS 16000: equipped: [Mitts] 12
[10/05/26 00:48:09] D2BS 16000: Loaded ÿc9[AutoSmurf.js]
[10/05/26 00:48:15] D2BS 16000: MiniShopBot: true
[10/05/26 00:48:51] D2BS 16000: act5+ BO
[10/05/26 00:49:03] D2BS 16000: ÿc4=== [BAAL] ===
[10/05/26 00:51:30] D2BS 16000: Not ready to kill Baal
[10/05/26 00:51:30] D2BS 16000: ÿc4=== [ABADDON] ===
[10/05/26 00:54:46] D2BS 16000: ÿc4=== [POA] ===
[10/05/26 00:57:11] D2BS 16000: ÿc4=== [INFERNAL] ===
[10/05/26 01:00:09] D2BS 16000: ÿc4=== [DIABLO] ===
[10/05/26 01:00:37] D2BS 16000: equipped: [Body] 17
[10/05/26 01:05:52] D2BS 16000: Script ended
[10/05/26 01:05:52] D2BS 16000:  [17:44] +190.65% / [Level 64] 74.42%
[10/05/26 01:05:52] D2BS 16000: Script threads\autobuildthread.js ended
[10/05/26 01:05:52] D2BS 16000: Script threads\partythread.js ended
[10/05/26 01:05:52] D2BS 16000: Script threads\townchicken.js ended
[10/05/26 01:06:06] D2BS 16000: joining game pz-56
[10/05/26 01:06:07] D2BS 16000: ÿc2D2BSÿc0 :: Starting default.dbj
[10/05/26 01:06:07] D2BS 16000: ÿc2D2BSÿc0 :: default.dbj running.
[10/05/26 01:06:07] D2BS 16000: Loaded ÿc9[X.nip] [Y.nip] [Z.nip] [V.nip] [D.FGOM.nip]
[10/05/26 01:06:07] D2BS 16000: Loaded ÿc9[D.FGOM.js]
[10/05/26 01:06:07] D2BS 16000: equipped: [Head] 14
[10/05/26 01:06:07] D2BS 16000: equipped: [Neck] 11
[10/05/26 01:06:07] D2BS 16000: equipped: [Body] 17
[10/05/26 01:06:07] D2BS 16000: equipped: [ArmR] 12
[10/05/26 01:06:07] D2BS 16000: equipped: [ArmL] 26
[10/05/26 01:06:07] D2BS 16000: equipped: [RingR] 11
[10/05/26 01:06:08] D2BS 16000: equipped: [RingL] 11
[10/05/26 01:06:08] D2BS 16000: equipped: [Belt] 13
[10/05/26 01:06:08] D2BS 16000: equipped: [Boots] 13
[10/05/26 01:06:08] D2BS 16000: equipped: [Mitts] 12
[10/05/26 01:06:08] D2BS 16000: Loaded ÿc9[AutoSmurf.js]
[10/05/26 01:06:15] D2BS 16000: MiniShopBot: true
[10/05/26 01:06:50] D2BS 16000: act5+ BO
[10/05/26 01:07:02] D2BS 16000: ÿc4=== [BAAL] ===
[10/05/26 01:09:27] D2BS 16000: Not ready to kill Baal
[10/05/26 01:09:27] D2BS 16000: ÿc4=== [ABADDON] ===
[10/05/26 01:11:53] D2BS 16000: equipped: [Neck] 12
[10/05/26 01:12:15] D2BS 16000: ÿc4=== [POA] ===
[10/05/26 01:14:17] D2BS 16000: ÿc4=== [INFERNAL] ===
[10/05/26 01:16:51] D2BS 16000: ÿc4=== [DIABLO] ===
[10/05/26 01:22:09] D2BS 16000: party has left: fowo-xb
[10/05/26 01:22:09] D2BS 16000:  [16:02] +148.57% / [Level 66] 35.30%
[10/05/26 01:22:09] D2BS 16000: Script threads\autobuildthread.js ended
[10/05/26 01:22:09] D2BS 16000: Script threads\partythread.js ended
[10/05/26 01:22:09] D2BS 16000: Script threads\townchicken.js ended
[10/05/26 01:22:09] D2BS 16000: Script default.dbj ended
[10/05/26 01:22:21] D2BS 16000: joining game pz-57
[10/05/26 01:22:23] D2BS 16000: ÿc2D2BSÿc0 :: Starting default.dbj
[10/05/26 01:22:23] D2BS 16000: ÿc2D2BSÿc0 :: default.dbj running.
[10/05/26 01:22:23] D2BS 16000: Loaded ÿc9[X.nip] [Y.nip] [Z.nip] [V.nip] [D.FGOM.nip]
[10/05/26 01:22:23] D2BS 16000: Loaded ÿc9[D.FGOM.js]
[10/05/26 01:22:23] D2BS 16000: equipped: [Head] 14
[10/05/26 01:22:23] D2BS 16000: equipped: [Neck] 12
[10/05/26 01:22:23] D2BS 16000: equipped: [Body] 17
[10/05/26 01:22:23] D2BS 16000: equipped: [ArmR] 12
[10/05/26 01:22:23] D2BS 16000: equipped: [ArmL] 26
[10/05/26 01:22:23] D2BS 16000: equipped: [RingR] 11
[10/05/26 01:22:23] D2BS 16000: equipped: [RingL] 11
[10/05/26 01:22:23] D2BS 16000: equipped: [Belt] 13
[10/05/26 01:22:23] D2BS 16000: equipped: [Boots] 13
[10/05/26 01:22:23] D2BS 16000: equipped: [Mitts] 12
[10/05/26 01:22:23] D2BS 16000: Loaded ÿc9[AutoSmurf.js]
[10/05/26 01:22:30] D2BS 16000: MiniShopBot: true
[10/05/26 01:22:53] D2BS 16000: equipped: [Neck] 17
[10/05/26 01:23:06] D2BS 16000: act5+ BO
[10/05/26 01:23:19] D2BS 16000: ÿc4=== [BAAL] ===
[10/05/26 01:25:22] D2BS 16000: Not ready to kill Baal
[10/05/26 01:25:22] D2BS 16000: ÿc4=== [ABADDON] ===
[10/05/26 01:28:08] D2BS 16000: ÿc4=== [POA] ===
[10/05/26 01:30:39] D2BS 16000: ÿc4=== [INFERNAL] ===
[10/05/26 01:33:21] D2BS 16000: party has left: fowo-xa
[10/05/26 01:33:22] D2BS 16000:  [10:59] +100.66% / [Level 67] 41.30%
[10/05/26 01:33:22] D2BS 16000: Script threads\autobuildthread.js ended
[10/05/26 01:33:22] D2BS 16000: Script threads\partythread.js ended
[10/05/26 01:33:22] D2BS 16000: Script threads\townchicken.js ended
[10/05/26 01:33:22] D2BS 16000: Script default.dbj ended
[10/05/26 01:33:34] D2BS 16000: joining game pz-58
[10/05/26 01:33:35] D2BS 16000: ÿc2D2BSÿc0 :: Starting default.dbj
[10/05/26 01:33:35] D2BS 16000: ÿc2D2BSÿc0 :: default.dbj running.
[10/05/26 01:33:35] D2BS 16000: Loaded ÿc9[X.nip] [Y.nip] [Z.nip] [V.nip] [D.FGOM.nip]
[10/05/26 01:33:35] D2BS 16000: Loaded ÿc9[D.FGOM.js]
[10/05/26 01:33:35] D2BS 16000: equipped: [Head] 14
[10/05/26 01:33:35] D2BS 16000: equipped: [Neck] 17
[10/05/26 01:33:35] D2BS 16000: equipped: [Body] 17
[10/05/26 01:33:36] D2BS 16000: equipped: [ArmR] 12
[10/05/26 01:33:36] D2BS 16000: equipped: [ArmL] 26
[10/05/26 01:33:36] D2BS 16000: equipped: [RingR] 11
[10/05/26 01:33:36] D2BS 16000: equipped: [RingL] 11
[10/05/26 01:33:36] D2BS 16000: equipped: [Belt] 13
[10/05/26 01:33:36] D2BS 16000: equipped: [Boots] 13
[10/05/26 01:33:36] D2BS 16000: equipped: [Mitts] 12
[10/05/26 01:33:36] D2BS 16000: Loaded ÿc9[AutoSmurf.js]
[10/05/26 01:33:40] D2BS 16000: MiniShopBot: true
[10/05/26 01:34:12] D2BS 16000: act5+ BO
[10/05/26 01:34:26] D2BS 16000: ÿc4=== [BAAL] ===
[10/05/26 01:36:39] D2BS 16000: Not ready to kill Baal
[10/05/26 01:36:39] D2BS 16000: ÿc4=== [ABADDON] ===
[10/05/26 01:39:25] D2BS 16000: ÿc4=== [POA] ===
[10/05/26 01:41:52] D2BS 16000: ÿc4=== [INFERNAL] ===
[10/05/26 01:44:23] D2BS 16000: party has left: fowo-xa, fowo-xg
[10/05/26 01:44:23] D2BS 16000:  [10:48] +90.06% / [Level 68] 36.20%
[10/05/26 01:44:23] D2BS 16000: Script threads\autobuildthread.js ended
[10/05/26 01:44:23] D2BS 16000: Script threads\partythread.js ended
[10/05/26 01:44:23] D2BS 16000: Script threads\townchicken.js ended
[10/05/26 01:44:23] D2BS 16000: Script default.dbj ended
[10/05/26 01:44:34] D2BS 16000: joining game pz-59
[10/05/26 01:44:36] D2BS 16000: ÿc2D2BSÿc0 :: Starting default.dbj
[10/05/26 01:44:36] D2BS 16000: ÿc2D2BSÿc0 :: default.dbj running.
[10/05/26 01:44:37] D2BS 16000: Loaded ÿc9[X.nip] [Y.nip] [Z.nip] [V.nip] [D.FGOM.nip]
[10/05/26 01:44:37] D2BS 16000: Loaded ÿc9[D.FGOM.js]
[10/05/26 01:44:37] D2BS 16000: equipped: [Head] 14
[10/05/26 01:44:37] D2BS 16000: equipped: [Neck] 17
[10/05/26 01:44:37] D2BS 16000: equipped: [Body] 17
[10/05/26 01:44:37] D2BS 16000: equipped: [ArmR] 12
[10/05/26 01:44:37] D2BS 16000: equipped: [ArmL] 26
[10/05/26 01:44:37] D2BS 16000: equipped: [RingR] 11
[10/05/26 01:44:37] D2BS 16000: equipped: [RingL] 11
[10/05/26 01:44:37] D2BS 16000: equipped: [Belt] 13
[10/05/26 01:44:37] D2BS 16000: equipped: [Boots] 13
[10/05/26 01:44:37] D2BS 16000: equipped: [Mitts] 12
[10/05/26 01:44:37] D2BS 16000: Loaded ÿc9[AutoSmurf.js]
[10/05/26 01:44:39] D2BS 16000: MiniShopBot: true
[10/05/26 01:45:10] D2BS 16000: act5+ BO
[10/05/26 01:45:23] D2BS 16000: ÿc4=== [BAAL] ===
[10/05/26 01:47:46] D2BS 16000: Not ready to kill Baal
[10/05/26 01:47:46] D2BS 16000: ÿc4=== [ABADDON] ===
[10/05/26 01:50:33] D2BS 16000: ÿc4=== [POA] ===
[10/05/26 01:53:04] D2BS 16000: ÿc4=== [INFERNAL] ===
[10/05/26 01:55:17] D2BS 16000: party has left: fowo-xg
[10/05/26 01:55:17] D2BS 16000:  [10:42] +77.10% / [Level 69] 18.57%
[10/05/26 01:55:17] D2BS 16000: Script threads\autobuildthread.js ended
[10/05/26 01:55:17] D2BS 16000: Script threads\partythread.js ended
[10/05/26 01:55:17] D2BS 16000: Script threads\townchicken.js ended
[10/05/26 01:55:17] D2BS 16000: Script default.dbj ended
[10/05/26 01:55:30] D2BS 16000: joining game pz-60
[10/05/26 01:55:32] D2BS 16000: ÿc2D2BSÿc0 :: Starting default.dbj
[10/05/26 01:55:32] D2BS 16000: ÿc2D2BSÿc0 :: default.dbj running.
[10/05/26 01:55:32] D2BS 16000: Loaded ÿc9[X.nip] [Y.nip] [Z.nip] [V.nip] [D.FGOM.nip]
[10/05/26 01:55:32] D2BS 16000: Loaded ÿc9[D.FGOM.js]
[10/05/26 01:55:32] D2BS 16000: equipped: [Head] 14
[10/05/26 01:55:32] D2BS 16000: equipped: [Neck] 17
[10/05/26 01:55:32] D2BS 16000: equipped: [Body] 17
[10/05/26 01:55:32] D2BS 16000: equipped: [ArmR] 12
[10/05/26 01:55:32] D2BS 16000: equipped: [ArmL] 26
[10/05/26 01:55:32] D2BS 16000: equipped: [RingR] 11
[10/05/26 01:55:32] D2BS 16000: equipped: [RingL] 11
[10/05/26 01:55:32] D2BS 16000: equipped: [Belt] 13
[10/05/26 01:55:32] D2BS 16000: equipped: [Boots] 13
[10/05/26 01:55:32] D2BS 16000: equipped: [Mitts] 12
[10/05/26 01:55:32] D2BS 16000: Loaded ÿc9[AutoSmurf.js]
[10/05/26 01:55:35] D2BS 16000: MiniShopBot: true
[10/05/26 01:55:35] D2BS 16000: UseMerc: true HP: 70
[10/05/26 01:55:46] D2BS 16000: updateStat
[10/05/26 01:55:46] D2BS 16000: granted: [Head] -1
[10/05/26 01:55:46] D2BS 16000: granted: [Body] -1
[10/05/26 01:55:46] D2BS 16000: granted: [ArmR] -1
[10/05/26 01:56:01] D2BS 16000: Merc unmatched
[10/05/26 01:56:11] D2BS 16000: [Hired] Level 65 Might
[10/05/26 01:56:11] D2BS 16000: updateStat
[10/05/26 01:56:11] D2BS 16000: granted: [Head] -1
[10/05/26 01:56:11] D2BS 16000: granted: [Body] -1
[10/05/26 01:56:11] D2BS 16000: granted: [ArmR] -1
[10/05/26 01:56:23] D2BS 16000: act5+ BO
[10/05/26 01:56:25] D2BS 16000: updateStat
[10/05/26 01:56:36] D2BS 16000: ÿc4=== [BAAL] ===
[10/05/26 01:59:00] D2BS 16000: Not ready to kill Baal
[10/05/26 01:59:00] D2BS 16000: ÿc4=== [ABADDON] ===
[10/05/26 02:01:53] D2BS 16000: ÿc4=== [POA] ===
[10/05/26 02:02:00] D2BS 16000: granted: [ArmR] 4
[10/05/26 02:04:34] D2BS 16000: ÿc4=== [INFERNAL] ===
[10/05/26 02:07:12] D2BS 16000: Script ended
[10/05/26 02:07:12] D2BS 16000:  [11:41] +86.16% / [Level 70] 11.45%
[10/05/26 02:07:12] D2BS 16000: Script threads\autobuildthread.js ended
[10/05/26 02:07:12] D2BS 16000: Script threads\partythread.js ended
[10/05/26 02:07:12] D2BS 16000: Script threads\townchicken.js ended
[10/05/26 02:07:25] D2BS 16000: joining game pz-61
[10/05/26 02:07:27] D2BS 16000: ÿc2D2BSÿc0 :: Starting default.dbj
[10/05/26 02:07:27] D2BS 16000: ÿc2D2BSÿc0 :: default.dbj running.
[10/05/26 02:07:27] D2BS 16000: Loaded ÿc9[X.nip] [Y.nip] [Z.nip] [V.nip] [D.FGOM.nip]
[10/05/26 02:07:27] D2BS 16000: Loaded ÿc9[D.FGOM.js]
[10/05/26 02:07:27] D2BS 16000: equipped: [Head] 14
[10/05/26 02:07:27] D2BS 16000: equipped: [Neck] 17
[10/05/26 02:07:27] D2BS 16000: equipped: [Body] 17
[10/05/26 02:07:27] D2BS 16000: equipped: [ArmR] 12
[10/05/26 02:07:27] D2BS 16000: equipped: [ArmL] 26
[10/05/26 02:07:27] D2BS 16000: equipped: [RingR] 11
[10/05/26 02:07:27] D2BS 16000: equipped: [RingL] 11
[10/05/26 02:07:27] D2BS 16000: equipped: [Belt] 13
[10/05/26 02:07:27] D2BS 16000: equipped: [Boots] 13
[10/05/26 02:07:27] D2BS 16000: equipped: [Mitts] 12
[10/05/26 02:07:27] D2BS 16000: updateStat
[10/05/26 02:07:27] D2BS 16000: granted: [Head] -1
[10/05/26 02:07:27] D2BS 16000: granted: [Body] -1
[10/05/26 02:07:27] D2BS 16000: granted: [ArmR] 4
[10/05/26 02:07:27] D2BS 16000: Loaded ÿc9[AutoSmurf.js]
[10/05/26 02:07:30] D2BS 16000: MiniShopBot: true
[10/05/26 02:07:30] D2BS 16000: UseMerc: true HP: 70
[10/05/26 02:07:52] D2BS 16000: granted: [Head] 12
[10/05/26 02:07:53] D2BS 16000: Merc matched: Might
[10/05/26 02:08:09] D2BS 16000: act5+ BO
[10/05/26 02:08:21] D2BS 16000: ÿc4=== [BAAL] ===
[10/05/26 02:10:29] D2BS 16000: Not ready to kill Baal
[10/05/26 02:10:29] D2BS 16000: ÿc4=== [ABADDON] ===
[10/05/26 02:10:33] D2BS 16000: granted: [ArmR] 5
[10/05/26 02:12:52] D2BS 16000: ÿc4=== [POA] ===
[10/05/26 02:15:45] D2BS 16000: ÿc4=== [INFERNAL] ===
[10/05/26 02:15:47] D2BS 16000: granted: [Body] 11
[10/05/26 02:15:48] D2BS 16000: granted: [ArmR] 6
[10/05/26 02:18:15] D2BS 16000: party has left: fowo-xa
[10/05/26 02:18:15] D2BS 16000:  [10:49] +67.08% / [Level 70] 78.53%
[10/05/26 02:18:15] D2BS 16000: Script threads\autobuildthread.js ended
[10/05/26 02:18:15] D2BS 16000: Script threads\partythread.js ended
[10/05/26 02:18:15] D2BS 16000: Script threads\townchicken.js ended
[10/05/26 02:18:15] D2BS 16000: Script default.dbj ended
[10/05/26 02:18:28] D2BS 16000: joining game pz-62
[10/05/26 02:18:29] D2BS 16000: ÿc2D2BSÿc0 :: Starting default.dbj
[10/05/26 02:18:29] D2BS 16000: ÿc2D2BSÿc0 :: default.dbj running.
[10/05/26 02:18:30] D2BS 16000: Loaded ÿc9[X.nip] [Y.nip] [Z.nip] [V.nip] [D.FGOM.nip]
[10/05/26 02:18:30] D2BS 16000: Loaded ÿc9[D.FGOM.js]
[10/05/26 02:18:30] D2BS 16000: equipped: [Head] 14
[10/05/26 02:18:30] D2BS 16000: equipped: [Neck] 17
[10/05/26 02:18:30] D2BS 16000: equipped: [Body] 17
[10/05/26 02:18:30] D2BS 16000: equipped: [ArmR] 12
[10/05/26 02:18:30] D2BS 16000: equipped: [ArmL] 26
[10/05/26 02:18:30] D2BS 16000: equipped: [RingR] 11
[10/05/26 02:18:30] D2BS 16000: equipped: [RingL] 11
[10/05/26 02:18:30] D2BS 16000: equipped: [Belt] 13
[10/05/26 02:18:30] D2BS 16000: equipped: [Boots] 13
[10/05/26 02:18:30] D2BS 16000: equipped: [Mitts] 12
[10/05/26 02:18:30] D2BS 16000: updateStat
[10/05/26 02:18:30] D2BS 16000: granted: [Head] 12
[10/05/26 02:18:30] D2BS 16000: granted: [Body] 11
[10/05/26 02:18:30] D2BS 16000: granted: [ArmR] 6
[10/05/26 02:18:30] D2BS 16000: Loaded ÿc9[AutoSmurf.js]
[10/05/26 02:18:33] D2BS 16000: MiniShopBot: true
[10/05/26 02:18:33] D2BS 16000: UseMerc: true HP: 70
[10/05/26 02:18:46] D2BS 16000: [Socket] Crystal Sword
[10/05/26 02:19:07] D2BS 16000: granted: [Body] 12
[10/05/26 02:19:08] D2BS 16000: granted: [ArmR] 7
[10/05/26 02:19:11] D2BS 16000: Merc matched: Might
[10/05/26 02:19:25] D2BS 16000: act5+ BO
[10/05/26 02:19:38] D2BS 16000: ÿc4=== [BAAL] ===
[10/05/26 02:22:22] D2BS 16000: Config.LifeChicken: 0
[10/05/26 02:22:49] D2BS 16000: Config.LifeChicken: 20
[10/05/26 02:22:58] D2BS 16000: ÿc4=== [COWS] ===
[10/05/26 02:33:17] D2BS 16000: Cow King found
[10/05/26 02:33:17] D2BS 16000: Cows failed: followDriver
[10/05/26 02:33:34] D2BS 16000: Script ended
[10/05/26 02:33:34] D2BS 16000:  [15:04] +74.13% / [Level 71] 54.43%
[10/05/26 02:33:34] D2BS 16000: Script threads\autobuildthread.js ended
[10/05/26 02:33:34] D2BS 16000: Script threads\partythread.js ended
[10/05/26 02:33:34] D2BS 16000: Script threads\townchicken.js ended
[10/05/26 02:33:47] D2BS 16000: joining game pz-63
[10/05/26 02:33:49] D2BS 16000: ÿc2D2BSÿc0 :: Starting default.dbj
[10/05/26 02:33:49] D2BS 16000: ÿc2D2BSÿc0 :: default.dbj running.
[10/05/26 02:33:49] D2BS 16000: Loaded ÿc9[X.nip] [Y.nip] [Z.nip] [V.nip] [D.FGOM.nip]
[10/05/26 02:33:49] D2BS 16000: Loaded ÿc9[D.FGOM.js]
[10/05/26 02:33:49] D2BS 16000: equipped: [Head] 14
[10/05/26 02:33:49] D2BS 16000: equipped: [Neck] 17
[10/05/26 02:33:49] D2BS 16000: equipped: [Body] 17
[10/05/26 02:33:49] D2BS 16000: equipped: [ArmR] 12
[10/05/26 02:33:49] D2BS 16000: equipped: [ArmL] 26
[10/05/26 02:33:49] D2BS 16000: equipped: [RingR] 11
[10/05/26 02:33:49] D2BS 16000: equipped: [RingL] 11
[10/05/26 02:33:49] D2BS 16000: equipped: [Belt] 13
[10/05/26 02:33:50] D2BS 16000: equipped: [Boots] 13
[10/05/26 02:33:50] D2BS 16000: equipped: [Mitts] 12
[10/05/26 02:33:50] D2BS 16000: updateStat
[10/05/26 02:33:50] D2BS 16000: granted: [Head] 12
[10/05/26 02:33:50] D2BS 16000: granted: [Body] 12
[10/05/26 02:33:50] D2BS 16000: granted: [ArmR] 7
[10/05/26 02:33:50] D2BS 16000: Loaded ÿc9[AutoSmurf.js]
[10/05/26 02:33:51] D2BS 16000: farmingON
[10/05/26 02:33:52] D2BS 16000: MiniShopBot: true
[10/05/26 02:33:52] D2BS 16000: UseMerc: true HP: 70
[10/05/26 02:33:54] D2BS 16000: granted: [ArmR] 13
[10/05/26 02:34:09] D2BS 16000: hireMerc
[10/05/26 02:34:49] D2BS 16000: Merc matched: Might
[10/05/26 02:34:53] D2BS 16000: Token needed
[10/05/26 02:34:58] D2BS 16000: act0 BO
[10/05/26 02:35:21] D2BS 16000: ÿc4=== [DEN] ===
[10/05/26 02:38:49] D2BS 16000: ÿc4=== [CAIN] ===
[10/05/26 02:42:42] D2BS 16000: ÿc4=== [ANDY] ===
[10/05/26 02:42:43] D2BS 16000: equipped: [RingR] 13
[10/05/26 02:44:31] D2BS 16000: party has left: fowo-xe
[10/05/26 02:44:31] D2BS 16000:  [10:42] +43.96% / [Level 72] 2.16%
[10/05/26 02:44:31] D2BS 16000: Script threads\autobuildthread.js ended
[10/05/26 02:44:31] D2BS 16000: Script threads\partythread.js ended
[10/05/26 02:44:31] D2BS 16000: Script threads\townchicken.js ended
[10/05/26 02:44:31] D2BS 16000: Script default.dbj ended
[10/05/26 02:44:44] D2BS 16000: joining game pz-64
[10/05/26 02:44:45] D2BS 16000: ÿc2D2BSÿc0 :: Starting default.dbj
[10/05/26 02:44:45] D2BS 16000: ÿc2D2BSÿc0 :: default.dbj running.
[10/05/26 02:44:45] D2BS 16000: Loaded ÿc9[X.nip] [Y.nip] [Z.nip] [V.nip] [D.FGOM.nip]
[10/05/26 02:44:45] D2BS 16000: Loaded ÿc9[D.FGOM.js]
[10/05/26 02:44:45] D2BS 16000: equipped: [Head] 14
[10/05/26 02:44:45] D2BS 16000: equipped: [Neck] 17
[10/05/26 02:44:45] D2BS 16000: equipped: [Body] 17
[10/05/26 02:44:45] D2BS 16000: equipped: [ArmR] 12
[10/05/26 02:44:46] D2BS 16000: equipped: [ArmL] 26
[10/05/26 02:44:46] D2BS 16000: equipped: [RingR] 13
[10/05/26 02:44:46] D2BS 16000: equipped: [RingL] 11
[10/05/26 02:44:46] D2BS 16000: equipped: [Belt] 13
[10/05/26 02:44:46] D2BS 16000: equipped: [Boots] 13
[10/05/26 02:44:46] D2BS 16000: equipped: [Mitts] 12
[10/05/26 02:44:46] D2BS 16000: updateStat
[10/05/26 02:44:46] D2BS 16000: granted: [Head] 12
[10/05/26 02:44:46] D2BS 16000: granted: [Body] 12
[10/05/26 02:44:46] D2BS 16000: granted: [ArmR] 13
[10/05/26 02:44:46] D2BS 16000: Loaded ÿc9[AutoSmurf.js]
[10/05/26 02:44:48] D2BS 16000: farmingON
[10/05/26 02:44:49] D2BS 16000: MiniShopBot: true
[10/05/26 02:44:49] D2BS 16000: UseMerc: true HP: 70
[10/05/26 02:44:56] D2BS 16000: hireMerc
[10/05/26 02:44:59] D2BS 16000: Merc matched: Might
[10/05/26 02:45:11] D2BS 16000: Token needed
[10/05/26 02:45:15] D2BS 16000: act0 BO
[10/05/26 02:45:43] D2BS 16000: ÿc4=== [ANDY] ===
[10/05/26 02:46:24] D2BS 16000: Config.LifeChicken: 0
[10/05/26 02:46:51] D2BS 16000: Config.LifeChicken: 35
[10/05/26 02:47:16] D2BS 16000: Merc matched: Might
[10/05/26 02:47:18] D2BS 16000: ÿc4=== [AMULET] ===
[10/05/26 02:48:56] D2BS 16000: ÿc4=== [SUMMONER] ===
[10/05/26 03:14:43] D2BS 16000: party has left: fowo-xa
[10/05/26 03:14:43] D2BS 16000:  [29:58] +11.29% / [Level 72] 13.45%
[10/05/26 03:14:43] D2BS 16000: Script threads\autobuildthread.js ended
[10/05/26 03:14:43] D2BS 16000: Script threads\partythread.js ended
[10/05/26 03:14:43] D2BS 16000: Script threads\townchicken.js ended
[10/05/26 03:14:43] D2BS 16000: Script default.dbj ended
[10/05/26 03:14:55] D2BS 16000: joining game pz-65
[10/05/26 03:14:57] D2BS 16000: ÿc2D2BSÿc0 :: Starting default.dbj
[10/05/26 03:14:57] D2BS 16000: ÿc2D2BSÿc0 :: default.dbj running.
[10/05/26 03:14:57] D2BS 16000: Loaded ÿc9[X.nip] [Y.nip] [Z.nip] [V.nip] [D.FGOM.nip]
[10/05/26 03:14:57] D2BS 16000: Loaded ÿc9[D.FGOM.js]
[10/05/26 03:14:57] D2BS 16000: equipped: [Head] 14
[10/05/26 03:14:57] D2BS 16000: equipped: [Neck] 17
[10/05/26 03:14:57] D2BS 16000: equipped: [Body] 17
[10/05/26 03:14:57] D2BS 16000: equipped: [ArmR] 12
[10/05/26 03:14:58] D2BS 16000: equipped: [ArmL] 26
[10/05/26 03:14:58] D2BS 16000: equipped: [RingR] 13
[10/05/26 03:14:58] D2BS 16000: equipped: [RingL] 11
[10/05/26 03:14:58] D2BS 16000: equipped: [Belt] 13
[10/05/26 03:14:58] D2BS 16000: equipped: [Boots] 13
[10/05/26 03:14:58] D2BS 16000: equipped: [Mitts] 12
[10/05/26 03:14:58] D2BS 16000: updateStat
[10/05/26 03:14:58] D2BS 16000: granted: [Head] 12
[10/05/26 03:14:58] D2BS 16000: granted: [Body] 12
[10/05/26 03:14:58] D2BS 16000: granted: [ArmR] 13
[10/05/26 03:14:58] D2BS 16000: Loaded ÿc9[AutoSmurf.js]
[10/05/26 03:15:00] D2BS 16000: farmingON
[10/05/26 03:15:00] D2BS 16000: MiniShopBot: true
[10/05/26 03:15:00] D2BS 16000: UseMerc: true HP: 70
[10/05/26 03:15:01] D2BS 16000: Merc matched: Might
[10/05/26 03:15:19] D2BS 16000: Token needed
[10/05/26 03:15:22] D2BS 16000: Merc matched: Might
[10/05/26 03:15:22] D2BS 16000: act1 WP
[10/05/26 03:15:35] D2BS 16000: act2 BO
[10/05/26 03:15:45] D2BS 16000: ÿc4=== [SUMMONER] ===
[10/05/26 03:16:26] D2BS 16000: Config.LifeChicken: 0
[10/05/26 03:16:42] D2BS 16000: Config.LifeChicken: 35
[10/05/26 03:16:50] D2BS 16000: going to nearest WP
[10/05/26 03:17:42] D2BS 16000: ÿc4=== [RADAMENT] ===
[10/05/26 03:18:53] D2BS 16000: Config.LifeChicken: 0
[10/05/26 03:19:08] D2BS 16000: Config.LifeChicken: 35
[10/05/26 03:19:16] D2BS 16000: ÿc8!!! [BOOK] !!!
[10/05/26 03:19:21] D2BS 16000: ÿc4=== [DURIEL] ===
[10/05/26 03:22:22] D2BS 16000: party has left: fowo-xa
[10/05/26 03:22:22] D2BS 16000:  [07:25] +11.47% / [Level 72] 24.92%
[10/05/26 03:22:22] D2BS 16000: Script threads\autobuildthread.js ended
[10/05/26 03:22:22] D2BS 16000: Script threads\partythread.js ended
[10/05/26 03:22:22] D2BS 16000: Script threads\townchicken.js ended
[10/05/26 03:22:22] D2BS 16000: Script default.dbj ended
[10/05/26 03:22:34] D2BS 16000: joining game pz-66
[10/05/26 03:22:35] D2BS 16000: ÿc2D2BSÿc0 :: Starting default.dbj
[10/05/26 03:22:35] D2BS 16000: ÿc2D2BSÿc0 :: default.dbj running.
[10/05/26 03:22:36] D2BS 16000: Loaded ÿc9[X.nip] [Y.nip] [Z.nip] [V.nip] [D.FGOM.nip]
[10/05/26 03:22:36] D2BS 16000: Loaded ÿc9[D.FGOM.js]
[10/05/26 03:22:36] D2BS 16000: equipped: [Head] 14
[10/05/26 03:22:36] D2BS 16000: equipped: [Neck] 17
[10/05/26 03:22:36] D2BS 16000: equipped: [Body] 17
[10/05/26 03:22:36] D2BS 16000: equipped: [ArmR] 12
[10/05/26 03:22:36] D2BS 16000: equipped: [ArmL] 26
[10/05/26 03:22:36] D2BS 16000: equipped: [RingR] 13
[10/05/26 03:22:36] D2BS 16000: equipped: [RingL] 11
[10/05/26 03:22:36] D2BS 16000: equipped: [Belt] 13
[10/05/26 03:22:36] D2BS 16000: equipped: [Boots] 13
[10/05/26 03:22:36] D2BS 16000: equipped: [Mitts] 12
[10/05/26 03:22:36] D2BS 16000: updateStat
[10/05/26 03:22:36] D2BS 16000: granted: [Head] 12
[10/05/26 03:22:36] D2BS 16000: granted: [Body] 12
[10/05/26 03:22:36] D2BS 16000: granted: [ArmR] 13
[10/05/26 03:22:36] D2BS 16000: Loaded ÿc9[AutoSmurf.js]
[10/05/26 03:22:38] D2BS 16000: MiniShopBot: true
[10/05/26 03:22:39] D2BS 16000: farmingON
[10/05/26 03:22:39] D2BS 16000: UseMerc: true HP: 70
[10/05/26 03:22:39] D2BS 16000: Merc matched: Might
[10/05/26 03:23:25] D2BS 16000: Token needed
[10/05/26 03:23:26] D2BS 16000: Merc matched: Might
[10/05/26 03:23:29] D2BS 16000: act2 BO
[10/05/26 03:23:43] D2BS 16000: ÿc4=== [DURIEL] ===
[10/05/26 03:30:06] D2BS 16000: act3 BO
[10/05/26 03:30:50] D2BS 16000: party has left: fowo-xa
[10/05/26 03:30:50] D2BS 16000:  [08:15] +10.85% / [Level 72] 35.78%
[10/05/26 03:30:50] D2BS 16000: Script threads\autobuildthread.js ended
[10/05/26 03:30:50] D2BS 16000: Script threads\partythread.js ended
[10/05/26 03:30:50] D2BS 16000: Script threads\townchicken.js ended
[10/05/26 03:30:50] D2BS 16000: Script default.dbj ended
[10/05/26 03:31:03] D2BS 16000: joining game pz-67
[10/05/26 03:31:05] D2BS 16000: ÿc2D2BSÿc0 :: Starting default.dbj
[10/05/26 03:31:05] D2BS 16000: ÿc2D2BSÿc0 :: default.dbj running.
[10/05/26 03:31:05] D2BS 16000: Loaded ÿc9[X.nip] [Y.nip] [Z.nip] [V.nip] [D.FGOM.nip]
[10/05/26 03:31:05] D2BS 16000: Loaded ÿc9[D.FGOM.js]
[10/05/26 03:31:05] D2BS 16000: equipped: [Head] 14
[10/05/26 03:31:05] D2BS 16000: equipped: [Neck] 17
[10/05/26 03:31:05] D2BS 16000: equipped: [Body] 17
[10/05/26 03:31:05] D2BS 16000: equipped: [ArmR] 12
[10/05/26 03:31:05] D2BS 16000: equipped: [ArmL] 26
[10/05/26 03:31:05] D2BS 16000: equipped: [RingR] 13
[10/05/26 03:31:05] D2BS 16000: equipped: [RingL] 11
[10/05/26 03:31:05] D2BS 16000: equipped: [Belt] 13
[10/05/26 03:31:05] D2BS 16000: equipped: [Boots] 13
[10/05/26 03:31:05] D2BS 16000: equipped: [Mitts] 12
[10/05/26 03:31:05] D2BS 16000: updateStat
[10/05/26 03:31:05] D2BS 16000: granted: [Head] 12
[10/05/26 03:31:05] D2BS 16000: granted: [Body] 12
[10/05/26 03:31:05] D2BS 16000: granted: [ArmR] 13
[10/05/26 03:31:05] D2BS 16000: Loaded ÿc9[AutoSmurf.js]
[10/05/26 03:31:07] D2BS 16000: farmingON
[10/05/26 03:31:08] D2BS 16000: MiniShopBot: true
[10/05/26 03:31:08] D2BS 16000: UseMerc: true HP: 70
[10/05/26 03:31:08] D2BS 16000: Merc matched: Might
[10/05/26 03:31:30] D2BS 16000: Token needed
[10/05/26 03:31:37] D2BS 16000: act3 BO
[10/05/26 03:32:32] D2BS 16000: ÿc4=== [TRAVINCAL] ===
[10/05/26 03:33:44] D2BS 16000: party has left: fowo-xa
[10/05/26 03:33:45] D2BS 16000:  [02:40] +17.91% / [Level 72] 53.69%
[10/05/26 03:33:45] D2BS 16000: Script threads\autobuildthread.js ended
[10/05/26 03:33:45] D2BS 16000: Script threads\partythread.js ended
[10/05/26 03:33:45] D2BS 16000: Script threads\townchicken.js ended
[10/05/26 03:33:45] D2BS 16000: Script default.dbj ended
[10/05/26 03:33:55] D2BS 16000: joining game pz-68
[10/05/26 03:33:57] D2BS 16000: ÿc2D2BSÿc0 :: Starting default.dbj
[10/05/26 03:33:57] D2BS 16000: ÿc2D2BSÿc0 :: default.dbj running.
[10/05/26 03:33:57] D2BS 16000: Loaded ÿc9[X.nip] [Y.nip] [Z.nip] [V.nip] [D.FGOM.nip]
[10/05/26 03:33:57] D2BS 16000: Loaded ÿc9[D.FGOM.js]
[10/05/26 03:33:57] D2BS 16000: equipped: [Head] 14
[10/05/26 03:33:57] D2BS 16000: equipped: [Neck] 17
[10/05/26 03:33:57] D2BS 16000: equipped: [Body] 17
[10/05/26 03:33:57] D2BS 16000: equipped: [ArmR] 12
[10/05/26 03:33:57] D2BS 16000: equipped: [ArmL] 26
[10/05/26 03:33:57] D2BS 16000: equipped: [RingR] 13
[10/05/26 03:33:57] D2BS 16000: equipped: [RingL] 11
[10/05/26 03:33:57] D2BS 16000: equipped: [Belt] 13
[10/05/26 03:33:57] D2BS 16000: equipped: [Boots] 13
[10/05/26 03:33:57] D2BS 16000: equipped: [Mitts] 12
[10/05/26 03:33:57] D2BS 16000: updateStat
[10/05/26 03:33:57] D2BS 16000: granted: [Head] 12
[10/05/26 03:33:57] D2BS 16000: granted: [Body] 12
[10/05/26 03:33:57] D2BS 16000: granted: [ArmR] 13
[10/05/26 03:33:57] D2BS 16000: Loaded ÿc9[AutoSmurf.js]
[10/05/26 03:34:00] D2BS 16000: farmingON
[10/05/26 03:34:00] D2BS 16000: MiniShopBot: true
[10/05/26 03:34:00] D2BS 16000: UseMerc: true HP: 70
[10/05/26 03:34:22] D2BS 16000: Merc matched: Might
[10/05/26 03:34:26] D2BS 16000: Token needed
[10/05/26 03:34:32] D2BS 16000: act3 BO
[10/05/26 03:34:52] D2BS 16000: ÿc4=== [TRAVINCAL] ===
[10/05/26 03:35:29] D2BS 16000: party has left: fowo-xe
[10/05/26 03:35:29] D2BS 16000:  [01:33] +9.63% / [Level 72] 63.31%
[10/05/26 03:35:29] D2BS 16000: Script threads\autobuildthread.js ended
[10/05/26 03:35:29] D2BS 16000: Script threads\partythread.js ended
[10/05/26 03:35:29] D2BS 16000: Script threads\townchicken.js ended
[10/05/26 03:35:30] D2BS 16000: Script default.dbj ended
[10/05/26 03:35:44] D2BS 16000: joining game pz-69
[10/05/26 03:35:47] D2BS 16000: ÿc2D2BSÿc0 :: Starting default.dbj
[10/05/26 03:35:47] D2BS 16000: ÿc2D2BSÿc0 :: default.dbj running.
[10/05/26 03:35:47] D2BS 16000: Loaded ÿc9[X.nip] [Y.nip] [Z.nip] [V.nip] [D.FGOM.nip]
[10/05/26 03:35:47] D2BS 16000: Loaded ÿc9[D.FGOM.js]
[10/05/26 03:35:47] D2BS 16000: equipped: [Head] 14
[10/05/26 03:35:47] D2BS 16000: equipped: [Neck] 17
[10/05/26 03:35:47] D2BS 16000: equipped: [Body] 17
[10/05/26 03:35:47] D2BS 16000: equipped: [ArmR] 12
[10/05/26 03:35:47] D2BS 16000: equipped: [ArmL] 26
[10/05/26 03:35:47] D2BS 16000: equipped: [RingR] 13
[10/05/26 03:35:47] D2BS 16000: equipped: [RingL] 11
[10/05/26 03:35:47] D2BS 16000: equipped: [Belt] 13
[10/05/26 03:35:47] D2BS 16000: equipped: [Boots] 13
[10/05/26 03:35:47] D2BS 16000: equipped: [Mitts] 12
[10/05/26 03:35:47] D2BS 16000: updateStat
[10/05/26 03:35:47] D2BS 16000: granted: [Head] 12
[10/05/26 03:35:47] D2BS 16000: granted: [Body] 12
[10/05/26 03:35:47] D2BS 16000: granted: [ArmR] 13
[10/05/26 03:35:47] D2BS 16000: Loaded ÿc9[AutoSmurf.js]
[10/05/26 03:35:48] D2BS 16000: farmingON
[10/05/26 03:35:49] D2BS 16000: MiniShopBot: true
[10/05/26 03:35:49] D2BS 16000: UseMerc: true HP: 70
[10/05/26 03:35:57] D2BS 16000: Merc matched: Might
[10/05/26 03:36:09] D2BS 16000: Token needed
[10/05/26 03:36:17] D2BS 16000: act3 BO
[10/05/26 03:36:37] D2BS 16000: ÿc4=== [TRAVINCAL] ===
[10/05/26 03:37:37] D2BS 16000: party has left: fowo-xa
[10/05/26 03:37:37] D2BS 16000:  [01:51] +17.65% / [Level 72] 80.96%
[10/05/26 03:37:37] D2BS 16000: Script threads\autobuildthread.js ended
[10/05/26 03:37:37] D2BS 16000: Script threads\partythread.js ended
[10/05/26 03:37:37] D2BS 16000: Script threads\townchicken.js ended
[10/05/26 03:37:37] D2BS 16000: Script default.dbj ended
[10/05/26 03:37:50] D2BS 16000: joining game pz-70
[10/05/26 03:37:52] D2BS 16000: ÿc2D2BSÿc0 :: Starting default.dbj
[10/05/26 03:37:52] D2BS 16000: ÿc2D2BSÿc0 :: default.dbj running.
[10/05/26 03:37:52] D2BS 16000: Loaded ÿc9[X.nip] [Y.nip] [Z.nip] [V.nip] [D.FGOM.nip]
[10/05/26 03:37:52] D2BS 16000: Loaded ÿc9[D.FGOM.js]
[10/05/26 03:37:52] D2BS 16000: equipped: [Head] 14
[10/05/26 03:37:52] D2BS 16000: equipped: [Neck] 17
[10/05/26 03:37:52] D2BS 16000: equipped: [Body] 17
[10/05/26 03:37:52] D2BS 16000: equipped: [ArmR] 12
[10/05/26 03:37:52] D2BS 16000: equipped: [ArmL] 26
[10/05/26 03:37:52] D2BS 16000: equipped: [RingR] 13
[10/05/26 03:37:52] D2BS 16000: equipped: [RingL] 11
[10/05/26 03:37:52] D2BS 16000: equipped: [Belt] 13
[10/05/26 03:37:52] D2BS 16000: equipped: [Boots] 13
[10/05/26 03:37:52] D2BS 16000: equipped: [Mitts] 12
[10/05/26 03:37:52] D2BS 16000: updateStat
[10/05/26 03:37:52] D2BS 16000: granted: [Head] 12
[10/05/26 03:37:52] D2BS 16000: granted: [Body] 12
[10/05/26 03:37:52] D2BS 16000: granted: [ArmR] 13
[10/05/26 03:37:52] D2BS 16000: Loaded ÿc9[AutoSmurf.js]
[10/05/26 03:37:53] D2BS 16000: MiniShopBot: true
[10/05/26 03:37:54] D2BS 16000: farmingON
[10/05/26 03:37:54] D2BS 16000: UseMerc: true HP: 70
[10/05/26 03:38:05] D2BS 16000: Merc matched: Might
[10/05/26 03:38:18] D2BS 16000: Token needed
[10/05/26 03:38:24] D2BS 16000: act3 BO
[10/05/26 03:38:41] D2BS 16000: ÿc4=== [TRAVINCAL] ===
[10/05/26 03:39:21] D2BS 16000: party has left: fowo-xb
[10/05/26 03:39:21] D2BS 16000:  [01:29] +9.63% / [Level 72] 90.59%
[10/05/26 03:39:21] D2BS 16000: Script threads\autobuildthread.js ended
[10/05/26 03:39:21] D2BS 16000: Script threads\partythread.js ended
[10/05/26 03:39:21] D2BS 16000: Script threads\townchicken.js ended
[10/05/26 03:39:21] D2BS 16000: Script default.dbj ended
[10/05/26 03:39:33] D2BS 16000: joining game pz-71
[10/05/26 03:39:34] D2BS 16000: ÿc2D2BSÿc0 :: Starting default.dbj
[10/05/26 03:39:34] D2BS 16000: ÿc2D2BSÿc0 :: default.dbj running.
[10/05/26 03:39:34] D2BS 16000: Loaded ÿc9[X.nip] [Y.nip] [Z.nip] [V.nip] [D.FGOM.nip]
[10/05/26 03:39:35] D2BS 16000: Loaded ÿc9[D.FGOM.js]
[10/05/26 03:39:35] D2BS 16000: equipped: [Head] 14
[10/05/26 03:39:35] D2BS 16000: equipped: [Neck] 17
[10/05/26 03:39:35] D2BS 16000: equipped: [Body] 17
[10/05/26 03:39:35] D2BS 16000: equipped: [ArmR] 12
[10/05/26 03:39:35] D2BS 16000: equipped: [ArmL] 26
[10/05/26 03:39:35] D2BS 16000: equipped: [RingR] 13
[10/05/26 03:39:35] D2BS 16000: equipped: [RingL] 11
[10/05/26 03:39:35] D2BS 16000: equipped: [Belt] 13
[10/05/26 03:39:35] D2BS 16000: equipped: [Boots] 13
[10/05/26 03:39:35] D2BS 16000: equipped: [Mitts] 12
[10/05/26 03:39:35] D2BS 16000: updateStat
[10/05/26 03:39:35] D2BS 16000: granted: [Head] 12
[10/05/26 03:39:35] D2BS 16000: granted: [Body] 12
[10/05/26 03:39:35] D2BS 16000: granted: [ArmR] 13
[10/05/26 03:39:35] D2BS 16000: Loaded ÿc9[AutoSmurf.js]
[10/05/26 03:39:38] D2BS 16000: farmingON
[10/05/26 03:39:38] D2BS 16000: MiniShopBot: true
[10/05/26 03:39:38] D2BS 16000: UseMerc: true HP: 70
[10/05/26 03:39:46] D2BS 16000: Merc matched: Might
[10/05/26 03:39:58] D2BS 16000: Token needed
[10/05/26 03:40:05] D2BS 16000: act3 BO
[10/05/26 03:40:21] D2BS 16000: ÿc4=== [TRAVINCAL] ===
[10/05/26 03:41:19] D2BS 16000: party has left: fowo-xa
[10/05/26 03:41:19] D2BS 16000:  [01:45] +13.23% / [Level 73] 4.60%
[10/05/26 03:41:19] D2BS 16000: Script threads\autobuildthread.js ended
[10/05/26 03:41:19] D2BS 16000: Script threads\partythread.js ended
[10/05/26 03:41:19] D2BS 16000: Script threads\townchicken.js ended
[10/05/26 03:41:19] D2BS 16000: Script default.dbj ended
[10/05/26 03:41:31] D2BS 16000: joining game pz-72
[10/05/26 03:41:32] D2BS 16000: ÿc2D2BSÿc0 :: Starting default.dbj
[10/05/26 03:41:32] D2BS 16000: ÿc2D2BSÿc0 :: default.dbj running.
[10/05/26 03:41:33] D2BS 16000: Loaded ÿc9[X.nip] [Y.nip] [Z.nip] [V.nip] [D.FGOM.nip]
[10/05/26 03:41:33] D2BS 16000: Loaded ÿc9[D.FGOM.js]
[10/05/26 03:41:33] D2BS 16000: equipped: [Head] 14
[10/05/26 03:41:33] D2BS 16000: equipped: [Neck] 17
[10/05/26 03:41:33] D2BS 16000: equipped: [Body] 17
[10/05/26 03:41:33] D2BS 16000: equipped: [ArmR] 12
[10/05/26 03:41:33] D2BS 16000: equipped: [ArmL] 26
[10/05/26 03:41:33] D2BS 16000: equipped: [RingR] 13
[10/05/26 03:41:33] D2BS 16000: equipped: [RingL] 11
[10/05/26 03:41:33] D2BS 16000: equipped: [Belt] 13
[10/05/26 03:41:33] D2BS 16000: equipped: [Boots] 13
[10/05/26 03:41:33] D2BS 16000: equipped: [Mitts] 12
[10/05/26 03:41:33] D2BS 16000: updateStat
[10/05/26 03:41:33] D2BS 16000: granted: [Head] 12
[10/05/26 03:41:33] D2BS 16000: granted: [Body] 12
[10/05/26 03:41:33] D2BS 16000: granted: [ArmR] 13
[10/05/26 03:41:33] D2BS 16000: Loaded ÿc9[AutoSmurf.js]
[10/05/26 03:41:36] D2BS 16000: MiniShopBot: true
[10/05/26 03:41:36] D2BS 16000: farmingON
[10/05/26 03:41:36] D2BS 16000: UseMerc: true HP: 70
[10/05/26 03:41:47] D2BS 16000: Merc matched: Might
[10/05/26 03:42:03] D2BS 16000: Token needed
[10/05/26 03:42:04] D2BS 16000: ÿc4=== [FIGURINE] ===
[10/05/26 03:43:14] D2BS 16000: ÿc8!!! [POTION] !!!
[10/05/26 03:43:48] D2BS 16000: act3 BO
[10/05/26 03:44:31] D2BS 16000: ÿc4=== [MEPHISTO] ===
[10/05/26 03:44:51] D2BS 16000: Config.LifeChicken: 0
[10/05/26 03:44:56] D2BS 16000: Config.LifeChicken: 35
[10/05/26 03:45:32] D2BS 16000: ÿc4=== [IZUAL] ===
[10/05/26 03:45:54] D2BS 16000: equipped: [ArmR] 13
[10/05/26 03:47:19] D2BS 16000: Config.LifeChicken: 0
[10/05/26 03:47:30] D2BS 16000: Config.LifeChicken: 35
[10/05/26 03:47:47] D2BS 16000: ÿc4=== [DIABLO] ===
[10/05/26 03:53:06] D2BS 16000: party has left: fowo-xh
[10/05/26 03:53:06] D2BS 16000:  [11:34] +34.48% / [Level 73] 39.08%
[10/05/26 03:53:06] D2BS 16000: Script threads\autobuildthread.js ended
[10/05/26 03:53:06] D2BS 16000: Script threads\partythread.js ended
[10/05/26 03:53:07] D2BS 16000: Script threads\townchicken.js ended
[10/05/26 03:53:07] D2BS 16000: Script default.dbj ended
[10/05/26 03:53:20] D2BS 16000: joining game pz-73
[10/05/26 03:53:22] D2BS 16000: ÿc2D2BSÿc0 :: Starting default.dbj
[10/05/26 03:53:22] D2BS 16000: ÿc2D2BSÿc0 :: default.dbj running.
[10/05/26 03:53:22] D2BS 16000: Loaded ÿc9[X.nip] [Y.nip] [Z.nip] [V.nip] [D.FGOM.nip]
[10/05/26 03:53:22] D2BS 16000: Loaded ÿc9[D.FGOM.js]
[10/05/26 03:53:22] D2BS 16000: equipped: [Head] 14
[10/05/26 03:53:22] D2BS 16000: equipped: [Neck] 17
[10/05/26 03:53:22] D2BS 16000: equipped: [Body] 17
[10/05/26 03:53:22] D2BS 16000: equipped: [ArmR] 13
[10/05/26 03:53:22] D2BS 16000: equipped: [ArmL] 26
[10/05/26 03:53:22] D2BS 16000: equipped: [RingR] 13
[10/05/26 03:53:22] D2BS 16000: equipped: [RingL] 11
[10/05/26 03:53:22] D2BS 16000: equipped: [Belt] 13
[10/05/26 03:53:22] D2BS 16000: equipped: [Boots] 13
[10/05/26 03:53:22] D2BS 16000: equipped: [Mitts] 12
[10/05/26 03:53:22] D2BS 16000: updateStat
[10/05/26 03:53:22] D2BS 16000: granted: [Head] 12
[10/05/26 03:53:22] D2BS 16000: granted: [Body] 12
[10/05/26 03:53:22] D2BS 16000: granted: [ArmR] 13
[10/05/26 03:53:22] D2BS 16000: Loaded ÿc9[AutoSmurf.js]
[10/05/26 03:53:24] D2BS 16000: farmingON
[10/05/26 03:53:25] D2BS 16000: MiniShopBot: true
[10/05/26 03:53:25] D2BS 16000: UseMerc: true HP: 70
[10/05/26 03:53:41] D2BS 16000: granted: [Body] 16
[10/05/26 03:53:47] D2BS 16000: Merc matched: Might
[10/05/26 03:53:52] D2BS 16000: Token needed
[10/05/26 03:53:55] D2BS 16000: act4+ WP
[10/05/26 03:54:02] D2BS 16000: act4+ BO
[10/05/26 03:54:15] D2BS 16000: ÿc4=== [DIABLO] ===
[10/05/26 03:54:35] D2BS 16000: party has left: fowo-xa
[10/05/26 03:54:35] D2BS 16000: no exp [01:13]
[10/05/26 03:54:35] D2BS 16000: Script threads\autobuildthread.js ended
[10/05/26 03:54:35] D2BS 16000: Script threads\partythread.js ended
[10/05/26 03:54:35] D2BS 16000: Script threads\townchicken.js ended
[10/05/26 03:54:35] D2BS 16000: Script default.dbj ended
[10/05/26 03:54:46] D2BS 16000: joining game pz-74
[10/05/26 03:54:48] D2BS 16000: ÿc2D2BSÿc0 :: Starting default.dbj
[10/05/26 03:54:48] D2BS 16000: ÿc2D2BSÿc0 :: default.dbj running.
[10/05/26 03:54:48] D2BS 16000: Loaded ÿc9[X.nip] [Y.nip] [Z.nip] [V.nip] [D.FGOM.nip]
[10/05/26 03:54:48] D2BS 16000: Loaded ÿc9[D.FGOM.js]
[10/05/26 03:54:48] D2BS 16000: equipped: [Head] 14
[10/05/26 03:54:48] D2BS 16000: equipped: [Neck] 17
[10/05/26 03:54:48] D2BS 16000: equipped: [Body] 17
[10/05/26 03:54:48] D2BS 16000: equipped: [ArmR] 13
[10/05/26 03:54:48] D2BS 16000: equipped: [ArmL] 26
[10/05/26 03:54:48] D2BS 16000: equipped: [RingR] 13
[10/05/26 03:54:48] D2BS 16000: equipped: [RingL] 11
[10/05/26 03:54:48] D2BS 16000: equipped: [Belt] 13
[10/05/26 03:54:48] D2BS 16000: equipped: [Boots] 13
[10/05/26 03:54:48] D2BS 16000: equipped: [Mitts] 12
[10/05/26 03:54:48] D2BS 16000: updateStat
[10/05/26 03:54:48] D2BS 16000: granted: [Head] 12
[10/05/26 03:54:48] D2BS 16000: granted: [Body] 16
[10/05/26 03:54:48] D2BS 16000: granted: [ArmR] 13
[10/05/26 03:54:48] D2BS 16000: Loaded ÿc9[AutoSmurf.js]
[10/05/26 03:54:51] D2BS 16000: farmingON
[10/05/26 03:54:52] D2BS 16000: MiniShopBot: true
[10/05/26 03:54:52] D2BS 16000: UseMerc: true HP: 70
[10/05/26 03:55:06] D2BS 16000: Merc matched: Might
[10/05/26 03:55:13] D2BS 16000: Token needed
[10/05/26 03:55:20] D2BS 16000: act4+ BO
[10/05/26 03:55:34] D2BS 16000: ÿc4=== [DIABLO] ===
[10/05/26 03:56:20] D2BS 16000: party has left: fowo-xd
[10/05/26 03:56:20] D2BS 16000:  [01:33] +2.82% / [Level 73] 41.90%
[10/05/26 03:56:20] D2BS 16000: Script threads\autobuildthread.js ended
[10/05/26 03:56:20] D2BS 16000: Script threads\partythread.js ended
[10/05/26 03:56:20] D2BS 16000: Script threads\townchicken.js ended
[10/05/26 03:56:20] D2BS 16000: Script default.dbj ended
[10/05/26 03:56:33] D2BS 16000: joining game pz-75
[10/05/26 03:56:34] D2BS 16000: ÿc2D2BSÿc0 :: Starting default.dbj
[10/05/26 03:56:34] D2BS 16000: ÿc2D2BSÿc0 :: default.dbj running.
[10/05/26 03:56:34] D2BS 16000: Loaded ÿc9[X.nip] [Y.nip] [Z.nip] [V.nip] [D.FGOM.nip]
[10/05/26 03:56:34] D2BS 16000: Loaded ÿc9[D.FGOM.js]
[10/05/26 03:56:34] D2BS 16000: equipped: [Head] 14
[10/05/26 03:56:35] D2BS 16000: equipped: [Neck] 17
[10/05/26 03:56:35] D2BS 16000: equipped: [Body] 17
[10/05/26 03:56:35] D2BS 16000: equipped: [ArmR] 13
[10/05/26 03:56:35] D2BS 16000: equipped: [ArmL] 26
[10/05/26 03:56:35] D2BS 16000: equipped: [RingR] 13
[10/05/26 03:56:35] D2BS 16000: equipped: [RingL] 11
[10/05/26 03:56:35] D2BS 16000: equipped: [Belt] 13
[10/05/26 03:56:35] D2BS 16000: equipped: [Boots] 13
[10/05/26 03:56:35] D2BS 16000: equipped: [Mitts] 12
[10/05/26 03:56:35] D2BS 16000: updateStat
[10/05/26 03:56:35] D2BS 16000: granted: [Head] 12
[10/05/26 03:56:35] D2BS 16000: granted: [Body] 16
[10/05/26 03:56:35] D2BS 16000: granted: [ArmR] 13
[10/05/26 03:56:35] D2BS 16000: Loaded ÿc9[AutoSmurf.js]
[10/05/26 03:56:36] D2BS 16000: MiniShopBot: true
[10/05/26 03:56:37] D2BS 16000: farmingON
[10/05/26 03:56:37] D2BS 16000: UseMerc: true HP: 70
[10/05/26 03:56:51] D2BS 16000: granted: [Head] 13
[10/05/26 03:56:51] D2BS 16000: Merc matched: Might
[10/05/26 03:57:00] D2BS 16000: Token needed
[10/05/26 03:57:08] D2BS 16000: act4+ BO
[10/05/26 03:57:20] D2BS 16000: ÿc4=== [DIABLO] ===
[10/05/26 03:58:13] D2BS 16000: party has left: fowo-xe
[10/05/26 03:58:13] D2BS 16000:  [01:38] +7.11% / [Level 73] 49.28%
[10/05/26 03:58:13] D2BS 16000: Script threads\autobuildthread.js ended
[10/05/26 03:58:13] D2BS 16000: Script threads\partythread.js ended
[10/05/26 03:58:13] D2BS 16000: Script threads\townchicken.js ended
[10/05/26 03:58:13] D2BS 16000: Script default.dbj ended
[10/05/26 03:58:25] D2BS 16000: joining game pz-76
[10/05/26 03:58:26] D2BS 16000: ÿc2D2BSÿc0 :: Starting default.dbj
[10/05/26 03:58:26] D2BS 16000: ÿc2D2BSÿc0 :: default.dbj running.
[10/05/26 03:58:26] D2BS 16000: Loaded ÿc9[X.nip] [Y.nip] [Z.nip] [V.nip] [D.FGOM.nip]
[10/05/26 03:58:26] D2BS 16000: Loaded ÿc9[D.FGOM.js]
[10/05/26 03:58:26] D2BS 16000: equipped: [Head] 14
[10/05/26 03:58:26] D2BS 16000: equipped: [Neck] 17
[10/05/26 03:58:27] D2BS 16000: equipped: [Body] 17
[10/05/26 03:58:27] D2BS 16000: equipped: [ArmR] 13
[10/05/26 03:58:27] D2BS 16000: equipped: [ArmL] 26
[10/05/26 03:58:27] D2BS 16000: equipped: [RingR] 13
[10/05/26 03:58:27] D2BS 16000: equipped: [RingL] 11
[10/05/26 03:58:27] D2BS 16000: equipped: [Belt] 13
[10/05/26 03:58:27] D2BS 16000: equipped: [Boots] 13
[10/05/26 03:58:27] D2BS 16000: equipped: [Mitts] 12
[10/05/26 03:58:27] D2BS 16000: updateStat
[10/05/26 03:58:27] D2BS 16000: granted: [Head] 13
[10/05/26 03:58:27] D2BS 16000: granted: [Body] 16
[10/05/26 03:58:27] D2BS 16000: granted: [ArmR] 13
[10/05/26 03:58:27] D2BS 16000: Loaded ÿc9[AutoSmurf.js]
[10/05/26 03:58:29] D2BS 16000: MiniShopBot: true
[10/05/26 03:58:29] D2BS 16000: farmingON
[10/05/26 03:58:29] D2BS 16000: UseMerc: true HP: 70
[10/05/26 03:58:45] D2BS 16000: Merc matched: Might
[10/05/26 03:58:53] D2BS 16000: Token needed
[10/05/26 03:59:00] D2BS 16000: act4+ BO
[10/05/26 03:59:15] D2BS 16000: ÿc4=== [DIABLO] ===
[10/05/26 04:06:16] D2BS 16000: Config.LifeChicken: 0
[10/05/26 04:06:21] D2BS 16000: Config.LifeChicken: 35
[10/05/26 04:06:38] D2BS 16000: ÿc4=== [SHENK] ===
[10/05/26 04:06:41] D2BS 16000: party has left: fowo-xb
[10/05/26 04:06:41] D2BS 16000:  [08:15] +69.21% / [Level 74] 22.68%
[10/05/26 04:06:41] D2BS 16000: Script threads\autobuildthread.js ended
[10/05/26 04:06:41] D2BS 16000: Script threads\partythread.js ended
[10/05/26 04:06:41] D2BS 16000: Script threads\townchicken.js ended
[10/05/26 04:06:41] D2BS 16000: Script default.dbj ended
[10/05/26 04:07:03] D2BS 16000: joining game pz-77
[10/05/26 04:07:05] D2BS 16000: ÿc2D2BSÿc0 :: Starting default.dbj
[10/05/26 04:07:05] D2BS 16000: ÿc2D2BSÿc0 :: default.dbj running.
[10/05/26 04:07:05] D2BS 16000: Loaded ÿc9[X.nip] [Y.nip] [Z.nip] [V.nip] [D.FGOM.nip]
[10/05/26 04:07:05] D2BS 16000: Loaded ÿc9[D.FGOM.js]
[10/05/26 04:07:05] D2BS 16000: equipped: [Head] 14
[10/05/26 04:07:05] D2BS 16000: equipped: [Neck] 17
[10/05/26 04:07:05] D2BS 16000: equipped: [Body] 17
[10/05/26 04:07:05] D2BS 16000: equipped: [ArmR] 13
[10/05/26 04:07:05] D2BS 16000: equipped: [ArmL] 26
[10/05/26 04:07:05] D2BS 16000: equipped: [RingR] 13
[10/05/26 04:07:05] D2BS 16000: equipped: [RingL] 11
[10/05/26 04:07:05] D2BS 16000: equipped: [Belt] 13
[10/05/26 04:07:05] D2BS 16000: equipped: [Boots] 13
[10/05/26 04:07:05] D2BS 16000: equipped: [Mitts] 12
[10/05/26 04:07:05] D2BS 16000: updateStat
[10/05/26 04:07:05] D2BS 16000: granted: [Head] 13
[10/05/26 04:07:05] D2BS 16000: granted: [Body] 16
[10/05/26 04:07:05] D2BS 16000: granted: [ArmR] 13
[10/05/26 04:07:05] D2BS 16000: Loaded ÿc9[AutoSmurf.js]
[10/05/26 04:07:07] D2BS 16000: farmingON
[10/05/26 04:07:08] D2BS 16000: MiniShopBot: true
[10/05/26 04:07:08] D2BS 16000: UseMerc: true HP: 70
[10/05/26 04:07:29] D2BS 16000: granted: [ArmR] 14
[10/05/26 04:07:29] D2BS 16000: Merc matched: Might
[10/05/26 04:07:38] D2BS 16000: Token needed
[10/05/26 04:07:41] D2BS 16000: act5 BO
[10/05/26 04:07:54] D2BS 16000: ÿc4=== [SHENK] ===
[10/05/26 04:10:46] D2BS 16000: Config.LifeChicken: 0
[10/05/26 04:11:25] D2BS 16000: Config.LifeChicken: 35
[10/05/26 04:11:33] D2BS 16000: ÿc4=== [ANYA] ===
[10/05/26 04:12:12] D2BS 16000: party has left: fowo-xa
[10/05/26 04:12:12] D2BS 16000:  [05:07] +4.62% / [Level 74] 27.30%
[10/05/26 04:12:12] D2BS 16000: Script threads\autobuildthread.js ended
[10/05/26 04:12:12] D2BS 16000: Script threads\partythread.js ended
[10/05/26 04:12:12] D2BS 16000: Script threads\townchicken.js ended
[10/05/26 04:12:12] D2BS 16000: Script default.dbj ended
[10/05/26 04:12:24] D2BS 16000: joining game pz-78
[10/05/26 04:12:26] D2BS 16000: ÿc2D2BSÿc0 :: Starting default.dbj
[10/05/26 04:12:26] D2BS 16000: ÿc2D2BSÿc0 :: default.dbj running.
[10/05/26 04:12:26] D2BS 16000: Loaded ÿc9[X.nip] [Y.nip] [Z.nip] [V.nip] [D.FGOM.nip]
[10/05/26 04:12:26] D2BS 16000: Loaded ÿc9[D.FGOM.js]
[10/05/26 04:12:26] D2BS 16000: equipped: [Head] 14
[10/05/26 04:12:26] D2BS 16000: equipped: [Neck] 17
[10/05/26 04:12:26] D2BS 16000: equipped: [Body] 17
[10/05/26 04:12:26] D2BS 16000: equipped: [ArmR] 13
[10/05/26 04:12:26] D2BS 16000: equipped: [ArmL] 26
[10/05/26 04:12:26] D2BS 16000: equipped: [RingR] 13
[10/05/26 04:12:26] D2BS 16000: equipped: [RingL] 11
[10/05/26 04:12:26] D2BS 16000: equipped: [Belt] 13
[10/05/26 04:12:27] D2BS 16000: equipped: [Boots] 13
[10/05/26 04:12:27] D2BS 16000: equipped: [Mitts] 12
[10/05/26 04:12:27] D2BS 16000: updateStat
[10/05/26 04:12:27] D2BS 16000: granted: [Head] 13
[10/05/26 04:12:27] D2BS 16000: granted: [Body] 16
[10/05/26 04:12:27] D2BS 16000: granted: [ArmR] 14
[10/05/26 04:12:27] D2BS 16000: Loaded ÿc9[AutoSmurf.js]
[10/05/26 04:12:29] D2BS 16000: farmingON
[10/05/26 04:12:29] D2BS 16000: MiniShopBot: true
[10/05/26 04:12:30] D2BS 16000: UseMerc: true HP: 70
[10/05/26 04:12:48] D2BS 16000: Merc matched: Might
[10/05/26 04:14:01] D2BS 16000: Token needed
[10/05/26 04:14:03] D2BS 16000: act5+ WP
[10/05/26 04:14:21] D2BS 16000: act5+ BO
[10/05/26 04:14:22] D2BS 16000: party has left: fowo-xd
[10/05/26 04:14:22] D2BS 16000: no exp [01:57]
[10/05/26 04:14:22] D2BS 16000: Script threads\autobuildthread.js ended
[10/05/26 04:14:23] D2BS 16000: Script threads\partythread.js ended
[10/05/26 04:14:23] D2BS 16000: Script threads\townchicken.js ended
[10/05/26 04:14:23] D2BS 16000: Script default.dbj ended
[10/05/26 04:14:36] D2BS 16000: joining game pz-79
[10/05/26 04:14:38] D2BS 16000: ÿc2D2BSÿc0 :: Starting default.dbj
[10/05/26 04:14:38] D2BS 16000: ÿc2D2BSÿc0 :: default.dbj running.
[10/05/26 04:14:39] D2BS 16000: Loaded ÿc9[X.nip] [Y.nip] [Z.nip] [V.nip] [D.FGOM.nip]
[10/05/26 04:14:39] D2BS 16000: Loaded ÿc9[D.FGOM.js]
[10/05/26 04:14:39] D2BS 16000: equipped: [Head] 14
[10/05/26 04:14:39] D2BS 16000: equipped: [Neck] 17
[10/05/26 04:14:39] D2BS 16000: equipped: [Body] 17
[10/05/26 04:14:39] D2BS 16000: equipped: [ArmR] 13
[10/05/26 04:14:39] D2BS 16000: equipped: [ArmL] 26
[10/05/26 04:14:39] D2BS 16000: equipped: [RingR] 13
[10/05/26 04:14:39] D2BS 16000: equipped: [RingL] 11
[10/05/26 04:14:39] D2BS 16000: equipped: [Belt] 13
[10/05/26 04:14:39] D2BS 16000: equipped: [Boots] 13
[10/05/26 04:14:39] D2BS 16000: equipped: [Mitts] 12
[10/05/26 04:14:39] D2BS 16000: updateStat
[10/05/26 04:14:39] D2BS 16000: granted: [Head] 13
[10/05/26 04:14:39] D2BS 16000: granted: [Body] 16
[10/05/26 04:14:39] D2BS 16000: granted: [ArmR] 14
[10/05/26 04:14:39] D2BS 16000: Loaded ÿc9[AutoSmurf.js]
[10/05/26 04:14:41] D2BS 16000: farmingON
[10/05/26 04:14:42] D2BS 16000: MiniShopBot: true
[10/05/26 04:14:42] D2BS 16000: UseMerc: true HP: 70
[10/05/26 04:14:57] D2BS 16000: Merc matched: Might
[10/05/26 04:15:22] D2BS 16000: Token needed
[10/05/26 04:15:26] D2BS 16000: act5+ BO
[10/05/26 04:15:40] D2BS 16000: ÿc4=== [ANYA] ===
[10/05/26 04:17:16] D2BS 16000: ÿc8!!! [SCROLL] !!!
[10/05/26 04:17:31] D2BS 16000: ÿc4=== [ANCIENTS] ===
[10/05/26 04:18:27] D2BS 16000: party has left: fowo-xd
[10/05/26 04:18:28] D2BS 16000:  [03:49] +9.53% / [Level 74] 36.83%
[10/05/26 04:18:28] D2BS 16000: Script threads\autobuildthread.js ended
[10/05/26 04:18:28] D2BS 16000: Script threads\partythread.js ended
[10/05/26 04:18:28] D2BS 16000: Script threads\townchicken.js ended
[10/05/26 04:18:28] D2BS 16000: Script default.dbj ended
[10/05/26 04:18:39] D2BS 16000: joining game pz-80
[10/05/26 04:18:40] D2BS 16000: ÿc2D2BSÿc0 :: Starting default.dbj
[10/05/26 04:18:40] D2BS 16000: ÿc2D2BSÿc0 :: default.dbj running.
[10/05/26 04:18:41] D2BS 16000: Loaded ÿc9[X.nip] [Y.nip] [Z.nip] [V.nip] [D.FGOM.nip]
[10/05/26 04:18:41] D2BS 16000: Loaded ÿc9[D.FGOM.js]
[10/05/26 04:18:41] D2BS 16000: equipped: [Head] 14
[10/05/26 04:18:41] D2BS 16000: equipped: [Neck] 17
[10/05/26 04:18:41] D2BS 16000: equipped: [Body] 17
[10/05/26 04:18:41] D2BS 16000: equipped: [ArmR] 13
[10/05/26 04:18:41] D2BS 16000: equipped: [ArmL] 26
[10/05/26 04:18:41] D2BS 16000: equipped: [RingR] 13
[10/05/26 04:18:41] D2BS 16000: equipped: [RingL] 11
[10/05/26 04:18:41] D2BS 16000: equipped: [Belt] 13
[10/05/26 04:18:41] D2BS 16000: equipped: [Boots] 13
[10/05/26 04:18:41] D2BS 16000: equipped: [Mitts] 12
[10/05/26 04:18:41] D2BS 16000: updateStat
[10/05/26 04:18:41] D2BS 16000: granted: [Head] 13
[10/05/26 04:18:41] D2BS 16000: granted: [Body] 16
[10/05/26 04:18:41] D2BS 16000: granted: [ArmR] 14
[10/05/26 04:18:41] D2BS 16000: Loaded ÿc9[AutoSmurf.js]
[10/05/26 04:18:44] D2BS 16000: farmingON
[10/05/26 04:18:44] D2BS 16000: MiniShopBot: true
[10/05/26 04:18:44] D2BS 16000: UseMerc: true HP: 70
[10/05/26 04:18:59] D2BS 16000: Merc matched: Might
[10/05/26 04:19:11] D2BS 16000: Token needed
[10/05/26 04:19:15] D2BS 16000: act5+ BO
[10/05/26 04:19:29] D2BS 16000: ÿc4=== [ANCIENTS] ===
[10/05/26 04:20:35] D2BS 16000: Config.LifeChicken: 0
[10/05/26 04:20:49] D2BS 16000: Config.LifeChicken: 35
[10/05/26 04:21:14] D2BS 16000: ÿc4=== [BAAL] ===
[10/05/26 04:21:32] D2BS 16000: equipped: [Belt] 16
[10/05/26 04:25:16] D2BS 16000: Config.LifeChicken: 0
[10/05/26 04:25:27] D2BS 16000: Config.LifeChicken: 35
[10/05/26 04:25:33] D2BS 16000: ÿc4=== [COUNTESS] ===
[10/05/26 04:26:52] D2BS 16000: ÿc4=== [PIT] ===
[10/05/26 04:27:54] D2BS 16000: Going to town
[10/05/26 04:28:49] D2BS 16000: ÿc4=== [ANDY] ===
[10/05/26 04:29:59] D2BS 16000: ÿc4=== [MEPHISTO] ===
[10/05/26 04:31:20] D2BS 16000: ÿc4=== [DIABLO] ===
[10/05/26 04:31:33] D2BS 16000: granted: [Body] 17
[10/05/26 04:34:42] D2BS 16000: party has left: fowo-xd
[10/05/26 04:34:42] D2BS 16000:  [16:02] +185.56% / [Level 76] 40.65%
[10/05/26 04:34:42] D2BS 16000: Script threads\autobuildthread.js ended
[10/05/26 04:34:42] D2BS 16000: Script threads\partythread.js ended
[10/05/26 04:34:42] D2BS 16000: Script threads\townchicken.js ended
[10/05/26 04:34:42] D2BS 16000: Script default.dbj ended
[10/05/26 04:39:42] D2BS 16000: joining game pz-81
[10/05/26 04:39:43] D2BS 16000: ÿc2D2BSÿc0 :: Starting default.dbj
[10/05/26 04:39:43] D2BS 16000: ÿc2D2BSÿc0 :: default.dbj running.
[10/05/26 04:39:44] D2BS 16000: Loaded ÿc9[X.nip] [Y.nip] [Z.nip] [V.nip] [D.FGOM.nip]
[10/05/26 04:39:44] D2BS 16000: Loaded ÿc9[D.FGOM.js]
[10/05/26 04:39:44] D2BS 16000: equipped: [Head] 14
[10/05/26 04:39:44] D2BS 16000: equipped: [Neck] 17
[10/05/26 04:39:44] D2BS 16000: equipped: [Body] 17
[10/05/26 04:39:44] D2BS 16000: equipped: [ArmR] 13
[10/05/26 04:39:44] D2BS 16000: equipped: [ArmL] 26
[10/05/26 04:39:44] D2BS 16000: equipped: [RingR] 13
[10/05/26 04:39:44] D2BS 16000: equipped: [RingL] 11
[10/05/26 04:39:44] D2BS 16000: equipped: [Belt] 16
[10/05/26 04:39:44] D2BS 16000: equipped: [Boots] 13
[10/05/26 04:39:44] D2BS 16000: equipped: [Mitts] 12
[10/05/26 04:39:44] D2BS 16000: updateStat
[10/05/26 04:39:44] D2BS 16000: granted: [Head] 13
[10/05/26 04:39:44] D2BS 16000: granted: [Body] 17
[10/05/26 04:39:45] D2BS 16000: granted: [ArmR] 14
[10/05/26 04:39:45] D2BS 16000: Loaded ÿc9[AutoSmurf.js]
[10/05/26 04:39:50] D2BS 16000: farmingON
[10/05/26 04:39:52] D2BS 16000: MiniShopBot: true
[10/05/26 04:39:52] D2BS 16000: UseMerc: true HP: 70
[10/05/26 04:40:16] D2BS 16000: Merc matched: Might
[10/05/26 04:40:22] D2BS 16000: Token needed
[10/05/26 04:40:26] D2BS 16000: act5+ BO
[10/05/26 04:40:40] D2BS 16000: ÿc4=== [BAAL] ===
[10/05/26 04:40:54] D2BS 16000: party has left: fowo-xa
[10/05/26 04:40:54] D2BS 16000: no exp [01:11]
[10/05/26 04:40:55] D2BS 16000: Script threads\autobuildthread.js ended
[10/05/26 04:40:55] D2BS 16000: Script threads\partythread.js ended
[10/05/26 04:40:55] D2BS 16000: Script threads\townchicken.js ended
[10/05/26 04:40:55] D2BS 16000: Script default.dbj ended
[10/05/26 04:41:06] D2BS 16000: joining game pz-82
[10/05/26 04:41:07] D2BS 16000: ÿc2D2BSÿc0 :: Starting default.dbj
[10/05/26 04:41:07] D2BS 16000: ÿc2D2BSÿc0 :: default.dbj running.
[10/05/26 04:41:07] D2BS 16000: Loaded ÿc9[X.nip] [Y.nip] [Z.nip] [V.nip] [D.FGOM.nip]
[10/05/26 04:41:07] D2BS 16000: Loaded ÿc9[D.FGOM.js]
[10/05/26 04:41:07] D2BS 16000: equipped: [Head] 14
[10/05/26 04:41:07] D2BS 16000: equipped: [Neck] 17
[10/05/26 04:41:07] D2BS 16000: equipped: [Body] 17
[10/05/26 04:41:07] D2BS 16000: equipped: [ArmR] 13
[10/05/26 04:41:08] D2BS 16000: equipped: [ArmL] 26
[10/05/26 04:41:08] D2BS 16000: equipped: [RingR] 13
[10/05/26 04:41:08] D2BS 16000: equipped: [RingL] 11
[10/05/26 04:41:08] D2BS 16000: equipped: [Belt] 16
[10/05/26 04:41:08] D2BS 16000: equipped: [Boots] 13
[10/05/26 04:41:08] D2BS 16000: equipped: [Mitts] 12
[10/05/26 04:41:08] D2BS 16000: updateStat
[10/05/26 04:41:08] D2BS 16000: granted: [Head] 13
[10/05/26 04:41:08] D2BS 16000: granted: [Body] 17
[10/05/26 04:41:08] D2BS 16000: granted: [ArmR] 14
[10/05/26 04:41:08] D2BS 16000: Loaded ÿc9[AutoSmurf.js]
[10/05/26 04:41:10] D2BS 16000: farmingON
[10/05/26 04:41:11] D2BS 16000: MiniShopBot: true
[10/05/26 04:41:11] D2BS 16000: UseMerc: true HP: 70
[10/05/26 04:41:25] D2BS 16000: Merc matched: Might
[10/05/26 04:41:34] D2BS 16000: Token needed
[10/05/26 04:41:38] D2BS 16000: act5+ BO
[10/05/26 04:41:51] D2BS 16000: ÿc4=== [BAAL] ===
[10/05/26 04:45:12] D2BS 16000: Going to town
[10/05/26 04:45:47] D2BS 16000: ÿc4=== [COUNTESS] ===
[10/05/26 04:46:57] D2BS 16000: ÿc4=== [PIT] ===
[10/05/26 04:48:52] D2BS 16000: ÿc4=== [ANDY] ===
[10/05/26 04:49:02] D2BS 16000: equipped: [RingL] 12
[10/05/26 04:49:51] D2BS 16000: ÿc4=== [MEPHISTO] ===
[10/05/26 04:51:24] D2BS 16000: ÿc4=== [DIABLO] ===
[10/05/26 04:56:57] D2BS 16000:  [15:50] +95.38% / [Level 77] 41.06%
[10/05/26 04:56:57] D2BS 16000: Script threads\autobuildthread.js ended
[10/05/26 04:56:57] D2BS 16000: Script threads\partythread.js ended
[10/05/26 04:56:57] D2BS 16000: Script threads\townchicken.js ended
[10/05/26 04:56:57] D2BS 16000: Script default.dbj ended
[10/05/26 04:57:11] D2BS 16000: joining game pz-83
[10/05/26 04:57:13] D2BS 16000: ÿc2D2BSÿc0 :: Starting default.dbj
[10/05/26 04:57:13] D2BS 16000: ÿc2D2BSÿc0 :: default.dbj running.
[10/05/26 04:57:13] D2BS 16000: Loaded ÿc9[X.nip] [Y.nip] [Z.nip] [V.nip] [D.FGOM.nip]
[10/05/26 04:57:13] D2BS 16000: Loaded ÿc9[D.FGOM.js]
[10/05/26 04:57:14] D2BS 16000: equipped: [Head] 14
[10/05/26 04:57:14] D2BS 16000: equipped: [Neck] 17
[10/05/26 04:57:14] D2BS 16000: equipped: [Body] 17
[10/05/26 04:57:14] D2BS 16000: equipped: [ArmR] 13
[10/05/26 04:57:14] D2BS 16000: equipped: [ArmL] 26
[10/05/26 04:57:14] D2BS 16000: equipped: [RingR] 13
[10/05/26 04:57:14] D2BS 16000: equipped: [RingL] 12
[10/05/26 04:57:14] D2BS 16000: equipped: [Belt] 16
[10/05/26 04:57:14] D2BS 16000: equipped: [Boots] 13
[10/05/26 04:57:14] D2BS 16000: equipped: [Mitts] 12
[10/05/26 04:57:14] D2BS 16000: updateStat
[10/05/26 04:57:14] D2BS 16000: granted: [Head] 13
[10/05/26 04:57:14] D2BS 16000: granted: [Body] 17
[10/05/26 04:57:14] D2BS 16000: granted: [ArmR] 14
[10/05/26 04:57:14] D2BS 16000: Loaded ÿc9[AutoSmurf.js]
[10/05/26 04:57:18] D2BS 16000: farmingON
[10/05/26 04:57:19] D2BS 16000: MiniShopBot: true
[10/05/26 04:57:19] D2BS 16000: UseMerc: true HP: 70
[10/05/26 04:57:36] D2BS 16000: Merc matched: Might
[10/05/26 04:57:48] D2BS 16000: Token needed
[10/05/26 04:57:52] D2BS 16000: act5+ BO
[10/05/26 04:58:04] D2BS 16000: ÿc4=== [BAAL] ===
[10/05/26 05:01:36] D2BS 16000: ÿc4=== [COUNTESS] ===
[10/05/26 05:03:08] D2BS 16000: ÿc4=== [PIT] ===
[10/05/26 05:05:14] D2BS 16000: ÿc4=== [ANDY] ===
[10/05/26 05:06:17] D2BS 16000: ÿc4=== [MEPHISTO] ===
[10/05/26 05:07:43] D2BS 16000: ÿc4=== [DIABLO] ===
[10/05/26 05:12:26] D2BS 16000: Going to town
[10/05/26 05:12:31] D2BS 16000: party has left: fowo-xe
[10/05/26 05:12:32] D2BS 16000:  [15:18] +74.01% / [Level 78] 19.94%
[10/05/26 05:12:32] D2BS 16000: Script threads\autobuildthread.js ended
[10/05/26 05:12:32] D2BS 16000: Script threads\partythread.js ended
[10/05/26 05:12:32] D2BS 16000: Script threads\townchicken.js ended
[10/05/26 05:12:32] D2BS 16000: Script default.dbj ended
[10/05/26 05:12:44] D2BS 16000: joining game pz-84
[10/05/26 05:12:46] D2BS 16000: ÿc2D2BSÿc0 :: Starting default.dbj
[10/05/26 05:12:46] D2BS 16000: ÿc2D2BSÿc0 :: default.dbj running.
[10/05/26 05:12:46] D2BS 16000: Loaded ÿc9[X.nip] [Y.nip] [Z.nip] [V.nip] [D.FGOM.nip]
[10/05/26 05:12:46] D2BS 16000: Loaded ÿc9[D.FGOM.js]
[10/05/26 05:12:46] D2BS 16000: equipped: [Head] 14
[10/05/26 05:12:46] D2BS 16000: equipped: [Neck] 17
[10/05/26 05:12:46] D2BS 16000: equipped: [Body] 17
[10/05/26 05:12:46] D2BS 16000: equipped: [ArmR] 13
[10/05/26 05:12:46] D2BS 16000: equipped: [ArmL] 26
[10/05/26 05:12:46] D2BS 16000: equipped: [RingR] 13
[10/05/26 05:12:46] D2BS 16000: equipped: [RingL] 12
[10/05/26 05:12:46] D2BS 16000: equipped: [Belt] 16
[10/05/26 05:12:46] D2BS 16000: equipped: [Boots] 13
[10/05/26 05:12:46] D2BS 16000: equipped: [Mitts] 12
[10/05/26 05:12:46] D2BS 16000: Loaded ÿc9[AutoSmurf.js]
[10/05/26 05:12:51] D2BS 16000: farmingON
[10/05/26 05:12:55] D2BS 16000: MiniShopBot: true
[10/05/26 05:12:55] D2BS 16000: UseMerc: true HP: 70
[10/05/26 05:13:03] D2BS 16000: updateStat
[10/05/26 05:13:03] D2BS 16000: granted: [Head] 13
[10/05/26 05:13:03] D2BS 16000: granted: [Body] 17
[10/05/26 05:13:03] D2BS 16000: granted: [ArmR] 14
[10/05/26 05:13:19] D2BS 16000: Merc matched: Might
[10/05/26 05:13:23] D2BS 16000: Token needed
[10/05/26 05:13:27] D2BS 16000: act5+ BO
[10/05/26 05:13:28] D2BS 16000: updateStat
[10/05/26 05:13:41] D2BS 16000: ÿc4=== [BAAL] ===
[10/05/26 05:17:16] D2BS 16000: ÿc4=== [COUNTESS] ===
[10/05/26 05:18:34] D2BS 16000: ÿc4=== [PIT] ===
[10/05/26 05:20:24] D2BS 16000: ÿc4=== [ANDY] ===
[10/05/26 05:21:18] D2BS 16000: ÿc4=== [MEPHISTO] ===
[10/05/26 05:23:00] D2BS 16000: ÿc4=== [DIABLO] ===
[10/05/26 05:25:01] D2BS 16000: party has left: fowo-xe
[10/05/26 05:25:01] D2BS 16000:  [12:15] +73.40% / [Level 78] 93.34%
[10/05/26 05:25:01] D2BS 16000: Script threads\autobuildthread.js ended
[10/05/26 05:25:01] D2BS 16000: Script threads\partythread.js ended
[10/05/26 05:25:01] D2BS 16000: Script threads\townchicken.js ended
[10/05/26 05:25:01] D2BS 16000: Script default.dbj ended
[10/05/26 05:25:12] D2BS 16000: joining game pz-85
[10/05/26 05:25:13] D2BS 16000: ÿc2D2BSÿc0 :: Starting default.dbj
[10/05/26 05:25:13] D2BS 16000: ÿc2D2BSÿc0 :: default.dbj running.
[10/05/26 05:25:15] D2BS 16000: Loaded ÿc9[X.nip] [Y.nip] [Z.nip] [V.nip] [D.FGOM.nip]
[10/05/26 05:25:15] D2BS 16000: Loaded ÿc9[D.FGOM.js]
[10/05/26 05:25:15] D2BS 16000: equipped: [Head] 14
[10/05/26 05:25:15] D2BS 16000: equipped: [Neck] 17
[10/05/26 05:25:15] D2BS 16000: equipped: [Body] 17
[10/05/26 05:25:15] D2BS 16000: equipped: [ArmR] 13
[10/05/26 05:25:15] D2BS 16000: equipped: [ArmL] 26
[10/05/26 05:25:15] D2BS 16000: equipped: [RingR] 13
[10/05/26 05:25:15] D2BS 16000: equipped: [RingL] 12
[10/05/26 05:25:15] D2BS 16000: equipped: [Belt] 16
[10/05/26 05:25:15] D2BS 16000: equipped: [Boots] 13
[10/05/26 05:25:15] D2BS 16000: equipped: [Mitts] 12
[10/05/26 05:25:15] D2BS 16000: updateStat
[10/05/26 05:25:15] D2BS 16000: granted: [Head] 13
[10/05/26 05:25:15] D2BS 16000: granted: [Body] 17
[10/05/26 05:25:15] D2BS 16000: granted: [ArmR] 14
[10/05/26 05:25:15] D2BS 16000: Loaded ÿc9[AutoSmurf.js]
[10/05/26 05:25:19] D2BS 16000: farmingON
[10/05/26 05:25:22] D2BS 16000: MiniShopBot: true
[10/05/26 05:25:22] D2BS 16000: UseMerc: true HP: 70
[10/05/26 05:25:41] D2BS 16000: Merc matched: Might
[10/05/26 05:25:50] D2BS 16000: Token needed
[10/05/26 05:25:54] D2BS 16000: act5+ BO
[10/05/26 05:28:00] D2BS 16000: party has left: fowo-xe
[10/05/26 05:28:00] D2BS 16000: no exp [02:47]
[10/05/26 05:28:00] D2BS 16000: Script threads\autobuildthread.js ended
[10/05/26 05:28:01] D2BS 16000: Script threads\partythread.js ended
[10/05/26 05:28:01] D2BS 16000: Script threads\townchicken.js ended
[10/05/26 05:28:01] D2BS 16000: Script default.dbj ended
[10/05/26 05:28:12] D2BS 16000: joining game pz-86
[10/05/26 05:28:13] D2BS 16000: ÿc2D2BSÿc0 :: Starting default.dbj
[10/05/26 05:28:13] D2BS 16000: ÿc2D2BSÿc0 :: default.dbj running.
[10/05/26 05:28:13] D2BS 16000: Loaded ÿc9[X.nip] [Y.nip] [Z.nip] [V.nip] [D.FGOM.nip]
[10/05/26 05:28:13] D2BS 16000: Loaded ÿc9[D.FGOM.js]
[10/05/26 05:28:14] D2BS 16000: equipped: [Head] 14
[10/05/26 05:28:14] D2BS 16000: equipped: [Neck] 17
[10/05/26 05:28:14] D2BS 16000: equipped: [Body] 17
[10/05/26 05:28:14] D2BS 16000: equipped: [ArmR] 13
[10/05/26 05:28:14] D2BS 16000: equipped: [ArmL] 26
[10/05/26 05:28:14] D2BS 16000: equipped: [RingR] 13
[10/05/26 05:28:14] D2BS 16000: equipped: [RingL] 12
[10/05/26 05:28:14] D2BS 16000: equipped: [Belt] 16
[10/05/26 05:28:14] D2BS 16000: equipped: [Boots] 13
[10/05/26 05:28:14] D2BS 16000: equipped: [Mitts] 12
[10/05/26 05:28:14] D2BS 16000: updateStat
[10/05/26 05:28:14] D2BS 16000: granted: [Head] 13
[10/05/26 05:28:14] D2BS 16000: granted: [Body] 17
[10/05/26 05:28:14] D2BS 16000: granted: [ArmR] 14
[10/05/26 05:28:14] D2BS 16000: Loaded ÿc9[AutoSmurf.js]
[10/05/26 05:28:16] D2BS 16000: farmingON
[10/05/26 05:28:17] D2BS 16000: MiniShopBot: true
[10/05/26 05:28:17] D2BS 16000: UseMerc: true HP: 70
[10/05/26 05:28:31] D2BS 16000: Merc matched: Might
[10/05/26 05:28:42] D2BS 16000: Token needed
[10/05/26 05:28:46] D2BS 16000: act5+ BO
[10/05/26 05:28:59] D2BS 16000: ÿc4=== [BAAL] ===
[10/05/26 05:29:15] D2BS 16000: Baal failed: souls found
[10/05/26 05:29:15] D2BS 16000: ÿc4=== [COUNTESS] ===
[10/05/26 05:30:51] D2BS 16000: ÿc4=== [PIT] ===
[10/05/26 05:32:41] D2BS 16000: ÿc4=== [ANDY] ===
[10/05/26 05:33:42] D2BS 16000: ÿc4=== [MEPHISTO] ===
[10/05/26 05:35:22] D2BS 16000: ÿc4=== [DIABLO] ===
[10/05/26 05:41:13] D2BS 16000: Script ended
[10/05/26 05:41:13] D2BS 16000:  [13:00] +42.15% / [Level 79] 36.04%
[10/05/26 05:41:13] D2BS 16000: Script threads\autobuildthread.js ended
[10/05/26 05:41:13] D2BS 16000: Script threads\partythread.js ended
[10/05/26 05:41:13] D2BS 16000: Script threads\townchicken.js ended
[10/05/26 05:41:26] D2BS 16000: joining game pz-87
[10/05/26 05:41:28] D2BS 16000: ÿc2D2BSÿc0 :: Starting default.dbj
[10/05/26 05:41:28] D2BS 16000: ÿc2D2BSÿc0 :: default.dbj running.
[10/05/26 05:41:28] D2BS 16000: Loaded ÿc9[X.nip] [Y.nip] [Z.nip] [V.nip] [D.FGOM.nip]
[10/05/26 05:41:28] D2BS 16000: Loaded ÿc9[D.FGOM.js]
[10/05/26 05:41:29] D2BS 16000: equipped: [Head] 14
[10/05/26 05:41:29] D2BS 16000: equipped: [Neck] 17
[10/05/26 05:41:29] D2BS 16000: equipped: [Body] 17
[10/05/26 05:41:29] D2BS 16000: equipped: [ArmR] 13
[10/05/26 05:41:29] D2BS 16000: equipped: [ArmL] 26
[10/05/26 05:41:29] D2BS 16000: equipped: [RingR] 13
[10/05/26 05:41:29] D2BS 16000: equipped: [RingL] 12
[10/05/26 05:41:29] D2BS 16000: equipped: [Belt] 16
[10/05/26 05:41:29] D2BS 16000: equipped: [Boots] 13
[10/05/26 05:41:29] D2BS 16000: equipped: [Mitts] 12
[10/05/26 05:41:29] D2BS 16000: updateStat
[10/05/26 05:41:29] D2BS 16000: granted: [Head] 13
[10/05/26 05:41:29] D2BS 16000: granted: [Body] 17
[10/05/26 05:41:29] D2BS 16000: granted: [ArmR] 14
[10/05/26 05:41:29] D2BS 16000: Loaded ÿc9[AutoSmurf.js]
[10/05/26 05:41:33] D2BS 16000: farmingON
[10/05/26 05:41:35] D2BS 16000: MiniShopBot: true
[10/05/26 05:41:35] D2BS 16000: UseMerc: true HP: 70
[10/05/26 05:41:59] D2BS 16000: Merc matched: Might
[10/05/26 05:42:06] D2BS 16000: Token needed
[10/05/26 05:42:10] D2BS 16000: act5+ BO
[10/05/26 05:42:24] D2BS 16000: ÿc4=== [BAAL] ===
[10/05/26 05:45:14] D2BS 16000: Going to town
[10/05/26 05:46:22] D2BS 16000: ÿc4=== [COUNTESS] ===
[10/05/26 05:47:42] D2BS 16000: party has left: fowo-xe
[10/05/26 05:47:42] D2BS 16000:  [06:14] +42.36% / [Level 79] 78.40%
[10/05/26 05:47:42] D2BS 16000: Script threads\autobuildthread.js ended
[10/05/26 05:47:42] D2BS 16000: Script threads\partythread.js ended
[10/05/26 05:47:43] D2BS 16000: Script threads\townchicken.js ended
[10/05/26 05:47:43] D2BS 16000: Script default.dbj ended
[10/05/26 05:47:54] D2BS 16000: joining game pz-88
[10/05/26 05:47:56] D2BS 16000: ÿc2D2BSÿc0 :: Starting default.dbj
[10/05/26 05:47:56] D2BS 16000: ÿc2D2BSÿc0 :: default.dbj running.
[10/05/26 05:47:56] D2BS 16000: Loaded ÿc9[X.nip] [Y.nip] [Z.nip] [V.nip] [D.FGOM.nip]
[10/05/26 05:47:56] D2BS 16000: Loaded ÿc9[D.FGOM.js]
[10/05/26 05:47:56] D2BS 16000: equipped: [Head] 14
[10/05/26 05:47:56] D2BS 16000: equipped: [Neck] 17
[10/05/26 05:47:56] D2BS 16000: equipped: [Body] 17
[10/05/26 05:47:56] D2BS 16000: equipped: [ArmR] 13
[10/05/26 05:47:56] D2BS 16000: equipped: [ArmL] 26
[10/05/26 05:47:56] D2BS 16000: equipped: [RingR] 13
[10/05/26 05:47:56] D2BS 16000: equipped: [RingL] 12
[10/05/26 05:47:56] D2BS 16000: equipped: [Belt] 16
[10/05/26 05:47:56] D2BS 16000: equipped: [Boots] 13
[10/05/26 05:47:56] D2BS 16000: equipped: [Mitts] 12
[10/05/26 05:47:56] D2BS 16000: updateStat
[10/05/26 05:47:56] D2BS 16000: granted: [Head] 13
[10/05/26 05:47:56] D2BS 16000: granted: [Body] 17
[10/05/26 05:47:56] D2BS 16000: granted: [ArmR] 14
[10/05/26 05:47:56] D2BS 16000: Loaded ÿc9[AutoSmurf.js]
[10/05/26 05:48:03] D2BS 16000: farmingON
[10/05/26 05:48:04] D2BS 16000: MiniShopBot: true
[10/05/26 05:48:04] D2BS 16000: UseMerc: true HP: 70
[10/05/26 05:48:24] D2BS 16000: Merc matched: Might
[10/05/26 05:48:39] D2BS 16000: Token needed
[10/05/26 05:48:43] D2BS 16000: act5+ BO
[10/05/26 05:48:57] D2BS 16000: ÿc4=== [BAAL] ===
[10/05/26 05:51:34] D2BS 16000: Going to town
[10/05/26 05:52:47] D2BS 16000: ÿc4=== [COUNTESS] ===
[10/05/26 05:54:19] D2BS 16000: ÿc4=== [PIT] ===
[10/05/26 05:56:15] D2BS 16000: ÿc4=== [ANDY] ===
[10/05/26 05:57:15] D2BS 16000: ÿc4=== [MEPHISTO] ===
[10/05/26 05:58:59] D2BS 16000: ÿc4=== [DIABLO] ===
[10/05/26 06:03:57] D2BS 16000: party has left: fowo-xe
[10/05/26 06:03:57] D2BS 16000:  [16:01] +62.63% / [Level 80] 42.82%
[10/05/26 06:03:57] D2BS 16000: Script threads\autobuildthread.js ended
[10/05/26 06:03:57] D2BS 16000: Script threads\partythread.js ended
[10/05/26 06:03:57] D2BS 16000: Script threads\townchicken.js ended
[10/05/26 06:03:57] D2BS 16000: Script default.dbj ended
[10/05/26 06:04:10] D2BS 16000: joining game pz-89
[10/05/26 06:04:12] D2BS 16000: ÿc2D2BSÿc0 :: Starting default.dbj
[10/05/26 06:04:12] D2BS 16000: ÿc2D2BSÿc0 :: default.dbj running.
[10/05/26 06:04:12] D2BS 16000: Loaded ÿc9[X.nip] [Y.nip] [Z.nip] [V.nip] [D.FGOM.nip]
[10/05/26 06:04:12] D2BS 16000: Loaded ÿc9[D.FGOM.js]
[10/05/26 06:04:12] D2BS 16000: equipped: [Head] 14
[10/05/26 06:04:12] D2BS 16000: equipped: [Neck] 17
[10/05/26 06:04:12] D2BS 16000: equipped: [Body] 17
[10/05/26 06:04:12] D2BS 16000: equipped: [ArmR] 13
[10/05/26 06:04:12] D2BS 16000: equipped: [ArmL] 26
[10/05/26 06:04:12] D2BS 16000: equipped: [RingR] 13
[10/05/26 06:04:12] D2BS 16000: equipped: [RingL] 12
[10/05/26 06:04:12] D2BS 16000: equipped: [Belt] 16
[10/05/26 06:04:12] D2BS 16000: equipped: [Boots] 13
[10/05/26 06:04:12] D2BS 16000: equipped: [Mitts] 12
[10/05/26 06:04:12] D2BS 16000: updateStat
[10/05/26 06:04:12] D2BS 16000: granted: [Head] 13
[10/05/26 06:04:12] D2BS 16000: granted: [Body] 17
[10/05/26 06:04:12] D2BS 16000: granted: [ArmR] 14
[10/05/26 06:04:12] D2BS 16000: Loaded ÿc9[AutoSmurf.js]
[10/05/26 06:04:18] D2BS 16000: farmingON
[10/05/26 06:04:22] D2BS 16000: MiniShopBot: true
[10/05/26 06:04:22] D2BS 16000: UseMerc: true HP: 70
[10/05/26 06:04:43] D2BS 16000: Merc matched: Might
[10/05/26 06:04:49] D2BS 16000: Token needed
[10/05/26 06:04:53] D2BS 16000: act5+ BO
[10/05/26 06:05:06] D2BS 16000: ÿc4=== [BAAL] ===
[10/05/26 06:06:29] D2BS 16000: Going to town
[10/05/26 06:07:34] D2BS 16000: Going to town
[10/05/26 06:09:13] D2BS 16000: ÿc4=== [COUNTESS] ===
[10/05/26 06:10:29] D2BS 16000: ÿc4=== [PIT] ===
[10/05/26 06:11:14] D2BS 16000: party has left: fowo-xe
[10/05/26 06:11:14] D2BS 16000:  [07:02] +31.35% / [Level 80] 74.17%
[10/05/26 06:11:14] D2BS 16000: Script threads\autobuildthread.js ended
[10/05/26 06:11:14] D2BS 16000: Script threads\partythread.js ended
[10/05/26 06:11:14] D2BS 16000: Script threads\townchicken.js ended
[10/05/26 06:11:14] D2BS 16000: Script default.dbj ended
[10/05/26 06:11:27] D2BS 16000: joining game pz-90
[10/05/26 06:11:30] D2BS 16000: ÿc2D2BSÿc0 :: Starting default.dbj
[10/05/26 06:11:30] D2BS 16000: ÿc2D2BSÿc0 :: default.dbj running.
[10/05/26 06:11:30] D2BS 16000: Loaded ÿc9[X.nip] [Y.nip] [Z.nip] [V.nip] [D.FGOM.nip]
[10/05/26 06:11:30] D2BS 16000: Loaded ÿc9[D.FGOM.js]
[10/05/26 06:11:30] D2BS 16000: equipped: [Head] 14
[10/05/26 06:11:30] D2BS 16000: equipped: [Neck] 17
[10/05/26 06:11:30] D2BS 16000: equipped: [Body] 17
[10/05/26 06:11:30] D2BS 16000: equipped: [ArmR] 13
[10/05/26 06:11:30] D2BS 16000: equipped: [ArmL] 26
[10/05/26 06:11:30] D2BS 16000: equipped: [RingR] 13
[10/05/26 06:11:30] D2BS 16000: equipped: [RingL] 12
[10/05/26 06:11:30] D2BS 16000: equipped: [Belt] 16
[10/05/26 06:11:30] D2BS 16000: equipped: [Boots] 13
[10/05/26 06:11:30] D2BS 16000: equipped: [Mitts] 12
[10/05/26 06:11:30] D2BS 16000: updateStat
[10/05/26 06:11:30] D2BS 16000: granted: [Head] 13
[10/05/26 06:11:30] D2BS 16000: granted: [Body] 17
[10/05/26 06:11:30] D2BS 16000: granted: [ArmR] 14
[10/05/26 06:11:30] D2BS 16000: Loaded ÿc9[AutoSmurf.js]
[10/05/26 06:11:35] D2BS 16000: farmingON
[10/05/26 06:11:37] D2BS 16000: MiniShopBot: true
[10/05/26 06:11:37] D2BS 16000: UseMerc: true HP: 70
[10/05/26 06:11:55] D2BS 16000: Merc matched: Might
[10/05/26 06:12:02] D2BS 16000: Token needed
[10/05/26 06:12:06] D2BS 16000: act5+ BO
[10/05/26 06:12:18] D2BS 16000: ÿc4=== [BAAL] ===
[10/05/26 06:17:55] D2BS 16000: ÿc4=== [COUNTESS] ===
[10/05/26 06:19:21] D2BS 16000: party has left: fowo-xe
[10/05/26 06:19:21] D2BS 16000:  [07:51] +40.16% / [Level 81] 16.46%
[10/05/26 06:19:21] D2BS 16000: Script threads\autobuildthread.js ended
[10/05/26 06:19:21] D2BS 16000: Script threads\partythread.js ended
[10/05/26 06:19:21] D2BS 16000: Script threads\townchicken.js ended
[10/05/26 06:19:21] D2BS 16000: Script default.dbj ended
[10/05/26 06:19:33] D2BS 16000: joining game pz-91
[10/05/26 06:19:35] D2BS 16000: ÿc2D2BSÿc0 :: Starting default.dbj
[10/05/26 06:19:35] D2BS 16000: ÿc2D2BSÿc0 :: default.dbj running.
[10/05/26 06:19:35] D2BS 16000: Loaded ÿc9[X.nip] [Y.nip] [Z.nip] [V.nip] [D.FGOM.nip]
[10/05/26 06:19:35] D2BS 16000: Loaded ÿc9[D.FGOM.js]
[10/05/26 06:19:35] D2BS 16000: equipped: [Head] 14
[10/05/26 06:19:35] D2BS 16000: equipped: [Neck] 17
[10/05/26 06:19:35] D2BS 16000: equipped: [Body] 17
[10/05/26 06:19:35] D2BS 16000: equipped: [ArmR] 13
[10/05/26 06:19:35] D2BS 16000: equipped: [ArmL] 26
[10/05/26 06:19:35] D2BS 16000: equipped: [RingR] 13
[10/05/26 06:19:35] D2BS 16000: equipped: [RingL] 12
[10/05/26 06:19:35] D2BS 16000: equipped: [Belt] 16
[10/05/26 06:19:35] D2BS 16000: equipped: [Boots] 13
[10/05/26 06:19:35] D2BS 16000: equipped: [Mitts] 12
[10/05/26 06:19:35] D2BS 16000: Loaded ÿc9[AutoSmurf.js]
[10/05/26 06:19:41] D2BS 16000: farmingON
[10/05/26 06:19:43] D2BS 16000: MiniShopBot: true
[10/05/26 06:19:43] D2BS 16000: UseMerc: true HP: 70
[10/05/26 06:19:59] D2BS 16000: Merc matched: Might
[10/05/26 06:20:11] D2BS 16000: Token needed
[10/05/26 06:20:14] D2BS 16000: act5+ BO
[10/05/26 06:20:16] D2BS 16000: updateStat
[10/05/26 06:20:37] D2BS 16000: ÿc4=== [BAAL] ===
[10/05/26 06:23:23] D2BS 16000: party has left: fowo-xe
[10/05/26 06:23:23] D2BS 16000:  [03:48] +22.82% / [Level 81] 39.27%
[10/05/26 06:23:23] D2BS 16000: Script threads\autobuildthread.js ended
[10/05/26 06:23:24] D2BS 16000: Script threads\partythread.js ended
[10/05/26 06:23:24] D2BS 16000: Script threads\townchicken.js ended
[10/05/26 06:23:24] D2BS 16000: Script default.dbj ended
[10/05/26 06:23:45] D2BS 16000: joining game pz-92
[10/05/26 06:23:48] D2BS 16000: ÿc2D2BSÿc0 :: Starting default.dbj
[10/05/26 06:23:48] D2BS 16000: ÿc2D2BSÿc0 :: default.dbj running.
[10/05/26 06:23:48] D2BS 16000: Loaded ÿc9[X.nip] [Y.nip] [Z.nip] [V.nip] [D.FGOM.nip]
[10/05/26 06:23:48] D2BS 16000: Loaded ÿc9[D.FGOM.js]
[10/05/26 06:23:48] D2BS 16000: equipped: [Head] 14
[10/05/26 06:23:48] D2BS 16000: equipped: [Neck] 17
[10/05/26 06:23:48] D2BS 16000: equipped: [Body] 17
[10/05/26 06:23:48] D2BS 16000: equipped: [ArmR] 13
[10/05/26 06:23:48] D2BS 16000: equipped: [ArmL] 26
[10/05/26 06:23:48] D2BS 16000: equipped: [RingR] 13
[10/05/26 06:23:48] D2BS 16000: equipped: [RingL] 12
[10/05/26 06:23:48] D2BS 16000: equipped: [Belt] 16
[10/05/26 06:23:48] D2BS 16000: equipped: [Boots] 13
[10/05/26 06:23:48] D2BS 16000: equipped: [Mitts] 12
[10/05/26 06:23:48] D2BS 16000: updateStat
[10/05/26 06:23:48] D2BS 16000: granted: [Head] 13
[10/05/26 06:23:48] D2BS 16000: granted: [Body] 17
[10/05/26 06:23:48] D2BS 16000: granted: [ArmR] 14
[10/05/26 06:23:48] D2BS 16000: Loaded ÿc9[AutoSmurf.js]
[10/05/26 06:23:49] D2BS 16000: farmingON
[10/05/26 06:23:50] D2BS 16000: MiniShopBot: true
[10/05/26 06:23:50] D2BS 16000: UseMerc: true HP: 70
[10/05/26 06:24:09] D2BS 16000: Merc matched: Might
[10/05/26 06:24:17] D2BS 16000: Token needed
[10/05/26 06:24:21] D2BS 16000: act5+ BO
[10/05/26 06:24:34] D2BS 16000: ÿc4=== [BAAL] ===
[10/05/26 06:28:47] D2BS 16000: party has left: fowo-xd
[10/05/26 06:28:47] D2BS 16000:  [05:01] +29.53% / [Level 81] 68.81%
[10/05/26 06:28:47] D2BS 16000: Script threads\autobuildthread.js ended
[10/05/26 06:28:48] D2BS 16000: Script threads\partythread.js ended
[10/05/26 06:28:48] D2BS 16000: Script threads\townchicken.js ended
[10/05/26 06:28:48] D2BS 16000: Script default.dbj ended
[10/05/26 06:29:00] D2BS 16000: joining game pz-93
[10/05/26 06:29:02] D2BS 16000: ÿc2D2BSÿc0 :: Starting default.dbj
[10/05/26 06:29:02] D2BS 16000: ÿc2D2BSÿc0 :: default.dbj running.
[10/05/26 06:29:02] D2BS 16000: Loaded ÿc9[X.nip] [Y.nip] [Z.nip] [V.nip] [D.FGOM.nip]
[10/05/26 06:29:02] D2BS 16000: Loaded ÿc9[D.FGOM.js]
[10/05/26 06:29:02] D2BS 16000: equipped: [Head] 14
[10/05/26 06:29:02] D2BS 16000: equipped: [Neck] 17
[10/05/26 06:29:02] D2BS 16000: equipped: [Body] 17
[10/05/26 06:29:02] D2BS 16000: equipped: [ArmR] 13
[10/05/26 06:29:02] D2BS 16000: equipped: [ArmL] 26
[10/05/26 06:29:02] D2BS 16000: equipped: [RingR] 13
[10/05/26 06:29:02] D2BS 16000: equipped: [RingL] 12
[10/05/26 06:29:02] D2BS 16000: equipped: [Belt] 16
[10/05/26 06:29:02] D2BS 16000: equipped: [Boots] 13
[10/05/26 06:29:02] D2BS 16000: equipped: [Mitts] 12
[10/05/26 06:29:02] D2BS 16000: updateStat
[10/05/26 06:29:02] D2BS 16000: granted: [Head] 13
[10/05/26 06:29:02] D2BS 16000: granted: [Body] 17
[10/05/26 06:29:02] D2BS 16000: granted: [ArmR] 14
[10/05/26 06:29:02] D2BS 16000: Loaded ÿc9[AutoSmurf.js]
[10/05/26 06:29:04] D2BS 16000: MiniShopBot: true
[10/05/26 06:29:04] D2BS 16000: farmingON
[10/05/26 06:29:04] D2BS 16000: UseMerc: true HP: 70
[10/05/26 06:29:22] D2BS 16000: equipped: [ArmR] 14
[10/05/26 06:29:22] D2BS 16000: Merc matched: Might
[10/05/26 06:29:34] D2BS 16000: Token needed
[10/05/26 06:29:38] D2BS 16000: act5+ BO
[10/05/26 06:29:51] D2BS 16000: ÿc4=== [BAAL] ===
[10/05/26 06:30:06] D2BS 16000: Baal failed: souls found
[10/05/26 06:30:06] D2BS 16000: ÿc4=== [COUNTESS] ===
[10/05/26 06:31:10] D2BS 16000: ÿc4=== [PIT] ===
[10/05/26 06:33:00] D2BS 16000: ÿc4=== [ANDY] ===
[10/05/26 06:33:55] D2BS 16000: ÿc4=== [MEPHISTO] ===
[10/05/26 06:35:00] D2BS 16000: party has left: fowo-xd
[10/05/26 06:35:00] D2BS 16000:  [05:59] +9.19% / [Level 81] 78.00%
[10/05/26 06:35:00] D2BS 16000: Script threads\autobuildthread.js ended
[10/05/26 06:35:00] D2BS 16000: Script threads\partythread.js ended
[10/05/26 06:35:01] D2BS 16000: Script threads\townchicken.js ended
[10/05/26 06:35:01] D2BS 16000: Script default.dbj ended
[10/05/26 06:35:14] D2BS 16000: joining game pz-94
[10/05/26 06:35:16] D2BS 16000: ÿc2D2BSÿc0 :: Starting default.dbj
[10/05/26 06:35:16] D2BS 16000: ÿc2D2BSÿc0 :: default.dbj running.
[10/05/26 06:35:16] D2BS 16000: Loaded ÿc9[X.nip] [Y.nip] [Z.nip] [V.nip] [D.FGOM.nip]
[10/05/26 06:35:16] D2BS 16000: Loaded ÿc9[D.FGOM.js]
[10/05/26 06:35:16] D2BS 16000: equipped: [Head] 14
[10/05/26 06:35:16] D2BS 16000: equipped: [Neck] 17
[10/05/26 06:35:16] D2BS 16000: equipped: [Body] 17
[10/05/26 06:35:16] D2BS 16000: equipped: [ArmR] 14
[10/05/26 06:35:16] D2BS 16000: equipped: [ArmL] 26
[10/05/26 06:35:16] D2BS 16000: equipped: [RingR] 13
[10/05/26 06:35:16] D2BS 16000: equipped: [RingL] 12
[10/05/26 06:35:16] D2BS 16000: equipped: [Belt] 16
[10/05/26 06:35:16] D2BS 16000: equipped: [Boots] 13
[10/05/26 06:35:16] D2BS 16000: equipped: [Mitts] 12
[10/05/26 06:35:16] D2BS 16000: updateStat
[10/05/26 06:35:16] D2BS 16000: granted: [Head] 13
[10/05/26 06:35:16] D2BS 16000: granted: [Body] 17
[10/05/26 06:35:16] D2BS 16000: granted: [ArmR] 14
[10/05/26 06:35:16] D2BS 16000: Loaded ÿc9[AutoSmurf.js]
[10/05/26 06:35:27] D2BS 16000: farmingON
[10/05/26 06:35:29] D2BS 16000: MiniShopBot: true
[10/05/26 06:35:29] D2BS 16000: UseMerc: true HP: 70
[10/05/26 06:35:45] D2BS 16000: Merc matched: Might
[10/05/26 06:36:01] D2BS 16000: Token needed
[10/05/26 06:36:05] D2BS 16000: act5+ BO
[10/05/26 06:36:17] D2BS 16000: ÿc4=== [BAAL] ===
[10/05/26 06:36:40] D2BS 16000: Baal failed: souls found
[10/05/26 06:36:40] D2BS 16000: ÿc4=== [COUNTESS] ===
[10/05/26 06:37:57] D2BS 16000: ÿc4=== [PIT] ===
[10/05/26 06:39:41] D2BS 16000: ÿc4=== [ANDY] ===
[10/05/26 06:40:36] D2BS 16000: ÿc4=== [MEPHISTO] ===
[10/05/26 06:42:06] D2BS 16000: ÿc4=== [DIABLO] ===
[10/05/26 06:43:27] D2BS 16000: party has left: fowo-xe
[10/05/26 06:43:28] D2BS 16000:  [08:12] +13.09% / [Level 81] 91.09%
[10/05/26 06:43:28] D2BS 16000: Script threads\autobuildthread.js ended
[10/05/26 06:43:28] D2BS 16000: Script threads\partythread.js ended
[10/05/26 06:43:28] D2BS 16000: Script threads\townchicken.js ended
[10/05/26 06:43:28] D2BS 16000: Script default.dbj ended
[10/05/26 06:43:40] D2BS 16000: joining game pz-95
[10/05/26 06:43:42] D2BS 16000: ÿc2D2BSÿc0 :: Starting default.dbj
[10/05/26 06:43:42] D2BS 16000: ÿc2D2BSÿc0 :: default.dbj running.
[10/05/26 06:43:42] D2BS 16000: Loaded ÿc9[X.nip] [Y.nip] [Z.nip] [V.nip] [D.FGOM.nip]
[10/05/26 06:43:42] D2BS 16000: Loaded ÿc9[D.FGOM.js]
[10/05/26 06:43:42] D2BS 16000: equipped: [Head] 14
[10/05/26 06:43:43] D2BS 16000: equipped: [Neck] 17
[10/05/26 06:43:43] D2BS 16000: equipped: [Body] 17
[10/05/26 06:43:43] D2BS 16000: equipped: [ArmR] 14
[10/05/26 06:43:43] D2BS 16000: equipped: [ArmL] 26
[10/05/26 06:43:43] D2BS 16000: equipped: [RingR] 13
[10/05/26 06:43:43] D2BS 16000: equipped: [RingL] 12
[10/05/26 06:43:43] D2BS 16000: equipped: [Belt] 16
[10/05/26 06:43:43] D2BS 16000: equipped: [Boots] 13
[10/05/26 06:43:43] D2BS 16000: equipped: [Mitts] 12
[10/05/26 06:43:43] D2BS 16000: updateStat
[10/05/26 06:43:43] D2BS 16000: granted: [Head] 13
[10/05/26 06:43:43] D2BS 16000: granted: [Body] 17
[10/05/26 06:43:43] D2BS 16000: granted: [ArmR] 14
[10/05/26 06:43:43] D2BS 16000: Loaded ÿc9[AutoSmurf.js]
[10/05/26 06:43:48] D2BS 16000: farmingON
[10/05/26 06:43:50] D2BS 16000: MiniShopBot: true
[10/05/26 06:43:50] D2BS 16000: UseMerc: true HP: 70
[10/05/26 06:44:12] D2BS 16000: granted: [ArmR] 16
[10/05/26 06:44:12] D2BS 16000: Merc matched: Might
[10/05/26 06:44:23] D2BS 16000: Token needed
[10/05/26 06:44:27] D2BS 16000: act5+ BO
[10/05/26 06:44:39] D2BS 16000: ÿc4=== [BAAL] ===
[10/05/26 06:48:11] D2BS 16000: ÿc4=== [COUNTESS] ===
[10/05/26 06:49:24] D2BS 16000: ÿc4=== [PIT] ===
[10/05/26 06:50:36] D2BS 16000: party has left: fowo-xd
[10/05/26 06:50:36] D2BS 16000:  [06:55] +24.83% / [Level 82] 16.65%
[10/05/26 06:50:36] D2BS 16000: Script threads\autobuildthread.js ended
[10/05/26 06:50:36] D2BS 16000: Script threads\partythread.js ended
[10/05/26 06:50:36] D2BS 16000: Script threads\townchicken.js ended
[10/05/26 06:50:36] D2BS 16000: Script default.dbj ended
[10/05/26 06:50:50] D2BS 16000: joining game pz-96
[10/05/26 06:50:52] D2BS 16000: ÿc2D2BSÿc0 :: Starting default.dbj
[10/05/26 06:50:52] D2BS 16000: ÿc2D2BSÿc0 :: default.dbj running.
[10/05/26 06:50:52] D2BS 16000: Loaded ÿc9[X.nip] [Y.nip] [Z.nip] [V.nip] [D.FGOM.nip]
[10/05/26 06:50:52] D2BS 16000: Loaded ÿc9[D.FGOM.js]
[10/05/26 06:50:52] D2BS 16000: equipped: [Head] 14
[10/05/26 06:50:52] D2BS 16000: equipped: [Neck] 17
[10/05/26 06:50:52] D2BS 16000: equipped: [Body] 17
[10/05/26 06:50:52] D2BS 16000: equipped: [ArmR] 14
[10/05/26 06:50:52] D2BS 16000: equipped: [ArmL] 26
[10/05/26 06:50:52] D2BS 16000: equipped: [RingR] 13
[10/05/26 06:50:52] D2BS 16000: equipped: [RingL] 12
[10/05/26 06:50:52] D2BS 16000: equipped: [Belt] 16
[10/05/26 06:50:52] D2BS 16000: equipped: [Boots] 13
[10/05/26 06:50:52] D2BS 16000: equipped: [Mitts] 12
[10/05/26 06:50:52] D2BS 16000: updateStat
[10/05/26 06:50:52] D2BS 16000: granted: [Head] 13
[10/05/26 06:50:52] D2BS 16000: granted: [Body] 17
[10/05/26 06:50:52] D2BS 16000: granted: [ArmR] 16
[10/05/26 06:50:52] D2BS 16000: Loaded ÿc9[AutoSmurf.js]
[10/05/26 06:50:57] D2BS 16000: MiniShopBot: true
[10/05/26 06:50:57] D2BS 16000: farmingON
[10/05/26 06:50:57] D2BS 16000: UseMerc: true HP: 70
[10/05/26 06:51:12] D2BS 16000: Merc matched: Might
[10/05/26 06:51:31] D2BS 16000: Token needed
[10/05/26 06:51:35] D2BS 16000: act5+ BO
[10/05/26 06:51:47] D2BS 16000: ÿc4=== [BAAL] ===
[10/05/26 06:52:09] D2BS 16000: Baal failed: souls found
[10/05/26 06:52:09] D2BS 16000: ÿc4=== [COUNTESS] ===
[10/05/26 06:53:21] D2BS 16000: ÿc4=== [PIT] ===
[10/05/26 06:55:11] D2BS 16000: ÿc4=== [ANDY] ===
[10/05/26 06:56:06] D2BS 16000: ÿc4=== [MEPHISTO] ===
[10/05/26 06:57:56] D2BS 16000: ÿc4=== [DIABLO] ===
[10/05/26 06:59:49] D2BS 16000: party has left: fowo-xe
[10/05/26 06:59:49] D2BS 16000:  [08:56] +17.23% / [Level 82] 33.88%
[10/05/26 06:59:49] D2BS 16000: Script threads\autobuildthread.js ended
[10/05/26 06:59:49] D2BS 16000: Script threads\partythread.js ended
[10/05/26 06:59:49] D2BS 16000: Script threads\townchicken.js ended
[10/05/26 06:59:49] D2BS 16000: Script default.dbj ended
[10/05/26 07:00:01] D2BS 16000: joining game pz-97
[10/05/26 07:00:02] D2BS 16000: ÿc2D2BSÿc0 :: Starting default.dbj
[10/05/26 07:00:02] D2BS 16000: ÿc2D2BSÿc0 :: default.dbj running.
[10/05/26 07:00:03] D2BS 16000: Loaded ÿc9[X.nip] [Y.nip] [Z.nip] [V.nip] [D.FGOM.nip]
[10/05/26 07:00:03] D2BS 16000: Loaded ÿc9[D.FGOM.js]
[10/05/26 07:00:03] D2BS 16000: equipped: [Head] 14
[10/05/26 07:00:03] D2BS 16000: equipped: [Neck] 17
[10/05/26 07:00:03] D2BS 16000: equipped: [Body] 17
[10/05/26 07:00:03] D2BS 16000: equipped: [ArmR] 14
[10/05/26 07:00:03] D2BS 16000: equipped: [ArmL] 26
[10/05/26 07:00:03] D2BS 16000: equipped: [RingR] 13
[10/05/26 07:00:03] D2BS 16000: equipped: [RingL] 12
[10/05/26 07:00:03] D2BS 16000: equipped: [Belt] 16
[10/05/26 07:00:03] D2BS 16000: equipped: [Boots] 13
[10/05/26 07:00:03] D2BS 16000: equipped: [Mitts] 12
[10/05/26 07:00:03] D2BS 16000: updateStat
[10/05/26 07:00:03] D2BS 16000: granted: [Head] 13
[10/05/26 07:00:03] D2BS 16000: granted: [Body] 17
[10/05/26 07:00:03] D2BS 16000: granted: [ArmR] 16
[10/05/26 07:00:03] D2BS 16000: Loaded ÿc9[AutoSmurf.js]
[10/05/26 07:00:08] D2BS 16000: MiniShopBot: true
[10/05/26 07:00:09] D2BS 16000: farmingON
[10/05/26 07:00:09] D2BS 16000: UseMerc: true HP: 70
[10/05/26 07:00:27] D2BS 16000: Merc matched: Might
[10/05/26 07:00:45] D2BS 16000: Token needed
[10/05/26 07:00:49] D2BS 16000: act5+ BO
[10/05/26 07:01:02] D2BS 16000: ÿc4=== [BAAL] ===
[10/05/26 07:04:27] D2BS 16000: ÿc4=== [COUNTESS] ===
[10/05/26 07:05:38] D2BS 16000: ÿc4=== [PIT] ===
[10/05/26 07:07:30] D2BS 16000: ÿc4=== [ANDY] ===
[10/05/26 07:08:25] D2BS 16000: ÿc4=== [MEPHISTO] ===
[10/05/26 07:10:26] D2BS 16000: ÿc4=== [DIABLO] ===
[10/05/26 07:10:43] D2BS 16000: granted: [Body] 18
[10/05/26 07:16:43] D2BS 16000: Script ended
[10/05/26 07:16:43] D2BS 16000:  [16:42] +45.49% / [Level 82] 79.37%
[10/05/26 07:16:43] D2BS 16000: Script threads\autobuildthread.js ended
[10/05/26 07:16:43] D2BS 16000: Script threads\partythread.js ended
[10/05/26 07:16:44] D2BS 16000: Script threads\townchicken.js ended
[10/05/26 07:16:57] D2BS 16000: joining game pz-98
[10/05/26 07:16:59] D2BS 16000: ÿc2D2BSÿc0 :: Starting default.dbj
[10/05/26 07:16:59] D2BS 16000: ÿc2D2BSÿc0 :: default.dbj running.
[10/05/26 07:17:00] D2BS 16000: Loaded ÿc9[X.nip] [Y.nip] [Z.nip] [V.nip] [D.FGOM.nip]
[10/05/26 07:17:00] D2BS 16000: Loaded ÿc9[D.FGOM.js]
[10/05/26 07:17:00] D2BS 16000: equipped: [Head] 14
[10/05/26 07:17:00] D2BS 16000: equipped: [Neck] 17
[10/05/26 07:17:00] D2BS 16000: equipped: [Body] 17
[10/05/26 07:17:00] D2BS 16000: equipped: [ArmR] 14
[10/05/26 07:17:00] D2BS 16000: equipped: [ArmL] 26
[10/05/26 07:17:00] D2BS 16000: equipped: [RingR] 13
[10/05/26 07:17:00] D2BS 16000: equipped: [RingL] 12
[10/05/26 07:17:00] D2BS 16000: equipped: [Belt] 16
[10/05/26 07:17:00] D2BS 16000: equipped: [Boots] 13
[10/05/26 07:17:00] D2BS 16000: equipped: [Mitts] 12
[10/05/26 07:17:00] D2BS 16000: updateStat
[10/05/26 07:17:00] D2BS 16000: granted: [Head] 13
[10/05/26 07:17:00] D2BS 16000: granted: [Body] 18
[10/05/26 07:17:00] D2BS 16000: granted: [ArmR] 16
[10/05/26 07:17:00] D2BS 16000: Loaded ÿc9[AutoSmurf.js]
[10/05/26 07:17:04] D2BS 16000: farmingON
[10/05/26 07:17:06] D2BS 16000: MiniShopBot: true
[10/05/26 07:17:06] D2BS 16000: UseMerc: true HP: 70
[10/05/26 07:17:26] D2BS 16000: Merc matched: Might
[10/05/26 07:17:39] D2BS 16000: Token needed
[10/05/26 07:17:44] D2BS 16000: act5+ BO
[10/05/26 07:17:56] D2BS 16000: ÿc4=== [BAAL] ===
[10/05/26 07:18:15] D2BS 16000: Baal failed: souls found
[10/05/26 07:18:15] D2BS 16000: ÿc4=== [COUNTESS] ===
[10/05/26 07:19:14] D2BS 16000: ÿc4=== [PIT] ===
[10/05/26 07:21:25] D2BS 16000: ÿc4=== [ANDY] ===
[10/05/26 07:22:23] D2BS 16000: ÿc4=== [MEPHISTO] ===
[10/05/26 07:24:13] D2BS 16000: ÿc4=== [DIABLO] ===
[10/05/26 07:30:43] D2BS 16000: party has left: fowo-xg
[10/05/26 07:30:43] D2BS 16000:  [13:44] +31.94% / [Level 83] 13.01%
[10/05/26 07:30:43] D2BS 16000: Script threads\autobuildthread.js ended
[10/05/26 07:30:43] D2BS 16000: Script threads\partythread.js ended
[10/05/26 07:30:43] D2BS 16000: Script threads\townchicken.js ended
[10/05/26 07:30:44] D2BS 16000: Script default.dbj ended
[10/05/26 07:30:56] D2BS 16000: joining game pz-99
[10/05/26 07:30:59] D2BS 16000: ÿc2D2BSÿc0 :: Starting default.dbj
[10/05/26 07:30:59] D2BS 16000: ÿc2D2BSÿc0 :: default.dbj running.
[10/05/26 07:30:59] D2BS 16000: Loaded ÿc9[X.nip] [Y.nip] [Z.nip] [V.nip] [D.FGOM.nip]
[10/05/26 07:30:59] D2BS 16000: Loaded ÿc9[D.FGOM.js]
[10/05/26 07:30:59] D2BS 16000: equipped: [Head] 14
[10/05/26 07:30:59] D2BS 16000: equipped: [Neck] 17
[10/05/26 07:30:59] D2BS 16000: equipped: [Body] 17
[10/05/26 07:30:59] D2BS 16000: equipped: [ArmR] 14
[10/05/26 07:30:59] D2BS 16000: equipped: [ArmL] 26
[10/05/26 07:30:59] D2BS 16000: equipped: [RingR] 13
[10/05/26 07:30:59] D2BS 16000: equipped: [RingL] 12
[10/05/26 07:30:59] D2BS 16000: equipped: [Belt] 16
[10/05/26 07:30:59] D2BS 16000: equipped: [Boots] 13
[10/05/26 07:30:59] D2BS 16000: equipped: [Mitts] 12
[10/05/26 07:30:59] D2BS 16000: updateStat
[10/05/26 07:30:59] D2BS 16000: granted: [Head] 13
[10/05/26 07:30:59] D2BS 16000: granted: [Body] 18
[10/05/26 07:30:59] D2BS 16000: granted: [ArmR] 16
[10/05/26 07:30:59] D2BS 16000: Loaded ÿc9[AutoSmurf.js]
[10/05/26 07:31:03] D2BS 16000: MiniShopBot: true
[10/05/26 07:31:03] D2BS 16000: farmingON
[10/05/26 07:31:03] D2BS 16000: UseMerc: true HP: 70
[10/05/26 07:31:20] D2BS 16000: Merc matched: Might
[10/05/26 07:31:35] D2BS 16000: Token needed
[10/05/26 07:31:39] D2BS 16000: act5+ BO
[10/05/26 07:31:52] D2BS 16000: ÿc4=== [BAAL] ===
[10/05/26 07:35:23] D2BS 16000: ÿc4=== [COUNTESS] ===
[10/05/26 07:36:35] D2BS 16000: ÿc4=== [PIT] ===
[10/05/26 07:38:17] D2BS 16000: ÿc4=== [ANDY] ===
[10/05/26 07:39:07] D2BS 16000: ÿc4=== [MEPHISTO] ===
[10/05/26 07:40:52] D2BS 16000: ÿc4=== [DIABLO] ===
[10/05/26 07:48:07] D2BS 16000: party has left: fowo-xb
[10/05/26 07:48:07] D2BS 16000:  [17:09] +41.16% / [Level 83] 54.17%
[10/05/26 07:48:07] D2BS 16000: Script threads\autobuildthread.js ended
[10/05/26 07:48:07] D2BS 16000: Script threads\partythread.js ended
[10/05/26 07:48:07] D2BS 16000: Script threads\townchicken.js ended
[10/05/26 07:48:07] D2BS 16000: Script default.dbj ended
[10/05/26 07:48:20] D2BS 16000: joining game pz-100
[10/05/26 07:48:23] D2BS 16000: ÿc2D2BSÿc0 :: Starting default.dbj
[10/05/26 07:48:23] D2BS 16000: ÿc2D2BSÿc0 :: default.dbj running.
[10/05/26 07:48:23] D2BS 16000: Loaded ÿc9[X.nip] [Y.nip] [Z.nip] [V.nip] [D.FGOM.nip]
[10/05/26 07:48:23] D2BS 16000: Loaded ÿc9[D.FGOM.js]
[10/05/26 07:48:23] D2BS 16000: equipped: [Head] 14
[10/05/26 07:48:23] D2BS 16000: equipped: [Neck] 17
[10/05/26 07:48:23] D2BS 16000: equipped: [Body] 17
[10/05/26 07:48:23] D2BS 16000: equipped: [ArmR] 14
[10/05/26 07:48:23] D2BS 16000: equipped: [ArmL] 26
[10/05/26 07:48:23] D2BS 16000: equipped: [RingR] 13
[10/05/26 07:48:23] D2BS 16000: equipped: [RingL] 12
[10/05/26 07:48:23] D2BS 16000: equipped: [Belt] 16
[10/05/26 07:48:23] D2BS 16000: equipped: [Boots] 13
[10/05/26 07:48:23] D2BS 16000: equipped: [Mitts] 12
[10/05/26 07:48:23] D2BS 16000: updateStat
[10/05/26 07:48:23] D2BS 16000: granted: [Head] 13
[10/05/26 07:48:23] D2BS 16000: granted: [Body] 18
[10/05/26 07:48:23] D2BS 16000: granted: [ArmR] 16
[10/05/26 07:48:23] D2BS 16000: Loaded ÿc9[AutoSmurf.js]
[10/05/26 07:48:27] D2BS 16000: MiniShopBot: true
[10/05/26 07:48:27] D2BS 16000: farmingON
[10/05/26 07:48:27] D2BS 16000: UseMerc: true HP: 70
[10/05/26 07:48:47] D2BS 16000: equipped: [ArmR] 15
[10/05/26 07:48:49] D2BS 16000: Merc matched: Might
[10/05/26 07:48:58] D2BS 16000: Token needed
[10/05/26 07:49:02] D2BS 16000: act5+ BO
[10/05/26 07:49:14] D2BS 16000: ÿc4=== [BAAL] ===
[10/05/26 07:49:27] D2BS 16000: Baal failed: souls found
[10/05/26 07:49:27] D2BS 16000: ÿc4=== [COUNTESS] ===
[10/05/26 07:49:30] D2BS 16000: equipped: [Body] 18
[10/05/26 07:50:38] D2BS 16000: ÿc4=== [PIT] ===
[10/05/26 07:52:19] D2BS 16000: ÿc4=== [ANDY] ===
[10/05/26 07:52:31] D2BS 16000: equipped: [Neck] 20
[10/05/26 07:53:21] D2BS 16000: ÿc4=== [MEPHISTO] ===
[10/05/26 07:54:58] D2BS 16000: ÿc4=== [DIABLO] ===
[10/05/26 07:59:46] D2BS 16000: party has left: fowo-xd
[10/05/26 07:59:46] D2BS 16000:  [11:24] +15.39% / [Level 83] 69.56%
[10/05/26 07:59:46] D2BS 16000: Script threads\autobuildthread.js ended
[10/05/26 07:59:46] D2BS 16000: Script threads\partythread.js ended
[10/05/26 07:59:46] D2BS 16000: Script threads\townchicken.js ended
[10/05/26 07:59:46] D2BS 16000: Script default.dbj ended
[10/05/26 07:59:57] D2BS 16000: joining game pz-101
[10/05/26 08:00:00] D2BS 16000: ÿc2D2BSÿc0 :: Starting default.dbj
[10/05/26 08:00:00] D2BS 16000: ÿc2D2BSÿc0 :: default.dbj running.
[10/05/26 08:00:00] D2BS 16000: Loaded ÿc9[X.nip] [Y.nip] [Z.nip] [V.nip] [D.FGOM.nip]
[10/05/26 08:00:00] D2BS 16000: Loaded ÿc9[D.FGOM.js]
[10/05/26 08:00:00] D2BS 16000: equipped: [Head] 14
[10/05/26 08:00:00] D2BS 16000: equipped: [Neck] 20
[10/05/26 08:00:00] D2BS 16000: equipped: [Body] 18
[10/05/26 08:00:00] D2BS 16000: equipped: [ArmR] 15
[10/05/26 08:00:00] D2BS 16000: equipped: [ArmL] 26
[10/05/26 08:00:00] D2BS 16000: equipped: [RingR] 13
[10/05/26 08:00:00] D2BS 16000: equipped: [RingL] 12
[10/05/26 08:00:00] D2BS 16000: equipped: [Belt] 16
[10/05/26 08:00:00] D2BS 16000: equipped: [Boots] 13
[10/05/26 08:00:00] D2BS 16000: equipped: [Mitts] 12
[10/05/26 08:00:00] D2BS 16000: updateStat
[10/05/26 08:00:00] D2BS 16000: granted: [Head] 13
[10/05/26 08:00:00] D2BS 16000: granted: [Body] 18
[10/05/26 08:00:00] D2BS 16000: granted: [ArmR] 16
[10/05/26 08:00:00] D2BS 16000: Loaded ÿc9[AutoSmurf.js]
[10/05/26 08:00:04] D2BS 16000: farmingON
[10/05/26 08:00:05] D2BS 16000: MiniShopBot: true
[10/05/26 08:00:05] D2BS 16000: UseMerc: true HP: 70
[10/05/26 08:00:27] D2BS 16000: Merc matched: Might
[10/05/26 08:00:35] D2BS 16000: Token needed
[10/05/26 08:00:39] D2BS 16000: act5+ BO
[10/05/26 08:00:54] D2BS 16000: ÿc4=== [BAAL] ===
[10/05/26 08:03:40] D2BS 16000: Script default.dbj ended
[10/05/26 08:03:40] D2BS 16000: Script threads\autobuildthread.js ended
[10/05/26 08:03:40] D2BS 16000: Script threads\partythread.js ended
[10/05/26 08:03:40] D2BS 16000: Script threads\toolsthread.js ended
[10/05/26 08:03:40] D2BS 16000: Script threads\townchicken.js ended
[10/05/26 08:03:53] D2BS 16000: joining game pz-102
[10/05/26 08:03:54] D2BS 16000: ÿc2D2BSÿc0 :: Starting default.dbj
[10/05/26 08:03:54] D2BS 16000: ÿc2D2BSÿc0 :: default.dbj running.
[10/05/26 08:03:55] D2BS 16000: Loaded ÿc9[X.nip] [Y.nip] [Z.nip] [V.nip] [D.FGOM.nip]
[10/05/26 08:03:55] D2BS 16000: Loaded ÿc9[D.FGOM.js]
[10/05/26 08:03:55] D2BS 16000: equipped: [Head] 14
[10/05/26 08:03:55] D2BS 16000: equipped: [Neck] 20
[10/05/26 08:03:55] D2BS 16000: equipped: [Body] 18
[10/05/26 08:03:55] D2BS 16000: equipped: [ArmR] 15
[10/05/26 08:03:55] D2BS 16000: equipped: [ArmL] 26
[10/05/26 08:03:55] D2BS 16000: equipped: [RingR] 13
[10/05/26 08:03:55] D2BS 16000: equipped: [RingL] 12
[10/05/26 08:03:55] D2BS 16000: equipped: [Belt] 16
[10/05/26 08:03:55] D2BS 16000: equipped: [Boots] 13
[10/05/26 08:03:55] D2BS 16000: equipped: [Mitts] 12
[10/05/26 08:03:55] D2BS 16000: updateStat
[10/05/26 08:03:55] D2BS 16000: granted: [Head] 13
[10/05/26 08:03:55] D2BS 16000: granted: [Body] 18
[10/05/26 08:03:55] D2BS 16000: granted: [ArmR] 16
[10/05/26 08:03:55] D2BS 16000: Loaded ÿc9[AutoSmurf.js]
[10/05/26 08:03:56] D2BS 16000: MiniShopBot: true
[10/05/26 08:03:57] D2BS 16000: farmingON
[10/05/26 08:03:57] D2BS 16000: UseMerc: true HP: 70
[10/05/26 08:04:15] D2BS 16000: Merc matched: Might
[10/05/26 08:04:22] D2BS 16000: Token needed
[10/05/26 08:04:25] D2BS 16000: act5+ BO
[10/05/26 08:04:39] D2BS 16000: ÿc4=== [BAAL] ===
[10/05/26 08:05:01] D2BS 16000: Baal failed: souls found
[10/05/26 08:05:01] D2BS 16000: ÿc4=== [COUNTESS] ===
[10/05/26 08:06:03] D2BS 16000: ÿc4=== [PIT] ===
[10/05/26 08:08:07] D2BS 16000: ÿc4=== [ANDY] ===
[10/05/26 08:09:03] D2BS 16000: ÿc4=== [MEPHISTO] ===
[10/05/26 08:10:33] D2BS 16000: ÿc4=== [DIABLO] ===
[10/05/26 08:16:50] D2BS 16000: Script ended
[10/05/26 08:16:50] D2BS 16000:  [12:56] +18.00% / [Level 84] 5.37%
[10/05/26 08:16:50] D2BS 16000: Script threads\autobuildthread.js ended
[10/05/26 08:16:50] D2BS 16000: Script threads\partythread.js ended
[10/05/26 08:16:50] D2BS 16000: Script threads\townchicken.js ended
[10/05/26 08:17:04] D2BS 16000: joining game pz-103
[10/05/26 08:17:05] D2BS 16000: ÿc2D2BSÿc0 :: Starting default.dbj
[10/05/26 08:17:05] D2BS 16000: ÿc2D2BSÿc0 :: default.dbj running.
[10/05/26 08:17:05] D2BS 16000: Loaded ÿc9[X.nip] [Y.nip] [Z.nip] [V.nip] [D.FGOM.nip]
[10/05/26 08:17:05] D2BS 16000: Loaded ÿc9[D.FGOM.js]
[10/05/26 08:17:05] D2BS 16000: equipped: [Head] 14
[10/05/26 08:17:05] D2BS 16000: equipped: [Neck] 20
[10/05/26 08:17:05] D2BS 16000: equipped: [Body] 18
[10/05/26 08:17:06] D2BS 16000: equipped: [ArmR] 15
[10/05/26 08:17:06] D2BS 16000: equipped: [ArmL] 26
[10/05/26 08:17:06] D2BS 16000: equipped: [RingR] 13
[10/05/26 08:17:06] D2BS 16000: equipped: [RingL] 12
[10/05/26 08:17:06] D2BS 16000: equipped: [Belt] 16
[10/05/26 08:17:06] D2BS 16000: equipped: [Boots] 13
[10/05/26 08:17:06] D2BS 16000: equipped: [Mitts] 12
[10/05/26 08:17:06] D2BS 16000: updateStat
[10/05/26 08:17:06] D2BS 16000: granted: [Head] 13
[10/05/26 08:17:06] D2BS 16000: granted: [Body] 18
[10/05/26 08:17:06] D2BS 16000: granted: [ArmR] 16
[10/05/26 08:17:06] D2BS 16000: Loaded ÿc9[AutoSmurf.js]
[10/05/26 08:17:11] D2BS 16000: farmingON
[10/05/26 08:17:14] D2BS 16000: MiniShopBot: true
[10/05/26 08:17:14] D2BS 16000: UseMerc: true HP: 70
[10/05/26 08:17:38] D2BS 16000: equipped: [RingL] 14
[10/05/26 08:17:39] D2BS 16000: granted: [ArmR] 20
[10/05/26 08:17:43] D2BS 16000: Merc matched: Might
[10/05/26 08:17:48] D2BS 16000: Token needed
[10/05/26 08:17:52] D2BS 16000: act5+ BO
[10/05/26 08:18:05] D2BS 16000: ÿc4=== [BAAL] ===
[10/05/26 08:23:53] D2BS 16000: party has left: fowo-xh
[10/05/26 08:23:53] D2BS 16000:  [06:48] +12.99% / [Level 84] 18.36%
[10/05/26 08:23:53] D2BS 16000: Script threads\autobuildthread.js ended
[10/05/26 08:23:53] D2BS 16000: Script threads\partythread.js ended
[10/05/26 08:23:53] D2BS 16000: Script threads\townchicken.js ended
[10/05/26 08:23:53] D2BS 16000: Script default.dbj ended
[10/05/26 08:24:05] D2BS 16000: joining game pz-104
[10/05/26 08:24:07] D2BS 16000: ÿc2D2BSÿc0 :: Starting default.dbj
[10/05/26 08:24:07] D2BS 16000: ÿc2D2BSÿc0 :: default.dbj running.
[10/05/26 08:24:08] D2BS 16000: Loaded ÿc9[X.nip] [Y.nip] [Z.nip] [V.nip] [D.FGOM.nip]
[10/05/26 08:24:08] D2BS 16000: Loaded ÿc9[D.FGOM.js]
[10/05/26 08:24:08] D2BS 16000: equipped: [Head] 14
[10/05/26 08:24:08] D2BS 16000: equipped: [Neck] 20
[10/05/26 08:24:08] D2BS 16000: equipped: [Body] 18
[10/05/26 08:24:08] D2BS 16000: equipped: [ArmR] 15
[10/05/26 08:24:08] D2BS 16000: equipped: [ArmL] 26
[10/05/26 08:24:08] D2BS 16000: equipped: [RingR] 13
[10/05/26 08:24:08] D2BS 16000: equipped: [RingL] 14
[10/05/26 08:24:08] D2BS 16000: equipped: [Belt] 16
[10/05/26 08:24:08] D2BS 16000: equipped: [Boots] 13
[10/05/26 08:24:08] D2BS 16000: equipped: [Mitts] 12
[10/05/26 08:24:08] D2BS 16000: updateStat
[10/05/26 08:24:08] D2BS 16000: granted: [Head] 13
[10/05/26 08:24:08] D2BS 16000: granted: [Body] 18
[10/05/26 08:24:08] D2BS 16000: granted: [ArmR] 20
[10/05/26 08:24:08] D2BS 16000: Loaded ÿc9[AutoSmurf.js]
[10/05/26 08:24:10] D2BS 16000: farmingON
[10/05/26 08:24:10] D2BS 16000: MiniShopBot: true
[10/05/26 08:24:10] D2BS 16000: UseMerc: true HP: 70
[10/05/26 08:24:27] D2BS 16000: Merc matched: Might
[10/05/26 08:24:39] D2BS 16000: Token needed
[10/05/26 08:24:43] D2BS 16000: act5+ BO
[10/05/26 08:24:57] D2BS 16000: ÿc4=== [BAAL] ===
[10/05/26 08:25:03] D2BS 16000: party has left: fowo-xa
[10/05/26 08:25:03] D2BS 16000: no exp [00:56]
[10/05/26 08:25:03] D2BS 16000: Script threads\autobuildthread.js ended
[10/05/26 08:25:03] D2BS 16000: Script threads\partythread.js ended
[10/05/26 08:25:03] D2BS 16000: Script threads\townchicken.js ended
[10/05/26 08:25:03] D2BS 16000: Script default.dbj ended
[10/05/26 08:25:16] D2BS 16000: joining game pz-105
[10/05/26 08:25:18] D2BS 16000: ÿc2D2BSÿc0 :: Starting default.dbj
[10/05/26 08:25:18] D2BS 16000: ÿc2D2BSÿc0 :: default.dbj running.
[10/05/26 08:25:18] D2BS 16000: Loaded ÿc9[X.nip] [Y.nip] [Z.nip] [V.nip] [D.FGOM.nip]
[10/05/26 08:25:18] D2BS 16000: Loaded ÿc9[D.FGOM.js]
[10/05/26 08:25:18] D2BS 16000: equipped: [Head] 14
[10/05/26 08:25:18] D2BS 16000: equipped: [Neck] 20
[10/05/26 08:25:18] D2BS 16000: equipped: [Body] 18
[10/05/26 08:25:18] D2BS 16000: equipped: [ArmR] 15
[10/05/26 08:25:18] D2BS 16000: equipped: [ArmL] 26
[10/05/26 08:25:18] D2BS 16000: equipped: [RingR] 13
[10/05/26 08:25:18] D2BS 16000: equipped: [RingL] 14
[10/05/26 08:25:18] D2BS 16000: equipped: [Belt] 16
[10/05/26 08:25:18] D2BS 16000: equipped: [Boots] 13
[10/05/26 08:25:18] D2BS 16000: equipped: [Mitts] 12
[10/05/26 08:25:18] D2BS 16000: updateStat
[10/05/26 08:25:18] D2BS 16000: granted: [Head] 13
[10/05/26 08:25:18] D2BS 16000: granted: [Body] 18
[10/05/26 08:25:18] D2BS 16000: granted: [ArmR] 20
[10/05/26 08:25:18] D2BS 16000: Loaded ÿc9[AutoSmurf.js]
[10/05/26 08:25:20] D2BS 16000: MiniShopBot: true
[10/05/26 08:25:20] D2BS 16000: farmingON
[10/05/26 08:25:20] D2BS 16000: UseMerc: true HP: 70
[10/05/26 08:25:39] D2BS 16000: Merc matched: Might
[10/05/26 08:25:44] D2BS 16000: Token needed
[10/05/26 08:25:48] D2BS 16000: act5+ BO
[10/05/26 08:26:00] D2BS 16000: ÿc4=== [BAAL] ===
[10/05/26 08:29:01] D2BS 16000: ÿc4=== [COUNTESS] ===
[10/05/26 08:30:16] D2BS 16000: ÿc4=== [PIT] ===
[10/05/26 08:31:48] D2BS 16000: ÿc4=== [ANDY] ===
[10/05/26 08:32:46] D2BS 16000: ÿc4=== [MEPHISTO] ===
[10/05/26 08:34:13] D2BS 16000: ÿc4=== [DIABLO] ===
[10/05/26 08:38:38] D2BS 16000: Going to town
[10/05/26 08:39:39] D2BS 16000: party has left: fowo-xe
[10/05/26 08:39:39] D2BS 16000:  [14:21] +23.34% / [Level 84] 41.70%
[10/05/26 08:39:39] D2BS 16000: Script threads\autobuildthread.js ended
[10/05/26 08:39:39] D2BS 16000: Script threads\partythread.js ended
[10/05/26 08:39:39] D2BS 16000: Script threads\townchicken.js ended
[10/05/26 08:39:39] D2BS 16000: Script default.dbj ended
[10/05/26 08:39:51] D2BS 16000: joining game pz-106
[10/05/26 08:39:53] D2BS 16000: ÿc2D2BSÿc0 :: Starting default.dbj
[10/05/26 08:39:53] D2BS 16000: ÿc2D2BSÿc0 :: default.dbj running.
[10/05/26 08:39:53] D2BS 16000: Loaded ÿc9[X.nip] [Y.nip] [Z.nip] [V.nip] [D.FGOM.nip]
[10/05/26 08:39:53] D2BS 16000: Loaded ÿc9[D.FGOM.js]
[10/05/26 08:39:53] D2BS 16000: equipped: [Head] 14
[10/05/26 08:39:53] D2BS 16000: equipped: [Neck] 20
[10/05/26 08:39:53] D2BS 16000: equipped: [Body] 18
[10/05/26 08:39:53] D2BS 16000: equipped: [ArmR] 15
[10/05/26 08:39:53] D2BS 16000: equipped: [ArmL] 26
[10/05/26 08:39:53] D2BS 16000: equipped: [RingR] 13
[10/05/26 08:39:53] D2BS 16000: equipped: [RingL] 14
[10/05/26 08:39:53] D2BS 16000: equipped: [Belt] 16
[10/05/26 08:39:53] D2BS 16000: equipped: [Boots] 13
[10/05/26 08:39:53] D2BS 16000: equipped: [Mitts] 12
[10/05/26 08:39:53] D2BS 16000: updateStat
[10/05/26 08:39:53] D2BS 16000: granted: [Head] 13
[10/05/26 08:39:53] D2BS 16000: granted: [Body] 18
[10/05/26 08:39:53] D2BS 16000: granted: [ArmR] 20
[10/05/26 08:39:54] D2BS 16000: Loaded ÿc9[AutoSmurf.js]
[10/05/26 08:39:59] D2BS 16000: farmingON
[10/05/26 08:40:01] D2BS 16000: MiniShopBot: true
[10/05/26 08:40:01] D2BS 16000: UseMerc: true HP: 70
[10/05/26 08:40:22] D2BS 16000: Merc matched: Might
[10/05/26 08:40:30] D2BS 16000: Token needed
[10/05/26 08:40:34] D2BS 16000: act5+ BO
[10/05/26 08:40:48] D2BS 16000: ÿc4=== [BAAL] ===
[10/05/26 08:40:56] D2BS 16000: party has left: fowo-xa
[10/05/26 08:40:56] D2BS 16000: no exp [01:03]
[10/05/26 08:40:56] D2BS 16000: Script threads\autobuildthread.js ended
[10/05/26 08:40:56] D2BS 16000: Script threads\partythread.js ended
[10/05/26 08:40:56] D2BS 16000: Script threads\townchicken.js ended
[10/05/26 08:40:56] D2BS 16000: Script default.dbj ended
[10/05/26 08:41:08] D2BS 16000: joining game pz-107
[10/05/26 08:41:09] D2BS 16000: ÿc2D2BSÿc0 :: Starting default.dbj
[10/05/26 08:41:09] D2BS 16000: ÿc2D2BSÿc0 :: default.dbj running.
[10/05/26 08:41:10] D2BS 16000: Loaded ÿc9[X.nip] [Y.nip] [Z.nip] [V.nip] [D.FGOM.nip]
[10/05/26 08:41:10] D2BS 16000: Loaded ÿc9[D.FGOM.js]
[10/05/26 08:41:10] D2BS 16000: equipped: [Head] 14
[10/05/26 08:41:10] D2BS 16000: equipped: [Neck] 20
[10/05/26 08:41:10] D2BS 16000: equipped: [Body] 18
[10/05/26 08:41:10] D2BS 16000: equipped: [ArmR] 15
[10/05/26 08:41:10] D2BS 16000: equipped: [ArmL] 26
[10/05/26 08:41:10] D2BS 16000: equipped: [RingR] 13
[10/05/26 08:41:10] D2BS 16000: equipped: [RingL] 14
[10/05/26 08:41:10] D2BS 16000: equipped: [Belt] 16
[10/05/26 08:41:10] D2BS 16000: equipped: [Boots] 13
[10/05/26 08:41:10] D2BS 16000: equipped: [Mitts] 12
[10/05/26 08:41:10] D2BS 16000: updateStat
[10/05/26 08:41:10] D2BS 16000: granted: [Head] 13
[10/05/26 08:41:10] D2BS 16000: granted: [Body] 18
[10/05/26 08:41:10] D2BS 16000: granted: [ArmR] 20
[10/05/26 08:41:10] D2BS 16000: Loaded ÿc9[AutoSmurf.js]
[10/05/26 08:41:12] D2BS 16000: MiniShopBot: true
[10/05/26 08:41:12] D2BS 16000: farmingON
[10/05/26 08:41:12] D2BS 16000: UseMerc: true HP: 70
[10/05/26 08:41:30] D2BS 16000: Merc matched: Might
[10/05/26 08:41:35] D2BS 16000: Token needed
[10/05/26 08:41:40] D2BS 16000: act5+ BO
[10/05/26 08:41:53] D2BS 16000: ÿc4=== [BAAL] ===
[10/05/26 08:42:09] D2BS 16000: Baal failed: souls found
[10/05/26 08:42:09] D2BS 16000: ÿc4=== [COUNTESS] ===
[10/05/26 08:43:52] D2BS 16000: ÿc4=== [PIT] ===
[10/05/26 08:45:37] D2BS 16000: ÿc4=== [ANDY] ===
[10/05/26 08:46:32] D2BS 16000: ÿc4=== [MEPHISTO] ===
[10/05/26 08:48:17] D2BS 16000: ÿc4=== [DIABLO] ===
[10/05/26 08:54:12] D2BS 16000: party has left: fowo-xe
[10/05/26 08:54:12] D2BS 16000:  [13:03] +18.93% / [Level 84] 60.63%
[10/05/26 08:54:12] D2BS 16000: Script threads\autobuildthread.js ended
[10/05/26 08:54:12] D2BS 16000: Script threads\partythread.js ended
[10/05/26 08:54:12] D2BS 16000: Script threads\townchicken.js ended
[10/05/26 08:54:12] D2BS 16000: Script default.dbj ended
[10/05/26 08:54:26] D2BS 16000: joining game pz-108
[10/05/26 08:54:27] D2BS 16000: ÿc2D2BSÿc0 :: Starting default.dbj
[10/05/26 08:54:27] D2BS 16000: ÿc2D2BSÿc0 :: default.dbj running.
[10/05/26 08:54:27] D2BS 16000: Loaded ÿc9[X.nip] [Y.nip] [Z.nip] [V.nip] [D.FGOM.nip]
[10/05/26 08:54:27] D2BS 16000: Loaded ÿc9[D.FGOM.js]
[10/05/26 08:54:28] D2BS 16000: equipped: [Head] 14
[10/05/26 08:54:28] D2BS 16000: equipped: [Neck] 20
[10/05/26 08:54:28] D2BS 16000: equipped: [Body] 18
[10/05/26 08:54:28] D2BS 16000: equipped: [ArmR] 15
[10/05/26 08:54:28] D2BS 16000: equipped: [ArmL] 26
[10/05/26 08:54:28] D2BS 16000: equipped: [RingR] 13
[10/05/26 08:54:28] D2BS 16000: equipped: [RingL] 14
[10/05/26 08:54:28] D2BS 16000: equipped: [Belt] 16
[10/05/26 08:54:28] D2BS 16000: equipped: [Boots] 13
[10/05/26 08:54:28] D2BS 16000: equipped: [Mitts] 12
[10/05/26 08:54:28] D2BS 16000: updateStat
[10/05/26 08:54:28] D2BS 16000: granted: [Head] 13
[10/05/26 08:54:28] D2BS 16000: granted: [Body] 18
[10/05/26 08:54:28] D2BS 16000: granted: [ArmR] 20
[10/05/26 08:54:28] D2BS 16000: Loaded ÿc9[AutoSmurf.js]
[10/05/26 08:54:34] D2BS 16000: farmingON
[10/05/26 08:54:36] D2BS 16000: MiniShopBot: true
[10/05/26 08:54:36] D2BS 16000: UseMerc: true HP: 70
[10/05/26 08:54:56] D2BS 16000: Merc matched: Might
[10/05/26 08:55:11] D2BS 16000: Token needed
[10/05/26 08:55:15] D2BS 16000: act5+ BO
[10/05/26 08:55:27] D2BS 16000: ÿc4=== [BAAL] ===
[10/05/26 08:55:41] D2BS 16000: Baal failed: souls found
[10/05/26 08:55:41] D2BS 16000: ÿc4=== [COUNTESS] ===
[10/05/26 08:56:42] D2BS 16000: ÿc4=== [PIT] ===
[10/05/26 08:58:09] D2BS 16000: ÿc4=== [ANDY] ===
[10/05/26 08:58:57] D2BS 16000: ÿc4=== [MEPHISTO] ===
[10/05/26 09:00:38] D2BS 16000: ÿc4=== [DIABLO] ===
[10/05/26 09:03:11] D2BS 16000: party has left: fowo-xa
[10/05/26 09:03:11] D2BS 16000:  [08:44] +9.31% / [Level 84] 69.94%
[10/05/26 09:03:11] D2BS 16000: Script threads\autobuildthread.js ended
[10/05/26 09:03:11] D2BS 16000: Script threads\partythread.js ended
[10/05/26 09:03:11] D2BS 16000: Script threads\townchicken.js ended
[10/05/26 09:03:11] D2BS 16000: Script default.dbj ended
[10/05/26 09:03:26] D2BS 16000: joining game pz-109
[10/05/26 09:03:27] D2BS 16000: ÿc2D2BSÿc0 :: Starting default.dbj
[10/05/26 09:03:27] D2BS 16000: ÿc2D2BSÿc0 :: default.dbj running.
[10/05/26 09:03:27] D2BS 16000: Loaded ÿc9[X.nip] [Y.nip] [Z.nip] [V.nip] [D.FGOM.nip]
[10/05/26 09:03:27] D2BS 16000: Loaded ÿc9[D.FGOM.js]
[10/05/26 09:03:27] D2BS 16000: equipped: [Head] 14
[10/05/26 09:03:27] D2BS 16000: equipped: [Neck] 20
[10/05/26 09:03:27] D2BS 16000: equipped: [Body] 18
[10/05/26 09:03:27] D2BS 16000: equipped: [ArmR] 15
[10/05/26 09:03:27] D2BS 16000: equipped: [ArmL] 26
[10/05/26 09:03:27] D2BS 16000: equipped: [RingR] 13
[10/05/26 09:03:28] D2BS 16000: equipped: [RingL] 14
[10/05/26 09:03:28] D2BS 16000: equipped: [Belt] 16
[10/05/26 09:03:28] D2BS 16000: equipped: [Boots] 13
[10/05/26 09:03:28] D2BS 16000: equipped: [Mitts] 12
[10/05/26 09:03:28] D2BS 16000: updateStat
[10/05/26 09:03:28] D2BS 16000: granted: [Head] 13
[10/05/26 09:03:28] D2BS 16000: granted: [Body] 18
[10/05/26 09:03:28] D2BS 16000: granted: [ArmR] 20
[10/05/26 09:03:28] D2BS 16000: Loaded ÿc9[AutoSmurf.js]
[10/05/26 09:03:33] D2BS 16000: farmingON
[10/05/26 09:03:35] D2BS 16000: MiniShopBot: true
[10/05/26 09:03:35] D2BS 16000: UseMerc: true HP: 70
[10/05/26 09:03:56] D2BS 16000: equipped: [Head] 41
[10/05/26 09:03:56] D2BS 16000: Merc matched: Might
[10/05/26 09:04:07] D2BS 16000: Token needed
[10/05/26 09:04:10] D2BS 16000: act5+ BO
[10/05/26 09:04:24] D2BS 16000: ÿc4=== [BAAL] ===
[10/05/26 09:08:12] D2BS 16000: ÿc4=== [COUNTESS] ===
[10/05/26 09:09:44] D2BS 16000: ÿc4=== [PIT] ===
[10/05/26 09:11:48] D2BS 16000: ÿc4=== [ANDY] ===
[10/05/26 09:12:37] D2BS 16000: ÿc4=== [MEPHISTO] ===
[10/05/26 09:14:19] D2BS 16000: ÿc4=== [DIABLO] ===
[10/05/26 09:20:48] D2BS 16000: party has left: fowo-xe
[10/05/26 09:20:48] D2BS 16000:  [17:21] +30.98% / [Level 85] 3.40%
[10/05/26 09:20:48] D2BS 16000: Script threads\autobuildthread.js ended
[10/05/26 09:20:48] D2BS 16000: Script threads\partythread.js ended
[10/05/26 09:20:49] D2BS 16000: Script threads\townchicken.js ended
[10/05/26 09:20:49] D2BS 16000: Script default.dbj ended
[10/05/26 09:21:00] D2BS 16000: joining game pz-110
[10/05/26 09:21:02] D2BS 16000: ÿc2D2BSÿc0 :: Starting default.dbj
[10/05/26 09:21:02] D2BS 16000: ÿc2D2BSÿc0 :: default.dbj running.
[10/05/26 09:21:03] D2BS 16000: Loaded ÿc9[X.nip] [Y.nip] [Z.nip] [V.nip] [D.FGOM.nip]
[10/05/26 09:21:03] D2BS 16000: Loaded ÿc9[D.FGOM.js]
[10/05/26 09:21:03] D2BS 16000: equipped: [Head] 41
[10/05/26 09:21:03] D2BS 16000: equipped: [Neck] 20
[10/05/26 09:21:03] D2BS 16000: equipped: [Body] 18
[10/05/26 09:21:03] D2BS 16000: equipped: [ArmR] 15
[10/05/26 09:21:03] D2BS 16000: equipped: [ArmL] 26
[10/05/26 09:21:03] D2BS 16000: equipped: [RingR] 13
[10/05/26 09:21:03] D2BS 16000: equipped: [RingL] 14
[10/05/26 09:21:03] D2BS 16000: equipped: [Belt] 16
[10/05/26 09:21:03] D2BS 16000: equipped: [Boots] 13
[10/05/26 09:21:03] D2BS 16000: equipped: [Mitts] 12
[10/05/26 09:21:03] D2BS 16000: updateStat
[10/05/26 09:21:03] D2BS 16000: granted: [Head] 13
[10/05/26 09:21:03] D2BS 16000: granted: [Body] 18
[10/05/26 09:21:03] D2BS 16000: granted: [ArmR] 20
[10/05/26 09:21:03] D2BS 16000: Loaded ÿc9[AutoSmurf.js]
[10/05/26 09:21:08] D2BS 16000: farmingON
[10/05/26 09:21:09] D2BS 16000: MiniShopBot: true
[10/05/26 09:21:09] D2BS 16000: UseMerc: true HP: 70
[10/05/26 09:21:30] D2BS 16000: Merc matched: Might
[10/05/26 09:21:41] D2BS 16000: Token needed
[10/05/26 09:21:45] D2BS 16000: act5+ BO
[10/05/26 09:22:00] D2BS 16000: ÿc4=== [BAAL] ===
[10/05/26 09:22:07] D2BS 16000: party has left: fowo-xa
[10/05/26 09:22:07] D2BS 16000: no exp [01:05]
[10/05/26 09:22:07] D2BS 16000: Script threads\autobuildthread.js ended
[10/05/26 09:22:07] D2BS 16000: Script threads\partythread.js ended
[10/05/26 09:22:07] D2BS 16000: Script threads\townchicken.js ended
[10/05/26 09:22:07] D2BS 16000: Script default.dbj ended
[10/05/26 09:22:20] D2BS 16000: joining game pz-111
[10/05/26 09:22:21] D2BS 16000: ÿc2D2BSÿc0 :: Starting default.dbj
[10/05/26 09:22:21] D2BS 16000: ÿc2D2BSÿc0 :: default.dbj running.
[10/05/26 09:22:22] D2BS 16000: Loaded ÿc9[X.nip] [Y.nip] [Z.nip] [V.nip] [D.FGOM.nip]
[10/05/26 09:22:22] D2BS 16000: Loaded ÿc9[D.FGOM.js]
[10/05/26 09:22:22] D2BS 16000: equipped: [Head] 41
[10/05/26 09:22:22] D2BS 16000: equipped: [Neck] 20
[10/05/26 09:22:22] D2BS 16000: equipped: [Body] 18
[10/05/26 09:22:22] D2BS 16000: equipped: [ArmR] 15
[10/05/26 09:22:22] D2BS 16000: equipped: [ArmL] 26
[10/05/26 09:22:22] D2BS 16000: equipped: [RingR] 13
[10/05/26 09:22:22] D2BS 16000: equipped: [RingL] 14
[10/05/26 09:22:22] D2BS 16000: equipped: [Belt] 16
[10/05/26 09:22:22] D2BS 16000: equipped: [Boots] 13
[10/05/26 09:22:22] D2BS 16000: equipped: [Mitts] 12
[10/05/26 09:22:22] D2BS 16000: updateStat
[10/05/26 09:22:22] D2BS 16000: granted: [Head] 13
[10/05/26 09:22:22] D2BS 16000: granted: [Body] 18
[10/05/26 09:22:22] D2BS 16000: granted: [ArmR] 20
[10/05/26 09:22:22] D2BS 16000: Loaded ÿc9[AutoSmurf.js]
[10/05/26 09:22:24] D2BS 16000: farmingON
[10/05/26 09:22:25] D2BS 16000: MiniShopBot: true
[10/05/26 09:22:25] D2BS 16000: UseMerc: true HP: 70
[10/05/26 09:22:41] D2BS 16000: Merc matched: Might
[10/05/26 09:22:48] D2BS 16000: Token needed
[10/05/26 09:22:52] D2BS 16000: act5+ BO
[10/05/26 09:23:04] D2BS 16000: ÿc4=== [BAAL] ===
[10/05/26 09:23:13] D2BS 16000: party has left: fowo-xa
[10/05/26 09:23:13] D2BS 16000: no exp [00:52]
[10/05/26 09:23:13] D2BS 16000: Script threads\autobuildthread.js ended
[10/05/26 09:23:13] D2BS 16000: Script threads\partythread.js ended
[10/05/26 09:23:13] D2BS 16000: Script threads\townchicken.js ended
[10/05/26 09:23:13] D2BS 16000: Script default.dbj ended
[10/05/26 09:23:29] D2BS 16000: joining game pz-112
[10/05/26 09:23:30] D2BS 16000: ÿc2D2BSÿc0 :: Starting default.dbj
[10/05/26 09:23:30] D2BS 16000: ÿc2D2BSÿc0 :: default.dbj running.
[10/05/26 09:23:30] D2BS 16000: Loaded ÿc9[X.nip] [Y.nip] [Z.nip] [V.nip] [D.FGOM.nip]
[10/05/26 09:23:30] D2BS 16000: Loaded ÿc9[D.FGOM.js]
[10/05/26 09:23:30] D2BS 16000: equipped: [Head] 41
[10/05/26 09:23:30] D2BS 16000: equipped: [Neck] 20
[10/05/26 09:23:30] D2BS 16000: equipped: [Body] 18
[10/05/26 09:23:30] D2BS 16000: equipped: [ArmR] 15
[10/05/26 09:23:30] D2BS 16000: equipped: [ArmL] 26
[10/05/26 09:23:30] D2BS 16000: equipped: [RingR] 13
[10/05/26 09:23:30] D2BS 16000: equipped: [RingL] 14
[10/05/26 09:23:30] D2BS 16000: equipped: [Belt] 16
[10/05/26 09:23:30] D2BS 16000: equipped: [Boots] 13
[10/05/26 09:23:30] D2BS 16000: equipped: [Mitts] 12
[10/05/26 09:23:30] D2BS 16000: updateStat
[10/05/26 09:23:30] D2BS 16000: granted: [Head] 13
[10/05/26 09:23:30] D2BS 16000: granted: [Body] 18
[10/05/26 09:23:30] D2BS 16000: granted: [ArmR] 20
[10/05/26 09:23:31] D2BS 16000: Loaded ÿc9[AutoSmurf.js]
[10/05/26 09:23:33] D2BS 16000: farmingON
[10/05/26 09:23:34] D2BS 16000: MiniShopBot: true
[10/05/26 09:23:34] D2BS 16000: UseMerc: true HP: 70
[10/05/26 09:23:51] D2BS 16000: Merc matched: Might
[10/05/26 09:23:59] D2BS 16000: Token needed
[10/05/26 09:24:03] D2BS 16000: act5+ BO
[10/05/26 09:24:15] D2BS 16000: ÿc4=== [BAAL] ===
[10/05/26 09:26:21] D2BS 16000: Going to town
[10/05/26 09:27:39] D2BS 16000: ÿc4=== [COUNTESS] ===
[10/05/26 09:28:54] D2BS 16000: ÿc4=== [PIT] ===
[10/05/26 09:30:37] D2BS 16000: ÿc4=== [ANDY] ===
[10/05/26 09:31:50] D2BS 16000: ÿc4=== [MEPHISTO] ===
[10/05/26 09:33:02] D2BS 16000: ÿc4=== [DIABLO] ===
[10/05/26 09:36:38] D2BS 16000: Going to town
[10/05/26 09:37:20] D2BS 16000: Going to town
[10/05/26 09:37:34] D2BS 16000: Going to town
[10/05/26 09:38:00] D2BS 16000: Going to town
[10/05/26 09:41:04] D2BS 16000: party has left: fowo-xa
[10/05/26 09:41:04] D2BS 16000:  [17:34] +22.99% / [Level 85] 26.39%
[10/05/26 09:41:04] D2BS 16000: Script threads\autobuildthread.js ended
[10/05/26 09:41:04] D2BS 16000: Script threads\partythread.js ended
[10/05/26 09:41:04] D2BS 16000: Script threads\townchicken.js ended
[10/05/26 09:41:04] D2BS 16000: Script default.dbj ended
[10/05/26 09:41:15] D2BS 16000: joining game pz-113
[10/05/26 09:41:16] D2BS 16000: ÿc2D2BSÿc0 :: Starting default.dbj
[10/05/26 09:41:16] D2BS 16000: ÿc2D2BSÿc0 :: default.dbj running.
[10/05/26 09:41:17] D2BS 16000: Loaded ÿc9[X.nip] [Y.nip] [Z.nip] [V.nip] [D.FGOM.nip]
[10/05/26 09:41:17] D2BS 16000: Loaded ÿc9[D.FGOM.js]
[10/05/26 09:41:17] D2BS 16000: equipped: [Head] 41
[10/05/26 09:41:17] D2BS 16000: equipped: [Neck] 20
[10/05/26 09:41:17] D2BS 16000: equipped: [Body] 18
[10/05/26 09:41:17] D2BS 16000: equipped: [ArmR] 15
[10/05/26 09:41:17] D2BS 16000: equipped: [ArmL] 26
[10/05/26 09:41:17] D2BS 16000: equipped: [RingR] 13
[10/05/26 09:41:17] D2BS 16000: equipped: [RingL] 14
[10/05/26 09:41:17] D2BS 16000: equipped: [Belt] 16
[10/05/26 09:41:17] D2BS 16000: equipped: [Boots] 13
[10/05/26 09:41:17] D2BS 16000: equipped: [Mitts] 12
[10/05/26 09:41:17] D2BS 16000: Loaded ÿc9[AutoSmurf.js]
[10/05/26 09:41:22] D2BS 16000: farmingON
[10/05/26 09:41:23] D2BS 16000: MiniShopBot: true
[10/05/26 09:41:23] D2BS 16000: UseMerc: true HP: 70
[10/05/26 09:41:31] D2BS 16000: updateStat
[10/05/26 09:41:31] D2BS 16000: granted: [Head] 13
[10/05/26 09:41:31] D2BS 16000: granted: [Body] 18
[10/05/26 09:41:31] D2BS 16000: granted: [ArmR] 20
[10/05/26 09:41:46] D2BS 16000: Merc matched: Might
[10/05/26 09:41:58] D2BS 16000: Token needed
[10/05/26 09:42:02] D2BS 16000: act5+ BO
[10/05/26 09:42:03] D2BS 16000: updateStat
[10/05/26 09:42:16] D2BS 16000: ÿc4=== [BAAL] ===
[10/05/26 09:46:09] D2BS 16000: ÿc4=== [COUNTESS] ===
[10/05/26 09:47:33] D2BS 16000: ÿc4=== [PIT] ===
[10/05/26 09:49:18] D2BS 16000: ÿc4=== [ANDY] ===
[10/05/26 09:50:36] D2BS 16000: ÿc4=== [MEPHISTO] ===
[10/05/26 09:52:02] D2BS 16000: ÿc4=== [DIABLO] ===
[10/05/26 09:59:47] D2BS 16000: party has left: fowo-xb
[10/05/26 09:59:48] D2BS 16000:  [18:31] +22.55% / [Level 85] 48.94%
[10/05/26 09:59:48] D2BS 16000: Script threads\autobuildthread.js ended
[10/05/26 09:59:48] D2BS 16000: Script threads\partythread.js ended
[10/05/26 09:59:48] D2BS 16000: Script threads\townchicken.js ended
[10/05/26 09:59:48] D2BS 16000: Script default.dbj ended
[10/05/26 10:00:00] D2BS 16000: joining game pz-114
[10/05/26 10:00:02] D2BS 16000: ÿc2D2BSÿc0 :: Starting default.dbj
[10/05/26 10:00:02] D2BS 16000: ÿc2D2BSÿc0 :: default.dbj running.
[10/05/26 10:00:03] D2BS 16000: Loaded ÿc9[X.nip] [Y.nip] [Z.nip] [V.nip] [D.FGOM.nip]
[10/05/26 10:00:03] D2BS 16000: Loaded ÿc9[D.FGOM.js]
[10/05/26 10:00:03] D2BS 16000: equipped: [Head] 41
[10/05/26 10:00:03] D2BS 16000: equipped: [Neck] 20
[10/05/26 10:00:03] D2BS 16000: equipped: [Body] 18
[10/05/26 10:00:03] D2BS 16000: equipped: [ArmR] 15
[10/05/26 10:00:03] D2BS 16000: equipped: [ArmL] 26
[10/05/26 10:00:03] D2BS 16000: equipped: [RingR] 13
[10/05/26 10:00:03] D2BS 16000: equipped: [RingL] 14
[10/05/26 10:00:03] D2BS 16000: equipped: [Belt] 16
[10/05/26 10:00:03] D2BS 16000: equipped: [Boots] 13
[10/05/26 10:00:03] D2BS 16000: equipped: [Mitts] 12
[10/05/26 10:00:03] D2BS 16000: updateStat
[10/05/26 10:00:03] D2BS 16000: granted: [Head] 13
[10/05/26 10:00:03] D2BS 16000: granted: [Body] 18
[10/05/26 10:00:03] D2BS 16000: granted: [ArmR] 20
[10/05/26 10:00:03] D2BS 16000: Loaded ÿc9[AutoSmurf.js]
[10/05/26 10:00:07] D2BS 16000: farmingON
[10/05/26 10:00:07] D2BS 16000: MiniShopBot: true
[10/05/26 10:00:07] D2BS 16000: UseMerc: true HP: 70
[10/05/26 10:00:28] D2BS 16000: Merc matched: Might
[10/05/26 10:00:38] D2BS 16000: Token needed
[10/05/26 10:00:42] D2BS 16000: act5+ BO
[10/05/26 10:00:56] D2BS 16000: ÿc4=== [BAAL] ===
[10/05/26 10:01:11] D2BS 16000: Baal failed: souls found
[10/05/26 10:01:11] D2BS 16000: ÿc4=== [COUNTESS] ===
[10/05/26 10:02:19] D2BS 16000: ÿc4=== [PIT] ===
[10/05/26 10:04:41] D2BS 16000: ÿc4=== [ANDY] ===
[10/05/26 10:05:33] D2BS 16000: ÿc4=== [MEPHISTO] ===
[10/05/26 10:06:48] D2BS 16000: ÿc4=== [DIABLO] ===
[10/05/26 10:13:05] D2BS 16000: party has left: fowo-xa
[10/05/26 10:13:05] D2BS 16000:  [13:03] +12.29% / [Level 85] 61.23%
[10/05/26 10:13:05] D2BS 16000: Script threads\autobuildthread.js ended
[10/05/26 10:13:05] D2BS 16000: Script threads\partythread.js ended
[10/05/26 10:13:05] D2BS 16000: Script threads\townchicken.js ended
[10/05/26 10:13:05] D2BS 16000: Script default.dbj ended
[10/05/26 10:13:17] D2BS 16000: joining game pz-115
[10/05/26 10:13:18] D2BS 16000: ÿc2D2BSÿc0 :: Starting default.dbj
[10/05/26 10:13:18] D2BS 16000: ÿc2D2BSÿc0 :: default.dbj running.
[10/05/26 10:13:19] D2BS 16000: Loaded ÿc9[X.nip] [Y.nip] [Z.nip] [V.nip] [D.FGOM.nip]
[10/05/26 10:13:19] D2BS 16000: Loaded ÿc9[D.FGOM.js]
[10/05/26 10:13:19] D2BS 16000: equipped: [Head] 41
[10/05/26 10:13:19] D2BS 16000: equipped: [Neck] 20
[10/05/26 10:13:19] D2BS 16000: equipped: [Body] 18
[10/05/26 10:13:19] D2BS 16000: equipped: [ArmR] 15
[10/05/26 10:13:19] D2BS 16000: equipped: [ArmL] 26
[10/05/26 10:13:19] D2BS 16000: equipped: [RingR] 13
[10/05/26 10:13:19] D2BS 16000: equipped: [RingL] 14
[10/05/26 10:13:19] D2BS 16000: equipped: [Belt] 16
[10/05/26 10:13:19] D2BS 16000: equipped: [Boots] 13
[10/05/26 10:13:19] D2BS 16000: equipped: [Mitts] 12
[10/05/26 10:13:19] D2BS 16000: updateStat
[10/05/26 10:13:19] D2BS 16000: granted: [Head] 13
[10/05/26 10:13:19] D2BS 16000: granted: [Body] 18
[10/05/26 10:13:19] D2BS 16000: granted: [ArmR] 20
[10/05/26 10:13:19] D2BS 16000: Loaded ÿc9[AutoSmurf.js]
[10/05/26 10:13:24] D2BS 16000: farmingON
[10/05/26 10:13:25] D2BS 16000: MiniShopBot: true
[10/05/26 10:13:25] D2BS 16000: UseMerc: true HP: 70
[10/05/26 10:13:43] D2BS 16000: Merc matched: Might
[10/05/26 10:13:53] D2BS 16000: Token needed
[10/05/26 10:13:58] D2BS 16000: act5+ BO
[10/05/26 10:14:12] D2BS 16000: ÿc4=== [BAAL] ===
[10/05/26 10:18:00] D2BS 16000: ÿc4=== [COUNTESS] ===
[10/05/26 10:19:18] D2BS 16000: ÿc4=== [PIT] ===
[10/05/26 10:20:58] D2BS 16000: ÿc4=== [ANDY] ===
[10/05/26 10:21:55] D2BS 16000: ÿc4=== [MEPHISTO] ===
[10/05/26 10:23:18] D2BS 16000: ÿc4=== [DIABLO] ===
[10/05/26 10:24:36] D2BS 16000: updateStat
[10/05/26 10:29:55] D2BS 16000: Script ended
[10/05/26 10:29:55] D2BS 16000:  [16:37] +22.74% / [Level 85] 83.97%
[10/05/26 10:29:55] D2BS 16000: Script threads\autobuildthread.js ended
[10/05/26 10:29:55] D2BS 16000: Script threads\partythread.js ended
[10/05/26 10:29:55] D2BS 16000: Script threads\townchicken.js ended
[10/05/26 10:30:08] D2BS 16000: joining game pz-116
[10/05/26 10:30:10] D2BS 16000: ÿc2D2BSÿc0 :: Starting default.dbj
[10/05/26 10:30:10] D2BS 16000: ÿc2D2BSÿc0 :: default.dbj running.
[10/05/26 10:30:10] D2BS 16000: Loaded ÿc9[X.nip] [Y.nip] [Z.nip] [V.nip] [D.FGOM.nip]
[10/05/26 10:30:10] D2BS 16000: Loaded ÿc9[D.FGOM.js]
[10/05/26 10:30:10] D2BS 16000: equipped: [Head] 41
[10/05/26 10:30:10] D2BS 16000: equipped: [Neck] 20
[10/05/26 10:30:10] D2BS 16000: equipped: [Body] 18
[10/05/26 10:30:10] D2BS 16000: equipped: [ArmR] 15
[10/05/26 10:30:10] D2BS 16000: equipped: [ArmL] 26
[10/05/26 10:30:10] D2BS 16000: equipped: [RingR] 13
[10/05/26 10:30:10] D2BS 16000: equipped: [RingL] 14
[10/05/26 10:30:10] D2BS 16000: equipped: [Belt] 16
[10/05/26 10:30:10] D2BS 16000: equipped: [Boots] 13
[10/05/26 10:30:10] D2BS 16000: equipped: [Mitts] 12
[10/05/26 10:30:11] D2BS 16000: Loaded ÿc9[AutoSmurf.js]
[10/05/26 10:30:16] D2BS 16000: MiniShopBot: true
[10/05/26 10:30:16] D2BS 16000: farmingON
[10/05/26 10:30:16] D2BS 16000: UseMerc: true HP: 70
[10/05/26 10:30:24] D2BS 16000: updateStat
[10/05/26 10:30:24] D2BS 16000: granted: [Head] 13
[10/05/26 10:30:24] D2BS 16000: granted: [Body] 18
[10/05/26 10:30:24] D2BS 16000: granted: [ArmR] 20
[10/05/26 10:30:42] D2BS 16000: Merc matched: Might
[10/05/26 10:30:47] D2BS 16000: Token needed
[10/05/26 10:30:51] D2BS 16000: act5+ BO
[10/05/26 10:30:53] D2BS 16000: updateStat
[10/05/26 10:31:06] D2BS 16000: ÿc4=== [BAAL] ===
[10/05/26 10:34:51] D2BS 16000: ÿc4=== [COUNTESS] ===
[10/05/26 10:36:12] D2BS 16000: ÿc4=== [PIT] ===
[10/05/26 10:38:04] D2BS 16000: ÿc4=== [ANDY] ===
[10/05/26 10:38:58] D2BS 16000: ÿc4=== [MEPHISTO] ===
[10/05/26 10:40:08] D2BS 16000: ÿc4=== [DIABLO] ===
[10/05/26 10:43:10] D2BS 16000: Going to town
[10/05/26 10:43:10] D2BS 16000: [Chicken] Life (1238/4050) area:108 (7804,5321)
[10/05/26 10:43:10] D2BS 16000:  [13:00] +16.98% / [Level 86] 2.27%
[10/05/26 10:43:10] D2BS 16000: Script threads\autobuildthread.js ended
[10/05/26 10:43:10] D2BS 16000: Script threads\partythread.js ended
[10/05/26 10:43:10] D2BS 16000: Script threads\townchicken.js ended
[10/05/26 10:43:10] D2BS 16000: Script default.dbj ended
[10/05/26 10:43:24] D2BS 16000: joining game pz-117
[10/05/26 10:43:26] D2BS 16000: ÿc2D2BSÿc0 :: Starting default.dbj
[10/05/26 10:43:26] D2BS 16000: ÿc2D2BSÿc0 :: default.dbj running.
[10/05/26 10:43:26] D2BS 16000: Loaded ÿc9[X.nip] [Y.nip] [Z.nip] [V.nip] [D.FGOM.nip]
[10/05/26 10:43:26] D2BS 16000: Loaded ÿc9[D.FGOM.js]
[10/05/26 10:43:26] D2BS 16000: equipped: [Head] 41
[10/05/26 10:43:26] D2BS 16000: equipped: [Neck] 20
[10/05/26 10:43:26] D2BS 16000: equipped: [Body] 18
[10/05/26 10:43:26] D2BS 16000: equipped: [ArmR] 15
[10/05/26 10:43:26] D2BS 16000: equipped: [ArmL] 26
[10/05/26 10:43:26] D2BS 16000: equipped: [RingR] 13
[10/05/26 10:43:26] D2BS 16000: equipped: [RingL] 14
[10/05/26 10:43:26] D2BS 16000: equipped: [Belt] 16
[10/05/26 10:43:26] D2BS 16000: equipped: [Boots] 13
[10/05/26 10:43:26] D2BS 16000: equipped: [Mitts] 12
[10/05/26 10:43:26] D2BS 16000: Loaded ÿc9[AutoSmurf.js]
[10/05/26 10:43:32] D2BS 16000: MiniShopBot: true
[10/05/26 10:43:32] D2BS 16000: farmingON
[10/05/26 10:43:32] D2BS 16000: UseMerc: true HP: 70
[10/05/26 10:43:39] D2BS 16000: updateStat
[10/05/26 10:43:39] D2BS 16000: granted: [Head] 13
[10/05/26 10:43:39] D2BS 16000: granted: [Body] 18
[10/05/26 10:43:39] D2BS 16000: granted: [ArmR] 20
[10/05/26 10:43:56] D2BS 16000: Merc matched: Might
[10/05/26 10:44:08] D2BS 16000: act5+ BO
[10/05/26 10:44:11] D2BS 16000: updateStat
[10/05/26 10:44:20] D2BS 16000: ÿc4=== [BAAL] ===
[10/05/26 10:48:15] D2BS 16000: ÿc4=== [COUNTESS] ===
[10/05/26 10:49:44] D2BS 16000: ÿc4=== [PIT] ===
[10/05/26 10:51:38] D2BS 16000: ÿc4=== [ANDY] ===
[10/05/26 10:52:50] D2BS 16000: ÿc4=== [MEPHISTO] ===
[10/05/26 10:54:10] D2BS 16000: ÿc4=== [DIABLO] ===
[10/05/26 11:00:17] D2BS 16000: Script ended
[10/05/26 11:00:17] D2BS 16000:  [16:52] +18.33% / [Level 86] 20.60%
[10/05/26 11:00:17] D2BS 16000: Script threads\autobuildthread.js ended
[10/05/26 11:00:17] D2BS 16000: Script threads\partythread.js ended
[10/05/26 11:00:17] D2BS 16000: Script threads\townchicken.js ended
[10/05/26 11:00:30] D2BS 16000: joining game pz-118
[10/05/26 11:00:32] D2BS 16000: ÿc2D2BSÿc0 :: Starting default.dbj
[10/05/26 11:00:32] D2BS 16000: ÿc2D2BSÿc0 :: default.dbj running.
[10/05/26 11:00:32] D2BS 16000: Loaded ÿc9[X.nip] [Y.nip] [Z.nip] [V.nip] [D.FGOM.nip]
[10/05/26 11:00:32] D2BS 16000: Loaded ÿc9[D.FGOM.js]
[10/05/26 11:00:32] D2BS 16000: equipped: [Head] 41
[10/05/26 11:00:32] D2BS 16000: equipped: [Neck] 20
[10/05/26 11:00:32] D2BS 16000: equipped: [Body] 18
[10/05/26 11:00:32] D2BS 16000: equipped: [ArmR] 15
[10/05/26 11:00:32] D2BS 16000: equipped: [ArmL] 26
[10/05/26 11:00:32] D2BS 16000: equipped: [RingR] 13
[10/05/26 11:00:32] D2BS 16000: equipped: [RingL] 14
[10/05/26 11:00:32] D2BS 16000: equipped: [Belt] 16
[10/05/26 11:00:32] D2BS 16000: equipped: [Boots] 13
[10/05/26 11:00:32] D2BS 16000: equipped: [Mitts] 12
[10/05/26 11:00:32] D2BS 16000: Loaded ÿc9[AutoSmurf.js]
[10/05/26 11:00:37] D2BS 16000: farmingON
[10/05/26 11:00:38] D2BS 16000: MiniShopBot: true
[10/05/26 11:00:38] D2BS 16000: UseMerc: true HP: 70
[10/05/26 11:00:43] D2BS 16000: ÿc4[Runeword] ÿc0Insight Cryptic Axe
[10/05/26 11:01:01] D2BS 16000: Merc matched: Might
[10/05/26 11:01:12] D2BS 16000: Token needed
[10/05/26 11:01:16] D2BS 16000: act5+ BO
[10/05/26 11:01:17] D2BS 16000: updateStat
[10/05/26 11:01:29] D2BS 16000: ÿc4=== [BAAL] ===
[10/05/26 11:05:05] D2BS 16000: ÿc4=== [COUNTESS] ===
[10/05/26 11:06:06] D2BS 16000: ÿc4=== [PIT] ===
[10/05/26 11:07:40] D2BS 16000: ÿc4=== [ANDY] ===
[10/05/26 11:08:28] D2BS 16000: ÿc4=== [MEPHISTO] ===
[10/05/26 11:09:42] D2BS 16000: ÿc4=== [DIABLO] ===
[10/05/26 11:15:06] D2BS 16000: party has left: fowo-xb
[10/05/26 11:15:07] D2BS 16000:  [14:35] +16.93% / [Level 86] 37.53%
[10/05/26 11:15:07] D2BS 16000: Script threads\autobuildthread.js ended
[10/05/26 11:15:07] D2BS 16000: Script threads\partythread.js ended
[10/05/26 11:15:07] D2BS 16000: Script threads\townchicken.js ended
[10/05/26 11:15:07] D2BS 16000: Script default.dbj ended
[10/05/26 11:15:18] D2BS 16000: joining game pz-119
[10/05/26 11:15:20] D2BS 16000: ÿc2D2BSÿc0 :: Starting default.dbj
[10/05/26 11:15:20] D2BS 16000: ÿc2D2BSÿc0 :: default.dbj running.
[10/05/26 11:15:20] D2BS 16000: Loaded ÿc9[X.nip] [Y.nip] [Z.nip] [V.nip] [D.FGOM.nip]
[10/05/26 11:15:20] D2BS 16000: Loaded ÿc9[D.FGOM.js]
[10/05/26 11:15:20] D2BS 16000: equipped: [Head] 41
[10/05/26 11:15:20] D2BS 16000: equipped: [Neck] 20
[10/05/26 11:15:20] D2BS 16000: equipped: [Body] 18
[10/05/26 11:15:20] D2BS 16000: equipped: [ArmR] 15
[10/05/26 11:15:20] D2BS 16000: equipped: [ArmL] 26
[10/05/26 11:15:20] D2BS 16000: equipped: [RingR] 13
[10/05/26 11:15:20] D2BS 16000: equipped: [RingL] 14
[10/05/26 11:15:20] D2BS 16000: equipped: [Belt] 16
[10/05/26 11:15:20] D2BS 16000: equipped: [Boots] 13
[10/05/26 11:15:20] D2BS 16000: equipped: [Mitts] 12
[10/05/26 11:15:20] D2BS 16000: updateStat
[10/05/26 11:15:20] D2BS 16000: granted: [Head] 13
[10/05/26 11:15:20] D2BS 16000: granted: [Body] 18
[10/05/26 11:15:20] D2BS 16000: granted: [ArmR] 20
[10/05/26 11:15:20] D2BS 16000: Loaded ÿc9[AutoSmurf.js]
[10/05/26 11:15:26] D2BS 16000: farmingON
[10/05/26 11:15:29] D2BS 16000: MiniShopBot: true
[10/05/26 11:15:29] D2BS 16000: UseMerc: true HP: 70
[10/05/26 11:15:53] D2BS 16000: Merc matched: Might
[10/05/26 11:16:03] D2BS 16000: Token needed
[10/05/26 11:16:07] D2BS 16000: act5+ BO
[10/05/26 11:16:19] D2BS 16000: ÿc4=== [BAAL] ===
[10/05/26 11:16:43] D2BS 16000: Baal failed: souls found
[10/05/26 11:16:43] D2BS 16000: ÿc4=== [COUNTESS] ===
[10/05/26 11:17:53] D2BS 16000: ÿc4=== [PIT] ===
[10/05/26 11:19:59] D2BS 16000: ÿc4=== [ANDY] ===
[10/05/26 11:21:15] D2BS 16000: ÿc4=== [MEPHISTO] ===
[10/05/26 11:22:27] D2BS 16000: ÿc4=== [DIABLO] ===
[10/05/26 11:26:24] D2BS 16000: granted: [Head] 14
[10/05/26 11:28:43] D2BS 16000: party has left: fowo-xh
[10/05/26 11:28:43] D2BS 16000:  [13:24] +10.84% / [Level 86] 48.36%
[10/05/26 11:28:43] D2BS 16000: Script threads\autobuildthread.js ended
[10/05/26 11:28:43] D2BS 16000: Script threads\partythread.js ended
[10/05/26 11:28:43] D2BS 16000: Script threads\townchicken.js ended
[10/05/26 11:28:43] D2BS 16000: Script default.dbj ended
[10/05/26 11:28:56] D2BS 16000: joining game pz-120
[10/05/26 11:28:58] D2BS 16000: ÿc2D2BSÿc0 :: Starting default.dbj
[10/05/26 11:28:58] D2BS 16000: ÿc2D2BSÿc0 :: default.dbj running.
[10/05/26 11:28:59] D2BS 16000: Loaded ÿc9[X.nip] [Y.nip] [Z.nip] [V.nip] [D.FGOM.nip]
[10/05/26 11:28:59] D2BS 16000: Loaded ÿc9[D.FGOM.js]
[10/05/26 11:28:59] D2BS 16000: equipped: [Head] 41
[10/05/26 11:28:59] D2BS 16000: equipped: [Neck] 20
[10/05/26 11:28:59] D2BS 16000: equipped: [Body] 18
[10/05/26 11:28:59] D2BS 16000: equipped: [ArmR] 15
[10/05/26 11:28:59] D2BS 16000: equipped: [ArmL] 26
[10/05/26 11:28:59] D2BS 16000: equipped: [RingR] 13
[10/05/26 11:28:59] D2BS 16000: equipped: [RingL] 14
[10/05/26 11:28:59] D2BS 16000: equipped: [Belt] 16
[10/05/26 11:28:59] D2BS 16000: equipped: [Boots] 13
[10/05/26 11:28:59] D2BS 16000: equipped: [Mitts] 12
[10/05/26 11:28:59] D2BS 16000: updateStat
[10/05/26 11:28:59] D2BS 16000: granted: [Head] 14
[10/05/26 11:28:59] D2BS 16000: granted: [Body] 18
[10/05/26 11:28:59] D2BS 16000: granted: [ArmR] 20
[10/05/26 11:28:59] D2BS 16000: Loaded ÿc9[AutoSmurf.js]
[10/05/26 11:29:04] D2BS 16000: farmingON
[10/05/26 11:29:05] D2BS 16000: MiniShopBot: true
[10/05/26 11:29:05] D2BS 16000: UseMerc: true HP: 70
[10/05/26 11:29:09] D2BS 16000: ÿc4[Runeword] ÿc0Spirit Crystal Sword
[10/05/26 11:29:28] D2BS 16000: equipped: [ArmR] 32
[10/05/26 11:29:28] D2BS 16000: Merc matched: Might
[10/05/26 11:29:56] D2BS 16000: Token needed
[10/05/26 11:30:00] D2BS 16000: act5+ BO
[10/05/26 11:30:14] D2BS 16000: ÿc4=== [BAAL] ===
[10/05/26 11:33:50] D2BS 16000: ÿc4=== [COUNTESS] ===
[10/05/26 11:35:09] D2BS 16000: ÿc4=== [PIT] ===
[10/05/26 11:36:59] D2BS 16000: ÿc4=== [ANDY] ===
[10/05/26 11:37:55] D2BS 16000: ÿc4=== [MEPHISTO] ===
[10/05/26 11:39:15] D2BS 16000: ÿc4=== [DIABLO] ===
[10/05/26 11:45:51] D2BS 16000: party has left: fowo-xa
[10/05/26 11:45:51] D2BS 16000:  [16:53] +16.11% / [Level 86] 64.47%
[10/05/26 11:45:51] D2BS 16000: Script threads\autobuildthread.js ended
[10/05/26 11:45:51] D2BS 16000: Script threads\partythread.js ended
[10/05/26 11:45:51] D2BS 16000: Script threads\townchicken.js ended
[10/05/26 11:45:51] D2BS 16000: Script default.dbj ended
[10/05/26 11:46:05] D2BS 16000: joining game pz-121
[10/05/26 11:46:06] D2BS 16000: ÿc2D2BSÿc0 :: Starting default.dbj
[10/05/26 11:46:06] D2BS 16000: ÿc2D2BSÿc0 :: default.dbj running.
[10/05/26 11:46:07] D2BS 16000: Loaded ÿc9[X.nip] [Y.nip] [Z.nip] [V.nip] [D.FGOM.nip]
[10/05/26 11:46:07] D2BS 16000: Loaded ÿc9[D.FGOM.js]
[10/05/26 11:46:07] D2BS 16000: equipped: [Head] 41
[10/05/26 11:46:07] D2BS 16000: equipped: [Neck] 20
[10/05/26 11:46:07] D2BS 16000: equipped: [Body] 18
[10/05/26 11:46:07] D2BS 16000: equipped: [ArmR] 32
[10/05/26 11:46:07] D2BS 16000: equipped: [ArmL] 26
[10/05/26 11:46:07] D2BS 16000: equipped: [RingR] 13
[10/05/26 11:46:07] D2BS 16000: equipped: [RingL] 14
[10/05/26 11:46:07] D2BS 16000: equipped: [Belt] 16
[10/05/26 11:46:07] D2BS 16000: equipped: [Boots] 13
[10/05/26 11:46:07] D2BS 16000: equipped: [Mitts] 12
[10/05/26 11:46:07] D2BS 16000: updateStat
[10/05/26 11:46:07] D2BS 16000: granted: [Head] 14
[10/05/26 11:46:07] D2BS 16000: granted: [Body] 18
[10/05/26 11:46:07] D2BS 16000: granted: [ArmR] 20
[10/05/26 11:46:07] D2BS 16000: Loaded ÿc9[AutoSmurf.js]
[10/05/26 11:46:12] D2BS 16000: farmingON
[10/05/26 11:46:12] D2BS 16000: MiniShopBot: true
[10/05/26 11:46:12] D2BS 16000: UseMerc: true HP: 70
[10/05/26 11:46:35] D2BS 16000: Merc matched: Might
[10/05/26 11:46:44] D2BS 16000: Token needed
[10/05/26 11:46:49] D2BS 16000: act5+ BO
[10/05/26 11:47:01] D2BS 16000: ÿc4=== [BAAL] ===
[10/05/26 11:47:13] D2BS 16000: Baal failed: souls found
[10/05/26 11:47:13] D2BS 16000: ÿc4=== [COUNTESS] ===
[10/05/26 11:48:13] D2BS 16000: ÿc4=== [PIT] ===
[10/05/26 11:50:04] D2BS 16000: ÿc4=== [ANDY] ===
[10/05/26 11:51:20] D2BS 16000: ÿc4=== [MEPHISTO] ===
[10/05/26 11:52:43] D2BS 16000: ÿc4=== [DIABLO] ===
[10/05/26 11:56:03] D2BS 16000: Going to town
[10/05/26 11:56:56] D2BS 16000: Going to town
[10/05/26 11:59:50] D2BS 16000: Script ended
[10/05/26 11:59:50] D2BS 16000:  [13:44] +7.92% / [Level 86] 72.39%
[10/05/26 11:59:50] D2BS 16000: Script threads\autobuildthread.js ended
[10/05/26 11:59:50] D2BS 16000: Script threads\partythread.js ended
[10/05/26 11:59:51] D2BS 16000: Script threads\townchicken.js ended
[10/05/26 12:00:06] D2BS 16000: joining game pz-122
[10/05/26 12:00:08] D2BS 16000: ÿc2D2BSÿc0 :: Starting default.dbj
[10/05/26 12:00:08] D2BS 16000: ÿc2D2BSÿc0 :: default.dbj running.
[10/05/26 12:00:08] D2BS 16000: Loaded ÿc9[X.nip] [Y.nip] [Z.nip] [V.nip] [D.FGOM.nip]
[10/05/26 12:00:08] D2BS 16000: Loaded ÿc9[D.FGOM.js]
[10/05/26 12:00:08] D2BS 16000: equipped: [Head] 41
[10/05/26 12:00:08] D2BS 16000: equipped: [Neck] 20
[10/05/26 12:00:08] D2BS 16000: equipped: [Body] 18
[10/05/26 12:00:08] D2BS 16000: equipped: [ArmR] 32
[10/05/26 12:00:08] D2BS 16000: equipped: [ArmL] 26
[10/05/26 12:00:08] D2BS 16000: equipped: [RingR] 13
[10/05/26 12:00:08] D2BS 16000: equipped: [RingL] 14
[10/05/26 12:00:08] D2BS 16000: equipped: [Belt] 16
[10/05/26 12:00:08] D2BS 16000: equipped: [Boots] 13
[10/05/26 12:00:08] D2BS 16000: equipped: [Mitts] 12
[10/05/26 12:00:08] D2BS 16000: Loaded ÿc9[AutoSmurf.js]
[10/05/26 12:00:13] D2BS 16000: MiniShopBot: true
[10/05/26 12:00:13] D2BS 16000: farmingON
[10/05/26 12:00:13] D2BS 16000: UseMerc: true HP: 70
[10/05/26 12:00:22] D2BS 16000: updateStat
[10/05/26 12:00:22] D2BS 16000: granted: [Head] 14
[10/05/26 12:00:22] D2BS 16000: granted: [Body] 18
[10/05/26 12:00:22] D2BS 16000: granted: [ArmR] 20
[10/05/26 12:00:41] D2BS 16000: Merc matched: Might
[10/05/26 12:00:49] D2BS 16000: Token needed
[10/05/26 12:00:52] D2BS 16000: act5+ BO
[10/05/26 12:00:54] D2BS 16000: updateStat
[10/05/26 12:01:06] D2BS 16000: ÿc4=== [BAAL] ===
[10/05/26 12:03:47] D2BS 16000: Going to town
[10/05/26 12:05:02] D2BS 16000: ÿc4=== [COUNTESS] ===
[10/05/26 12:06:32] D2BS 16000: ÿc4=== [PIT] ===
[10/05/26 12:08:12] D2BS 16000: ÿc4=== [ANDY] ===
[10/05/26 12:09:11] D2BS 16000: ÿc4=== [MEPHISTO] ===
[10/05/26 12:10:51] D2BS 16000: ÿc4=== [DIABLO] ===
[10/05/26 12:11:05] D2BS 16000: equipped: [Body] 19
[10/05/26 12:17:18] D2BS 16000: party has left: fowo-xa
[10/05/26 12:17:19] D2BS 16000:  [17:10] +16.70% / [Level 86] 89.09%
[10/05/26 12:17:19] D2BS 16000: Script threads\autobuildthread.js ended
[10/05/26 12:17:19] D2BS 16000: Script threads\partythread.js ended
[10/05/26 12:17:19] D2BS 16000: Script threads\townchicken.js ended
[10/05/26 12:17:19] D2BS 16000: Script default.dbj ended
[10/05/26 12:17:32] D2BS 16000: joining game pz-123
[10/05/26 12:17:34] D2BS 16000: ÿc2D2BSÿc0 :: Starting default.dbj
[10/05/26 12:17:34] D2BS 16000: ÿc2D2BSÿc0 :: default.dbj running.
[10/05/26 12:17:34] D2BS 16000: Loaded ÿc9[X.nip] [Y.nip] [Z.nip] [V.nip] [D.FGOM.nip]
[10/05/26 12:17:34] D2BS 16000: Loaded ÿc9[D.FGOM.js]
[10/05/26 12:17:34] D2BS 16000: equipped: [Head] 41
[10/05/26 12:17:34] D2BS 16000: equipped: [Neck] 20
[10/05/26 12:17:34] D2BS 16000: equipped: [Body] 19
[10/05/26 12:17:34] D2BS 16000: equipped: [ArmR] 32
[10/05/26 12:17:34] D2BS 16000: equipped: [ArmL] 26
[10/05/26 12:17:34] D2BS 16000: equipped: [RingR] 13
[10/05/26 12:17:34] D2BS 16000: equipped: [RingL] 14
[10/05/26 12:17:34] D2BS 16000: equipped: [Belt] 16
[10/05/26 12:17:34] D2BS 16000: equipped: [Boots] 13
[10/05/26 12:17:34] D2BS 16000: equipped: [Mitts] 12
[10/05/26 12:17:34] D2BS 16000: updateStat
[10/05/26 12:17:34] D2BS 16000: granted: [Head] 14
[10/05/26 12:17:34] D2BS 16000: granted: [Body] 18
[10/05/26 12:17:34] D2BS 16000: granted: [ArmR] 20
[10/05/26 12:17:34] D2BS 16000: Loaded ÿc9[AutoSmurf.js]
[10/05/26 12:17:40] D2BS 16000: MiniShopBot: true
[10/05/26 12:17:40] D2BS 16000: farmingON
[10/05/26 12:17:40] D2BS 16000: UseMerc: true HP: 70
[10/05/26 12:18:00] D2BS 16000: Merc matched: Might
[10/05/26 12:18:14] D2BS 16000: Token needed
[10/05/26 12:18:19] D2BS 16000: act5+ BO
[10/05/26 12:18:30] D2BS 16000: ÿc4=== [BAAL] ===
[10/05/26 12:21:36] D2BS 16000: ÿc4=== [COUNTESS] ===
[10/05/26 12:22:52] D2BS 16000: ÿc4=== [PIT] ===
[10/05/26 12:23:35] D2BS 16000: updateStat
[10/05/26 12:24:20] D2BS 16000: ÿc4=== [ANDY] ===
[10/05/26 12:25:12] D2BS 16000: ÿc4=== [MEPHISTO] ===
[10/05/26 12:26:20] D2BS 16000: ÿc4=== [DIABLO] ===
[10/05/26 12:30:21] D2BS 16000: updateStat
[10/05/26 12:32:02] D2BS 16000: Script ended
[10/05/26 12:32:02] D2BS 16000:  [14:29] +12.29% / [Level 87] 2.29%
[10/05/26 12:32:02] D2BS 16000: Script threads\autobuildthread.js ended
[10/05/26 12:32:02] D2BS 16000: Script threads\partythread.js ended
[10/05/26 12:32:03] D2BS 16000: Script threads\townchicken.js ended
[10/05/26 12:32:15] D2BS 16000: joining game pz-124
[10/05/26 12:32:17] D2BS 16000: ÿc2D2BSÿc0 :: Starting default.dbj
[10/05/26 12:32:17] D2BS 16000: ÿc2D2BSÿc0 :: default.dbj running.
[10/05/26 12:32:17] D2BS 16000: Loaded ÿc9[X.nip] [Y.nip] [Z.nip] [V.nip] [D.FGOM.nip]
[10/05/26 12:32:17] D2BS 16000: Loaded ÿc9[D.FGOM.js]
[10/05/26 12:32:17] D2BS 16000: equipped: [Head] 41
[10/05/26 12:32:17] D2BS 16000: equipped: [Neck] 20
[10/05/26 12:32:17] D2BS 16000: equipped: [Body] 19
[10/05/26 12:32:17] D2BS 16000: equipped: [ArmR] 32
[10/05/26 12:32:17] D2BS 16000: equipped: [ArmL] 26
[10/05/26 12:32:17] D2BS 16000: equipped: [RingR] 13
[10/05/26 12:32:18] D2BS 16000: equipped: [RingL] 14
[10/05/26 12:32:18] D2BS 16000: equipped: [Belt] 16
[10/05/26 12:32:18] D2BS 16000: equipped: [Boots] 13
[10/05/26 12:32:18] D2BS 16000: equipped: [Mitts] 12
[10/05/26 12:32:18] D2BS 16000: updateStat
[10/05/26 12:32:18] D2BS 16000: granted: [Head] 14
[10/05/26 12:32:18] D2BS 16000: granted: [Body] 18
[10/05/26 12:32:18] D2BS 16000: granted: [ArmR] 20
[10/05/26 12:32:18] D2BS 16000: Loaded ÿc9[AutoSmurf.js]
[10/05/26 12:32:22] D2BS 16000: farmingON
[10/05/26 12:32:23] D2BS 16000: MiniShopBot: true
[10/05/26 12:32:23] D2BS 16000: UseMerc: true HP: 70
[10/05/26 12:32:43] D2BS 16000: equipped: [Mitts] 13
[10/05/26 12:32:46] D2BS 16000: Merc matched: Might
[10/05/26 12:32:56] D2BS 16000: Token needed
[10/05/26 12:33:00] D2BS 16000: act5+ BO
[10/05/26 12:33:13] D2BS 16000: ÿc4=== [BAAL] ===
[10/05/26 12:36:40] D2BS 16000: ÿc4=== [COUNTESS] ===
[10/05/26 12:37:49] D2BS 16000: ÿc4=== [PIT] ===
[10/05/26 12:39:37] D2BS 16000: ÿc4=== [ANDY] ===
[10/05/26 12:40:32] D2BS 16000: ÿc4=== [MEPHISTO] ===
[10/05/26 12:41:40] D2BS 16000: ÿc4=== [DIABLO] ===
[10/05/26 12:46:35] D2BS 16000: party has left: fowo-xb
[10/05/26 12:46:35] D2BS 16000:  [14:18] +9.85% / [Level 87] 12.14%
[10/05/26 12:46:35] D2BS 16000: Script threads\autobuildthread.js ended
[10/05/26 12:46:35] D2BS 16000: Script threads\partythread.js ended
[10/05/26 12:46:35] D2BS 16000: Script threads\townchicken.js ended
[10/05/26 12:46:35] D2BS 16000: Script default.dbj ended
[10/05/26 12:46:48] D2BS 16000: joining game pz-125
[10/05/26 12:46:50] D2BS 16000: ÿc2D2BSÿc0 :: Starting default.dbj
[10/05/26 12:46:50] D2BS 16000: ÿc2D2BSÿc0 :: default.dbj running.
[10/05/26 12:46:51] D2BS 16000: Loaded ÿc9[X.nip] [Y.nip] [Z.nip] [V.nip] [D.FGOM.nip]
[10/05/26 12:46:51] D2BS 16000: Loaded ÿc9[D.FGOM.js]
[10/05/26 12:46:51] D2BS 16000: equipped: [Head] 41
[10/05/26 12:46:51] D2BS 16000: equipped: [Neck] 20
[10/05/26 12:46:51] D2BS 16000: equipped: [Body] 19
[10/05/26 12:46:51] D2BS 16000: equipped: [ArmR] 32
[10/05/26 12:46:51] D2BS 16000: equipped: [ArmL] 26
[10/05/26 12:46:51] D2BS 16000: equipped: [RingR] 13
[10/05/26 12:46:51] D2BS 16000: equipped: [RingL] 14
[10/05/26 12:46:51] D2BS 16000: equipped: [Belt] 16
[10/05/26 12:46:51] D2BS 16000: equipped: [Boots] 13
[10/05/26 12:46:51] D2BS 16000: equipped: [Mitts] 13
[10/05/26 12:46:51] D2BS 16000: updateStat
[10/05/26 12:46:51] D2BS 16000: granted: [Head] 14
[10/05/26 12:46:51] D2BS 16000: granted: [Body] 18
[10/05/26 12:46:51] D2BS 16000: granted: [ArmR] 20
[10/05/26 12:46:51] D2BS 16000: Loaded ÿc9[AutoSmurf.js]
[10/05/26 12:46:55] D2BS 16000: farmingON
[10/05/26 12:46:57] D2BS 16000: MiniShopBot: true
[10/05/26 12:46:57] D2BS 16000: UseMerc: true HP: 70
[10/05/26 12:47:15] D2BS 16000: Merc matched: Might
[10/05/26 12:47:28] D2BS 16000: Token needed
[10/05/26 12:47:31] D2BS 16000: act5+ BO
[10/05/26 12:47:44] D2BS 16000: ÿc4=== [BAAL] ===
[10/05/26 12:48:03] D2BS 16000: Baal failed: souls found
[10/05/26 12:48:03] D2BS 16000: ÿc4=== [COUNTESS] ===
[10/05/26 12:49:18] D2BS 16000: ÿc4=== [PIT] ===
[10/05/26 12:50:39] D2BS 16000: ÿc4=== [ANDY] ===
[10/05/26 12:51:32] D2BS 16000: ÿc4=== [MEPHISTO] ===
[10/05/26 12:52:48] D2BS 16000: ÿc4=== [DIABLO] ===
[10/05/26 12:58:32] D2BS 16000: Script ended
[10/05/26 12:58:32] D2BS 16000:  [11:42] +5.40% / [Level 87] 17.54%
[10/05/26 12:58:32] D2BS 16000: Script threads\autobuildthread.js ended
[10/05/26 12:58:32] D2BS 16000: Script threads\partythread.js ended
[10/05/26 12:58:33] D2BS 16000: Script threads\townchicken.js ended
[10/05/26 12:58:44] D2BS 16000: joining game pz-126
[10/05/26 12:58:46] D2BS 16000: ÿc2D2BSÿc0 :: Starting default.dbj
[10/05/26 12:58:46] D2BS 16000: ÿc2D2BSÿc0 :: default.dbj running.
[10/05/26 12:58:46] D2BS 16000: Loaded ÿc9[X.nip] [Y.nip] [Z.nip] [V.nip] [D.FGOM.nip]
[10/05/26 12:58:46] D2BS 16000: Loaded ÿc9[D.FGOM.js]
[10/05/26 12:58:46] D2BS 16000: equipped: [Head] 41
[10/05/26 12:58:46] D2BS 16000: equipped: [Neck] 20
[10/05/26 12:58:46] D2BS 16000: equipped: [Body] 19
[10/05/26 12:58:46] D2BS 16000: equipped: [ArmR] 32
[10/05/26 12:58:46] D2BS 16000: equipped: [ArmL] 26
[10/05/26 12:58:46] D2BS 16000: equipped: [RingR] 13
[10/05/26 12:58:46] D2BS 16000: equipped: [RingL] 14
[10/05/26 12:58:46] D2BS 16000: equipped: [Belt] 16
[10/05/26 12:58:46] D2BS 16000: equipped: [Boots] 13
[10/05/26 12:58:46] D2BS 16000: equipped: [Mitts] 13
[10/05/26 12:58:46] D2BS 16000: updateStat
[10/05/26 12:58:46] D2BS 16000: granted: [Head] 14
[10/05/26 12:58:46] D2BS 16000: granted: [Body] 18
[10/05/26 12:58:46] D2BS 16000: granted: [ArmR] 20
[10/05/26 12:58:46] D2BS 16000: Loaded ÿc9[AutoSmurf.js]
[10/05/26 12:58:52] D2BS 16000: farmingON
[10/05/26 12:58:53] D2BS 16000: MiniShopBot: true
[10/05/26 12:58:53] D2BS 16000: UseMerc: true HP: 70
[10/05/26 12:59:03] D2BS 16000: [Craft] Caster Sharkskin Belt
[10/05/26 12:59:22] D2BS 16000: Merc matched: Might
[10/05/26 12:59:32] D2BS 16000: act5+ BO
[10/05/26 12:59:44] D2BS 16000: ÿc4=== [BAAL] ===
[10/05/26 12:59:57] D2BS 16000: party has left: fowo-xa
[10/05/26 12:59:57] D2BS 16000: no exp [01:12]
[10/05/26 12:59:57] D2BS 16000: Script threads\autobuildthread.js ended
[10/05/26 12:59:57] D2BS 16000: Script threads\partythread.js ended
[10/05/26 12:59:57] D2BS 16000: Script threads\townchicken.js ended
[10/05/26 12:59:57] D2BS 16000: Script default.dbj ended
[10/05/26 13:00:09] D2BS 16000: joining game pz-127
[10/05/26 13:00:11] D2BS 16000: ÿc2D2BSÿc0 :: Starting default.dbj
[10/05/26 13:00:11] D2BS 16000: ÿc2D2BSÿc0 :: default.dbj running.
[10/05/26 13:00:11] D2BS 16000: Loaded ÿc9[X.nip] [Y.nip] [Z.nip] [V.nip] [D.FGOM.nip]
[10/05/26 13:00:11] D2BS 16000: Loaded ÿc9[D.FGOM.js]
[10/05/26 13:00:11] D2BS 16000: equipped: [Head] 41
[10/05/26 13:00:11] D2BS 16000: equipped: [Neck] 20
[10/05/26 13:00:11] D2BS 16000: equipped: [Body] 19
[10/05/26 13:00:11] D2BS 16000: equipped: [ArmR] 32
[10/05/26 13:00:11] D2BS 16000: equipped: [ArmL] 26
[10/05/26 13:00:11] D2BS 16000: equipped: [RingR] 13
[10/05/26 13:00:11] D2BS 16000: equipped: [RingL] 14
[10/05/26 13:00:11] D2BS 16000: equipped: [Belt] 16
[10/05/26 13:00:11] D2BS 16000: equipped: [Boots] 13
[10/05/26 13:00:11] D2BS 16000: equipped: [Mitts] 13
[10/05/26 13:00:11] D2BS 16000: updateStat
[10/05/26 13:00:11] D2BS 16000: granted: [Head] 14
[10/05/26 13:00:11] D2BS 16000: granted: [Body] 18
[10/05/26 13:00:11] D2BS 16000: granted: [ArmR] 20
[10/05/26 13:00:11] D2BS 16000: Loaded ÿc9[AutoSmurf.js]
[10/05/26 13:00:14] D2BS 16000: MiniShopBot: true
[10/05/26 13:00:14] D2BS 16000: farmingON
[10/05/26 13:00:14] D2BS 16000: UseMerc: true HP: 70
[10/05/26 13:00:31] D2BS 16000: Merc matched: Might
[10/05/26 13:00:39] D2BS 16000: Token needed
[10/05/26 13:00:43] D2BS 16000: act5+ BO
[10/05/26 13:00:55] D2BS 16000: ÿc4=== [BAAL] ===
[10/05/26 13:01:19] D2BS 16000: Baal failed: souls found
[10/05/26 13:01:19] D2BS 16000: ÿc4=== [COUNTESS] ===
[10/05/26 13:02:38] D2BS 16000: ÿc4=== [PIT] ===
[10/05/26 13:04:35] D2BS 16000: ÿc4=== [ANDY] ===
[10/05/26 13:05:43] D2BS 16000: ÿc4=== [MEPHISTO] ===
[10/05/26 13:08:58] D2BS 16000:  [08:48] +2.18% / [Level 87] 19.72%
[10/05/26 13:08:58] D2BS 16000: Script threads\autobuildthread.js ended
[10/05/26 13:08:58] D2BS 16000: Script threads\partythread.js ended
[10/05/26 13:08:58] D2BS 16000: Script threads\townchicken.js ended
[10/05/26 13:08:58] D2BS 16000: Script default.dbj ended
[10/05/26 13:09:12] D2BS 16000: joining game pz-128
[10/05/26 13:09:14] D2BS 16000: ÿc2D2BSÿc0 :: Starting default.dbj
[10/05/26 13:09:14] D2BS 16000: ÿc2D2BSÿc0 :: default.dbj running.
[10/05/26 13:09:14] D2BS 16000: Loaded ÿc9[X.nip] [Y.nip] [Z.nip] [V.nip] [D.FGOM.nip]
[10/05/26 13:09:14] D2BS 16000: Loaded ÿc9[D.FGOM.js]
[10/05/26 13:09:14] D2BS 16000: equipped: [Head] 41
[10/05/26 13:09:14] D2BS 16000: equipped: [Neck] 20
[10/05/26 13:09:14] D2BS 16000: equipped: [Body] 19
[10/05/26 13:09:14] D2BS 16000: equipped: [ArmR] 32
[10/05/26 13:09:14] D2BS 16000: equipped: [ArmL] 26
[10/05/26 13:09:14] D2BS 16000: equipped: [RingR] 13
[10/05/26 13:09:14] D2BS 16000: equipped: [RingL] 14
[10/05/26 13:09:14] D2BS 16000: equipped: [Belt] 16
[10/05/26 13:09:14] D2BS 16000: equipped: [Boots] 13
[10/05/26 13:09:14] D2BS 16000: equipped: [Mitts] 13
[10/05/26 13:09:14] D2BS 16000: Loaded ÿc9[AutoSmurf.js]
[10/05/26 13:09:19] D2BS 16000: farmingON
[10/05/26 13:09:20] D2BS 16000: MiniShopBot: true
[10/05/26 13:09:20] D2BS 16000: UseMerc: true HP: 70
[10/05/26 13:09:40] D2BS 16000: Merc matched: Might
[10/05/26 13:09:49] D2BS 16000: Token needed
[10/05/26 13:09:54] D2BS 16000: act5+ BO
[10/05/26 13:09:55] D2BS 16000: updateStat
[10/05/26 13:10:06] D2BS 16000: ÿc4=== [BAAL] ===
[10/05/26 13:13:44] D2BS 16000: ÿc4=== [COUNTESS] ===
[10/05/26 13:14:48] D2BS 16000: ÿc4=== [PIT] ===
[10/05/26 13:16:09] D2BS 16000: ÿc4=== [ANDY] ===
[10/05/26 13:17:07] D2BS 16000: ÿc4=== [MEPHISTO] ===
[10/05/26 13:18:38] D2BS 16000: ÿc4=== [DIABLO] ===
[10/05/26 13:24:23] D2BS 16000: party has left: fowo-xb
[10/05/26 13:24:24] D2BS 16000:  [15:10] +10.24% / [Level 87] 29.96%
[10/05/26 13:24:24] D2BS 16000: Script threads\autobuildthread.js ended
[10/05/26 13:24:24] D2BS 16000: Script threads\partythread.js ended
[10/05/26 13:24:24] D2BS 16000: Script threads\townchicken.js ended
[10/05/26 13:24:24] D2BS 16000: Script default.dbj ended
[10/05/26 13:24:35] D2BS 16000: joining game pz-129
[10/05/26 13:24:37] D2BS 16000: ÿc2D2BSÿc0 :: Starting default.dbj
[10/05/26 13:24:37] D2BS 16000: ÿc2D2BSÿc0 :: default.dbj running.
[10/05/26 13:24:38] D2BS 16000: Loaded ÿc9[X.nip] [Y.nip] [Z.nip] [V.nip] [D.FGOM.nip]
[10/05/26 13:24:38] D2BS 16000: Loaded ÿc9[D.FGOM.js]
[10/05/26 13:24:38] D2BS 16000: equipped: [Head] 41
[10/05/26 13:24:38] D2BS 16000: equipped: [Neck] 20
[10/05/26 13:24:38] D2BS 16000: equipped: [Body] 19
[10/05/26 13:24:38] D2BS 16000: equipped: [ArmR] 32
[10/05/26 13:24:38] D2BS 16000: equipped: [ArmL] 26
[10/05/26 13:24:38] D2BS 16000: equipped: [RingR] 13
[10/05/26 13:24:38] D2BS 16000: equipped: [RingL] 14
[10/05/26 13:24:38] D2BS 16000: equipped: [Belt] 16
[10/05/26 13:24:38] D2BS 16000: equipped: [Boots] 13
[10/05/26 13:24:38] D2BS 16000: equipped: [Mitts] 13
[10/05/26 13:24:38] D2BS 16000: updateStat
[10/05/26 13:24:38] D2BS 16000: granted: [Head] 14
[10/05/26 13:24:38] D2BS 16000: granted: [Body] 18
[10/05/26 13:24:38] D2BS 16000: granted: [ArmR] 20
[10/05/26 13:24:38] D2BS 16000: Loaded ÿc9[AutoSmurf.js]
[10/05/26 13:24:43] D2BS 16000: MiniShopBot: true
[10/05/26 13:24:44] D2BS 16000: farmingON
[10/05/26 13:24:44] D2BS 16000: UseMerc: true HP: 70
[10/05/26 13:25:05] D2BS 16000: Merc matched: Might
[10/05/26 13:25:15] D2BS 16000: Token needed
[10/05/26 13:25:19] D2BS 16000: act5+ BO
[10/05/26 13:25:34] D2BS 16000: ÿc4=== [BAAL] ===
[10/05/26 13:29:19] D2BS 16000: ÿc4=== [COUNTESS] ===
[10/05/26 13:30:30] D2BS 16000: ÿc4=== [PIT] ===
[10/05/26 13:32:03] D2BS 16000: ÿc4=== [ANDY] ===
[10/05/26 13:32:58] D2BS 16000: ÿc4=== [MEPHISTO] ===
[10/05/26 13:34:23] D2BS 16000: ÿc4=== [DIABLO] ===
[10/05/26 13:40:22] D2BS 16000: Script ended
[10/05/26 13:40:22] D2BS 16000:  [15:46] +11.98% / [Level 87] 41.94%
[10/05/26 13:40:22] D2BS 16000: Script threads\autobuildthread.js ended
[10/05/26 13:40:22] D2BS 16000: Script threads\partythread.js ended
[10/05/26 13:40:22] D2BS 16000: Script threads\townchicken.js ended
[10/05/26 13:40:35] D2BS 16000: joining game pz-130
[10/05/26 13:40:37] D2BS 16000: ÿc2D2BSÿc0 :: Starting default.dbj
[10/05/26 13:40:37] D2BS 16000: ÿc2D2BSÿc0 :: default.dbj running.
[10/05/26 13:40:38] D2BS 16000: Loaded ÿc9[X.nip] [Y.nip] [Z.nip] [V.nip] [D.FGOM.nip]
[10/05/26 13:40:38] D2BS 16000: Loaded ÿc9[D.FGOM.js]
[10/05/26 13:40:38] D2BS 16000: equipped: [Head] 41
[10/05/26 13:40:38] D2BS 16000: equipped: [Neck] 20
[10/05/26 13:40:38] D2BS 16000: equipped: [Body] 19
[10/05/26 13:40:38] D2BS 16000: equipped: [ArmR] 32
[10/05/26 13:40:38] D2BS 16000: equipped: [ArmL] 26
[10/05/26 13:40:38] D2BS 16000: equipped: [RingR] 13
[10/05/26 13:40:38] D2BS 16000: equipped: [RingL] 14
[10/05/26 13:40:38] D2BS 16000: equipped: [Belt] 16
[10/05/26 13:40:38] D2BS 16000: equipped: [Boots] 13
[10/05/26 13:40:38] D2BS 16000: equipped: [Mitts] 13
[10/05/26 13:40:38] D2BS 16000: updateStat
[10/05/26 13:40:38] D2BS 16000: granted: [Head] 14
[10/05/26 13:40:38] D2BS 16000: granted: [Body] 18
[10/05/26 13:40:38] D2BS 16000: granted: [ArmR] 20
[10/05/26 13:40:38] D2BS 16000: Loaded ÿc9[AutoSmurf.js]
[10/05/26 13:40:43] D2BS 16000: farmingON
[10/05/26 13:40:44] D2BS 16000: MiniShopBot: true
[10/05/26 13:40:44] D2BS 16000: UseMerc: true HP: 70
[10/05/26 13:41:02] D2BS 16000: Merc matched: Might
[10/05/26 13:41:14] D2BS 16000: Token needed
[10/05/26 13:41:18] D2BS 16000: act5+ BO
[10/05/26 13:41:32] D2BS 16000: ÿc4=== [BAAL] ===
[10/05/26 13:45:39] D2BS 16000: ÿc4=== [COUNTESS] ===
[10/05/26 13:46:51] D2BS 16000: ÿc4=== [PIT] ===
[10/05/26 13:48:31] D2BS 16000: ÿc4=== [ANDY] ===
[10/05/26 13:49:28] D2BS 16000: ÿc4=== [MEPHISTO] ===
[10/05/26 13:50:47] D2BS 16000: ÿc4=== [DIABLO] ===
[10/05/26 13:57:09] D2BS 16000: party has left: fowo-xb
[10/05/26 13:57:09] D2BS 16000:  [16:32] +11.57% / [Level 87] 53.51%
[10/05/26 13:57:09] D2BS 16000: Script threads\autobuildthread.js ended
[10/05/26 13:57:09] D2BS 16000: Script threads\partythread.js ended
[10/05/26 13:57:09] D2BS 16000: Script threads\townchicken.js ended
[10/05/26 13:57:09] D2BS 16000: Script default.dbj ended
[10/05/26 13:57:21] D2BS 16000: joining game pz-131
[10/05/26 13:57:23] D2BS 16000: ÿc2D2BSÿc0 :: Starting default.dbj
[10/05/26 13:57:23] D2BS 16000: ÿc2D2BSÿc0 :: default.dbj running.
[10/05/26 13:57:24] D2BS 16000: Loaded ÿc9[X.nip] [Y.nip] [Z.nip] [V.nip] [D.FGOM.nip]
[10/05/26 13:57:24] D2BS 16000: Loaded ÿc9[D.FGOM.js]
[10/05/26 13:57:24] D2BS 16000: equipped: [Head] 41
[10/05/26 13:57:24] D2BS 16000: equipped: [Neck] 20
[10/05/26 13:57:24] D2BS 16000: equipped: [Body] 19
[10/05/26 13:57:24] D2BS 16000: equipped: [ArmR] 32
[10/05/26 13:57:24] D2BS 16000: equipped: [ArmL] 26
[10/05/26 13:57:24] D2BS 16000: equipped: [RingR] 13
[10/05/26 13:57:24] D2BS 16000: equipped: [RingL] 14
[10/05/26 13:57:24] D2BS 16000: equipped: [Belt] 16
[10/05/26 13:57:24] D2BS 16000: equipped: [Boots] 13
[10/05/26 13:57:24] D2BS 16000: equipped: [Mitts] 13
[10/05/26 13:57:24] D2BS 16000: updateStat
[10/05/26 13:57:24] D2BS 16000: granted: [Head] 14
[10/05/26 13:57:24] D2BS 16000: granted: [Body] 18
[10/05/26 13:57:24] D2BS 16000: granted: [ArmR] 20
[10/05/26 13:57:24] D2BS 16000: Loaded ÿc9[AutoSmurf.js]
[10/05/26 13:57:29] D2BS 16000: farmingON
[10/05/26 13:57:31] D2BS 16000: MiniShopBot: true
[10/05/26 13:57:31] D2BS 16000: UseMerc: true HP: 70
[10/05/26 13:57:54] D2BS 16000: Merc matched: Might
[10/05/26 13:58:04] D2BS 16000: Token needed
[10/05/26 13:58:08] D2BS 16000: act5+ BO
[10/05/26 13:58:21] D2BS 16000: ÿc4=== [BAAL] ===
[10/05/26 13:58:36] D2BS 16000: Baal failed: souls found
[10/05/26 13:58:36] D2BS 16000: ÿc4=== [COUNTESS] ===
[10/05/26 13:59:46] D2BS 16000: ÿc4=== [PIT] ===
[10/05/26 14:01:17] D2BS 16000: ÿc4=== [ANDY] ===
[10/05/26 14:02:08] D2BS 16000: ÿc4=== [MEPHISTO] ===
[10/05/26 14:03:33] D2BS 16000: ÿc4=== [DIABLO] ===
[10/05/26 14:05:59] D2BS 16000: party has left: fowo-xc
[10/05/26 14:05:59] D2BS 16000:  [08:36] +1.91% / [Level 87] 55.41%
[10/05/26 14:05:59] D2BS 16000: Script threads\autobuildthread.js ended
[10/05/26 14:05:59] D2BS 16000: Script threads\partythread.js ended
[10/05/26 14:05:59] D2BS 16000: Script threads\townchicken.js ended
[10/05/26 14:05:59] D2BS 16000: Script default.dbj ended
[10/05/26 14:06:13] D2BS 16000: joining game pz-132
[10/05/26 14:06:15] D2BS 16000: ÿc2D2BSÿc0 :: Starting default.dbj
[10/05/26 14:06:15] D2BS 16000: ÿc2D2BSÿc0 :: default.dbj running.
[10/05/26 14:06:15] D2BS 16000: Loaded ÿc9[X.nip] [Y.nip] [Z.nip] [V.nip] [D.FGOM.nip]
[10/05/26 14:06:16] D2BS 16000: Loaded ÿc9[D.FGOM.js]
[10/05/26 14:06:16] D2BS 16000: equipped: [Head] 41
[10/05/26 14:06:16] D2BS 16000: equipped: [Neck] 20
[10/05/26 14:06:16] D2BS 16000: equipped: [Body] 19
[10/05/26 14:06:16] D2BS 16000: equipped: [ArmR] 32
[10/05/26 14:06:16] D2BS 16000: equipped: [ArmL] 26
[10/05/26 14:06:16] D2BS 16000: equipped: [RingR] 13
[10/05/26 14:06:16] D2BS 16000: equipped: [RingL] 14
[10/05/26 14:06:16] D2BS 16000: equipped: [Belt] 16
[10/05/26 14:06:16] D2BS 16000: equipped: [Boots] 13
[10/05/26 14:06:16] D2BS 16000: equipped: [Mitts] 13
[10/05/26 14:06:16] D2BS 16000: Loaded ÿc9[AutoSmurf.js]
[10/05/26 14:06:20] D2BS 16000: farmingON
[10/05/26 14:06:20] D2BS 16000: MiniShopBot: true
[10/05/26 14:06:20] D2BS 16000: UseMerc: true HP: 70
[10/05/26 14:06:35] D2BS 16000: Merc matched: Might
[10/05/26 14:06:54] D2BS 16000: Token needed
[10/05/26 14:06:58] D2BS 16000: act5+ BO
[10/05/26 14:06:59] D2BS 16000: updateStat
[10/05/26 14:07:10] D2BS 16000: ÿc4=== [BAAL] ===
[10/05/26 14:08:31] D2BS 16000: Going to town
[10/05/26 14:10:22] D2BS 16000: ÿc4=== [COUNTESS] ===
[10/05/26 14:10:59] D2BS 16000: party has left: fowo-xg
[10/05/26 14:10:59] D2BS 16000:  [04:44] +4.03% / [Level 87] 59.44%
[10/05/26 14:10:59] D2BS 16000: Script threads\autobuildthread.js ended
[10/05/26 14:10:59] D2BS 16000: Script threads\partythread.js ended
[10/05/26 14:10:59] D2BS 16000: Script threads\townchicken.js ended
[10/05/26 14:10:59] D2BS 16000: Script default.dbj ended
[10/05/26 14:11:11] D2BS 16000: joining game pz-133
[10/05/26 14:11:13] D2BS 16000: ÿc2D2BSÿc0 :: Starting default.dbj
[10/05/26 14:11:13] D2BS 16000: ÿc2D2BSÿc0 :: default.dbj running.
[10/05/26 14:11:13] D2BS 16000: Loaded ÿc9[X.nip] [Y.nip] [Z.nip] [V.nip] [D.FGOM.nip]
[10/05/26 14:11:13] D2BS 16000: Loaded ÿc9[D.FGOM.js]
[10/05/26 14:11:13] D2BS 16000: equipped: [Head] 41
[10/05/26 14:11:13] D2BS 16000: equipped: [Neck] 20
[10/05/26 14:11:13] D2BS 16000: equipped: [Body] 19
[10/05/26 14:11:13] D2BS 16000: equipped: [ArmR] 32
[10/05/26 14:11:13] D2BS 16000: equipped: [ArmL] 26
[10/05/26 14:11:13] D2BS 16000: equipped: [RingR] 13
[10/05/26 14:11:13] D2BS 16000: equipped: [RingL] 14
[10/05/26 14:11:13] D2BS 16000: equipped: [Belt] 16
[10/05/26 14:11:13] D2BS 16000: equipped: [Boots] 13
[10/05/26 14:11:13] D2BS 16000: equipped: [Mitts] 13
[10/05/26 14:11:13] D2BS 16000: updateStat
[10/05/26 14:11:13] D2BS 16000: granted: [Head] 14
[10/05/26 14:11:13] D2BS 16000: granted: [Body] 18
[10/05/26 14:11:13] D2BS 16000: granted: [ArmR] 20
[10/05/26 14:11:13] D2BS 16000: Loaded ÿc9[AutoSmurf.js]
[10/05/26 14:11:16] D2BS 16000: farmingON
[10/05/26 14:11:16] D2BS 16000: MiniShopBot: true
[10/05/26 14:11:16] D2BS 16000: UseMerc: true HP: 70
[10/05/26 14:11:33] D2BS 16000: Merc matched: Might
[10/05/26 14:11:44] D2BS 16000: Token needed
[10/05/26 14:11:48] D2BS 16000: act5+ BO
[10/05/26 14:12:01] D2BS 16000: ÿc4=== [BAAL] ===
[10/05/26 14:12:15] D2BS 16000: party has left: fowo-xa
[10/05/26 14:12:15] D2BS 16000: no exp [01:03]
[10/05/26 14:12:15] D2BS 16000: Script threads\autobuildthread.js ended
[10/05/26 14:12:15] D2BS 16000: Script threads\partythread.js ended
[10/05/26 14:12:15] D2BS 16000: Script threads\townchicken.js ended
[10/05/26 14:12:15] D2BS 16000: Script default.dbj ended
[10/05/26 14:12:30] D2BS 16000: joining game pz-134
[10/05/26 14:12:31] D2BS 16000: ÿc2D2BSÿc0 :: Starting default.dbj
[10/05/26 14:12:31] D2BS 16000: ÿc2D2BSÿc0 :: default.dbj running.
[10/05/26 14:12:32] D2BS 16000: Loaded ÿc9[X.nip] [Y.nip] [Z.nip] [V.nip] [D.FGOM.nip]
[10/05/26 14:12:32] D2BS 16000: Loaded ÿc9[D.FGOM.js]
[10/05/26 14:12:32] D2BS 16000: equipped: [Head] 41
[10/05/26 14:12:32] D2BS 16000: equipped: [Neck] 20
[10/05/26 14:12:32] D2BS 16000: equipped: [Body] 19
[10/05/26 14:12:32] D2BS 16000: equipped: [ArmR] 32
[10/05/26 14:12:32] D2BS 16000: equipped: [ArmL] 26
[10/05/26 14:12:32] D2BS 16000: equipped: [RingR] 13
[10/05/26 14:12:32] D2BS 16000: equipped: [RingL] 14
[10/05/26 14:12:32] D2BS 16000: equipped: [Belt] 16
[10/05/26 14:12:32] D2BS 16000: equipped: [Boots] 13
[10/05/26 14:12:32] D2BS 16000: equipped: [Mitts] 13
[10/05/26 14:12:32] D2BS 16000: updateStat
[10/05/26 14:12:32] D2BS 16000: granted: [Head] 14
[10/05/26 14:12:32] D2BS 16000: granted: [Body] 18
[10/05/26 14:12:32] D2BS 16000: granted: [ArmR] 20
[10/05/26 14:12:32] D2BS 16000: Loaded ÿc9[AutoSmurf.js]
[10/05/26 14:12:34] D2BS 16000: farmingON
[10/05/26 14:12:35] D2BS 16000: MiniShopBot: true
[10/05/26 14:12:35] D2BS 16000: UseMerc: true HP: 70
[10/05/26 14:12:51] D2BS 16000: Merc matched: Might
[10/05/26 14:13:01] D2BS 16000: Token needed
[10/05/26 14:13:04] D2BS 16000: act5+ BO
[10/05/26 14:13:16] D2BS 16000: ÿc4=== [BAAL] ===
[10/05/26 14:13:22] D2BS 16000: party has left: fowo-xa
[10/05/26 14:13:22] D2BS 16000: no exp [00:51]
[10/05/26 14:13:22] D2BS 16000: Script threads\autobuildthread.js ended
[10/05/26 14:13:22] D2BS 16000: Script threads\partythread.js ended
[10/05/26 14:13:22] D2BS 16000: Script threads\townchicken.js ended
[10/05/26 14:13:23] D2BS 16000: Script default.dbj ended
[10/05/26 14:13:39] D2BS 16000: joining game pz-135
[10/05/26 14:13:40] D2BS 16000: ÿc2D2BSÿc0 :: Starting default.dbj
[10/05/26 14:13:40] D2BS 16000: ÿc2D2BSÿc0 :: default.dbj running.
[10/05/26 14:13:40] D2BS 16000: Loaded ÿc9[X.nip] [Y.nip] [Z.nip] [V.nip] [D.FGOM.nip]
[10/05/26 14:13:40] D2BS 16000: Loaded ÿc9[D.FGOM.js]
[10/05/26 14:13:40] D2BS 16000: equipped: [Head] 41
[10/05/26 14:13:40] D2BS 16000: equipped: [Neck] 20
[10/05/26 14:13:40] D2BS 16000: equipped: [Body] 19
[10/05/26 14:13:40] D2BS 16000: equipped: [ArmR] 32
[10/05/26 14:13:40] D2BS 16000: equipped: [ArmL] 26
[10/05/26 14:13:40] D2BS 16000: equipped: [RingR] 13
[10/05/26 14:13:40] D2BS 16000: equipped: [RingL] 14
[10/05/26 14:13:40] D2BS 16000: equipped: [Belt] 16
[10/05/26 14:13:40] D2BS 16000: equipped: [Boots] 13
[10/05/26 14:13:41] D2BS 16000: equipped: [Mitts] 13
[10/05/26 14:13:41] D2BS 16000: updateStat
[10/05/26 14:13:41] D2BS 16000: granted: [Head] 14
[10/05/26 14:13:41] D2BS 16000: granted: [Body] 18
[10/05/26 14:13:41] D2BS 16000: granted: [ArmR] 20
[10/05/26 14:13:41] D2BS 16000: Loaded ÿc9[AutoSmurf.js]
[10/05/26 14:13:44] D2BS 16000: farmingON
[10/05/26 14:13:44] D2BS 16000: MiniShopBot: true
[10/05/26 14:13:44] D2BS 16000: UseMerc: true HP: 70
[10/05/26 14:13:59] D2BS 16000: Merc matched: Might
[10/05/26 14:14:09] D2BS 16000: Token needed
[10/05/26 14:14:14] D2BS 16000: act5+ BO
[10/05/26 14:14:26] D2BS 16000: ÿc4=== [BAAL] ===
[10/05/26 14:17:49] D2BS 16000: ÿc4=== [COUNTESS] ===
[10/05/26 14:18:52] D2BS 16000: ÿc4=== [PIT] ===
[10/05/26 14:20:28] D2BS 16000: ÿc4=== [ANDY] ===
[10/05/26 14:21:17] D2BS 16000: ÿc4=== [MEPHISTO] ===
[10/05/26 14:22:37] D2BS 16000: ÿc4=== [DIABLO] ===
[10/05/26 14:27:19] D2BS 16000: updateStat
[10/05/26 14:28:55] D2BS 16000: party has left: fowo-xc
[10/05/26 14:28:55] D2BS 16000:  [15:15] +12.00% / [Level 87] 71.44%
[10/05/26 14:28:55] D2BS 16000: Script threads\autobuildthread.js ended
[10/05/26 14:28:55] D2BS 16000: Script threads\partythread.js ended
[10/05/26 14:28:55] D2BS 16000: Script threads\townchicken.js ended
[10/05/26 14:28:55] D2BS 16000: Script default.dbj ended
[10/05/26 14:29:08] D2BS 16000: joining game pz-136
[10/05/26 14:29:10] D2BS 16000: ÿc2D2BSÿc0 :: Starting default.dbj
[10/05/26 14:29:10] D2BS 16000: ÿc2D2BSÿc0 :: default.dbj running.
[10/05/26 14:29:10] D2BS 16000: Loaded ÿc9[X.nip] [Y.nip] [Z.nip] [V.nip] [D.FGOM.nip]
[10/05/26 14:29:10] D2BS 16000: Loaded ÿc9[D.FGOM.js]
[10/05/26 14:29:10] D2BS 16000: equipped: [Head] 41
[10/05/26 14:29:10] D2BS 16000: equipped: [Neck] 20
[10/05/26 14:29:10] D2BS 16000: equipped: [Body] 19
[10/05/26 14:29:10] D2BS 16000: equipped: [ArmR] 32
[10/05/26 14:29:10] D2BS 16000: equipped: [ArmL] 26
[10/05/26 14:29:10] D2BS 16000: equipped: [RingR] 13
[10/05/26 14:29:10] D2BS 16000: equipped: [RingL] 14
[10/05/26 14:29:10] D2BS 16000: equipped: [Belt] 16
[10/05/26 14:29:10] D2BS 16000: equipped: [Boots] 13
[10/05/26 14:29:11] D2BS 16000: equipped: [Mitts] 13
[10/05/26 14:29:11] D2BS 16000: updateStat
[10/05/26 14:29:11] D2BS 16000: granted: [Head] 14
[10/05/26 14:29:11] D2BS 16000: granted: [Body] 18
[10/05/26 14:29:11] D2BS 16000: granted: [ArmR] 20
[10/05/26 14:29:11] D2BS 16000: Loaded ÿc9[AutoSmurf.js]
[10/05/26 14:29:15] D2BS 16000: MiniShopBot: true
[10/05/26 14:29:15] D2BS 16000: farmingON
[10/05/26 14:29:15] D2BS 16000: UseMerc: true HP: 70
[10/05/26 14:29:35] D2BS 16000: equipped: [Belt] 18
[10/05/26 14:29:39] D2BS 16000: Merc matched: Might
[10/05/26 14:29:53] D2BS 16000: act5+ BO
[10/05/26 14:30:04] D2BS 16000: ÿc4=== [BAAL] ===
[10/05/26 14:30:13] D2BS 16000: Baal failed: souls found
[10/05/26 14:30:13] D2BS 16000: ÿc4=== [COUNTESS] ===
[10/05/26 14:31:11] D2BS 16000: ÿc4=== [PIT] ===
[10/05/26 14:32:52] D2BS 16000: ÿc4=== [ANDY] ===
[10/05/26 14:33:47] D2BS 16000: ÿc4=== [MEPHISTO] ===
[10/05/26 14:35:17] D2BS 16000: ÿc4=== [DIABLO] ===
[10/05/26 14:36:39] D2BS 16000: party has left: fowo-xd
[10/05/26 14:36:39] D2BS 16000:  [07:29] +2.56% / [Level 87] 74.00%
[10/05/26 14:36:39] D2BS 16000: Script threads\autobuildthread.js ended
[10/05/26 14:36:39] D2BS 16000: Script threads\partythread.js ended
[10/05/26 14:36:39] D2BS 16000: Script threads\townchicken.js ended
[10/05/26 14:36:39] D2BS 16000: Script default.dbj ended
[10/05/26 14:36:50] D2BS 16000: joining game pz-137
[10/05/26 14:36:51] D2BS 16000: ÿc2D2BSÿc0 :: Starting default.dbj
[10/05/26 14:36:51] D2BS 16000: ÿc2D2BSÿc0 :: default.dbj running.
[10/05/26 14:36:51] D2BS 16000: Loaded ÿc9[X.nip] [Y.nip] [Z.nip] [V.nip] [D.FGOM.nip]
[10/05/26 14:36:51] D2BS 16000: Loaded ÿc9[D.FGOM.js]
[10/05/26 14:36:51] D2BS 16000: equipped: [Head] 41
[10/05/26 14:36:51] D2BS 16000: equipped: [Neck] 20
[10/05/26 14:36:51] D2BS 16000: equipped: [Body] 19
[10/05/26 14:36:51] D2BS 16000: equipped: [ArmR] 32
[10/05/26 14:36:51] D2BS 16000: equipped: [ArmL] 26
[10/05/26 14:36:51] D2BS 16000: equipped: [RingR] 13
[10/05/26 14:36:51] D2BS 16000: equipped: [RingL] 14
[10/05/26 14:36:51] D2BS 16000: equipped: [Belt] 18
[10/05/26 14:36:51] D2BS 16000: equipped: [Boots] 13
[10/05/26 14:36:51] D2BS 16000: equipped: [Mitts] 13
[10/05/26 14:36:52] D2BS 16000: updateStat
[10/05/26 14:36:52] D2BS 16000: granted: [Head] 14
[10/05/26 14:36:52] D2BS 16000: granted: [Body] 18
[10/05/26 14:36:52] D2BS 16000: granted: [ArmR] 20
[10/05/26 14:36:52] D2BS 16000: Loaded ÿc9[AutoSmurf.js]
[10/05/26 14:36:58] D2BS 16000: MiniShopBot: true
[10/05/26 14:36:58] D2BS 16000: farmingON
[10/05/26 14:36:58] D2BS 16000: UseMerc: true HP: 70
[10/05/26 14:37:17] D2BS 16000: Merc matched: Might
[10/05/26 14:37:36] D2BS 16000: act5+ BO
[10/05/26 14:37:49] D2BS 16000: ÿc4=== [BAAL] ===
[10/05/26 14:41:13] D2BS 16000: ÿc4=== [COUNTESS] ===
[10/05/26 14:42:21] D2BS 16000: ÿc4=== [PIT] ===
[10/05/26 14:43:53] D2BS 16000: ÿc4=== [ANDY] ===
[10/05/26 14:45:03] D2BS 16000: ÿc4=== [MEPHISTO] ===
[10/05/26 14:46:14] D2BS 16000: ÿc4=== [DIABLO] ===
[10/05/26 14:52:48] D2BS 16000: party has left: fowo-xa
[10/05/26 14:52:48] D2BS 16000:  [15:57] +12.66% / [Level 87] 86.66%
[10/05/26 14:52:48] D2BS 16000: Script threads\autobuildthread.js ended
[10/05/26 14:52:49] D2BS 16000: Script threads\partythread.js ended
[10/05/26 14:52:49] D2BS 16000: Script threads\townchicken.js ended
[10/05/26 14:52:49] D2BS 16000: Script default.dbj ended
[10/05/26 14:53:01] D2BS 16000: joining game pz-138
[10/05/26 14:53:03] D2BS 16000: ÿc2D2BSÿc0 :: Starting default.dbj
[10/05/26 14:53:03] D2BS 16000: ÿc2D2BSÿc0 :: default.dbj running.
[10/05/26 14:53:03] D2BS 16000: Loaded ÿc9[X.nip] [Y.nip] [Z.nip] [V.nip] [D.FGOM.nip]
[10/05/26 14:53:03] D2BS 16000: Loaded ÿc9[D.FGOM.js]
[10/05/26 14:53:03] D2BS 16000: equipped: [Head] 41
[10/05/26 14:53:03] D2BS 16000: equipped: [Neck] 20
[10/05/26 14:53:03] D2BS 16000: equipped: [Body] 19
[10/05/26 14:53:03] D2BS 16000: equipped: [ArmR] 32
[10/05/26 14:53:03] D2BS 16000: equipped: [ArmL] 26
[10/05/26 14:53:03] D2BS 16000: equipped: [RingR] 13
[10/05/26 14:53:03] D2BS 16000: equipped: [RingL] 14
[10/05/26 14:53:03] D2BS 16000: equipped: [Belt] 18
[10/05/26 14:53:03] D2BS 16000: equipped: [Boots] 13
[10/05/26 14:53:03] D2BS 16000: equipped: [Mitts] 13
[10/05/26 14:53:03] D2BS 16000: updateStat
[10/05/26 14:53:03] D2BS 16000: granted: [Head] 14
[10/05/26 14:53:03] D2BS 16000: granted: [Body] 18
[10/05/26 14:53:03] D2BS 16000: granted: [ArmR] 20
[10/05/26 14:53:03] D2BS 16000: Loaded ÿc9[AutoSmurf.js]
[10/05/26 14:53:08] D2BS 16000: farmingON
[10/05/26 14:53:09] D2BS 16000: MiniShopBot: true
[10/05/26 14:53:09] D2BS 16000: UseMerc: true HP: 70
[10/05/26 14:53:28] D2BS 16000: Merc matched: Might
[10/05/26 14:53:43] D2BS 16000: Token needed
[10/05/26 14:53:47] D2BS 16000: act5+ BO
[10/05/26 14:54:01] D2BS 16000: ÿc4=== [BAAL] ===
[10/05/26 14:54:14] D2BS 16000: Baal failed: souls found
[10/05/26 14:54:14] D2BS 16000: ÿc4=== [COUNTESS] ===
[10/05/26 14:54:16] D2BS 16000: party has left: fowo-xa
[10/05/26 14:54:16] D2BS 16000: no exp [01:13]
[10/05/26 14:54:16] D2BS 16000: Script threads\autobuildthread.js ended
[10/05/26 14:54:16] D2BS 16000: Script threads\partythread.js ended
[10/05/26 14:54:16] D2BS 16000: Script threads\townchicken.js ended
[10/05/26 14:54:16] D2BS 16000: Script default.dbj ended
[10/05/26 14:54:29] D2BS 16000: joining game pz-139
[10/05/26 14:54:31] D2BS 16000: ÿc2D2BSÿc0 :: Starting default.dbj
[10/05/26 14:54:31] D2BS 16000: ÿc2D2BSÿc0 :: default.dbj running.
[10/05/26 14:54:31] D2BS 16000: Loaded ÿc9[X.nip] [Y.nip] [Z.nip] [V.nip] [D.FGOM.nip]
[10/05/26 14:54:31] D2BS 16000: Loaded ÿc9[D.FGOM.js]
[10/05/26 14:54:31] D2BS 16000: equipped: [Head] 41
[10/05/26 14:54:31] D2BS 16000: equipped: [Neck] 20
[10/05/26 14:54:31] D2BS 16000: equipped: [Body] 19
[10/05/26 14:54:31] D2BS 16000: equipped: [ArmR] 32
[10/05/26 14:54:31] D2BS 16000: equipped: [ArmL] 26
[10/05/26 14:54:31] D2BS 16000: equipped: [RingR] 13
[10/05/26 14:54:31] D2BS 16000: equipped: [RingL] 14
[10/05/26 14:54:31] D2BS 16000: equipped: [Belt] 18
[10/05/26 14:54:31] D2BS 16000: equipped: [Boots] 13
[10/05/26 14:54:31] D2BS 16000: equipped: [Mitts] 13
[10/05/26 14:54:31] D2BS 16000: updateStat
[10/05/26 14:54:31] D2BS 16000: granted: [Head] 14
[10/05/26 14:54:31] D2BS 16000: granted: [Body] 18
[10/05/26 14:54:31] D2BS 16000: granted: [ArmR] 20
[10/05/26 14:54:31] D2BS 16000: Loaded ÿc9[AutoSmurf.js]
[10/05/26 14:55:27] D2BS 16000: Script default.dbj ended
[10/05/26 14:55:27] D2BS 16000: Script threads\autobuildthread.js ended
[10/05/26 14:55:27] D2BS 16000: Script threads\partythread.js ended
[10/05/26 14:55:27] D2BS 16000: Script threads\toolsthread.js ended
[10/05/26 14:55:27] D2BS 16000: Script threads\townchicken.js ended
[10/05/26 14:56:45] D2BS 16000: joining game pz-140
[10/05/26 14:56:47] D2BS 16000: ÿc2D2BSÿc0 :: Starting default.dbj
[10/05/26 14:56:47] D2BS 16000: ÿc2D2BSÿc0 :: default.dbj running.
[10/05/26 14:56:48] D2BS 16000: Loaded ÿc9[X.nip] [Y.nip] [Z.nip] [V.nip] [D.FGOM.nip]
[10/05/26 14:56:48] D2BS 16000: Loaded ÿc9[D.FGOM.js]
[10/05/26 14:56:48] D2BS 16000: equipped: [Head] 41
[10/05/26 14:56:48] D2BS 16000: equipped: [Neck] 20
[10/05/26 14:56:48] D2BS 16000: equipped: [Body] 19
[10/05/26 14:56:48] D2BS 16000: equipped: [ArmR] 32
[10/05/26 14:56:48] D2BS 16000: equipped: [ArmL] 26
[10/05/26 14:56:48] D2BS 16000: equipped: [RingR] 13
[10/05/26 14:56:48] D2BS 16000: equipped: [RingL] 14
[10/05/26 14:56:48] D2BS 16000: equipped: [Belt] 18
[10/05/26 14:56:48] D2BS 16000: equipped: [Boots] 13
[10/05/26 14:56:48] D2BS 16000: equipped: [Mitts] 13
[10/05/26 14:56:48] D2BS 16000: updateStat
[10/05/26 14:56:48] D2BS 16000: granted: [Head] 14
[10/05/26 14:56:48] D2BS 16000: granted: [Body] 18
[10/05/26 14:56:48] D2BS 16000: granted: [ArmR] 20
[10/05/26 14:56:48] D2BS 16000: Loaded ÿc9[AutoSmurf.js]
[10/05/26 14:56:49] D2BS 16000: farmingON
[10/05/26 14:56:50] D2BS 16000: MiniShopBot: true
[10/05/26 14:56:50] D2BS 16000: UseMerc: true HP: 70
[10/05/26 14:57:04] D2BS 16000: Merc matched: Might
[10/05/26 14:57:17] D2BS 16000: Token needed
[10/05/26 14:57:20] D2BS 16000: act5+ BO
[10/05/26 14:57:25] D2BS 16000: party has left: fowo-xg
[10/05/26 14:57:25] D2BS 16000: no exp [00:39]
[10/05/26 14:57:25] D2BS 16000: Script threads\autobuildthread.js ended
[10/05/26 14:57:26] D2BS 16000: Script threads\partythread.js ended
[10/05/26 14:57:27] D2BS 16000: Script threads\townchicken.js ended
[10/05/26 14:57:27] D2BS 16000: Script default.dbj ended
[10/05/26 14:57:53] D2BS 16000: joining game pz-141
[10/05/26 14:57:56] D2BS 16000: ÿc2D2BSÿc0 :: Starting default.dbj
[10/05/26 14:57:56] D2BS 16000: ÿc2D2BSÿc0 :: default.dbj running.
[10/05/26 14:57:56] D2BS 16000: Loaded ÿc9[X.nip] [Y.nip] [Z.nip] [V.nip] [D.FGOM.nip]
[10/05/26 14:57:56] D2BS 16000: Loaded ÿc9[D.FGOM.js]
[10/05/26 14:57:56] D2BS 16000: equipped: [Head] 41
[10/05/26 14:57:56] D2BS 16000: equipped: [Neck] 20
[10/05/26 14:57:56] D2BS 16000: equipped: [Body] 19
[10/05/26 14:57:56] D2BS 16000: equipped: [ArmR] 32
[10/05/26 14:57:56] D2BS 16000: equipped: [ArmL] 26
[10/05/26 14:57:56] D2BS 16000: equipped: [RingR] 13
[10/05/26 14:57:56] D2BS 16000: equipped: [RingL] 14
[10/05/26 14:57:56] D2BS 16000: equipped: [Belt] 18
[10/05/26 14:57:56] D2BS 16000: equipped: [Boots] 13
[10/05/26 14:57:56] D2BS 16000: equipped: [Mitts] 13
[10/05/26 14:57:56] D2BS 16000: updateStat
[10/05/26 14:57:56] D2BS 16000: granted: [Head] 14
[10/05/26 14:57:56] D2BS 16000: granted: [Body] 18
[10/05/26 14:57:56] D2BS 16000: granted: [ArmR] 20
[10/05/26 14:57:56] D2BS 16000: Loaded ÿc9[AutoSmurf.js]
[10/05/26 14:57:58] D2BS 16000: farmingON
[10/05/26 14:57:58] D2BS 16000: MiniShopBot: true
[10/05/26 14:57:58] D2BS 16000: UseMerc: true HP: 70
[10/05/26 14:58:12] D2BS 16000: Merc matched: Might
[10/05/26 14:58:21] D2BS 16000: Token needed
[10/05/26 14:58:25] D2BS 16000: party has left: fowo-xd
[10/05/26 14:58:25] D2BS 16000: no exp [00:29]
[10/05/26 14:58:25] D2BS 16000: Script threads\autobuildthread.js ended
[10/05/26 14:58:25] D2BS 16000: Script threads\partythread.js ended
[10/05/26 14:58:25] D2BS 16000: Script threads\townchicken.js ended
[10/05/26 14:58:25] D2BS 16000: Script default.dbj ended
[10/05/26 14:59:01] D2BS 16000: joining game pz-142
[10/05/26 14:59:02] D2BS 16000: ÿc2D2BSÿc0 :: Starting default.dbj
[10/05/26 14:59:02] D2BS 16000: ÿc2D2BSÿc0 :: default.dbj running.
[10/05/26 14:59:03] D2BS 16000: Loaded ÿc9[X.nip] [Y.nip] [Z.nip] [V.nip] [D.FGOM.nip]
[10/05/26 14:59:03] D2BS 16000: Loaded ÿc9[D.FGOM.js]
[10/05/26 14:59:03] D2BS 16000: equipped: [Head] 41
[10/05/26 14:59:03] D2BS 16000: equipped: [Neck] 20
[10/05/26 14:59:03] D2BS 16000: equipped: [Body] 19
[10/05/26 14:59:03] D2BS 16000: equipped: [ArmR] 32
[10/05/26 14:59:03] D2BS 16000: equipped: [ArmL] 26
[10/05/26 14:59:03] D2BS 16000: equipped: [RingR] 13
[10/05/26 14:59:03] D2BS 16000: equipped: [RingL] 14
[10/05/26 14:59:03] D2BS 16000: equipped: [Belt] 18
[10/05/26 14:59:03] D2BS 16000: equipped: [Boots] 13
[10/05/26 14:59:03] D2BS 16000: equipped: [Mitts] 13
[10/05/26 14:59:03] D2BS 16000: updateStat
[10/05/26 14:59:03] D2BS 16000: granted: [Head] 14
[10/05/26 14:59:03] D2BS 16000: granted: [Body] 18
[10/05/26 14:59:03] D2BS 16000: granted: [ArmR] 20
[10/05/26 14:59:03] D2BS 16000: Loaded ÿc9[AutoSmurf.js]
[10/05/26 14:59:06] D2BS 16000: MiniShopBot: true
[10/05/26 14:59:06] D2BS 16000: farmingON
[10/05/26 14:59:06] D2BS 16000: UseMerc: true HP: 70
[10/05/26 14:59:21] D2BS 16000: granted: [Body] 19
[10/05/26 14:59:21] D2BS 16000: Merc matched: Might
[10/05/26 14:59:31] D2BS 16000: Token needed
[10/05/26 14:59:34] D2BS 16000: act5+ BO
[10/05/26 14:59:47] D2BS 16000: ÿc4=== [BAAL] ===
[10/05/26 15:03:09] D2BS 16000: ÿc4=== [COUNTESS] ===
[10/05/26 15:04:26] D2BS 16000: ÿc4=== [PIT] ===
[10/05/26 15:05:55] D2BS 16000: ÿc4=== [ANDY] ===
[10/05/26 15:06:52] D2BS 16000: ÿc4=== [MEPHISTO] ===
[10/05/26 15:07:57] D2BS 16000: ÿc4=== [DIABLO] ===
[10/05/26 15:13:44] D2BS 16000: Script ended
[10/05/26 15:13:44] D2BS 16000:  [14:42] +11.12% / [Level 87] 97.78%
[10/05/26 15:13:44] D2BS 16000: Script threads\autobuildthread.js ended
[10/05/26 15:13:45] D2BS 16000: Script threads\partythread.js ended
[10/05/26 15:13:45] D2BS 16000: Script threads\townchicken.js ended
[10/05/26 15:13:58] D2BS 16000: joining game pz-143
[10/05/26 15:14:01] D2BS 16000: ÿc2D2BSÿc0 :: Starting default.dbj
[10/05/26 15:14:01] D2BS 16000: ÿc2D2BSÿc0 :: default.dbj running.
[10/05/26 15:14:01] D2BS 16000: Loaded ÿc9[X.nip] [Y.nip] [Z.nip] [V.nip] [D.FGOM.nip]
[10/05/26 15:14:01] D2BS 16000: Loaded ÿc9[D.FGOM.js]
[10/05/26 15:14:01] D2BS 16000: equipped: [Head] 41
[10/05/26 15:14:01] D2BS 16000: equipped: [Neck] 20
[10/05/26 15:14:01] D2BS 16000: equipped: [Body] 19
[10/05/26 15:14:01] D2BS 16000: equipped: [ArmR] 32
[10/05/26 15:14:01] D2BS 16000: equipped: [ArmL] 26
[10/05/26 15:14:01] D2BS 16000: equipped: [RingR] 13
[10/05/26 15:14:01] D2BS 16000: equipped: [RingL] 14
[10/05/26 15:14:01] D2BS 16000: equipped: [Belt] 18
[10/05/26 15:14:01] D2BS 16000: equipped: [Boots] 13
[10/05/26 15:14:01] D2BS 16000: equipped: [Mitts] 13
[10/05/26 15:14:01] D2BS 16000: updateStat
[10/05/26 15:14:01] D2BS 16000: granted: [Head] 14
[10/05/26 15:14:01] D2BS 16000: granted: [Body] 19
[10/05/26 15:14:01] D2BS 16000: granted: [ArmR] 20
[10/05/26 15:14:01] D2BS 16000: Loaded ÿc9[AutoSmurf.js]
[10/05/26 15:14:05] D2BS 16000: farmingON
[10/05/26 15:14:07] D2BS 16000: MiniShopBot: true
[10/05/26 15:14:07] D2BS 16000: UseMerc: true HP: 70
[10/05/26 15:14:28] D2BS 16000: Merc matched: Might
[10/05/26 15:14:41] D2BS 16000: act5+ BO
[10/05/26 15:14:53] D2BS 16000: ÿc4=== [BAAL] ===
[10/05/26 15:15:00] D2BS 16000: party has left: fowo-xa
[10/05/26 15:15:00] D2BS 16000: no exp [01:00]
[10/05/26 15:15:00] D2BS 16000: Script threads\autobuildthread.js ended
[10/05/26 15:15:00] D2BS 16000: Script threads\partythread.js ended
[10/05/26 15:15:00] D2BS 16000: Script threads\townchicken.js ended
[10/05/26 15:15:00] D2BS 16000: Script default.dbj ended
[10/05/26 15:15:12] D2BS 16000: joining game pz-144
[10/05/26 15:15:13] D2BS 16000: ÿc2D2BSÿc0 :: Starting default.dbj
[10/05/26 15:15:13] D2BS 16000: ÿc2D2BSÿc0 :: default.dbj running.
[10/05/26 15:15:14] D2BS 16000: Loaded ÿc9[X.nip] [Y.nip] [Z.nip] [V.nip] [D.FGOM.nip]
[10/05/26 15:15:14] D2BS 16000: Loaded ÿc9[D.FGOM.js]
[10/05/26 15:15:14] D2BS 16000: equipped: [Head] 41
[10/05/26 15:15:14] D2BS 16000: equipped: [Neck] 20
[10/05/26 15:15:14] D2BS 16000: equipped: [Body] 19
[10/05/26 15:15:14] D2BS 16000: equipped: [ArmR] 32
[10/05/26 15:15:14] D2BS 16000: equipped: [ArmL] 26
[10/05/26 15:15:14] D2BS 16000: equipped: [RingR] 13
[10/05/26 15:15:14] D2BS 16000: equipped: [RingL] 14
[10/05/26 15:15:14] D2BS 16000: equipped: [Belt] 18
[10/05/26 15:15:14] D2BS 16000: equipped: [Boots] 13
[10/05/26 15:15:14] D2BS 16000: equipped: [Mitts] 13
[10/05/26 15:15:14] D2BS 16000: updateStat
[10/05/26 15:15:14] D2BS 16000: granted: [Head] 14
[10/05/26 15:15:14] D2BS 16000: granted: [Body] 19
[10/05/26 15:15:14] D2BS 16000: granted: [ArmR] 20
[10/05/26 15:15:14] D2BS 16000: Loaded ÿc9[AutoSmurf.js]
[10/05/26 15:15:17] D2BS 16000: MiniShopBot: true
[10/05/26 15:15:17] D2BS 16000: farmingON
[10/05/26 15:15:17] D2BS 16000: UseMerc: true HP: 70
[10/05/26 15:15:31] D2BS 16000: Merc matched: Might
[10/05/26 15:15:42] D2BS 16000: Token needed
[10/05/26 15:15:46] D2BS 16000: act5+ BO
[10/05/26 15:15:59] D2BS 16000: ÿc4=== [BAAL] ===
[10/05/26 15:16:14] D2BS 16000: Baal failed: souls found
[10/05/26 15:16:14] D2BS 16000: ÿc4=== [COUNTESS] ===
[10/05/26 15:17:19] D2BS 16000: ÿc4=== [PIT] ===
[10/05/26 15:18:52] D2BS 16000: ÿc4=== [ANDY] ===
[10/05/26 15:19:46] D2BS 16000: ÿc4=== [MEPHISTO] ===
[10/05/26 15:20:56] D2BS 16000: ÿc4=== [DIABLO] ===
[10/05/26 15:26:42] D2BS 16000: Script ended
[10/05/26 15:26:42] D2BS 16000:  [11:29] +3.87% / [Level 88] 1.83%
[10/05/26 15:26:42] D2BS 16000: Script threads\autobuildthread.js ended
[10/05/26 15:26:42] D2BS 16000: Script threads\partythread.js ended
[10/05/26 15:26:42] D2BS 16000: Script threads\townchicken.js ended
[10/05/26 15:26:56] D2BS 16000: joining game pz-145
[10/05/26 15:26:58] D2BS 16000: ÿc2D2BSÿc0 :: Starting default.dbj
[10/05/26 15:26:58] D2BS 16000: ÿc2D2BSÿc0 :: default.dbj running.
[10/05/26 15:26:58] D2BS 16000: Loaded ÿc9[X.nip] [Y.nip] [Z.nip] [V.nip] [D.FGOM.nip]
[10/05/26 15:26:58] D2BS 16000: Loaded ÿc9[D.FGOM.js]
[10/05/26 15:26:58] D2BS 16000: equipped: [Head] 41
[10/05/26 15:26:58] D2BS 16000: equipped: [Neck] 20
[10/05/26 15:26:58] D2BS 16000: equipped: [Body] 19
[10/05/26 15:26:58] D2BS 16000: equipped: [ArmR] 32
[10/05/26 15:26:58] D2BS 16000: equipped: [ArmL] 26
[10/05/26 15:26:58] D2BS 16000: equipped: [RingR] 13
[10/05/26 15:26:58] D2BS 16000: equipped: [RingL] 14
[10/05/26 15:26:58] D2BS 16000: equipped: [Belt] 18
[10/05/26 15:26:58] D2BS 16000: equipped: [Boots] 13
[10/05/26 15:26:58] D2BS 16000: equipped: [Mitts] 13
[10/05/26 15:26:58] D2BS 16000: updateStat
[10/05/26 15:26:58] D2BS 16000: granted: [Head] 14
[10/05/26 15:26:58] D2BS 16000: granted: [Body] 19
[10/05/26 15:26:58] D2BS 16000: granted: [ArmR] 20
[10/05/26 15:26:58] D2BS 16000: Loaded ÿc9[AutoSmurf.js]
[10/05/26 15:27:03] D2BS 16000: farmingON
[10/05/26 15:27:03] D2BS 16000: MiniShopBot: true
[10/05/26 15:27:03] D2BS 16000: UseMerc: true HP: 70
[10/05/26 15:27:20] D2BS 16000: Merc matched: Might
[10/05/26 15:27:35] D2BS 16000: Token needed
[10/05/26 15:27:38] D2BS 16000: act5+ BO
[10/05/26 15:27:50] D2BS 16000: ÿc4=== [BAAL] ===
[10/05/26 15:31:07] D2BS 16000: ÿc4=== [COUNTESS] ===
[10/05/26 15:32:30] D2BS 16000: ÿc4=== [PIT] ===
[10/05/26 15:34:01] D2BS 16000: ÿc4=== [ANDY] ===
[10/05/26 15:34:49] D2BS 16000: ÿc4=== [MEPHISTO] ===
[10/05/26 15:36:12] D2BS 16000: ÿc4=== [DIABLO] ===
[10/05/26 15:43:19] D2BS 16000: party has left: fowo-xa, fowo-xb
[10/05/26 15:43:19] D2BS 16000:  [16:21] +6.97% / [Level 88] 8.81%
[10/05/26 15:43:19] D2BS 16000: Script threads\autobuildthread.js ended
[10/05/26 15:43:19] D2BS 16000: Script threads\partythread.js ended
[10/05/26 15:43:19] D2BS 16000: Script threads\townchicken.js ended
[10/05/26 15:43:19] D2BS 16000: Script default.dbj ended
[10/05/26 15:43:31] D2BS 16000: joining game pz-146
[10/05/26 15:43:33] D2BS 16000: ÿc2D2BSÿc0 :: Starting default.dbj
[10/05/26 15:43:33] D2BS 16000: ÿc2D2BSÿc0 :: default.dbj running.
[10/05/26 15:43:33] D2BS 16000: Loaded ÿc9[X.nip] [Y.nip] [Z.nip] [V.nip] [D.FGOM.nip]
[10/05/26 15:43:33] D2BS 16000: Loaded ÿc9[D.FGOM.js]
[10/05/26 15:43:33] D2BS 16000: equipped: [Head] 41
[10/05/26 15:43:33] D2BS 16000: equipped: [Neck] 20
[10/05/26 15:43:33] D2BS 16000: equipped: [Body] 19
[10/05/26 15:43:33] D2BS 16000: equipped: [ArmR] 32
[10/05/26 15:43:33] D2BS 16000: equipped: [ArmL] 26
[10/05/26 15:43:33] D2BS 16000: equipped: [RingR] 13
[10/05/26 15:43:33] D2BS 16000: equipped: [RingL] 14
[10/05/26 15:43:33] D2BS 16000: equipped: [Belt] 18
[10/05/26 15:43:33] D2BS 16000: equipped: [Boots] 13
[10/05/26 15:43:33] D2BS 16000: equipped: [Mitts] 13
[10/05/26 15:43:33] D2BS 16000: updateStat
[10/05/26 15:43:33] D2BS 16000: granted: [Head] 14
[10/05/26 15:43:33] D2BS 16000: granted: [Body] 19
[10/05/26 15:43:33] D2BS 16000: granted: [ArmR] 20
[10/05/26 15:43:33] D2BS 16000: Loaded ÿc9[AutoSmurf.js]
[10/05/26 15:43:40] D2BS 16000: farmingON
[10/05/26 15:43:41] D2BS 16000: MiniShopBot: true
[10/05/26 15:43:41] D2BS 16000: UseMerc: true HP: 70
[10/05/26 15:44:09] D2BS 16000: Merc matched: Might
[10/05/26 15:44:18] D2BS 16000: act5+ BO
[10/05/26 15:44:30] D2BS 16000: ÿc4=== [BAAL] ===
[10/05/26 15:44:40] D2BS 16000: Baal failed: souls found
[10/05/26 15:44:40] D2BS 16000: ÿc4=== [COUNTESS] ===
[10/05/26 15:45:49] D2BS 16000: ÿc4=== [PIT] ===
[10/05/26 15:47:03] D2BS 16000: ÿc4=== [ANDY] ===
[10/05/26 15:47:56] D2BS 16000: ÿc4=== [MEPHISTO] ===
[10/05/26 15:49:05] D2BS 16000: ÿc4=== [DIABLO] ===
[10/05/26 15:54:49] D2BS 16000: party has left: fowo-xb
[10/05/26 15:54:49] D2BS 16000:  [11:16] +3.74% / [Level 88] 12.55%
[10/05/26 15:54:49] D2BS 16000: Script threads\autobuildthread.js ended
[10/05/26 15:54:49] D2BS 16000: Script threads\partythread.js ended
[10/05/26 15:54:49] D2BS 16000: Script threads\townchicken.js ended
[10/05/26 15:54:49] D2BS 16000: Script default.dbj ended
[10/05/26 15:55:02] D2BS 16000: joining game pz-147
[10/05/26 15:55:04] D2BS 16000: ÿc2D2BSÿc0 :: Starting default.dbj
[10/05/26 15:55:04] D2BS 16000: ÿc2D2BSÿc0 :: default.dbj running.
[10/05/26 15:55:04] D2BS 16000: Loaded ÿc9[X.nip] [Y.nip] [Z.nip] [V.nip] [D.FGOM.nip]
[10/05/26 15:55:04] D2BS 16000: Loaded ÿc9[D.FGOM.js]
[10/05/26 15:55:04] D2BS 16000: equipped: [Head] 41
[10/05/26 15:55:04] D2BS 16000: equipped: [Neck] 20
[10/05/26 15:55:04] D2BS 16000: equipped: [Body] 19
[10/05/26 15:55:04] D2BS 16000: equipped: [ArmR] 32
[10/05/26 15:55:04] D2BS 16000: equipped: [ArmL] 26
[10/05/26 15:55:04] D2BS 16000: equipped: [RingR] 13
[10/05/26 15:55:04] D2BS 16000: equipped: [RingL] 14
[10/05/26 15:55:04] D2BS 16000: equipped: [Belt] 18
[10/05/26 15:55:04] D2BS 16000: equipped: [Boots] 13
[10/05/26 15:55:04] D2BS 16000: equipped: [Mitts] 13
[10/05/26 15:55:04] D2BS 16000: updateStat
[10/05/26 15:55:04] D2BS 16000: granted: [Head] 14
[10/05/26 15:55:04] D2BS 16000: granted: [Body] 19
[10/05/26 15:55:04] D2BS 16000: granted: [ArmR] 20
[10/05/26 15:55:04] D2BS 16000: Loaded ÿc9[AutoSmurf.js]
[10/05/26 15:55:09] D2BS 16000: farmingON
[10/05/26 15:55:09] D2BS 16000: MiniShopBot: true
[10/05/26 15:55:09] D2BS 16000: UseMerc: true HP: 70
[10/05/26 15:55:28] D2BS 16000: Merc matched: Might
[10/05/26 15:55:59] D2BS 16000: Token needed
[10/05/26 15:56:02] D2BS 16000: act5+ BO
[10/05/26 15:56:14] D2BS 16000: ÿc4=== [BAAL] ===
[10/05/26 15:59:42] D2BS 16000: ÿc4=== [COUNTESS] ===
[10/05/26 16:00:58] D2BS 16000: ÿc4=== [PIT] ===
[10/05/26 16:01:42] D2BS 16000: updateStat
[10/05/26 16:02:34] D2BS 16000: ÿc4=== [ANDY] ===
[10/05/26 16:03:18] D2BS 16000: ÿc4=== [MEPHISTO] ===
[10/05/26 16:04:41] D2BS 16000: ÿc4=== [DIABLO] ===
[10/05/26 16:10:51] D2BS 16000: party has left: fowo-xc, fowo-xe
[10/05/26 16:10:51] D2BS 16000:  [15:48] +7.88% / [Level 88] 20.43%
[10/05/26 16:10:51] D2BS 16000: Script threads\autobuildthread.js ended
[10/05/26 16:10:52] D2BS 16000: Script threads\partythread.js ended
[10/05/26 16:10:52] D2BS 16000: Script threads\townchicken.js ended
[10/05/26 16:10:52] D2BS 16000: Script default.dbj ended
[10/05/26 16:11:04] D2BS 16000: joining game pz-148
[10/05/26 16:11:07] D2BS 16000: ÿc2D2BSÿc0 :: Starting default.dbj
[10/05/26 16:11:07] D2BS 16000: ÿc2D2BSÿc0 :: default.dbj running.
[10/05/26 16:11:07] D2BS 16000: Loaded ÿc9[X.nip] [Y.nip] [Z.nip] [V.nip] [D.FGOM.nip]
[10/05/26 16:11:07] D2BS 16000: Loaded ÿc9[D.FGOM.js]
[10/05/26 16:11:07] D2BS 16000: equipped: [Head] 41
[10/05/26 16:11:07] D2BS 16000: equipped: [Neck] 20
[10/05/26 16:11:07] D2BS 16000: equipped: [Body] 19
[10/05/26 16:11:07] D2BS 16000: equipped: [ArmR] 32
[10/05/26 16:11:07] D2BS 16000: equipped: [ArmL] 26
[10/05/26 16:11:07] D2BS 16000: equipped: [RingR] 13
[10/05/26 16:11:07] D2BS 16000: equipped: [RingL] 14
[10/05/26 16:11:07] D2BS 16000: equipped: [Belt] 18
[10/05/26 16:11:07] D2BS 16000: equipped: [Boots] 13
[10/05/26 16:11:07] D2BS 16000: equipped: [Mitts] 13
[10/05/26 16:11:07] D2BS 16000: updateStat
[10/05/26 16:11:07] D2BS 16000: granted: [Head] 14
[10/05/26 16:11:07] D2BS 16000: granted: [Body] 19
[10/05/26 16:11:07] D2BS 16000: granted: [ArmR] 20
[10/05/26 16:11:07] D2BS 16000: Loaded ÿc9[AutoSmurf.js]
[10/05/26 16:11:12] D2BS 16000: farmingON
[10/05/26 16:11:13] D2BS 16000: MiniShopBot: true
[10/05/26 16:11:13] D2BS 16000: UseMerc: true HP: 70
[10/05/26 16:11:32] D2BS 16000: Merc matched: Might
[10/05/26 16:11:39] D2BS 16000: Token needed
[10/05/26 16:11:43] D2BS 16000: act5+ BO
[10/05/26 16:11:56] D2BS 16000: ÿc4=== [BAAL] ===
[10/05/26 16:15:20] D2BS 16000: ÿc4=== [COUNTESS] ===
[10/05/26 16:16:42] D2BS 16000: ÿc4=== [PIT] ===
[10/05/26 16:18:34] D2BS 16000: ÿc4=== [ANDY] ===
[10/05/26 16:19:29] D2BS 16000: ÿc4=== [MEPHISTO] ===
[10/05/26 16:20:44] D2BS 16000: ÿc4=== [DIABLO] ===
[10/05/26 16:26:40] D2BS 16000: party has left: fowo-xa, fowo-xb
[10/05/26 16:26:40] D2BS 16000:  [15:34] +8.26% / [Level 88] 28.68%
[10/05/26 16:26:40] D2BS 16000: Script threads\autobuildthread.js ended
[10/05/26 16:26:40] D2BS 16000: Script threads\partythread.js ended
[10/05/26 16:26:40] D2BS 16000: Script threads\townchicken.js ended
[10/05/26 16:26:40] D2BS 16000: Script default.dbj ended
[10/05/26 16:26:52] D2BS 16000: joining game pz-149
[10/05/26 16:26:54] D2BS 16000: ÿc2D2BSÿc0 :: Starting default.dbj
[10/05/26 16:26:54] D2BS 16000: ÿc2D2BSÿc0 :: default.dbj running.
[10/05/26 16:26:54] D2BS 16000: Loaded ÿc9[X.nip] [Y.nip] [Z.nip] [V.nip] [D.FGOM.nip]
[10/05/26 16:26:54] D2BS 16000: Loaded ÿc9[D.FGOM.js]
[10/05/26 16:26:54] D2BS 16000: equipped: [Head] 41
[10/05/26 16:26:54] D2BS 16000: equipped: [Neck] 20
[10/05/26 16:26:54] D2BS 16000: equipped: [Body] 19
[10/05/26 16:26:54] D2BS 16000: equipped: [ArmR] 32
[10/05/26 16:26:54] D2BS 16000: equipped: [ArmL] 26
[10/05/26 16:26:54] D2BS 16000: equipped: [RingR] 13
[10/05/26 16:26:54] D2BS 16000: equipped: [RingL] 14
[10/05/26 16:26:54] D2BS 16000: equipped: [Belt] 18
[10/05/26 16:26:54] D2BS 16000: equipped: [Boots] 13
[10/05/26 16:26:54] D2BS 16000: equipped: [Mitts] 13
[10/05/26 16:26:54] D2BS 16000: updateStat
[10/05/26 16:26:54] D2BS 16000: granted: [Head] 14
[10/05/26 16:26:54] D2BS 16000: granted: [Body] 19
[10/05/26 16:26:55] D2BS 16000: granted: [ArmR] 20
[10/05/26 16:26:55] D2BS 16000: Loaded ÿc9[AutoSmurf.js]
[10/05/26 16:26:59] D2BS 16000: farmingON
[10/05/26 16:27:01] D2BS 16000: MiniShopBot: true
[10/05/26 16:27:01] D2BS 16000: UseMerc: true HP: 70
[10/05/26 16:27:25] D2BS 16000: Merc matched: Might
[10/05/26 16:27:34] D2BS 16000: Token needed
[10/05/26 16:27:38] D2BS 16000: act5+ BO
[10/05/26 16:27:50] D2BS 16000: ÿc4=== [BAAL] ===
[10/05/26 16:28:04] D2BS 16000: Baal failed: souls found
[10/05/26 16:28:04] D2BS 16000: ÿc4=== [COUNTESS] ===
[10/05/26 16:29:16] D2BS 16000: ÿc4=== [PIT] ===
[10/05/26 16:30:48] D2BS 16000: ÿc4=== [ANDY] ===
[10/05/26 16:31:41] D2BS 16000: ÿc4=== [MEPHISTO] ===
[10/05/26 16:33:03] D2BS 16000: ÿc4=== [DIABLO] ===
[10/05/26 16:38:38] D2BS 16000: Script ended
[10/05/26 16:38:38] D2BS 16000: party has left: fowo-xg
[10/05/26 16:38:38] D2BS 16000:  [11:44] +3.72% / [Level 88] 32.41%
[10/05/26 16:38:38] D2BS 16000: Script threads\autobuildthread.js ended
[10/05/26 16:38:38] D2BS 16000: Script threads\partythread.js ended
[10/05/26 16:38:38] D2BS 16000: Script threads\townchicken.js ended
[10/05/26 16:38:50] D2BS 16000: joining game pz-150
[10/05/26 16:38:52] D2BS 16000: ÿc2D2BSÿc0 :: Starting default.dbj
[10/05/26 16:38:52] D2BS 16000: ÿc2D2BSÿc0 :: default.dbj running.
[10/05/26 16:38:53] D2BS 16000: Loaded ÿc9[X.nip] [Y.nip] [Z.nip] [V.nip] [D.FGOM.nip]
[10/05/26 16:38:53] D2BS 16000: Loaded ÿc9[D.FGOM.js]
[10/05/26 16:38:53] D2BS 16000: equipped: [Head] 41
[10/05/26 16:38:53] D2BS 16000: equipped: [Neck] 20
[10/05/26 16:38:53] D2BS 16000: equipped: [Body] 19
[10/05/26 16:38:53] D2BS 16000: equipped: [ArmR] 32
[10/05/26 16:38:53] D2BS 16000: equipped: [ArmL] 26
[10/05/26 16:38:53] D2BS 16000: equipped: [RingR] 13
[10/05/26 16:38:53] D2BS 16000: equipped: [RingL] 14
[10/05/26 16:38:53] D2BS 16000: equipped: [Belt] 18
[10/05/26 16:38:53] D2BS 16000: equipped: [Boots] 13
[10/05/26 16:38:53] D2BS 16000: equipped: [Mitts] 13
[10/05/26 16:38:53] D2BS 16000: updateStat
[10/05/26 16:38:53] D2BS 16000: granted: [Head] 14
[10/05/26 16:38:53] D2BS 16000: granted: [Body] 19
[10/05/26 16:38:53] D2BS 16000: granted: [ArmR] 20
[10/05/26 16:38:53] D2BS 16000: Loaded ÿc9[AutoSmurf.js]
[10/05/26 16:38:58] D2BS 16000: farmingON
[10/05/26 16:39:01] D2BS 16000: MiniShopBot: true
[10/05/26 16:39:01] D2BS 16000: UseMerc: true HP: 70
[10/05/26 16:39:19] D2BS 16000: granted: [ArmR] 21
[10/05/26 16:39:19] D2BS 16000: Merc matched: Might
[10/05/26 16:39:27] D2BS 16000: Token needed
[10/05/26 16:39:32] D2BS 16000: act5+ BO
[10/05/26 16:39:43] D2BS 16000: ÿc4=== [BAAL] ===
[10/05/26 16:39:59] D2BS 16000: Baal failed: souls found
[10/05/26 16:39:59] D2BS 16000: ÿc4=== [COUNTESS] ===
[10/05/26 16:41:12] D2BS 16000: ÿc4=== [PIT] ===
[10/05/26 16:43:03] D2BS 16000: ÿc4=== [ANDY] ===
[10/05/26 16:43:53] D2BS 16000: ÿc4=== [MEPHISTO] ===
[10/05/26 16:45:16] D2BS 16000: ÿc4=== [DIABLO] ===
[10/05/26 16:51:02] D2BS 16000: party has left: fowo-xb
[10/05/26 16:51:02] D2BS 16000:  [12:10] +4.69% / [Level 88] 37.10%
[10/05/26 16:51:02] D2BS 16000: Script threads\autobuildthread.js ended
[10/05/26 16:51:02] D2BS 16000: Script threads\partythread.js ended
[10/05/26 16:51:03] D2BS 16000: Script threads\townchicken.js ended
[10/05/26 16:51:03] D2BS 16000: Script default.dbj ended
[10/05/26 16:51:15] D2BS 16000: joining game pz-151
[10/05/26 16:51:17] D2BS 16000: ÿc2D2BSÿc0 :: Starting default.dbj
[10/05/26 16:51:17] D2BS 16000: ÿc2D2BSÿc0 :: default.dbj running.
[10/05/26 16:51:17] D2BS 16000: Loaded ÿc9[X.nip] [Y.nip] [Z.nip] [V.nip] [D.FGOM.nip]
[10/05/26 16:51:17] D2BS 16000: Loaded ÿc9[D.FGOM.js]
[10/05/26 16:51:17] D2BS 16000: equipped: [Head] 41
[10/05/26 16:51:17] D2BS 16000: equipped: [Neck] 20
[10/05/26 16:51:17] D2BS 16000: equipped: [Body] 19
[10/05/26 16:51:17] D2BS 16000: equipped: [ArmR] 32
[10/05/26 16:51:17] D2BS 16000: equipped: [ArmL] 26
[10/05/26 16:51:17] D2BS 16000: equipped: [RingR] 13
[10/05/26 16:51:17] D2BS 16000: equipped: [RingL] 14
[10/05/26 16:51:17] D2BS 16000: equipped: [Belt] 18
[10/05/26 16:51:17] D2BS 16000: equipped: [Boots] 13
[10/05/26 16:51:17] D2BS 16000: equipped: [Mitts] 13
[10/05/26 16:51:17] D2BS 16000: updateStat
[10/05/26 16:51:17] D2BS 16000: granted: [Head] 14
[10/05/26 16:51:17] D2BS 16000: granted: [Body] 19
[10/05/26 16:51:17] D2BS 16000: granted: [ArmR] 21
[10/05/26 16:51:18] D2BS 16000: Loaded ÿc9[AutoSmurf.js]
[10/05/26 16:51:22] D2BS 16000: farmingON
[10/05/26 16:51:25] D2BS 16000: MiniShopBot: true
[10/05/26 16:51:25] D2BS 16000: UseMerc: true HP: 70
[10/05/26 16:51:41] D2BS 16000: Merc matched: Might
[10/05/26 16:51:56] D2BS 16000: Token needed
[10/05/26 16:52:00] D2BS 16000: act5+ BO
[10/05/26 16:52:13] D2BS 16000: ÿc4=== [BAAL] ===
[10/05/26 16:52:25] D2BS 16000: Baal failed: souls found
[10/05/26 16:52:25] D2BS 16000: ÿc4=== [COUNTESS] ===
[10/05/26 16:53:38] D2BS 16000: ÿc4=== [PIT] ===
[10/05/26 16:55:19] D2BS 16000: ÿc4=== [ANDY] ===
[10/05/26 16:56:07] D2BS 16000: ÿc4=== [MEPHISTO] ===
[10/05/26 16:57:24] D2BS 16000: ÿc4=== [DIABLO] ===
[10/05/26 17:03:34] D2BS 16000: party has left: fowo-xb
[10/05/26 17:03:34] D2BS 16000:  [12:17] +3.88% / [Level 88] 40.98%
[10/05/26 17:03:34] D2BS 16000: Script threads\autobuildthread.js ended
[10/05/26 17:03:34] D2BS 16000: Script threads\partythread.js ended
[10/05/26 17:03:34] D2BS 16000: Script threads\townchicken.js ended
[10/05/26 17:03:34] D2BS 16000: Script default.dbj ended
[10/05/26 17:03:45] D2BS 16000: joining game pz-152
[10/05/26 17:03:46] D2BS 16000: ÿc2D2BSÿc0 :: Starting default.dbj
[10/05/26 17:03:46] D2BS 16000: ÿc2D2BSÿc0 :: default.dbj running.
[10/05/26 17:03:47] D2BS 16000: Loaded ÿc9[X.nip] [Y.nip] [Z.nip] [V.nip] [D.FGOM.nip]
[10/05/26 17:03:47] D2BS 16000: Loaded ÿc9[D.FGOM.js]
[10/05/26 17:03:47] D2BS 16000: equipped: [Head] 41
[10/05/26 17:03:47] D2BS 16000: equipped: [Neck] 20
[10/05/26 17:03:47] D2BS 16000: equipped: [Body] 19
[10/05/26 17:03:47] D2BS 16000: equipped: [ArmR] 32
[10/05/26 17:03:47] D2BS 16000: equipped: [ArmL] 26
[10/05/26 17:03:47] D2BS 16000: equipped: [RingR] 13
[10/05/26 17:03:47] D2BS 16000: equipped: [RingL] 14
[10/05/26 17:03:47] D2BS 16000: equipped: [Belt] 18
[10/05/26 17:03:47] D2BS 16000: equipped: [Boots] 13
[10/05/26 17:03:47] D2BS 16000: equipped: [Mitts] 13
[10/05/26 17:03:47] D2BS 16000: updateStat
[10/05/26 17:03:47] D2BS 16000: granted: [Head] 14
[10/05/26 17:03:47] D2BS 16000: granted: [Body] 19
[10/05/26 17:03:47] D2BS 16000: granted: [ArmR] 21
[10/05/26 17:03:47] D2BS 16000: Loaded ÿc9[AutoSmurf.js]
[10/05/26 17:03:52] D2BS 16000: farmingON
[10/05/26 17:03:54] D2BS 16000: MiniShopBot: true
[10/05/26 17:03:54] D2BS 16000: UseMerc: true HP: 70
[10/05/26 17:04:14] D2BS 16000: Merc matched: Might
[10/05/26 17:04:27] D2BS 16000: act5+ BO
[10/05/26 17:05:00] D2BS 16000: ÿc4=== [BAAL] ===
[10/05/26 17:08:10] D2BS 16000: ÿc4=== [COUNTESS] ===
[10/05/26 17:09:19] D2BS 16000: ÿc4=== [PIT] ===
[10/05/26 17:11:04] D2BS 16000: ÿc4=== [ANDY] ===
[10/05/26 17:11:54] D2BS 16000: ÿc4=== [MEPHISTO] ===
[10/05/26 17:13:19] D2BS 16000: ÿc4=== [DIABLO] ===
[10/05/26 17:13:23] D2BS 16000: ÿc4[Runeword] ÿc0Smoke Serpentskin Armor
[10/05/26 17:13:44] D2BS 16000: equipped: [Body] 21
[10/05/26 17:19:12] D2BS 16000: party has left: fowo-xh
[10/05/26 17:19:12] D2BS 16000:  [15:26] +7.75% / [Level 88] 48.73%
[10/05/26 17:19:12] D2BS 16000: Script threads\autobuildthread.js ended
[10/05/26 17:19:12] D2BS 16000: Script threads\partythread.js ended
[10/05/26 17:19:12] D2BS 16000: Script threads\townchicken.js ended
[10/05/26 17:19:12] D2BS 16000: Script default.dbj ended
[10/05/26 17:19:26] D2BS 16000: joining game pz-153
[10/05/26 17:19:28] D2BS 16000: ÿc2D2BSÿc0 :: Starting default.dbj
[10/05/26 17:19:28] D2BS 16000: ÿc2D2BSÿc0 :: default.dbj running.
[10/05/26 17:19:29] D2BS 16000: Loaded ÿc9[X.nip] [Y.nip] [Z.nip] [V.nip] [D.FGOM.nip]
[10/05/26 17:19:29] D2BS 16000: Loaded ÿc9[D.FGOM.js]
[10/05/26 17:19:29] D2BS 16000: equipped: [Head] 41
[10/05/26 17:19:29] D2BS 16000: equipped: [Neck] 20
[10/05/26 17:19:29] D2BS 16000: equipped: [Body] 21
[10/05/26 17:19:29] D2BS 16000: equipped: [ArmR] 32
[10/05/26 17:19:29] D2BS 16000: equipped: [ArmL] 26
[10/05/26 17:19:29] D2BS 16000: equipped: [RingR] 13
[10/05/26 17:19:29] D2BS 16000: equipped: [RingL] 14
[10/05/26 17:19:29] D2BS 16000: equipped: [Belt] 18
[10/05/26 17:19:29] D2BS 16000: equipped: [Boots] 13
[10/05/26 17:19:29] D2BS 16000: equipped: [Mitts] 13
[10/05/26 17:19:29] D2BS 16000: updateStat
[10/05/26 17:19:29] D2BS 16000: granted: [Head] 14
[10/05/26 17:19:29] D2BS 16000: granted: [Body] 19
[10/05/26 17:19:29] D2BS 16000: granted: [ArmR] 21
[10/05/26 17:19:29] D2BS 16000: Loaded ÿc9[AutoSmurf.js]
[10/05/26 17:19:33] D2BS 16000: farmingON
[10/05/26 17:19:34] D2BS 16000: MiniShopBot: true
[10/05/26 17:19:34] D2BS 16000: UseMerc: true HP: 70
[10/05/26 17:19:51] D2BS 16000: Merc matched: Might
[10/05/26 17:20:03] D2BS 16000: Token needed
[10/05/26 17:20:06] D2BS 16000: act5+ BO
[10/05/26 17:20:19] D2BS 16000: ÿc4=== [BAAL] ===
[10/05/26 17:23:43] D2BS 16000: ÿc4=== [COUNTESS] ===
[10/05/26 17:25:10] D2BS 16000: ÿc4=== [PIT] ===
[10/05/26 17:26:30] D2BS 16000: ÿc4=== [ANDY] ===
[10/05/26 17:27:27] D2BS 16000: ÿc4=== [MEPHISTO] ===
[10/05/26 17:28:44] D2BS 16000: ÿc4=== [DIABLO] ===
[10/05/26 17:34:08] D2BS 16000: Script ended
[10/05/26 17:34:08] D2BS 16000:  [14:40] +7.80% / [Level 88] 56.53%
[10/05/26 17:34:08] D2BS 16000: Script threads\autobuildthread.js ended
[10/05/26 17:34:08] D2BS 16000: Script threads\partythread.js ended
[10/05/26 17:34:08] D2BS 16000: Script threads\townchicken.js ended
[10/05/26 17:34:21] D2BS 16000: joining game pz-154
[10/05/26 17:34:23] D2BS 16000: ÿc2D2BSÿc0 :: Starting default.dbj
[10/05/26 17:34:23] D2BS 16000: ÿc2D2BSÿc0 :: default.dbj running.
[10/05/26 17:34:23] D2BS 16000: Loaded ÿc9[X.nip] [Y.nip] [Z.nip] [V.nip] [D.FGOM.nip]
[10/05/26 17:34:23] D2BS 16000: Loaded ÿc9[D.FGOM.js]
[10/05/26 17:34:23] D2BS 16000: equipped: [Head] 41
[10/05/26 17:34:23] D2BS 16000: equipped: [Neck] 20
[10/05/26 17:34:23] D2BS 16000: equipped: [Body] 21
[10/05/26 17:34:23] D2BS 16000: equipped: [ArmR] 32
[10/05/26 17:34:23] D2BS 16000: equipped: [ArmL] 26
[10/05/26 17:34:23] D2BS 16000: equipped: [RingR] 13
[10/05/26 17:34:23] D2BS 16000: equipped: [RingL] 14
[10/05/26 17:34:23] D2BS 16000: equipped: [Belt] 18
[10/05/26 17:34:23] D2BS 16000: equipped: [Boots] 13
[10/05/26 17:34:23] D2BS 16000: equipped: [Mitts] 13
[10/05/26 17:34:23] D2BS 16000: updateStat
[10/05/26 17:34:23] D2BS 16000: granted: [Head] 14
[10/05/26 17:34:23] D2BS 16000: granted: [Body] 19
[10/05/26 17:34:23] D2BS 16000: granted: [ArmR] 21
[10/05/26 17:34:23] D2BS 16000: Loaded ÿc9[AutoSmurf.js]
[10/05/26 17:34:28] D2BS 16000: MiniShopBot: true
[10/05/26 17:34:28] D2BS 16000: farmingON
[10/05/26 17:34:28] D2BS 16000: UseMerc: true HP: 70
[10/05/26 17:34:48] D2BS 16000: Merc matched: Might
[10/05/26 17:34:58] D2BS 16000: Token needed
[10/05/26 17:35:01] D2BS 16000: act5+ BO
[10/05/26 17:35:14] D2BS 16000: ÿc4=== [BAAL] ===
[10/05/26 17:38:38] D2BS 16000: ÿc4=== [COUNTESS] ===
[10/05/26 17:39:47] D2BS 16000: ÿc4=== [PIT] ===
[10/05/26 17:41:26] D2BS 16000: ÿc4=== [ANDY] ===
[10/05/26 17:42:14] D2BS 16000: ÿc4=== [MEPHISTO] ===
[10/05/26 17:43:42] D2BS 16000: ÿc4=== [DIABLO] ===
[10/05/26 17:49:28] D2BS 16000: party has left: fowo-xb
[10/05/26 17:49:28] D2BS 16000:  [15:05] +8.30% / [Level 88] 64.83%
[10/05/26 17:49:28] D2BS 16000: Script threads\autobuildthread.js ended
[10/05/26 17:49:29] D2BS 16000: Script threads\partythread.js ended
[10/05/26 17:49:29] D2BS 16000: Script threads\townchicken.js ended
[10/05/26 17:49:29] D2BS 16000: Script default.dbj ended
[10/05/26 17:49:41] D2BS 16000: joining game pz-155
[10/05/26 17:49:42] D2BS 16000: ÿc2D2BSÿc0 :: Starting default.dbj
[10/05/26 17:49:42] D2BS 16000: ÿc2D2BSÿc0 :: default.dbj running.
[10/05/26 17:49:43] D2BS 16000: Loaded ÿc9[X.nip] [Y.nip] [Z.nip] [V.nip] [D.FGOM.nip]
[10/05/26 17:49:43] D2BS 16000: Loaded ÿc9[D.FGOM.js]
[10/05/26 17:49:43] D2BS 16000: equipped: [Head] 41
[10/05/26 17:49:43] D2BS 16000: equipped: [Neck] 20
[10/05/26 17:49:43] D2BS 16000: equipped: [Body] 21
[10/05/26 17:49:43] D2BS 16000: equipped: [ArmR] 32
[10/05/26 17:49:43] D2BS 16000: equipped: [ArmL] 26
[10/05/26 17:49:43] D2BS 16000: equipped: [RingR] 13
[10/05/26 17:49:43] D2BS 16000: equipped: [RingL] 14
[10/05/26 17:49:43] D2BS 16000: equipped: [Belt] 18
[10/05/26 17:49:43] D2BS 16000: equipped: [Boots] 13
[10/05/26 17:49:43] D2BS 16000: equipped: [Mitts] 13
[10/05/26 17:49:43] D2BS 16000: updateStat
[10/05/26 17:49:43] D2BS 16000: granted: [Head] 14
[10/05/26 17:49:43] D2BS 16000: granted: [Body] 19
[10/05/26 17:49:43] D2BS 16000: granted: [ArmR] 21
[10/05/26 17:49:43] D2BS 16000: Loaded ÿc9[AutoSmurf.js]
[10/05/26 17:49:50] D2BS 16000: MiniShopBot: true
[10/05/26 17:49:50] D2BS 16000: farmingON
[10/05/26 17:49:50] D2BS 16000: UseMerc: true HP: 70
[10/05/26 17:50:11] D2BS 16000: Merc matched: Might
[10/05/26 17:50:24] D2BS 16000: Token needed
[10/05/26 17:50:28] D2BS 16000: act5+ BO
[10/05/26 17:50:41] D2BS 16000: ÿc4=== [BAAL] ===
[10/05/26 17:53:29] D2BS 16000: Script default.dbj ended
[10/05/26 17:53:29] D2BS 16000: Script threads\autobuildthread.js ended
[10/05/26 17:53:29] D2BS 16000: Script threads\partythread.js ended
[10/05/26 17:53:29] D2BS 16000: Script threads\toolsthread.js ended
[10/05/26 17:53:29] D2BS 16000: Script threads\townchicken.js ended
[10/05/26 17:53:41] D2BS 16000: joining game pz-156
[10/05/26 17:53:43] D2BS 16000: ÿc2D2BSÿc0 :: Starting default.dbj
[10/05/26 17:53:43] D2BS 16000: ÿc2D2BSÿc0 :: default.dbj running.
[10/05/26 17:53:44] D2BS 16000: Loaded ÿc9[X.nip] [Y.nip] [Z.nip] [V.nip] [D.FGOM.nip]
[10/05/26 17:53:44] D2BS 16000: Loaded ÿc9[D.FGOM.js]
[10/05/26 17:53:44] D2BS 16000: equipped: [Head] 41
[10/05/26 17:53:44] D2BS 16000: equipped: [Neck] 20
[10/05/26 17:53:44] D2BS 16000: equipped: [Body] 21
[10/05/26 17:53:44] D2BS 16000: equipped: [ArmR] 32
[10/05/26 17:53:44] D2BS 16000: equipped: [ArmL] 26
[10/05/26 17:53:44] D2BS 16000: equipped: [RingR] 13
[10/05/26 17:53:44] D2BS 16000: equipped: [RingL] 14
[10/05/26 17:53:44] D2BS 16000: equipped: [Belt] 18
[10/05/26 17:53:44] D2BS 16000: equipped: [Boots] 13
[10/05/26 17:53:44] D2BS 16000: equipped: [Mitts] 13
[10/05/26 17:53:44] D2BS 16000: updateStat
[10/05/26 17:53:44] D2BS 16000: granted: [Head] 14
[10/05/26 17:53:44] D2BS 16000: granted: [Body] 19
[10/05/26 17:53:44] D2BS 16000: granted: [ArmR] 21
[10/05/26 17:53:44] D2BS 16000: Loaded ÿc9[AutoSmurf.js]
[10/05/26 17:53:45] D2BS 16000: MiniShopBot: true
[10/05/26 17:53:46] D2BS 16000: farmingON
[10/05/26 17:53:46] D2BS 16000: UseMerc: true HP: 70
[10/05/26 17:54:01] D2BS 16000: Merc matched: Might
[10/05/26 17:54:18] D2BS 16000: act5+ BO
[10/05/26 17:54:30] D2BS 16000: ÿc4=== [BAAL] ===
[10/05/26 17:58:26] D2BS 16000: ÿc4=== [COUNTESS] ===
[10/05/26 17:59:55] D2BS 16000: ÿc4=== [PIT] ===
[10/05/26 18:01:48] D2BS 16000: ÿc4=== [ANDY] ===
[10/05/26 18:02:33] D2BS 16000: ÿc4=== [MEPHISTO] ===
[10/05/26 18:03:53] D2BS 16000: ÿc4=== [DIABLO] ===
[10/05/26 18:06:35] D2BS 16000: updateStat
[10/05/26 18:09:44] D2BS 16000: party has left: fowo-xh
[10/05/26 18:09:44] D2BS 16000:  [15:59] +8.36% / [Level 88] 76.64%
[10/05/26 18:09:44] D2BS 16000: Script threads\autobuildthread.js ended
[10/05/26 18:09:44] D2BS 16000: Script threads\partythread.js ended
[10/05/26 18:09:44] D2BS 16000: Script threads\townchicken.js ended
[10/05/26 18:09:44] D2BS 16000: Script default.dbj ended
[10/05/26 18:09:55] D2BS 16000: joining game pz-157
[10/05/26 18:09:57] D2BS 16000: ÿc2D2BSÿc0 :: Starting default.dbj
[10/05/26 18:09:57] D2BS 16000: ÿc2D2BSÿc0 :: default.dbj running.
[10/05/26 18:09:57] D2BS 16000: Loaded ÿc9[X.nip] [Y.nip] [Z.nip] [V.nip] [D.FGOM.nip]
[10/05/26 18:09:57] D2BS 16000: Loaded ÿc9[D.FGOM.js]
[10/05/26 18:09:57] D2BS 16000: equipped: [Head] 41
[10/05/26 18:09:57] D2BS 16000: equipped: [Neck] 20
[10/05/26 18:09:57] D2BS 16000: equipped: [Body] 21
[10/05/26 18:09:57] D2BS 16000: equipped: [ArmR] 32
[10/05/26 18:09:57] D2BS 16000: equipped: [ArmL] 26
[10/05/26 18:09:57] D2BS 16000: equipped: [RingR] 13
[10/05/26 18:09:57] D2BS 16000: equipped: [RingL] 14
[10/05/26 18:09:57] D2BS 16000: equipped: [Belt] 18
[10/05/26 18:09:57] D2BS 16000: equipped: [Boots] 13
[10/05/26 18:09:57] D2BS 16000: equipped: [Mitts] 13
[10/05/26 18:09:57] D2BS 16000: updateStat
[10/05/26 18:09:57] D2BS 16000: granted: [Head] 14
[10/05/26 18:09:57] D2BS 16000: granted: [Body] 19
[10/05/26 18:09:57] D2BS 16000: granted: [ArmR] 21
[10/05/26 18:09:58] D2BS 16000: Loaded ÿc9[AutoSmurf.js]
[10/05/26 18:10:03] D2BS 16000: farmingON
[10/05/26 18:10:04] D2BS 16000: MiniShopBot: true
[10/05/26 18:10:04] D2BS 16000: UseMerc: true HP: 70
[10/05/26 18:10:24] D2BS 16000: Merc matched: Might
[10/05/26 18:10:37] D2BS 16000: act5+ BO
[10/05/26 18:10:50] D2BS 16000: ÿc4=== [BAAL] ===
[10/05/26 18:14:26] D2BS 16000: ÿc4=== [COUNTESS] ===
[10/05/26 18:15:37] D2BS 16000: ÿc4=== [PIT] ===
[10/05/26 18:17:10] D2BS 16000: ÿc4=== [ANDY] ===
[10/05/26 18:17:58] D2BS 16000: ÿc4=== [MEPHISTO] ===
[10/05/26 18:19:17] D2BS 16000: ÿc4=== [DIABLO] ===
[10/05/26 18:19:41] D2BS 16000: equipped: [RingR] 15
[10/05/26 18:25:37] D2BS 16000: party has left: fowo-xa
[10/05/26 18:25:37] D2BS 16000:  [15:40] +7.25% / [Level 88] 83.89%
[10/05/26 18:25:37] D2BS 16000: Script threads\autobuildthread.js ended
[10/05/26 18:25:37] D2BS 16000: Script threads\partythread.js ended
[10/05/26 18:25:37] D2BS 16000: Script threads\townchicken.js ended
[10/05/26 18:25:37] D2BS 16000: Script default.dbj ended
[10/05/26 18:25:50] D2BS 16000: joining game pz-158
[10/05/26 18:25:53] D2BS 16000: ÿc2D2BSÿc0 :: Starting default.dbj
[10/05/26 18:25:53] D2BS 16000: ÿc2D2BSÿc0 :: default.dbj running.
[10/05/26 18:25:53] D2BS 16000: Loaded ÿc9[X.nip] [Y.nip] [Z.nip] [V.nip] [D.FGOM.nip]
[10/05/26 18:25:53] D2BS 16000: Loaded ÿc9[D.FGOM.js]
[10/05/26 18:25:53] D2BS 16000: equipped: [Head] 41
[10/05/26 18:25:53] D2BS 16000: equipped: [Neck] 20
[10/05/26 18:25:53] D2BS 16000: equipped: [Body] 21
[10/05/26 18:25:53] D2BS 16000: equipped: [ArmR] 32
[10/05/26 18:25:53] D2BS 16000: equipped: [ArmL] 26
[10/05/26 18:25:53] D2BS 16000: equipped: [RingR] 15
[10/05/26 18:25:53] D2BS 16000: equipped: [RingL] 14
[10/05/26 18:25:53] D2BS 16000: equipped: [Belt] 18
[10/05/26 18:25:53] D2BS 16000: equipped: [Boots] 13
[10/05/26 18:25:53] D2BS 16000: equipped: [Mitts] 13
[10/05/26 18:25:53] D2BS 16000: updateStat
[10/05/26 18:25:53] D2BS 16000: granted: [Head] 14
[10/05/26 18:25:53] D2BS 16000: granted: [Body] 19
[10/05/26 18:25:53] D2BS 16000: granted: [ArmR] 21
[10/05/26 18:25:53] D2BS 16000: Loaded ÿc9[AutoSmurf.js]
[10/05/26 18:25:57] D2BS 16000: farmingON
[10/05/26 18:25:58] D2BS 16000: Tiered: true
[10/05/26 18:25:58] D2BS 16000: UseMerc: true HP: 70
[10/05/26 18:26:35] D2BS 16000: Merc matched: Might
[10/05/26 18:26:42] D2BS 16000: act5+ BO
[10/05/26 18:27:11] D2BS 16000: ÿc4=== [BAAL] ===
[10/05/26 18:28:42] D2BS 16000: Going to town
[10/05/26 18:28:42] D2BS 16000: [Chicken] Life (2079/5956) area:131 (15092,5019)
[10/05/26 18:28:42] D2BS 16000:  [02:49] +0.80% / [Level 88] 84.69%
[10/05/26 18:28:42] D2BS 16000: Script threads\autobuildthread.js ended
[10/05/26 18:28:42] D2BS 16000: Script threads\partythread.js ended
[10/05/26 18:28:42] D2BS 16000: Script threads\townchicken.js ended
[10/05/26 18:28:42] D2BS 16000: Script default.dbj ended
[10/05/26 18:28:55] D2BS 16000: joining game pz-159
[10/05/26 18:28:57] D2BS 16000: ÿc2D2BSÿc0 :: Starting default.dbj
[10/05/26 18:28:57] D2BS 16000: ÿc2D2BSÿc0 :: default.dbj running.
[10/05/26 18:28:57] D2BS 16000: Loaded ÿc9[X.nip] [Y.nip] [Z.nip] [V.nip] [D.FGOM.nip]
[10/05/26 18:28:57] D2BS 16000: Loaded ÿc9[D.FGOM.js]
[10/05/26 18:28:57] D2BS 16000: equipped: [Head] 41
[10/05/26 18:28:57] D2BS 16000: equipped: [Neck] 20
[10/05/26 18:28:57] D2BS 16000: equipped: [Body] 21
[10/05/26 18:28:57] D2BS 16000: equipped: [ArmR] 32
[10/05/26 18:28:57] D2BS 16000: equipped: [ArmL] 26
[10/05/26 18:28:57] D2BS 16000: equipped: [RingR] 15
[10/05/26 18:28:57] D2BS 16000: equipped: [RingL] 14
[10/05/26 18:28:57] D2BS 16000: equipped: [Belt] 18
[10/05/26 18:28:57] D2BS 16000: equipped: [Boots] 13
[10/05/26 18:28:57] D2BS 16000: equipped: [Mitts] 13
[10/05/26 18:28:57] D2BS 16000: updateStat
[10/05/26 18:28:57] D2BS 16000: granted: [Head] 14
[10/05/26 18:28:57] D2BS 16000: granted: [Body] 19
[10/05/26 18:28:57] D2BS 16000: granted: [ArmR] 21
[10/05/26 18:28:57] D2BS 16000: Loaded ÿc9[AutoSmurf.js]
[10/05/26 18:28:59] D2BS 16000: farmingON
[10/05/26 18:28:59] D2BS 16000: Tiered: true
[10/05/26 18:28:59] D2BS 16000: UseMerc: true HP: 70
[10/05/26 18:29:09] D2BS 16000: Merc matched: Might
[10/05/26 18:29:23] D2BS 16000: Token needed
[10/05/26 18:29:27] D2BS 16000: act5+ BO
[10/05/26 18:29:39] D2BS 16000: ÿc4=== [BAAL] ===
[10/05/26 18:32:55] D2BS 16000: ÿc4=== [COUNTESS] ===
[10/05/26 18:34:05] D2BS 16000: ÿc4=== [PIT] ===
[10/05/26 18:35:51] D2BS 16000: ÿc4=== [ANDY] ===
[10/05/26 18:36:40] D2BS 16000: ÿc4=== [MEPHISTO] ===
[10/05/26 18:37:55] D2BS 16000: ÿc4=== [DIABLO] ===
[10/05/26 18:41:09] D2BS 16000: Going to town
[10/05/26 18:44:48] D2BS 16000: party has left: fowo-xg
[10/05/26 18:44:48] D2BS 16000:  [15:52] +7.43% / [Level 88] 92.12%
[10/05/26 18:44:48] D2BS 16000: Script threads\autobuildthread.js ended
[10/05/26 18:44:48] D2BS 16000: Script threads\partythread.js ended
[10/05/26 18:44:48] D2BS 16000: Script threads\townchicken.js ended
[10/05/26 18:44:48] D2BS 16000: Script default.dbj ended
[10/05/26 18:45:01] D2BS 16000: joining game pz-160
[10/05/26 18:45:03] D2BS 16000: ÿc2D2BSÿc0 :: Starting default.dbj
[10/05/26 18:45:03] D2BS 16000: ÿc2D2BSÿc0 :: default.dbj running.
[10/05/26 18:45:03] D2BS 16000: Loaded ÿc9[X.nip] [Y.nip] [Z.nip] [V.nip] [D.FGOM.nip]
[10/05/26 18:45:03] D2BS 16000: Loaded ÿc9[D.FGOM.js]
[10/05/26 18:45:03] D2BS 16000: equipped: [Head] 41
[10/05/26 18:45:03] D2BS 16000: equipped: [Neck] 20
[10/05/26 18:45:03] D2BS 16000: equipped: [Body] 21
[10/05/26 18:45:03] D2BS 16000: equipped: [ArmR] 32
[10/05/26 18:45:03] D2BS 16000: equipped: [ArmL] 26
[10/05/26 18:45:03] D2BS 16000: equipped: [RingR] 15
[10/05/26 18:45:03] D2BS 16000: equipped: [RingL] 14
[10/05/26 18:45:03] D2BS 16000: equipped: [Belt] 18
[10/05/26 18:45:03] D2BS 16000: equipped: [Boots] 13
[10/05/26 18:45:03] D2BS 16000: equipped: [Mitts] 13
[10/05/26 18:45:03] D2BS 16000: updateStat
[10/05/26 18:45:03] D2BS 16000: granted: [Head] 14
[10/05/26 18:45:03] D2BS 16000: granted: [Body] 19
[10/05/26 18:45:03] D2BS 16000: granted: [ArmR] 21
[10/05/26 18:45:03] D2BS 16000: Loaded ÿc9[AutoSmurf.js]
[10/05/26 18:45:08] D2BS 16000: farmingON
[10/05/26 18:45:11] D2BS 16000: Tiered: true
[10/05/26 18:45:11] D2BS 16000: UseMerc: true HP: 70
[10/05/26 18:45:12] D2BS 16000: Merc matched: Might
[10/05/26 18:45:37] D2BS 16000: Token needed
[10/05/26 18:45:41] D2BS 16000: act5+ BO
[10/05/26 18:45:54] D2BS 16000: ÿc4=== [BAAL] ===
[10/05/26 18:46:16] D2BS 16000: Baal failed: souls found
[10/05/26 18:46:16] D2BS 16000: ÿc4=== [COUNTESS] ===
[10/05/26 18:47:27] D2BS 16000: ÿc4=== [PIT] ===
[10/05/26 18:49:13] D2BS 16000: ÿc4=== [ANDY] ===
[10/05/26 18:50:16] D2BS 16000: ÿc4=== [MEPHISTO] ===
[10/05/26 18:51:42] D2BS 16000: ÿc4=== [DIABLO] ===
[10/05/26 18:55:18] D2BS 16000: Going to town
[10/05/26 18:56:02] D2BS 16000: Going to town
[10/05/26 18:56:41] D2BS 16000: party has left: fowo-xe
[10/05/26 18:56:41] D2BS 16000:  [11:39] +2.55% / [Level 88] 94.67%
[10/05/26 18:56:41] D2BS 16000: Script threads\autobuildthread.js ended
[10/05/26 18:56:41] D2BS 16000: Script threads\partythread.js ended
[10/05/26 18:56:41] D2BS 16000: Script threads\townchicken.js ended
[10/05/26 18:56:41] D2BS 16000: Script default.dbj ended
[10/05/26 18:56:54] D2BS 16000: joining game pz-161
[10/05/26 18:56:56] D2BS 16000: ÿc2D2BSÿc0 :: Starting default.dbj
[10/05/26 18:56:56] D2BS 16000: ÿc2D2BSÿc0 :: default.dbj running.
[10/05/26 18:56:56] D2BS 16000: Loaded ÿc9[X.nip] [Y.nip] [Z.nip] [V.nip] [D.FGOM.nip]
[10/05/26 18:56:56] D2BS 16000: Loaded ÿc9[D.FGOM.js]
[10/05/26 18:56:56] D2BS 16000: equipped: [Head] 41
[10/05/26 18:56:56] D2BS 16000: equipped: [Neck] 20
[10/05/26 18:56:56] D2BS 16000: equipped: [Body] 21
[10/05/26 18:56:56] D2BS 16000: equipped: [ArmR] 32
[10/05/26 18:56:56] D2BS 16000: equipped: [ArmL] 26
[10/05/26 18:56:56] D2BS 16000: equipped: [RingR] 15
[10/05/26 18:56:56] D2BS 16000: equipped: [RingL] 14
[10/05/26 18:56:56] D2BS 16000: equipped: [Belt] 18
[10/05/26 18:56:56] D2BS 16000: equipped: [Boots] 13
[10/05/26 18:56:56] D2BS 16000: equipped: [Mitts] 13
[10/05/26 18:56:56] D2BS 16000: Loaded ÿc9[AutoSmurf.js]
[10/05/26 18:57:01] D2BS 16000: farmingON
[10/05/26 18:57:02] D2BS 16000: Tiered: true
[10/05/26 18:57:02] D2BS 16000: UseMerc: true HP: 70
[10/05/26 18:57:10] D2BS 16000: updateStat
[10/05/26 18:57:10] D2BS 16000: granted: [Head] 14
[10/05/26 18:57:10] D2BS 16000: granted: [Body] 19
[10/05/26 18:57:10] D2BS 16000: granted: [ArmR] 21
[10/05/26 18:57:17] D2BS 16000: Merc matched: Might
[10/05/26 18:57:31] D2BS 16000: act5+ BO
[10/05/26 18:57:32] D2BS 16000: updateStat
[10/05/26 18:57:44] D2BS 16000: ÿc4=== [BAAL] ===
[10/05/26 18:58:00] D2BS 16000: Baal failed: souls found
[10/05/26 18:58:00] D2BS 16000: ÿc4=== [COUNTESS] ===
[10/05/26 18:59:03] D2BS 16000: ÿc4=== [PIT] ===
[10/05/26 19:01:03] D2BS 16000: ÿc4=== [ANDY] ===
[10/05/26 19:01:57] D2BS 16000: ÿc4=== [MEPHISTO] ===
[10/05/26 19:03:15] D2BS 16000: ÿc4=== [DIABLO] ===
[10/05/26 19:08:43] D2BS 16000: party has left: fowo-xd
[10/05/26 19:08:43] D2BS 16000:  [11:48] +4.54% / [Level 88] 99.21%
[10/05/26 19:08:43] D2BS 16000: Script threads\autobuildthread.js ended
[10/05/26 19:08:44] D2BS 16000: Script threads\partythread.js ended
[10/05/26 19:08:44] D2BS 16000: Script threads\townchicken.js ended
[10/05/26 19:08:44] D2BS 16000: Script default.dbj ended
[10/05/26 19:08:56] D2BS 16000: joining game pz-162
[10/05/26 19:08:57] D2BS 16000: ÿc2D2BSÿc0 :: Starting default.dbj
[10/05/26 19:08:57] D2BS 16000: ÿc2D2BSÿc0 :: default.dbj running.
[10/05/26 19:08:58] D2BS 16000: Loaded ÿc9[X.nip] [Y.nip] [Z.nip] [V.nip] [D.FGOM.nip]
[10/05/26 19:08:58] D2BS 16000: Loaded ÿc9[D.FGOM.js]
[10/05/26 19:08:58] D2BS 16000: equipped: [Head] 41
[10/05/26 19:08:58] D2BS 16000: equipped: [Neck] 20
[10/05/26 19:08:58] D2BS 16000: equipped: [Body] 21
[10/05/26 19:08:58] D2BS 16000: equipped: [ArmR] 32
[10/05/26 19:08:58] D2BS 16000: equipped: [ArmL] 26
[10/05/26 19:08:58] D2BS 16000: equipped: [RingR] 15
[10/05/26 19:08:58] D2BS 16000: equipped: [RingL] 14
[10/05/26 19:08:58] D2BS 16000: equipped: [Belt] 18
[10/05/26 19:08:58] D2BS 16000: equipped: [Boots] 13
[10/05/26 19:08:58] D2BS 16000: equipped: [Mitts] 13
[10/05/26 19:08:58] D2BS 16000: updateStat
[10/05/26 19:08:58] D2BS 16000: granted: [Head] 14
[10/05/26 19:08:58] D2BS 16000: granted: [Body] 19
[10/05/26 19:08:58] D2BS 16000: granted: [ArmR] 21
[10/05/26 19:08:58] D2BS 16000: Loaded ÿc9[AutoSmurf.js]
[10/05/26 19:09:04] D2BS 16000: farmingON
[10/05/26 19:09:05] D2BS 16000: Tiered: true
[10/05/26 19:09:05] D2BS 16000: UseMerc: true HP: 70
[10/05/26 19:09:20] D2BS 16000: Merc matched: Might
[10/05/26 19:09:37] D2BS 16000: Token needed
[10/05/26 19:09:41] D2BS 16000: act5+ BO
[10/05/26 19:09:53] D2BS 16000: ÿc4=== [BAAL] ===
[10/05/26 19:10:04] D2BS 16000: Baal failed: souls found
[10/05/26 19:10:04] D2BS 16000: ÿc4=== [COUNTESS] ===
[10/05/26 19:11:07] D2BS 16000: ÿc4=== [PIT] ===
[10/05/26 19:12:55] D2BS 16000: ÿc4=== [ANDY] ===
[10/05/26 19:13:55] D2BS 16000: ÿc4=== [MEPHISTO] ===
[10/05/26 19:15:17] D2BS 16000: ÿc4=== [DIABLO] ===
[10/05/26 19:20:36] D2BS 16000: party has left: fowo-xa
[10/05/26 19:20:36] D2BS 16000:  [11:39] +2.78% / [Level 89] 2.05%
[10/05/26 19:20:36] D2BS 16000: Script threads\autobuildthread.js ended
[10/05/26 19:20:36] D2BS 16000: Script threads\partythread.js ended
[10/05/26 19:20:36] D2BS 16000: Script threads\townchicken.js ended
[10/05/26 19:20:36] D2BS 16000: Script default.dbj ended
[10/05/26 19:20:48] D2BS 16000: joining game pz-163
[10/05/26 19:20:51] D2BS 16000: ÿc2D2BSÿc0 :: Starting default.dbj
[10/05/26 19:20:51] D2BS 16000: ÿc2D2BSÿc0 :: default.dbj running.
[10/05/26 19:20:51] D2BS 16000: Loaded ÿc9[X.nip] [Y.nip] [Z.nip] [V.nip] [D.FGOM.nip]
[10/05/26 19:20:51] D2BS 16000: Loaded ÿc9[D.FGOM.js]
[10/05/26 19:20:51] D2BS 16000: equipped: [Head] 41
[10/05/26 19:20:51] D2BS 16000: equipped: [Neck] 20
[10/05/26 19:20:51] D2BS 16000: equipped: [Body] 21
[10/05/26 19:20:51] D2BS 16000: equipped: [ArmR] 32
[10/05/26 19:20:51] D2BS 16000: equipped: [ArmL] 26
[10/05/26 19:20:51] D2BS 16000: equipped: [RingR] 15
[10/05/26 19:20:51] D2BS 16000: equipped: [RingL] 14
[10/05/26 19:20:51] D2BS 16000: equipped: [Belt] 18
[10/05/26 19:20:51] D2BS 16000: equipped: [Boots] 13
[10/05/26 19:20:51] D2BS 16000: equipped: [Mitts] 13
[10/05/26 19:20:51] D2BS 16000: Loaded ÿc9[AutoSmurf.js]
[10/05/26 19:20:56] D2BS 16000: farmingON
[10/05/26 19:20:57] D2BS 16000: Tiered: true
[10/05/26 19:20:57] D2BS 16000: UseMerc: true HP: 70
[10/05/26 19:21:08] D2BS 16000: Merc matched: Might
[10/05/26 19:21:32] D2BS 16000: act5+ BO
[10/05/26 19:21:33] D2BS 16000: updateStat
[10/05/26 19:21:45] D2BS 16000: ÿc4=== [BAAL] ===
[10/05/26 19:25:37] D2BS 16000: ÿc4=== [COUNTESS] ===
[10/05/26 19:26:44] D2BS 16000: ÿc4=== [PIT] ===
[10/05/26 19:27:37] D2BS 16000: Going to town
[10/05/26 19:28:24] D2BS 16000: ÿc4=== [ANDY] ===
[10/05/26 19:29:10] D2BS 16000: ÿc4=== [MEPHISTO] ===
[10/05/26 19:30:25] D2BS 16000: ÿc4=== [DIABLO] ===
[10/05/26 19:33:42] D2BS 16000: Going to town
[10/05/26 19:36:32] D2BS 16000: party has left: fowo-xb
[10/05/26 19:36:32] D2BS 16000:  [15:42] +5.33% / [Level 89] 7.38%
[10/05/26 19:36:32] D2BS 16000: Script threads\autobuildthread.js ended
[10/05/26 19:36:32] D2BS 16000: Script threads\partythread.js ended
[10/05/26 19:36:32] D2BS 16000: Script threads\townchicken.js ended
[10/05/26 19:36:32] D2BS 16000: Script default.dbj ended
[10/05/26 19:36:45] D2BS 16000: joining game pz-164
[10/05/26 19:36:46] D2BS 16000: ÿc2D2BSÿc0 :: Starting default.dbj
[10/05/26 19:36:46] D2BS 16000: ÿc2D2BSÿc0 :: default.dbj running.
[10/05/26 19:36:46] D2BS 16000: Loaded ÿc9[X.nip] [Y.nip] [Z.nip] [V.nip] [D.FGOM.nip]
[10/05/26 19:36:46] D2BS 16000: Loaded ÿc9[D.FGOM.js]
[10/05/26 19:36:46] D2BS 16000: equipped: [Head] 41
[10/05/26 19:36:46] D2BS 16000: equipped: [Neck] 20
[10/05/26 19:36:46] D2BS 16000: equipped: [Body] 21
[10/05/26 19:36:47] D2BS 16000: equipped: [ArmR] 32
[10/05/26 19:36:47] D2BS 16000: equipped: [ArmL] 26
[10/05/26 19:36:47] D2BS 16000: equipped: [RingR] 15
[10/05/26 19:36:47] D2BS 16000: equipped: [RingL] 14
[10/05/26 19:36:47] D2BS 16000: equipped: [Belt] 18
[10/05/26 19:36:47] D2BS 16000: equipped: [Boots] 13
[10/05/26 19:36:47] D2BS 16000: equipped: [Mitts] 13
[10/05/26 19:36:47] D2BS 16000: Loaded ÿc9[AutoSmurf.js]
[10/05/26 19:36:52] D2BS 16000: farmingON
[10/05/26 19:36:53] D2BS 16000: Tiered: true
[10/05/26 19:36:53] D2BS 16000: UseMerc: true HP: 70
[10/05/26 19:37:01] D2BS 16000: updateStat
[10/05/26 19:37:01] D2BS 16000: granted: [Head] 14
[10/05/26 19:37:01] D2BS 16000: granted: [Body] 19
[10/05/26 19:37:01] D2BS 16000: granted: [ArmR] 21
[10/05/26 19:37:03] D2BS 16000: Merc matched: Might
[10/05/26 19:37:29] D2BS 16000: Token needed
[10/05/26 19:37:32] D2BS 16000: act5+ BO
[10/05/26 19:37:34] D2BS 16000: updateStat
[10/05/26 19:39:39] D2BS 16000: party has left: fowo-xd
[10/05/26 19:39:40] D2BS 16000: no exp [02:53]
[10/05/26 19:39:40] D2BS 16000: Script threads\autobuildthread.js ended
[10/05/26 19:39:40] D2BS 16000: Script threads\partythread.js ended
[10/05/26 19:39:40] D2BS 16000: Script threads\townchicken.js ended
[10/05/26 19:39:40] D2BS 16000: Script default.dbj ended
[10/05/26 19:39:51] D2BS 16000: joining game pz-165
[10/05/26 19:39:52] D2BS 16000: ÿc2D2BSÿc0 :: Starting default.dbj
[10/05/26 19:39:52] D2BS 16000: ÿc2D2BSÿc0 :: default.dbj running.
[10/05/26 19:39:52] D2BS 16000: Loaded ÿc9[X.nip] [Y.nip] [Z.nip] [V.nip] [D.FGOM.nip]
[10/05/26 19:39:52] D2BS 16000: Loaded ÿc9[D.FGOM.js]
[10/05/26 19:39:52] D2BS 16000: equipped: [Head] 41
[10/05/26 19:39:52] D2BS 16000: equipped: [Neck] 20
[10/05/26 19:39:52] D2BS 16000: equipped: [Body] 21
[10/05/26 19:39:52] D2BS 16000: equipped: [ArmR] 32
[10/05/26 19:39:52] D2BS 16000: equipped: [ArmL] 26
[10/05/26 19:39:52] D2BS 16000: equipped: [RingR] 15
[10/05/26 19:39:52] D2BS 16000: equipped: [RingL] 14
[10/05/26 19:39:52] D2BS 16000: equipped: [Belt] 18
[10/05/26 19:39:52] D2BS 16000: equipped: [Boots] 13
[10/05/26 19:39:52] D2BS 16000: equipped: [Mitts] 13
[10/05/26 19:39:52] D2BS 16000: updateStat
[10/05/26 19:39:52] D2BS 16000: granted: [Head] 14
[10/05/26 19:39:52] D2BS 16000: granted: [Body] 19
[10/05/26 19:39:52] D2BS 16000: granted: [ArmR] 21
[10/05/26 19:39:53] D2BS 16000: Loaded ÿc9[AutoSmurf.js]
[10/05/26 19:39:56] D2BS 16000: Tiered: true
[10/05/26 19:39:56] D2BS 16000: UseMerc: true HP: 70
[10/05/26 19:39:56] D2BS 16000: farmingON
[10/05/26 19:39:56] D2BS 16000: Merc matched: Might
[10/05/26 19:40:19] D2BS 16000: Token needed
[10/05/26 19:40:23] D2BS 16000: act5+ BO
[10/05/26 19:40:36] D2BS 16000: ÿc4=== [BAAL] ===
[10/05/26 19:40:48] D2BS 16000: Baal failed: souls found
[10/05/26 19:40:48] D2BS 16000: ÿc4=== [COUNTESS] ===
[10/05/26 19:41:48] D2BS 16000: ÿc4=== [PIT] ===
[10/05/26 19:43:32] D2BS 16000: ÿc4=== [ANDY] ===
[10/05/26 19:44:19] D2BS 16000: ÿc4=== [MEPHISTO] ===
[10/05/26 19:45:35] D2BS 16000: ÿc4=== [DIABLO] ===
[10/05/26 19:51:23] D2BS 16000: party has left: fowo-xa
[10/05/26 19:51:23] D2BS 16000:  [11:31] +3.08% / [Level 89] 10.45%
[10/05/26 19:51:23] D2BS 16000: Script threads\autobuildthread.js ended
[10/05/26 19:51:23] D2BS 16000: Script threads\partythread.js ended
[10/05/26 19:51:23] D2BS 16000: Script threads\townchicken.js ended
[10/05/26 19:51:24] D2BS 16000: Script default.dbj ended
[10/05/26 19:51:36] D2BS 16000: joining game pz-166
[10/05/26 19:51:37] D2BS 16000: ÿc2D2BSÿc0 :: Starting default.dbj
[10/05/26 19:51:37] D2BS 16000: ÿc2D2BSÿc0 :: default.dbj running.
[10/05/26 19:51:38] D2BS 16000: Loaded ÿc9[X.nip] [Y.nip] [Z.nip] [V.nip] [D.FGOM.nip]
[10/05/26 19:51:38] D2BS 16000: Loaded ÿc9[D.FGOM.js]
[10/05/26 19:51:38] D2BS 16000: equipped: [Head] 41
[10/05/26 19:51:38] D2BS 16000: equipped: [Neck] 20
[10/05/26 19:51:38] D2BS 16000: equipped: [Body] 21
[10/05/26 19:51:38] D2BS 16000: equipped: [ArmR] 32
[10/05/26 19:51:38] D2BS 16000: equipped: [ArmL] 26
[10/05/26 19:51:38] D2BS 16000: equipped: [RingR] 15
[10/05/26 19:51:38] D2BS 16000: equipped: [RingL] 14
[10/05/26 19:51:38] D2BS 16000: equipped: [Belt] 18
[10/05/26 19:51:38] D2BS 16000: equipped: [Boots] 13
[10/05/26 19:51:38] D2BS 16000: equipped: [Mitts] 13
[10/05/26 19:51:38] D2BS 16000: updateStat
[10/05/26 19:51:38] D2BS 16000: granted: [Head] 14
[10/05/26 19:51:38] D2BS 16000: granted: [Body] 19
[10/05/26 19:51:38] D2BS 16000: granted: [ArmR] 21
[10/05/26 19:51:38] D2BS 16000: Loaded ÿc9[AutoSmurf.js]
[10/05/26 19:51:44] D2BS 16000: farmingON
[10/05/26 19:51:44] D2BS 16000: Tiered: true
[10/05/26 19:51:44] D2BS 16000: UseMerc: true HP: 70
[10/05/26 19:52:01] D2BS 16000: Merc matched: Might
[10/05/26 19:52:22] D2BS 16000: act5+ BO
[10/05/26 19:52:35] D2BS 16000: ÿc4=== [BAAL] ===
[10/05/26 19:53:04] D2BS 16000: Baal failed: souls found
[10/05/26 19:53:04] D2BS 16000: ÿc4=== [COUNTESS] ===
[10/05/26 19:54:09] D2BS 16000: ÿc4=== [PIT] ===
[10/05/26 19:55:51] D2BS 16000: ÿc4=== [ANDY] ===
[10/05/26 19:56:52] D2BS 16000: ÿc4=== [MEPHISTO] ===
[10/05/26 19:58:11] D2BS 16000: ÿc4=== [DIABLO] ===
[10/05/26 20:03:18] D2BS 16000: party has left: fowo-xg, fowo-xh
[10/05/26 20:03:18] D2BS 16000:  [11:41] +2.75% / [Level 89] 13.21%
[10/05/26 20:03:18] D2BS 16000: Script threads\autobuildthread.js ended
[10/05/26 20:03:18] D2BS 16000: Script threads\partythread.js ended
[10/05/26 20:03:18] D2BS 16000: Script threads\townchicken.js ended
[10/05/26 20:03:18] D2BS 16000: Script default.dbj ended
[10/05/26 20:03:32] D2BS 16000: joining game pz-167
[10/05/26 20:03:34] D2BS 16000: ÿc2D2BSÿc0 :: Starting default.dbj
[10/05/26 20:03:34] D2BS 16000: ÿc2D2BSÿc0 :: default.dbj running.
[10/05/26 20:03:34] D2BS 16000: Loaded ÿc9[X.nip] [Y.nip] [Z.nip] [V.nip] [D.FGOM.nip]
[10/05/26 20:03:34] D2BS 16000: Loaded ÿc9[D.FGOM.js]
[10/05/26 20:03:34] D2BS 16000: equipped: [Head] 41
[10/05/26 20:03:34] D2BS 16000: equipped: [Neck] 20
[10/05/26 20:03:34] D2BS 16000: equipped: [Body] 21
[10/05/26 20:03:34] D2BS 16000: equipped: [ArmR] 32
[10/05/26 20:03:34] D2BS 16000: equipped: [ArmL] 26
[10/05/26 20:03:34] D2BS 16000: equipped: [RingR] 15
[10/05/26 20:03:34] D2BS 16000: equipped: [RingL] 14
[10/05/26 20:03:34] D2BS 16000: equipped: [Belt] 18
[10/05/26 20:03:34] D2BS 16000: equipped: [Boots] 13
[10/05/26 20:03:34] D2BS 16000: equipped: [Mitts] 13
[10/05/26 20:03:34] D2BS 16000: updateStat
[10/05/26 20:03:34] D2BS 16000: granted: [Head] 14
[10/05/26 20:03:34] D2BS 16000: granted: [Body] 19
[10/05/26 20:03:34] D2BS 16000: granted: [ArmR] 21
[10/05/26 20:03:34] D2BS 16000: Loaded ÿc9[AutoSmurf.js]
[10/05/26 20:03:39] D2BS 16000: Tiered: true
[10/05/26 20:03:39] D2BS 16000: UseMerc: true HP: 70
[10/05/26 20:03:39] D2BS 16000: farmingON
[10/05/26 20:03:46] D2BS 16000: Merc matched: Might
[10/05/26 20:04:17] D2BS 16000: Token needed
[10/05/26 20:04:21] D2BS 16000: act5+ BO
[10/05/26 20:04:33] D2BS 16000: ÿc4=== [BAAL] ===
[10/05/26 20:04:46] D2BS 16000: Baal failed: souls found
[10/05/26 20:04:46] D2BS 16000: ÿc4=== [COUNTESS] ===
[10/05/26 20:05:56] D2BS 16000: ÿc4=== [PIT] ===
[10/05/26 20:07:36] D2BS 16000: ÿc4=== [ANDY] ===
[10/05/26 20:08:27] D2BS 16000: ÿc4=== [MEPHISTO] ===
[10/05/26 20:09:45] D2BS 16000: ÿc4=== [DIABLO] ===
[10/05/26 20:15:09] D2BS 16000: party has left: fowo-xb
[10/05/26 20:15:09] D2BS 16000:  [11:36] +2.89% / [Level 89] 16.09%
[10/05/26 20:15:09] D2BS 16000: Script threads\autobuildthread.js ended
[10/05/26 20:15:10] D2BS 16000: Script threads\partythread.js ended
[10/05/26 20:15:10] D2BS 16000: Script threads\townchicken.js ended
[10/05/26 20:15:10] D2BS 16000: Script default.dbj ended
[10/05/26 20:15:21] D2BS 16000: joining game pz-168
[10/05/26 20:15:23] D2BS 16000: ÿc2D2BSÿc0 :: Starting default.dbj
[10/05/26 20:15:23] D2BS 16000: ÿc2D2BSÿc0 :: default.dbj running.
[10/05/26 20:15:23] D2BS 16000: Loaded ÿc9[X.nip] [Y.nip] [Z.nip] [V.nip] [D.FGOM.nip]
[10/05/26 20:15:23] D2BS 16000: Loaded ÿc9[D.FGOM.js]
[10/05/26 20:15:23] D2BS 16000: equipped: [Head] 41
[10/05/26 20:15:23] D2BS 16000: equipped: [Neck] 20
[10/05/26 20:15:23] D2BS 16000: equipped: [Body] 21
[10/05/26 20:15:23] D2BS 16000: equipped: [ArmR] 32
[10/05/26 20:15:23] D2BS 16000: equipped: [ArmL] 26
[10/05/26 20:15:23] D2BS 16000: equipped: [RingR] 15
[10/05/26 20:15:23] D2BS 16000: equipped: [RingL] 14
[10/05/26 20:15:23] D2BS 16000: equipped: [Belt] 18
[10/05/26 20:15:23] D2BS 16000: equipped: [Boots] 13
[10/05/26 20:15:23] D2BS 16000: equipped: [Mitts] 13
[10/05/26 20:15:23] D2BS 16000: updateStat
[10/05/26 20:15:23] D2BS 16000: granted: [Head] 14
[10/05/26 20:15:23] D2BS 16000: granted: [Body] 19
[10/05/26 20:15:23] D2BS 16000: granted: [ArmR] 21
[10/05/26 20:15:23] D2BS 16000: Loaded ÿc9[AutoSmurf.js]
[10/05/26 20:15:29] D2BS 16000: farmingON
[10/05/26 20:15:29] D2BS 16000: Tiered: true
[10/05/26 20:15:29] D2BS 16000: UseMerc: true HP: 70
[10/05/26 20:15:32] D2BS 16000: Merc matched: Might
[10/05/26 20:16:03] D2BS 16000: act5+ BO
[10/05/26 20:16:15] D2BS 16000: ÿc4=== [BAAL] ===
[10/05/26 20:17:22] D2BS 16000: updateStat
[10/05/26 20:17:38] D2BS 16000: Going to town
[10/05/26 20:19:42] D2BS 16000: ÿc4=== [COUNTESS] ===
[10/05/26 20:21:07] D2BS 16000: ÿc4=== [PIT] ===
[10/05/26 20:22:37] D2BS 16000: ÿc4=== [ANDY] ===
[10/05/26 20:23:31] D2BS 16000: ÿc4=== [MEPHISTO] ===
[10/05/26 20:24:56] D2BS 16000: ÿc4=== [DIABLO] ===
[10/05/26 20:31:07] D2BS 16000: party has left: fowo-xh
[10/05/26 20:31:07] D2BS 16000:  [15:45] +5.06% / [Level 89] 21.15%
[10/05/26 20:31:07] D2BS 16000: Script threads\autobuildthread.js ended
[10/05/26 20:31:07] D2BS 16000: Script threads\partythread.js ended
[10/05/26 20:31:07] D2BS 16000: Script threads\townchicken.js ended
[10/05/26 20:31:08] D2BS 16000: Script default.dbj ended
[10/05/26 20:31:20] D2BS 16000: joining game pz-169
[10/05/26 20:31:22] D2BS 16000: ÿc2D2BSÿc0 :: Starting default.dbj
[10/05/26 20:31:22] D2BS 16000: ÿc2D2BSÿc0 :: default.dbj running.
[10/05/26 20:31:23] D2BS 16000: Loaded ÿc9[X.nip] [Y.nip] [Z.nip] [V.nip] [D.FGOM.nip]
[10/05/26 20:31:23] D2BS 16000: Loaded ÿc9[D.FGOM.js]
[10/05/26 20:31:23] D2BS 16000: equipped: [Head] 41
[10/05/26 20:31:23] D2BS 16000: equipped: [Neck] 20
[10/05/26 20:31:23] D2BS 16000: equipped: [Body] 21
[10/05/26 20:31:23] D2BS 16000: equipped: [ArmR] 32
[10/05/26 20:31:23] D2BS 16000: equipped: [ArmL] 26
[10/05/26 20:31:23] D2BS 16000: equipped: [RingR] 15
[10/05/26 20:31:23] D2BS 16000: equipped: [RingL] 14
[10/05/26 20:31:23] D2BS 16000: equipped: [Belt] 18
[10/05/26 20:31:23] D2BS 16000: equipped: [Boots] 13
[10/05/26 20:31:23] D2BS 16000: equipped: [Mitts] 13
[10/05/26 20:31:23] D2BS 16000: updateStat
[10/05/26 20:31:23] D2BS 16000: granted: [Head] 14
[10/05/26 20:31:23] D2BS 16000: granted: [Body] 19
[10/05/26 20:31:23] D2BS 16000: granted: [ArmR] 21
[10/05/26 20:31:23] D2BS 16000: Loaded ÿc9[AutoSmurf.js]
[10/05/26 20:31:28] D2BS 16000: farmingON
[10/05/26 20:31:30] D2BS 16000: Tiered: true
[10/05/26 20:31:30] D2BS 16000: UseMerc: true HP: 70
[10/05/26 20:31:33] D2BS 16000: granted: [ArmR] 41
[10/05/26 20:31:52] D2BS 16000: Merc matched: Might
[10/05/26 20:32:02] D2BS 16000: act5+ BO
[10/05/26 20:32:14] D2BS 16000: ÿc4=== [BAAL] ===
[10/05/26 20:32:33] D2BS 16000: Baal failed: souls found
[10/05/26 20:32:33] D2BS 16000: ÿc4=== [COUNTESS] ===
[10/05/26 20:33:38] D2BS 16000: ÿc4=== [PIT] ===
[10/05/26 20:35:17] D2BS 16000: ÿc4=== [ANDY] ===
[10/05/26 20:36:24] D2BS 16000: ÿc4=== [MEPHISTO] ===
[10/05/26 20:37:46] D2BS 16000: ÿc4=== [DIABLO] ===
[10/05/26 20:43:23] D2BS 16000: party has left: fowo-xc
[10/05/26 20:43:23] D2BS 16000:  [12:01] +2.78% / [Level 89] 23.93%
[10/05/26 20:43:23] D2BS 16000: Script threads\autobuildthread.js ended
[10/05/26 20:43:23] D2BS 16000: Script threads\partythread.js ended
[10/05/26 20:43:23] D2BS 16000: Script threads\townchicken.js ended
[10/05/26 20:43:23] D2BS 16000: Script default.dbj ended
[10/05/26 20:43:36] D2BS 16000: joining game pz-170
[10/05/26 20:43:37] D2BS 16000: ÿc2D2BSÿc0 :: Starting default.dbj
[10/05/26 20:43:37] D2BS 16000: ÿc2D2BSÿc0 :: default.dbj running.
[10/05/26 20:43:37] D2BS 16000: Loaded ÿc9[X.nip] [Y.nip] [Z.nip] [V.nip] [D.FGOM.nip]
[10/05/26 20:43:37] D2BS 16000: Loaded ÿc9[D.FGOM.js]
[10/05/26 20:43:37] D2BS 16000: equipped: [Head] 41
[10/05/26 20:43:37] D2BS 16000: equipped: [Neck] 20
[10/05/26 20:43:37] D2BS 16000: equipped: [Body] 21
[10/05/26 20:43:37] D2BS 16000: equipped: [ArmR] 32
[10/05/26 20:43:37] D2BS 16000: equipped: [ArmL] 26
[10/05/26 20:43:37] D2BS 16000: equipped: [RingR] 15
[10/05/26 20:43:37] D2BS 16000: equipped: [RingL] 14
[10/05/26 20:43:37] D2BS 16000: equipped: [Belt] 18
[10/05/26 20:43:37] D2BS 16000: equipped: [Boots] 13
[10/05/26 20:43:37] D2BS 16000: equipped: [Mitts] 13
[10/05/26 20:43:37] D2BS 16000: updateStat
[10/05/26 20:43:37] D2BS 16000: granted: [Head] 14
[10/05/26 20:43:38] D2BS 16000: granted: [Body] 19
[10/05/26 20:43:38] D2BS 16000: granted: [ArmR] 41
[10/05/26 20:43:38] D2BS 16000: Loaded ÿc9[AutoSmurf.js]
[10/05/26 20:43:42] D2BS 16000: farmingON
[10/05/26 20:43:46] D2BS 16000: Tiered: true
[10/05/26 20:43:46] D2BS 16000: UseMerc: true HP: 70
[10/05/26 20:44:06] D2BS 16000: Merc matched: Might
[10/05/26 20:44:18] D2BS 16000: act5+ BO
[10/05/26 20:44:30] D2BS 16000: ÿc4=== [BAAL] ===
[10/05/26 20:47:30] D2BS 16000: ÿc4=== [COUNTESS] ===
[10/05/26 20:48:51] D2BS 16000: ÿc4=== [PIT] ===
[10/05/26 20:50:26] D2BS 16000: ÿc4=== [ANDY] ===
[10/05/26 20:51:16] D2BS 16000: ÿc4=== [MEPHISTO] ===
[10/05/26 20:52:44] D2BS 16000: ÿc4=== [DIABLO] ===
[10/05/26 20:58:20] D2BS 16000: party has left: fowo-xh
[10/05/26 20:58:21] D2BS 16000:  [14:43] +5.38% / [Level 89] 29.31%
[10/05/26 20:58:21] D2BS 16000: Script threads\autobuildthread.js ended
[10/05/26 20:58:21] D2BS 16000: Script threads\partythread.js ended
[10/05/26 20:58:21] D2BS 16000: Script threads\townchicken.js ended
[10/05/26 20:58:21] D2BS 16000: Script default.dbj ended
[10/05/26 20:58:32] D2BS 16000: joining game pz-171
[10/05/26 20:58:35] D2BS 16000: ÿc2D2BSÿc0 :: Starting default.dbj
[10/05/26 20:58:35] D2BS 16000: ÿc2D2BSÿc0 :: default.dbj running.
[10/05/26 20:58:35] D2BS 16000: Loaded ÿc9[X.nip] [Y.nip] [Z.nip] [V.nip] [D.FGOM.nip]
[10/05/26 20:58:35] D2BS 16000: Loaded ÿc9[D.FGOM.js]
[10/05/26 20:58:35] D2BS 16000: equipped: [Head] 41
[10/05/26 20:58:35] D2BS 16000: equipped: [Neck] 20
[10/05/26 20:58:35] D2BS 16000: equipped: [Body] 21
[10/05/26 20:58:35] D2BS 16000: equipped: [ArmR] 32
[10/05/26 20:58:35] D2BS 16000: equipped: [ArmL] 26
[10/05/26 20:58:35] D2BS 16000: equipped: [RingR] 15
[10/05/26 20:58:35] D2BS 16000: equipped: [RingL] 14
[10/05/26 20:58:35] D2BS 16000: equipped: [Belt] 18
[10/05/26 20:58:35] D2BS 16000: equipped: [Boots] 13
[10/05/26 20:58:35] D2BS 16000: equipped: [Mitts] 13
[10/05/26 20:58:35] D2BS 16000: updateStat
[10/05/26 20:58:35] D2BS 16000: granted: [Head] 14
[10/05/26 20:58:35] D2BS 16000: granted: [Body] 19
[10/05/26 20:58:35] D2BS 16000: granted: [ArmR] 41
[10/05/26 20:58:35] D2BS 16000: Loaded ÿc9[AutoSmurf.js]
[10/05/26 20:58:39] D2BS 16000: farmingON
[10/05/26 20:58:40] D2BS 16000: Tiered: true
[10/05/26 20:58:40] D2BS 16000: UseMerc: true HP: 70
[10/05/26 20:58:48] D2BS 16000: Merc matched: Might
[10/05/26 20:59:11] D2BS 16000: Token needed
[10/05/26 20:59:14] D2BS 16000: act5+ BO
[10/05/26 20:59:26] D2BS 16000: ÿc4=== [BAAL] ===
[10/05/26 20:59:40] D2BS 16000: Baal failed: souls found
[10/05/26 20:59:40] D2BS 16000: ÿc4=== [COUNTESS] ===
[10/05/26 21:00:51] D2BS 16000: ÿc4=== [PIT] ===
[10/05/26 21:02:34] D2BS 16000: ÿc4=== [ANDY] ===
[10/05/26 21:03:27] D2BS 16000: ÿc4=== [MEPHISTO] ===
[10/05/26 21:04:28] D2BS 16000: ÿc4=== [DIABLO] ===
[10/05/26 21:09:26] D2BS 16000: Script ended
[10/05/26 21:09:26] D2BS 16000:  [10:53] +2.22% / [Level 89] 31.53%
[10/05/26 21:09:26] D2BS 16000: Script threads\autobuildthread.js ended
[10/05/26 21:09:26] D2BS 16000: Script threads\partythread.js ended
[10/05/26 21:09:27] D2BS 16000: Script threads\townchicken.js ended
[10/05/26 21:09:40] D2BS 16000: joining game pz-172
[10/05/26 21:09:42] D2BS 16000: ÿc2D2BSÿc0 :: Starting default.dbj
[10/05/26 21:09:42] D2BS 16000: ÿc2D2BSÿc0 :: default.dbj running.
[10/05/26 21:09:42] D2BS 16000: Loaded ÿc9[X.nip] [Y.nip] [Z.nip] [V.nip] [D.FGOM.nip]
[10/05/26 21:09:42] D2BS 16000: Loaded ÿc9[D.FGOM.js]
[10/05/26 21:09:42] D2BS 16000: equipped: [Head] 41
[10/05/26 21:09:42] D2BS 16000: equipped: [Neck] 20
[10/05/26 21:09:42] D2BS 16000: equipped: [Body] 21
[10/05/26 21:09:42] D2BS 16000: equipped: [ArmR] 32
[10/05/26 21:09:42] D2BS 16000: equipped: [ArmL] 26
[10/05/26 21:09:42] D2BS 16000: equipped: [RingR] 15
[10/05/26 21:09:42] D2BS 16000: equipped: [RingL] 14
[10/05/26 21:09:42] D2BS 16000: equipped: [Belt] 18
[10/05/26 21:09:42] D2BS 16000: equipped: [Boots] 13
[10/05/26 21:09:42] D2BS 16000: equipped: [Mitts] 13
[10/05/26 21:09:42] D2BS 16000: updateStat
[10/05/26 21:09:42] D2BS 16000: granted: [Head] 14
[10/05/26 21:09:42] D2BS 16000: granted: [Body] 19
[10/05/26 21:09:42] D2BS 16000: granted: [ArmR] 41
[10/05/26 21:09:42] D2BS 16000: Loaded ÿc9[AutoSmurf.js]
[10/05/26 21:09:48] D2BS 16000: farmingON
[10/05/26 21:09:49] D2BS 16000: Tiered: true
[10/05/26 21:09:49] D2BS 16000: UseMerc: true HP: 70
[10/05/26 21:10:06] D2BS 16000: Merc matched: Might
[10/05/26 21:10:17] D2BS 16000: Token needed
[10/05/26 21:10:21] D2BS 16000: act5+ BO
[10/05/26 21:10:33] D2BS 16000: ÿc4=== [BAAL] ===
[10/05/26 21:10:47] D2BS 16000: Baal failed: souls found
[10/05/26 21:10:47] D2BS 16000: ÿc4=== [COUNTESS] ===
[10/05/26 21:11:52] D2BS 16000: ÿc4=== [PIT] ===
[10/05/26 21:13:39] D2BS 16000: ÿc4=== [ANDY] ===
[10/05/26 21:14:37] D2BS 16000: ÿc4=== [MEPHISTO] ===
[10/05/26 21:16:07] D2BS 16000: ÿc4=== [DIABLO] ===
[10/05/26 21:21:34] D2BS 16000: party has left: fowo-xa
[10/05/26 21:21:34] D2BS 16000:  [11:52] +3.05% / [Level 89] 34.59%
[10/05/26 21:21:34] D2BS 16000: Script threads\autobuildthread.js ended
[10/05/26 21:21:34] D2BS 16000: Script threads\partythread.js ended
[10/05/26 21:21:34] D2BS 16000: Script threads\townchicken.js ended
[10/05/26 21:21:34] D2BS 16000: Script default.dbj ended
[10/05/26 21:21:47] D2BS 16000: joining game pz-173
[10/05/26 21:21:49] D2BS 16000: ÿc2D2BSÿc0 :: Starting default.dbj
[10/05/26 21:21:49] D2BS 16000: ÿc2D2BSÿc0 :: default.dbj running.
[10/05/26 21:21:49] D2BS 16000: Loaded ÿc9[X.nip] [Y.nip] [Z.nip] [V.nip] [D.FGOM.nip]
[10/05/26 21:21:49] D2BS 16000: Loaded ÿc9[D.FGOM.js]
[10/05/26 21:21:49] D2BS 16000: equipped: [Head] 41
[10/05/26 21:21:49] D2BS 16000: equipped: [Neck] 20
[10/05/26 21:21:49] D2BS 16000: equipped: [Body] 21
[10/05/26 21:21:49] D2BS 16000: equipped: [ArmR] 32
[10/05/26 21:21:49] D2BS 16000: equipped: [ArmL] 26
[10/05/26 21:21:49] D2BS 16000: equipped: [RingR] 15
[10/05/26 21:21:49] D2BS 16000: equipped: [RingL] 14
[10/05/26 21:21:49] D2BS 16000: equipped: [Belt] 18
[10/05/26 21:21:49] D2BS 16000: equipped: [Boots] 13
[10/05/26 21:21:49] D2BS 16000: equipped: [Mitts] 13
[10/05/26 21:21:49] D2BS 16000: updateStat
[10/05/26 21:21:49] D2BS 16000: granted: [Head] 14
[10/05/26 21:21:49] D2BS 16000: granted: [Body] 19
[10/05/26 21:21:49] D2BS 16000: granted: [ArmR] 41
[10/05/26 21:21:49] D2BS 16000: Loaded ÿc9[AutoSmurf.js]
[10/05/26 21:21:55] D2BS 16000: farmingON
[10/05/26 21:21:57] D2BS 16000: Tiered: true
[10/05/26 21:21:57] D2BS 16000: UseMerc: true HP: 70
[10/05/26 21:22:07] D2BS 16000: Merc matched: Might
[10/05/26 21:22:30] D2BS 16000: act5+ BO
[10/05/26 21:22:42] D2BS 16000: ÿc4=== [BAAL] ===
[10/05/26 21:23:04] D2BS 16000: Baal failed: souls found
[10/05/26 21:23:04] D2BS 16000: ÿc4=== [COUNTESS] ===
[10/05/26 21:24:13] D2BS 16000: ÿc4=== [PIT] ===
[10/05/26 21:25:32] D2BS 16000: updateStat
[10/05/26 21:25:57] D2BS 16000: Going to town
[10/05/26 21:27:45] D2BS 16000:  [05:56] +0.31% / [Level 89] 34.90%
[10/05/26 21:27:45] D2BS 16000: Script threads\autobuildthread.js ended
[10/05/26 21:27:45] D2BS 16000: Script threads\partythread.js ended
[10/05/26 21:27:45] D2BS 16000: Script threads\townchicken.js ended
[10/05/26 21:27:45] D2BS 16000: Script default.dbj ended
[10/05/26 21:27:58] D2BS 16000: joining game pz-174
[10/05/26 21:28:00] D2BS 16000: ÿc2D2BSÿc0 :: Starting default.dbj
[10/05/26 21:28:00] D2BS 16000: ÿc2D2BSÿc0 :: default.dbj running.
[10/05/26 21:28:00] D2BS 16000: Loaded ÿc9[X.nip] [Y.nip] [Z.nip] [V.nip] [D.FGOM.nip]
[10/05/26 21:28:00] D2BS 16000: Loaded ÿc9[D.FGOM.js]
[10/05/26 21:28:00] D2BS 16000: equipped: [Head] 41
[10/05/26 21:28:00] D2BS 16000: equipped: [Neck] 20
[10/05/26 21:28:00] D2BS 16000: equipped: [Body] 21
[10/05/26 21:28:00] D2BS 16000: equipped: [ArmR] 32
[10/05/26 21:28:00] D2BS 16000: equipped: [ArmL] 26
[10/05/26 21:28:00] D2BS 16000: equipped: [RingR] 15
[10/05/26 21:28:00] D2BS 16000: equipped: [RingL] 14
[10/05/26 21:28:00] D2BS 16000: equipped: [Belt] 18
[10/05/26 21:28:00] D2BS 16000: equipped: [Boots] 13
[10/05/26 21:28:00] D2BS 16000: equipped: [Mitts] 13
[10/05/26 21:28:00] D2BS 16000: updateStat
[10/05/26 21:28:00] D2BS 16000: granted: [Head] 14
[10/05/26 21:28:00] D2BS 16000: granted: [Body] 19
[10/05/26 21:28:00] D2BS 16000: granted: [ArmR] 41
[10/05/26 21:28:00] D2BS 16000: Loaded ÿc9[AutoSmurf.js]
[10/05/26 21:28:06] D2BS 16000: farmingON
[10/05/26 21:28:07] D2BS 16000: Tiered: true
[10/05/26 21:28:07] D2BS 16000: UseMerc: true HP: 70
[10/05/26 21:28:07] D2BS 16000: Merc matched: Might
[10/05/26 21:28:34] D2BS 16000: Token needed
[10/05/26 21:28:38] D2BS 16000: act5+ BO
[10/05/26 21:28:51] D2BS 16000: ÿc4=== [BAAL] ===
[10/05/26 21:29:02] D2BS 16000: Baal failed: souls found
[10/05/26 21:29:02] D2BS 16000: ÿc4=== [COUNTESS] ===
[10/05/26 21:30:33] D2BS 16000: ÿc4=== [PIT] ===
[10/05/26 21:32:08] D2BS 16000: ÿc4=== [ANDY] ===
[10/05/26 21:32:57] D2BS 16000: ÿc4=== [MEPHISTO] ===
[10/05/26 21:34:18] D2BS 16000: ÿc4=== [DIABLO] ===
[10/05/26 21:40:14] D2BS 16000: party has left: fowo-xa
[10/05/26 21:40:14] D2BS 16000:  [12:14] +2.95% / [Level 89] 37.85%
[10/05/26 21:40:14] D2BS 16000: Script threads\autobuildthread.js ended
[10/05/26 21:40:15] D2BS 16000: Script threads\partythread.js ended
[10/05/26 21:40:15] D2BS 16000: Script threads\townchicken.js ended
[10/05/26 21:40:15] D2BS 16000: Script default.dbj ended
[10/05/26 21:40:28] D2BS 16000: joining game pz-175
[10/05/26 21:40:30] D2BS 16000: ÿc2D2BSÿc0 :: Starting default.dbj
[10/05/26 21:40:30] D2BS 16000: ÿc2D2BSÿc0 :: default.dbj running.
[10/05/26 21:40:30] D2BS 16000: Loaded ÿc9[X.nip] [Y.nip] [Z.nip] [V.nip] [D.FGOM.nip]
[10/05/26 21:40:30] D2BS 16000: Loaded ÿc9[D.FGOM.js]
[10/05/26 21:40:30] D2BS 16000: equipped: [Head] 41
[10/05/26 21:40:30] D2BS 16000: equipped: [Neck] 20
[10/05/26 21:40:30] D2BS 16000: equipped: [Body] 21
[10/05/26 21:40:30] D2BS 16000: equipped: [ArmR] 32
[10/05/26 21:40:30] D2BS 16000: equipped: [ArmL] 26
[10/05/26 21:40:30] D2BS 16000: equipped: [RingR] 15
[10/05/26 21:40:30] D2BS 16000: equipped: [RingL] 14
[10/05/26 21:40:30] D2BS 16000: equipped: [Belt] 18
[10/05/26 21:40:30] D2BS 16000: equipped: [Boots] 13
[10/05/26 21:40:30] D2BS 16000: equipped: [Mitts] 13
[10/05/26 21:40:30] D2BS 16000: Loaded ÿc9[AutoSmurf.js]
[10/05/26 21:40:35] D2BS 16000: Tiered: true
[10/05/26 21:40:35] D2BS 16000: UseMerc: true HP: 70
[10/05/26 21:40:35] D2BS 16000: farmingON
[10/05/26 21:40:45] D2BS 16000: Merc matched: Might
[10/05/26 21:41:13] D2BS 16000: act5+ BO
[10/05/26 21:41:14] D2BS 16000: updateStat
[10/05/26 21:41:26] D2BS 16000: ÿc4=== [BAAL] ===
[10/05/26 21:41:44] D2BS 16000: Baal failed: souls found
[10/05/26 21:41:44] D2BS 16000: ÿc4=== [COUNTESS] ===
[10/05/26 21:42:42] D2BS 16000: ÿc4=== [PIT] ===
[10/05/26 21:44:21] D2BS 16000: ÿc4=== [ANDY] ===
[10/05/26 21:45:45] D2BS 16000: ÿc4=== [MEPHISTO] ===
[10/05/26 21:46:53] D2BS 16000: ÿc4=== [DIABLO] ===
[10/05/26 21:52:15] D2BS 16000: Script ended
[10/05/26 21:52:15] D2BS 16000:  [11:46] +3.04% / [Level 89] 40.88%
[10/05/26 21:52:15] D2BS 16000: Script threads\autobuildthread.js ended
[10/05/26 21:52:16] D2BS 16000: Script threads\partythread.js ended
[10/05/26 21:52:16] D2BS 16000: Script threads\townchicken.js ended
[10/05/26 21:52:29] D2BS 16000: joining game pz-176
[10/05/26 21:52:32] D2BS 16000: ÿc2D2BSÿc0 :: Starting default.dbj
[10/05/26 21:52:32] D2BS 16000: ÿc2D2BSÿc0 :: default.dbj running.
[10/05/26 21:52:32] D2BS 16000: Loaded ÿc9[X.nip] [Y.nip] [Z.nip] [V.nip] [D.FGOM.nip]
[10/05/26 21:52:32] D2BS 16000: Loaded ÿc9[D.FGOM.js]
[10/05/26 21:52:32] D2BS 16000: equipped: [Head] 41
[10/05/26 21:52:32] D2BS 16000: equipped: [Neck] 20
[10/05/26 21:52:32] D2BS 16000: equipped: [Body] 21
[10/05/26 21:52:32] D2BS 16000: equipped: [ArmR] 32
[10/05/26 21:52:32] D2BS 16000: equipped: [ArmL] 26
[10/05/26 21:52:32] D2BS 16000: equipped: [RingR] 15
[10/05/26 21:52:32] D2BS 16000: equipped: [RingL] 14
[10/05/26 21:52:32] D2BS 16000: equipped: [Belt] 18
[10/05/26 21:52:32] D2BS 16000: equipped: [Boots] 13
[10/05/26 21:52:32] D2BS 16000: equipped: [Mitts] 13
[10/05/26 21:52:32] D2BS 16000: updateStat
[10/05/26 21:52:32] D2BS 16000: granted: [Head] 14
[10/05/26 21:52:32] D2BS 16000: granted: [Body] 19
[10/05/26 21:52:32] D2BS 16000: granted: [ArmR] 41
[10/05/26 21:52:32] D2BS 16000: Loaded ÿc9[AutoSmurf.js]
[10/05/26 21:52:37] D2BS 16000: farmingON
[10/05/26 21:52:39] D2BS 16000: Tiered: true
[10/05/26 21:52:39] D2BS 16000: UseMerc: true HP: 70
[10/05/26 21:52:49] D2BS 16000: Merc matched: Might
[10/05/26 21:53:06] D2BS 16000: Token needed
[10/05/26 21:53:10] D2BS 16000: act5+ BO
[10/05/26 21:55:17] D2BS 16000: party has left: fowo-xe
[10/05/26 21:55:17] D2BS 16000: no exp [02:45]
[10/05/26 21:55:17] D2BS 16000: Script threads\autobuildthread.js ended
[10/05/26 21:55:17] D2BS 16000: Script threads\partythread.js ended
[10/05/26 21:55:17] D2BS 16000: Script threads\townchicken.js ended
[10/05/26 21:55:17] D2BS 16000: Script default.dbj ended
[10/05/26 21:55:30] D2BS 16000: joining game pz-177
[10/05/26 21:55:32] D2BS 16000: ÿc2D2BSÿc0 :: Starting default.dbj
[10/05/26 21:55:32] D2BS 16000: ÿc2D2BSÿc0 :: default.dbj running.
[10/05/26 21:55:32] D2BS 16000: Loaded ÿc9[X.nip] [Y.nip] [Z.nip] [V.nip] [D.FGOM.nip]
[10/05/26 21:55:32] D2BS 16000: Loaded ÿc9[D.FGOM.js]
[10/05/26 21:55:32] D2BS 16000: equipped: [Head] 41
[10/05/26 21:55:32] D2BS 16000: equipped: [Neck] 20
[10/05/26 21:55:32] D2BS 16000: equipped: [Body] 21
[10/05/26 21:55:32] D2BS 16000: equipped: [ArmR] 32
[10/05/26 21:55:32] D2BS 16000: equipped: [ArmL] 26
[10/05/26 21:55:32] D2BS 16000: equipped: [RingR] 15
[10/05/26 21:55:32] D2BS 16000: equipped: [RingL] 14
[10/05/26 21:55:32] D2BS 16000: equipped: [Belt] 18
[10/05/26 21:55:32] D2BS 16000: equipped: [Boots] 13
[10/05/26 21:55:32] D2BS 16000: equipped: [Mitts] 13
[10/05/26 21:55:32] D2BS 16000: updateStat
[10/05/26 21:55:32] D2BS 16000: granted: [Head] 14
[10/05/26 21:55:32] D2BS 16000: granted: [Body] 19
[10/05/26 21:55:32] D2BS 16000: granted: [ArmR] 41
[10/05/26 21:55:32] D2BS 16000: Loaded ÿc9[AutoSmurf.js]
[10/05/26 21:55:35] D2BS 16000: Tiered: true
[10/05/26 21:55:35] D2BS 16000: UseMerc: true HP: 70
[10/05/26 21:55:35] D2BS 16000: farmingON
[10/05/26 21:55:35] D2BS 16000: Merc matched: Might
[10/05/26 21:55:57] D2BS 16000: Token needed
[10/05/26 21:56:01] D2BS 16000: act5+ BO
[10/05/26 21:56:13] D2BS 16000: ÿc4=== [BAAL] ===
[10/05/26 22:00:33] D2BS 16000: party has left: fowo-xe
[10/05/26 22:00:33] D2BS 16000:  [05:01] +2.99% / [Level 89] 43.88%
[10/05/26 22:00:33] D2BS 16000: Script threads\autobuildthread.js ended
[10/05/26 22:00:33] D2BS 16000: Script threads\partythread.js ended
[10/05/26 22:00:33] D2BS 16000: Script threads\townchicken.js ended
[10/05/26 22:00:33] D2BS 16000: Script default.dbj ended
[10/05/26 22:00:47] D2BS 16000: joining game pz-178
[10/05/26 22:00:49] D2BS 16000: ÿc2D2BSÿc0 :: Starting default.dbj
[10/05/26 22:00:49] D2BS 16000: ÿc2D2BSÿc0 :: default.dbj running.
[10/05/26 22:00:49] D2BS 16000: Loaded ÿc9[X.nip] [Y.nip] [Z.nip] [V.nip] [D.FGOM.nip]
[10/05/26 22:00:49] D2BS 16000: Loaded ÿc9[D.FGOM.js]
[10/05/26 22:00:49] D2BS 16000: equipped: [Head] 41
[10/05/26 22:00:49] D2BS 16000: equipped: [Neck] 20
[10/05/26 22:00:49] D2BS 16000: equipped: [Body] 21
[10/05/26 22:00:49] D2BS 16000: equipped: [ArmR] 32
[10/05/26 22:00:49] D2BS 16000: equipped: [ArmL] 26
[10/05/26 22:00:49] D2BS 16000: equipped: [RingR] 15
[10/05/26 22:00:49] D2BS 16000: equipped: [RingL] 14
[10/05/26 22:00:49] D2BS 16000: equipped: [Belt] 18
[10/05/26 22:00:49] D2BS 16000: equipped: [Boots] 13
[10/05/26 22:00:49] D2BS 16000: equipped: [Mitts] 13
[10/05/26 22:00:49] D2BS 16000: updateStat
[10/05/26 22:00:49] D2BS 16000: granted: [Head] 14
[10/05/26 22:00:49] D2BS 16000: granted: [Body] 19
[10/05/26 22:00:49] D2BS 16000: granted: [ArmR] 41
[10/05/26 22:00:49] D2BS 16000: Loaded ÿc9[AutoSmurf.js]
[10/05/26 22:00:52] D2BS 16000: Tiered: true
[10/05/26 22:00:52] D2BS 16000: UseMerc: true HP: 70
[10/05/26 22:00:52] D2BS 16000: farmingON
[10/05/26 22:00:56] D2BS 16000: Merc matched: Might
[10/05/26 22:01:20] D2BS 16000: Token needed
[10/05/26 22:01:24] D2BS 16000: act5+ BO
[10/05/26 22:01:36] D2BS 16000: ÿc4=== [BAAL] ===
[10/05/26 22:05:13] D2BS 16000: ÿc4=== [COUNTESS] ===
[10/05/26 22:06:28] D2BS 16000: ÿc4=== [PIT] ===
[10/05/26 22:07:56] D2BS 16000: ÿc4=== [ANDY] ===
[10/05/26 22:08:51] D2BS 16000: ÿc4=== [MEPHISTO] ===
[10/05/26 22:09:59] D2BS 16000: ÿc4=== [DIABLO] ===
[10/05/26 22:15:33] D2BS 16000: party has left: fowo-xb
[10/05/26 22:15:33] D2BS 16000:  [14:44] +5.49% / [Level 89] 49.37%
[10/05/26 22:15:33] D2BS 16000: Script threads\autobuildthread.js ended
[10/05/26 22:15:33] D2BS 16000: Script threads\partythread.js ended
[10/05/26 22:15:33] D2BS 16000: Script threads\townchicken.js ended
[10/05/26 22:15:33] D2BS 16000: Script default.dbj ended
[10/05/26 22:15:46] D2BS 16000: joining game pz-179
[10/05/26 22:15:48] D2BS 16000: ÿc2D2BSÿc0 :: Starting default.dbj
[10/05/26 22:15:48] D2BS 16000: ÿc2D2BSÿc0 :: default.dbj running.
[10/05/26 22:15:48] D2BS 16000: Loaded ÿc9[X.nip] [Y.nip] [Z.nip] [V.nip] [D.FGOM.nip]
[10/05/26 22:15:48] D2BS 16000: Loaded ÿc9[D.FGOM.js]
[10/05/26 22:15:48] D2BS 16000: equipped: [Head] 41
[10/05/26 22:15:48] D2BS 16000: equipped: [Neck] 20
[10/05/26 22:15:48] D2BS 16000: equipped: [Body] 21
[10/05/26 22:15:48] D2BS 16000: equipped: [ArmR] 32
[10/05/26 22:15:48] D2BS 16000: equipped: [ArmL] 26
[10/05/26 22:15:48] D2BS 16000: equipped: [RingR] 15
[10/05/26 22:15:48] D2BS 16000: equipped: [RingL] 14
[10/05/26 22:15:48] D2BS 16000: equipped: [Belt] 18
[10/05/26 22:15:48] D2BS 16000: equipped: [Boots] 13
[10/05/26 22:15:48] D2BS 16000: equipped: [Mitts] 13
[10/05/26 22:15:48] D2BS 16000: updateStat
[10/05/26 22:15:48] D2BS 16000: granted: [Head] 14
[10/05/26 22:15:48] D2BS 16000: granted: [Body] 19
[10/05/26 22:15:48] D2BS 16000: granted: [ArmR] 41
[10/05/26 22:15:48] D2BS 16000: Loaded ÿc9[AutoSmurf.js]
[10/05/26 22:15:54] D2BS 16000: farmingON
[10/05/26 22:15:55] D2BS 16000: Tiered: true
[10/05/26 22:15:55] D2BS 16000: UseMerc: true HP: 70
[10/05/26 22:16:12] D2BS 16000: Merc matched: Might
[10/05/26 22:16:26] D2BS 16000: act5+ BO
[10/05/26 22:16:38] D2BS 16000: ÿc4=== [BAAL] ===
[10/05/26 22:16:53] D2BS 16000: Baal failed: souls found
[10/05/26 22:16:53] D2BS 16000: ÿc4=== [COUNTESS] ===
[10/05/26 22:16:54] D2BS 16000: granted: [Body] 20
[10/05/26 22:17:57] D2BS 16000: ÿc4=== [PIT] ===
[10/05/26 22:19:36] D2BS 16000: ÿc4=== [ANDY] ===
[10/05/26 22:20:32] D2BS 16000: ÿc4=== [MEPHISTO] ===
[10/05/26 22:22:03] D2BS 16000: ÿc4=== [DIABLO] ===
[10/05/26 22:25:16] D2BS 16000: Going to town
