[10/05/26 00:01:13] D2BS 4660: ÿc4=== [POA] ===
[10/05/26 00:03:50] D2BS 4660: ÿc4=== [INFERNAL] ===
[10/05/26 00:06:55] D2BS 4660: ÿc4=== [DIABLO] ===
[10/05/26 00:12:54] D2BS 4660: party has left: fowo-xg
[10/05/26 00:12:54] D2BS 4660:  [17:43] +338.05% / [Level 57] 84.55%
[10/05/26 00:12:54] D2BS 4660: Script threads\autobuildthread.js ended
[10/05/26 00:12:55] D2BS 4660: Script threads\partythread.js ended
[10/05/26 00:12:55] D2BS 4660: Script threads\townchicken.js ended
[10/05/26 00:12:55] D2BS 4660: Script default.dbj ended
[10/05/26 00:13:07] D2BS 4660: joining game pz-53
[10/05/26 00:13:09] D2BS 4660: ÿc2D2BSÿc0 :: Starting default.dbj
[10/05/26 00:13:09] D2BS 4660: ÿc2D2BSÿc0 :: default.dbj running.
[10/05/26 00:13:09] D2BS 4660: Loaded ÿc9[X.nip] [Y.nip] [Z.nip] [V.nip] [B.WCRY.nip]
[10/05/26 00:13:09] D2BS 4660: Loaded ÿc9[B.WCRY.js]
[10/05/26 00:13:09] D2BS 4660: equipped: [Head] 13
[10/05/26 00:13:09] D2BS 4660: equipped: [Neck] 12
[10/05/26 00:13:09] D2BS 4660: equipped: [Body] 13
[10/05/26 00:13:09] D2BS 4660: equipped: [ArmR] 22
[10/05/26 00:13:09] D2BS 4660: equipped: [ArmL] 21
[10/05/26 00:13:09] D2BS 4660: equipped: [RingR] 11
[10/05/26 00:13:09] D2BS 4660: equipped: [RingL] 11
[10/05/26 00:13:09] D2BS 4660: equipped: [Belt] 13
[10/05/26 00:13:09] D2BS 4660: equipped: [Boots] 1
[10/05/26 00:13:09] D2BS 4660: equipped: [Mitts] 1
[10/05/26 00:13:09] D2BS 4660: Loaded ÿc9[AutoSmurf.js]
[10/05/26 00:13:17] D2BS 4660: MiniShopBot: true
[10/05/26 00:13:54] D2BS 4660: act5+ BO
[10/05/26 00:14:06] D2BS 4660: ÿc4=== [BAAL] ===
[10/05/26 00:16:38] D2BS 4660: Not ready to kill Baal
[10/05/26 00:16:38] D2BS 4660: ÿc4=== [ABADDON] ===
[10/05/26 00:19:06] D2BS 4660: ÿc4=== [POA] ===
[10/05/26 00:21:53] D2BS 4660: ÿc4=== [INFERNAL] ===
[10/05/26 00:24:06] D2BS 4660: ÿc4=== [DIABLO] ===
[10/05/26 00:29:30] D2BS 4660: party has left: fowo-xf
[10/05/26 00:29:30] D2BS 4660:  [16:21] +220.80% / [Level 60] 32.96%
[10/05/26 00:29:30] D2BS 4660: Script threads\autobuildthread.js ended
[10/05/26 00:29:30] D2BS 4660: Script threads\partythread.js ended
[10/05/26 00:29:31] D2BS 4660: Script threads\townchicken.js ended
[10/05/26 00:29:31] D2BS 4660: Script default.dbj ended
[10/05/26 00:29:43] D2BS 4660: joining game pz-54
[10/05/26 00:29:44] D2BS 4660: ÿc2D2BSÿc0 :: Starting default.dbj
[10/05/26 00:29:44] D2BS 4660: ÿc2D2BSÿc0 :: default.dbj running.
[10/05/26 00:29:45] D2BS 4660: Loaded ÿc9[X.nip] [Y.nip] [Z.nip] [V.nip] [B.WCRY.nip]
[10/05/26 00:29:45] D2BS 4660: Loaded ÿc9[B.WCRY.js]
[10/05/26 00:29:45] D2BS 4660: equipped: [Head] 13
[10/05/26 00:29:45] D2BS 4660: equipped: [Neck] 12
[10/05/26 00:29:45] D2BS 4660: equipped: [Body] 13
[10/05/26 00:29:45] D2BS 4660: equipped: [ArmR] 22
[10/05/26 00:29:45] D2BS 4660: equipped: [ArmL] 21
[10/05/26 00:29:45] D2BS 4660: equipped: [RingR] 11
[10/05/26 00:29:45] D2BS 4660: equipped: [RingL] 11
[10/05/26 00:29:45] D2BS 4660: equipped: [Belt] 13
[10/05/26 00:29:45] D2BS 4660: equipped: [Boots] 1
[10/05/26 00:29:45] D2BS 4660: equipped: [Mitts] 1
[10/05/26 00:29:45] D2BS 4660: Loaded ÿc9[AutoSmurf.js]
[10/05/26 00:29:53] D2BS 4660: MiniShopBot: true
[10/05/26 00:30:30] D2BS 4660: act5+ BO
[10/05/26 00:30:43] D2BS 4660: ÿc4=== [BAAL] ===
[10/05/26 00:33:01] D2BS 4660: Not ready to kill Baal
[10/05/26 00:33:01] D2BS 4660: ÿc4=== [ABADDON] ===
[10/05/26 00:36:43] D2BS 4660: ÿc4=== [POA] ===
[10/05/26 00:39:45] D2BS 4660: ÿc4=== [INFERNAL] ===
[10/05/26 00:42:53] D2BS 4660: ÿc4=== [DIABLO] ===
[10/05/26 00:43:04] D2BS 4660: ÿc4[Runeword] ÿc0Spirit Crystal Sword
[10/05/26 00:43:32] D2BS 4660: equipped: [ArmL] 38
[10/05/26 00:47:54] D2BS 4660: party has left: fowo-xb
[10/05/26 00:47:55] D2BS 4660:  [18:10] +220.58% / [Level 62] 72.41%
[10/05/26 00:47:55] D2BS 4660: Script threads\autobuildthread.js ended
[10/05/26 00:47:55] D2BS 4660: Script threads\partythread.js ended
[10/05/26 00:47:55] D2BS 4660: Script threads\townchicken.js ended
[10/05/26 00:47:55] D2BS 4660: Script default.dbj ended
[10/05/26 00:48:07] D2BS 4660: joining game pz-55
[10/05/26 00:48:09] D2BS 4660: ÿc2D2BSÿc0 :: Starting default.dbj
[10/05/26 00:48:09] D2BS 4660: ÿc2D2BSÿc0 :: default.dbj running.
[10/05/26 00:48:09] D2BS 4660: Loaded ÿc9[X.nip] [Y.nip] [Z.nip] [V.nip] [B.WCRY.nip]
[10/05/26 00:48:09] D2BS 4660: Loaded ÿc9[B.WCRY.js]
[10/05/26 00:48:09] D2BS 4660: equipped: [Head] 13
[10/05/26 00:48:09] D2BS 4660: equipped: [Neck] 12
[10/05/26 00:48:09] D2BS 4660: equipped: [Body] 13
[10/05/26 00:48:09] D2BS 4660: equipped: [ArmR] 22
[10/05/26 00:48:09] D2BS 4660: equipped: [ArmL] 38
[10/05/26 00:48:09] D2BS 4660: equipped: [RingR] 11
[10/05/26 00:48:09] D2BS 4660: equipped: [RingL] 11
[10/05/26 00:48:09] D2BS 4660: equipped: [Belt] 13
[10/05/26 00:48:09] D2BS 4660: equipped: [Boots] 1
[10/05/26 00:48:09] D2BS 4660: equipped: [Mitts] 1
[10/05/26 00:48:09] D2BS 4660: Loaded ÿc9[AutoSmurf.js]
[10/05/26 00:48:16] D2BS 4660: MiniShopBot: true
[10/05/26 00:48:39] D2BS 4660: equipped: [ArmR] 34
[10/05/26 00:48:40] D2BS 4660: equipped: [Boots] 12
[10/05/26 00:48:51] D2BS 4660: act5+ BO
[10/05/26 00:49:03] D2BS 4660: ÿc4=== [BAAL] ===
[10/05/26 00:51:29] D2BS 4660: Not ready to kill Baal
[10/05/26 00:51:29] D2BS 4660: ÿc4=== [ABADDON] ===
[10/05/26 00:54:38] D2BS 4660: ÿc4=== [POA] ===
[10/05/26 00:57:09] D2BS 4660: ÿc4=== [INFERNAL] ===
[10/05/26 01:00:09] D2BS 4660: ÿc4=== [DIABLO] ===
[10/05/26 01:05:52] D2BS 4660: party has left: fowo-xe
[10/05/26 01:05:52] D2BS 4660:  [17:44] +190.93% / [Level 64] 75.96%
[10/05/26 01:05:53] D2BS 4660: Script threads\autobuildthread.js ended
[10/05/26 01:05:53] D2BS 4660: Script threads\partythread.js ended
[10/05/26 01:05:53] D2BS 4660: Script threads\townchicken.js ended
[10/05/26 01:05:53] D2BS 4660: Script default.dbj ended
[10/05/26 01:06:06] D2BS 4660: joining game pz-56
[10/05/26 01:06:08] D2BS 4660: ÿc2D2BSÿc0 :: Starting default.dbj
[10/05/26 01:06:08] D2BS 4660: ÿc2D2BSÿc0 :: default.dbj running.
[10/05/26 01:06:08] D2BS 4660: Loaded ÿc9[X.nip] [Y.nip] [Z.nip] [V.nip] [B.WCRY.nip]
[10/05/26 01:06:08] D2BS 4660: Loaded ÿc9[B.WCRY.js]
[10/05/26 01:06:08] D2BS 4660: equipped: [Head] 13
[10/05/26 01:06:09] D2BS 4660: equipped: [Neck] 12
[10/05/26 01:06:09] D2BS 4660: equipped: [Body] 13
[10/05/26 01:06:09] D2BS 4660: equipped: [ArmR] 34
[10/05/26 01:06:09] D2BS 4660: equipped: [ArmL] 38
[10/05/26 01:06:09] D2BS 4660: equipped: [RingR] 11
[10/05/26 01:06:09] D2BS 4660: equipped: [RingL] 11
[10/05/26 01:06:09] D2BS 4660: equipped: [Belt] 13
[10/05/26 01:06:09] D2BS 4660: equipped: [Boots] 12
[10/05/26 01:06:09] D2BS 4660: equipped: [Mitts] 1
[10/05/26 01:06:09] D2BS 4660: Loaded ÿc9[AutoSmurf.js]
[10/05/26 01:06:14] D2BS 4660: MiniShopBot: true
[10/05/26 01:06:50] D2BS 4660: act5+ BO
[10/05/26 01:07:02] D2BS 4660: ÿc4=== [BAAL] ===
[10/05/26 01:09:26] D2BS 4660: Not ready to kill Baal
[10/05/26 01:09:26] D2BS 4660: ÿc4=== [ABADDON] ===
[10/05/26 01:11:47] D2BS 4660: ÿc4=== [POA] ===
[10/05/26 01:14:17] D2BS 4660: ÿc4=== [INFERNAL] ===
[10/05/26 01:16:51] D2BS 4660: ÿc4=== [DIABLO] ===
[10/05/26 01:22:09] D2BS 4660: party has left: fowo-xb
[10/05/26 01:22:09] D2BS 4660:  [16:00] +148.71% / [Level 66] 36.73%
[10/05/26 01:22:09] D2BS 4660: Script threads\autobuildthread.js ended
[10/05/26 01:22:09] D2BS 4660: Script threads\partythread.js ended
[10/05/26 01:22:09] D2BS 4660: Script threads\townchicken.js ended
[10/05/26 01:22:09] D2BS 4660: Script default.dbj ended
[10/05/26 01:22:22] D2BS 4660: joining game pz-57
[10/05/26 01:22:23] D2BS 4660: ÿc2D2BSÿc0 :: Starting default.dbj
[10/05/26 01:22:23] D2BS 4660: ÿc2D2BSÿc0 :: default.dbj running.
[10/05/26 01:22:23] D2BS 4660: Loaded ÿc9[X.nip] [Y.nip] [Z.nip] [V.nip] [B.WCRY.nip]
[10/05/26 01:22:23] D2BS 4660: Loaded ÿc9[B.WCRY.js]
[10/05/26 01:22:23] D2BS 4660: equipped: [Head] 13
[10/05/26 01:22:23] D2BS 4660: equipped: [Neck] 12
[10/05/26 01:22:24] D2BS 4660: equipped: [Body] 13
[10/05/26 01:22:24] D2BS 4660: equipped: [ArmR] 34
[10/05/26 01:22:24] D2BS 4660: equipped: [ArmL] 38
[10/05/26 01:22:24] D2BS 4660: equipped: [RingR] 11
[10/05/26 01:22:24] D2BS 4660: equipped: [RingL] 11
[10/05/26 01:22:24] D2BS 4660: equipped: [Belt] 13
[10/05/26 01:22:24] D2BS 4660: equipped: [Boots] 12
[10/05/26 01:22:24] D2BS 4660: equipped: [Mitts] 1
[10/05/26 01:22:24] D2BS 4660: Loaded ÿc9[AutoSmurf.js]
[10/05/26 01:22:29] D2BS 4660: MiniShopBot: true
[10/05/26 01:22:50] D2BS 4660: equipped: [Belt] 15
[10/05/26 01:23:06] D2BS 4660: act5+ BO
[10/05/26 01:23:18] D2BS 4660: ÿc4=== [BAAL] ===
[10/05/26 01:25:23] D2BS 4660: Not ready to kill Baal
[10/05/26 01:25:23] D2BS 4660: ÿc4=== [ABADDON] ===
[10/05/26 01:28:09] D2BS 4660: ÿc4=== [POA] ===
[10/05/26 01:30:40] D2BS 4660: ÿc4=== [INFERNAL] ===
[10/05/26 01:33:21] D2BS 4660: party has left: fowo-xa
[10/05/26 01:33:21] D2BS 4660:  [10:58] +100.66% / [Level 67] 42.62%
[10/05/26 01:33:21] D2BS 4660: Script threads\autobuildthread.js ended
[10/05/26 01:33:22] D2BS 4660: Script threads\partythread.js ended
[10/05/26 01:33:22] D2BS 4660: Script threads\townchicken.js ended
[10/05/26 01:33:22] D2BS 4660: Script default.dbj ended
[10/05/26 01:33:34] D2BS 4660: joining game pz-58
[10/05/26 01:33:36] D2BS 4660: ÿc2D2BSÿc0 :: Starting default.dbj
[10/05/26 01:33:36] D2BS 4660: ÿc2D2BSÿc0 :: default.dbj running.
[10/05/26 01:33:36] D2BS 4660: Loaded ÿc9[X.nip] [Y.nip] [Z.nip] [V.nip] [B.WCRY.nip]
[10/05/26 01:33:36] D2BS 4660: Loaded ÿc9[B.WCRY.js]
[10/05/26 01:33:36] D2BS 4660: equipped: [Head] 13
[10/05/26 01:33:36] D2BS 4660: equipped: [Neck] 12
[10/05/26 01:33:36] D2BS 4660: equipped: [Body] 13
[10/05/26 01:33:36] D2BS 4660: equipped: [ArmR] 34
[10/05/26 01:33:36] D2BS 4660: equipped: [ArmL] 38
[10/05/26 01:33:36] D2BS 4660: equipped: [RingR] 11
[10/05/26 01:33:36] D2BS 4660: equipped: [RingL] 11
[10/05/26 01:33:36] D2BS 4660: equipped: [Belt] 15
[10/05/26 01:33:36] D2BS 4660: equipped: [Boots] 12
[10/05/26 01:33:36] D2BS 4660: equipped: [Mitts] 1
[10/05/26 01:33:37] D2BS 4660: Loaded ÿc9[AutoSmurf.js]
[10/05/26 01:33:40] D2BS 4660: MiniShopBot: true
[10/05/26 01:34:12] D2BS 4660: act5+ BO
[10/05/26 01:34:25] D2BS 4660: ÿc4=== [BAAL] ===
[10/05/26 01:36:38] D2BS 4660: Not ready to kill Baal
[10/05/26 01:36:38] D2BS 4660: ÿc4=== [ABADDON] ===
[10/05/26 01:39:41] D2BS 4660: ÿc4=== [POA] ===
[10/05/26 01:41:52] D2BS 4660: ÿc4=== [INFERNAL] ===
[10/05/26 01:44:23] D2BS 4660: party has left: fowo-xa, fowo-xg
[10/05/26 01:44:23] D2BS 4660:  [10:47] +90.11% / [Level 68] 37.46%
[10/05/26 01:44:23] D2BS 4660: Script threads\autobuildthread.js ended
[10/05/26 01:44:23] D2BS 4660: Script threads\partythread.js ended
[10/05/26 01:44:23] D2BS 4660: Script threads\townchicken.js ended
[10/05/26 01:44:23] D2BS 4660: Script default.dbj ended
[10/05/26 01:44:34] D2BS 4660: joining game pz-59
[10/05/26 01:44:36] D2BS 4660: ÿc2D2BSÿc0 :: Starting default.dbj
[10/05/26 01:44:36] D2BS 4660: ÿc2D2BSÿc0 :: default.dbj running.
[10/05/26 01:44:36] D2BS 4660: Loaded ÿc9[X.nip] [Y.nip] [Z.nip] [V.nip] [B.WCRY.nip]
[10/05/26 01:44:36] D2BS 4660: Loaded ÿc9[B.WCRY.js]
[10/05/26 01:44:36] D2BS 4660: equipped: [Head] 13
[10/05/26 01:44:36] D2BS 4660: equipped: [Neck] 12
[10/05/26 01:44:36] D2BS 4660: equipped: [Body] 13
[10/05/26 01:44:36] D2BS 4660: equipped: [ArmR] 34
[10/05/26 01:44:36] D2BS 4660: equipped: [ArmL] 38
[10/05/26 01:44:36] D2BS 4660: equipped: [RingR] 11
[10/05/26 01:44:36] D2BS 4660: equipped: [RingL] 11
[10/05/26 01:44:36] D2BS 4660: equipped: [Belt] 15
[10/05/26 01:44:36] D2BS 4660: equipped: [Boots] 12
[10/05/26 01:44:36] D2BS 4660: equipped: [Mitts] 1
[10/05/26 01:44:37] D2BS 4660: Loaded ÿc9[AutoSmurf.js]
[10/05/26 01:44:40] D2BS 4660: MiniShopBot: true
[10/05/26 01:45:10] D2BS 4660: act5+ BO
[10/05/26 01:45:23] D2BS 4660: ÿc4=== [BAAL] ===
[10/05/26 01:47:44] D2BS 4660: Not ready to kill Baal
[10/05/26 01:47:44] D2BS 4660: ÿc4=== [ABADDON] ===
[10/05/26 01:50:31] D2BS 4660: ÿc4=== [POA] ===
[10/05/26 01:53:04] D2BS 4660: ÿc4=== [INFERNAL] ===
[10/05/26 01:55:17] D2BS 4660: party has left: fowo-xg
[10/05/26 01:55:17] D2BS 4660:  [10:41] +77.03% / [Level 69] 19.66%
[10/05/26 01:55:17] D2BS 4660: Script threads\autobuildthread.js ended
[10/05/26 01:55:17] D2BS 4660: Script threads\partythread.js ended
[10/05/26 01:55:17] D2BS 4660: Script threads\townchicken.js ended
[10/05/26 01:55:17] D2BS 4660: Script default.dbj ended
[10/05/26 01:55:29] D2BS 4660: joining game pz-60
[10/05/26 01:55:30] D2BS 4660: ÿc2D2BSÿc0 :: Starting default.dbj
[10/05/26 01:55:30] D2BS 4660: ÿc2D2BSÿc0 :: default.dbj running.
[10/05/26 01:55:30] D2BS 4660: Loaded ÿc9[X.nip] [Y.nip] [Z.nip] [V.nip] [B.WCRY.nip]
[10/05/26 01:55:30] D2BS 4660: Loaded ÿc9[B.WCRY.js]
[10/05/26 01:55:30] D2BS 4660: equipped: [Head] 13
[10/05/26 01:55:30] D2BS 4660: equipped: [Neck] 12
[10/05/26 01:55:30] D2BS 4660: equipped: [Body] 13
[10/05/26 01:55:30] D2BS 4660: equipped: [ArmR] 34
[10/05/26 01:55:30] D2BS 4660: equipped: [ArmL] 38
[10/05/26 01:55:30] D2BS 4660: equipped: [RingR] 11
[10/05/26 01:55:30] D2BS 4660: equipped: [RingL] 11
[10/05/26 01:55:30] D2BS 4660: equipped: [Belt] 15
[10/05/26 01:55:30] D2BS 4660: equipped: [Boots] 12
[10/05/26 01:55:30] D2BS 4660: equipped: [Mitts] 1
[10/05/26 01:55:31] D2BS 4660: Loaded ÿc9[AutoSmurf.js]
[10/05/26 01:55:35] D2BS 4660: MiniShopBot: true
[10/05/26 01:55:35] D2BS 4660: UseMerc: true HP: 70
[10/05/26 01:55:48] D2BS 4660: updateStat
[10/05/26 01:55:48] D2BS 4660: granted: [Head] -1
[10/05/26 01:55:48] D2BS 4660: granted: [Body] -1
[10/05/26 01:55:48] D2BS 4660: granted: [ArmR] -1
[10/05/26 01:56:12] D2BS 4660: [hire] no skill specified
[10/05/26 01:56:22] D2BS 4660: act5+ BO
[10/05/26 01:56:23] D2BS 4660: updateStat
[10/05/26 01:56:35] D2BS 4660: ÿc4=== [BAAL] ===
[10/05/26 01:58:58] D2BS 4660: Not ready to kill Baal
[10/05/26 01:58:58] D2BS 4660: ÿc4=== [ABADDON] ===
[10/05/26 02:01:54] D2BS 4660: ÿc4=== [POA] ===
[10/05/26 02:04:33] D2BS 4660: ÿc4=== [INFERNAL] ===
[10/05/26 02:07:12] D2BS 4660: Script ended
[10/05/26 02:07:12] D2BS 4660:  [11:42] +85.85% / [Level 70] 12.14%
[10/05/26 02:07:12] D2BS 4660: Script threads\autobuildthread.js ended
[10/05/26 02:07:12] D2BS 4660: Script threads\partythread.js ended
[10/05/26 02:07:12] D2BS 4660: Script threads\townchicken.js ended
[10/05/26 02:07:25] D2BS 4660: joining game pz-61
[10/05/26 02:07:27] D2BS 4660: ÿc2D2BSÿc0 :: Starting default.dbj
[10/05/26 02:07:27] D2BS 4660: ÿc2D2BSÿc0 :: default.dbj running.
[10/05/26 02:07:27] D2BS 4660: Loaded ÿc9[X.nip] [Y.nip] [Z.nip] [V.nip] [B.WCRY.nip]
[10/05/26 02:07:27] D2BS 4660: Loaded ÿc9[B.WCRY.js]
[10/05/26 02:07:27] D2BS 4660: equipped: [Head] 13
[10/05/26 02:07:27] D2BS 4660: equipped: [Neck] 12
[10/05/26 02:07:27] D2BS 4660: equipped: [Body] 13
[10/05/26 02:07:27] D2BS 4660: equipped: [ArmR] 34
[10/05/26 02:07:27] D2BS 4660: equipped: [ArmL] 38
[10/05/26 02:07:27] D2BS 4660: equipped: [RingR] 11
[10/05/26 02:07:27] D2BS 4660: equipped: [RingL] 11
[10/05/26 02:07:27] D2BS 4660: equipped: [Belt] 15
[10/05/26 02:07:27] D2BS 4660: equipped: [Boots] 12
[10/05/26 02:07:27] D2BS 4660: equipped: [Mitts] 1
[10/05/26 02:07:27] D2BS 4660: Loaded ÿc9[AutoSmurf.js]
[10/05/26 02:07:30] D2BS 4660: MiniShopBot: true
[10/05/26 02:07:30] D2BS 4660: UseMerc: true HP: 70
[10/05/26 02:07:40] D2BS 4660: updateStat
[10/05/26 02:07:40] D2BS 4660: granted: [Head] -1
[10/05/26 02:07:40] D2BS 4660: granted: [Body] -1
[10/05/26 02:07:40] D2BS 4660: granted: [ArmR] -1
[10/05/26 02:07:57] D2BS 4660: [hire] no skill specified
[10/05/26 02:08:09] D2BS 4660: act5+ BO
[10/05/26 02:08:10] D2BS 4660: updateStat
[10/05/26 02:08:22] D2BS 4660: ÿc4=== [BAAL] ===
[10/05/26 02:10:29] D2BS 4660: Not ready to kill Baal
[10/05/26 02:10:29] D2BS 4660: ÿc4=== [ABADDON] ===
[10/05/26 02:12:53] D2BS 4660: ÿc4=== [POA] ===
[10/05/26 02:15:45] D2BS 4660: ÿc4=== [INFERNAL] ===
[10/05/26 02:18:15] D2BS 4660: party has left: fowo-xa
[10/05/26 02:18:15] D2BS 4660:  [10:49] +67.08% / [Level 70] 79.22%
[10/05/26 02:18:15] D2BS 4660: Script threads\autobuildthread.js ended
[10/05/26 02:18:15] D2BS 4660: Script threads\partythread.js ended
[10/05/26 02:18:15] D2BS 4660: Script threads\townchicken.js ended
[10/05/26 02:18:15] D2BS 4660: Script default.dbj ended
[10/05/26 02:18:28] D2BS 4660: joining game pz-62
[10/05/26 02:18:29] D2BS 4660: ÿc2D2BSÿc0 :: Starting default.dbj
[10/05/26 02:18:29] D2BS 4660: ÿc2D2BSÿc0 :: default.dbj running.
[10/05/26 02:18:29] D2BS 4660: Loaded ÿc9[X.nip] [Y.nip] [Z.nip] [V.nip] [B.WCRY.nip]
[10/05/26 02:18:29] D2BS 4660: Loaded ÿc9[B.WCRY.js]
[10/05/26 02:18:29] D2BS 4660: equipped: [Head] 13
[10/05/26 02:18:29] D2BS 4660: equipped: [Neck] 12
[10/05/26 02:18:29] D2BS 4660: equipped: [Body] 13
[10/05/26 02:18:29] D2BS 4660: equipped: [ArmR] 34
[10/05/26 02:18:29] D2BS 4660: equipped: [ArmL] 38
[10/05/26 02:18:29] D2BS 4660: equipped: [RingR] 11
[10/05/26 02:18:29] D2BS 4660: equipped: [RingL] 11
[10/05/26 02:18:29] D2BS 4660: equipped: [Belt] 15
[10/05/26 02:18:29] D2BS 4660: equipped: [Boots] 12
[10/05/26 02:18:29] D2BS 4660: equipped: [Mitts] 1
[10/05/26 02:18:30] D2BS 4660: Loaded ÿc9[AutoSmurf.js]
[10/05/26 02:18:32] D2BS 4660: MiniShopBot: true
[10/05/26 02:18:32] D2BS 4660: UseMerc: true HP: 70
[10/05/26 02:18:42] D2BS 4660: updateStat
[10/05/26 02:18:42] D2BS 4660: granted: [Head] -1
[10/05/26 02:18:42] D2BS 4660: granted: [Body] -1
[10/05/26 02:18:42] D2BS 4660: granted: [ArmR] -1
[10/05/26 02:19:18] D2BS 4660: [hire] no skill specified
[10/05/26 02:19:25] D2BS 4660: act5+ BO
[10/05/26 02:19:27] D2BS 4660: updateStat
[10/05/26 02:19:38] D2BS 4660: ÿc4=== [BAAL] ===
[10/05/26 02:22:22] D2BS 4660: Config.LifeChicken: 0
[10/05/26 02:22:49] D2BS 4660: Config.LifeChicken: 20
[10/05/26 02:22:59] D2BS 4660: ÿc4=== [COWS] ===
[10/05/26 02:28:58] D2BS 4660: Going to town
[10/05/26 02:33:19] D2BS 4660: Cow King found
[10/05/26 02:33:19] D2BS 4660: Cows failed: followDriver
[10/05/26 02:33:34] D2BS 4660: Script ended
[10/05/26 02:33:34] D2BS 4660:  [15:05] +73.57% / [Level 71] 54.50%
[10/05/26 02:33:34] D2BS 4660: Script threads\autobuildthread.js ended
[10/05/26 02:33:34] D2BS 4660: Script threads\partythread.js ended
[10/05/26 02:33:34] D2BS 4660: Script threads\townchicken.js ended
[10/05/26 02:33:47] D2BS 4660: joining game pz-63
[10/05/26 02:33:49] D2BS 4660: ÿc2D2BSÿc0 :: Starting default.dbj
[10/05/26 02:33:49] D2BS 4660: ÿc2D2BSÿc0 :: default.dbj running.
[10/05/26 02:33:50] D2BS 4660: Loaded ÿc9[X.nip] [Y.nip] [Z.nip] [V.nip] [B.WCRY.nip]
[10/05/26 02:33:50] D2BS 4660: Loaded ÿc9[B.WCRY.js]
[10/05/26 02:33:50] D2BS 4660: equipped: [Head] 13
[10/05/26 02:33:50] D2BS 4660: equipped: [Neck] 12
[10/05/26 02:33:50] D2BS 4660: equipped: [Body] 13
[10/05/26 02:33:50] D2BS 4660: equipped: [ArmR] 34
[10/05/26 02:33:50] D2BS 4660: equipped: [ArmL] 38
[10/05/26 02:33:50] D2BS 4660: equipped: [RingR] 11
[10/05/26 02:33:50] D2BS 4660: equipped: [RingL] 11
[10/05/26 02:33:50] D2BS 4660: equipped: [Belt] 15
[10/05/26 02:33:50] D2BS 4660: equipped: [Boots] 12
[10/05/26 02:33:50] D2BS 4660: equipped: [Mitts] 1
[10/05/26 02:33:50] D2BS 4660: Loaded ÿc9[AutoSmurf.js]
[10/05/26 02:33:51] D2BS 4660: farmingON
[10/05/26 02:33:53] D2BS 4660: MiniShopBot: true
[10/05/26 02:33:53] D2BS 4660: UseMerc: true HP: 70
[10/05/26 02:33:59] D2BS 4660: updateStat
[10/05/26 02:33:59] D2BS 4660: granted: [Head] -1
[10/05/26 02:33:59] D2BS 4660: granted: [Body] -1
[10/05/26 02:33:59] D2BS 4660: granted: [ArmR] -1
[10/05/26 02:34:09] D2BS 4660: Merc unmatched
[10/05/26 02:34:09] D2BS 4660: hireMerc: true
[10/05/26 02:34:53] D2BS 4660: Token needed
[10/05/26 02:34:59] D2BS 4660: act0 BO
[10/05/26 02:35:08] D2BS 4660: updateStat
[10/05/26 02:35:21] D2BS 4660: ÿc4=== [DEN] ===
[10/05/26 02:38:10] D2BS 4660: Going to town
[10/05/26 02:38:43] D2BS 4660: ÿc4=== [CAIN] ===
[10/05/26 02:38:55] D2BS 4660: updateStat
[10/05/26 02:38:55] D2BS 4660: granted: [Head] -1
[10/05/26 02:38:55] D2BS 4660: granted: [Body] -1
[10/05/26 02:38:55] D2BS 4660: granted: [ArmR] -1
[10/05/26 02:42:45] D2BS 4660: ÿc4=== [ANDY] ===
[10/05/26 02:44:31] D2BS 4660: party has left: fowo-xe
[10/05/26 02:44:31] D2BS 4660:  [10:42] +42.23% / [Level 71] 96.73%
[10/05/26 02:44:31] D2BS 4660: Script threads\autobuildthread.js ended
[10/05/26 02:44:31] D2BS 4660: Script threads\partythread.js ended
[10/05/26 02:44:31] D2BS 4660: Script threads\townchicken.js ended
[10/05/26 02:44:31] D2BS 4660: Script default.dbj ended
[10/05/26 02:44:44] D2BS 4660: joining game pz-64
[10/05/26 02:44:45] D2BS 4660: ÿc2D2BSÿc0 :: Starting default.dbj
[10/05/26 02:44:45] D2BS 4660: ÿc2D2BSÿc0 :: default.dbj running.
[10/05/26 02:44:45] D2BS 4660: Loaded ÿc9[X.nip] [Y.nip] [Z.nip] [V.nip] [B.WCRY.nip]
[10/05/26 02:44:45] D2BS 4660: Loaded ÿc9[B.WCRY.js]
[10/05/26 02:44:45] D2BS 4660: equipped: [Head] 13
[10/05/26 02:44:45] D2BS 4660: equipped: [Neck] 12
[10/05/26 02:44:46] D2BS 4660: equipped: [Body] 13
[10/05/26 02:44:46] D2BS 4660: equipped: [ArmR] 34
[10/05/26 02:44:46] D2BS 4660: equipped: [ArmL] 38
[10/05/26 02:44:46] D2BS 4660: equipped: [RingR] 11
[10/05/26 02:44:46] D2BS 4660: equipped: [RingL] 11
[10/05/26 02:44:46] D2BS 4660: equipped: [Belt] 15
[10/05/26 02:44:46] D2BS 4660: equipped: [Boots] 12
[10/05/26 02:44:46] D2BS 4660: equipped: [Mitts] 1
[10/05/26 02:44:46] D2BS 4660: Loaded ÿc9[AutoSmurf.js]
[10/05/26 02:44:48] D2BS 4660: farmingON
[10/05/26 02:44:49] D2BS 4660: MiniShopBot: true
[10/05/26 02:44:49] D2BS 4660: UseMerc: true HP: 70
[10/05/26 02:44:55] D2BS 4660: updateStat
[10/05/26 02:44:55] D2BS 4660: granted: [Head] -1
[10/05/26 02:44:55] D2BS 4660: granted: [Body] -1
[10/05/26 02:44:55] D2BS 4660: granted: [ArmR] -1
[10/05/26 02:44:56] D2BS 4660: hireMerc
[10/05/26 02:45:03] D2BS 4660: Merc unmatched
[10/05/26 02:45:03] D2BS 4660: hireMerc: true
[10/05/26 02:45:12] D2BS 4660: Token needed
[10/05/26 02:45:16] D2BS 4660: act0 BO
[10/05/26 02:45:25] D2BS 4660: updateStat
[10/05/26 02:45:46] D2BS 4660: ÿc4=== [ANDY] ===
[10/05/26 02:46:24] D2BS 4660: Config.LifeChicken: 0
[10/05/26 02:46:51] D2BS 4660: Config.LifeChicken: 35
[10/05/26 02:47:16] D2BS 4660: Merc unmatched
[10/05/26 02:47:41] D2BS 4660: [Hired] Level 68 Prayer
[10/05/26 02:47:41] D2BS 4660: updateStat
[10/05/26 02:47:41] D2BS 4660: granted: [Head] -1
[10/05/26 02:47:41] D2BS 4660: granted: [Body] -1
[10/05/26 02:47:41] D2BS 4660: granted: [ArmR] -1
[10/05/26 02:47:41] D2BS 4660: ÿc4=== [AMULET] ===
[10/05/26 02:49:20] D2BS 4660: ÿc4=== [SUMMONER] ===
[10/05/26 03:14:43] D2BS 4660: party has left: fowo-xa
[10/05/26 03:14:43] D2BS 4660:  [29:58] +11.37% / [Level 72] 8.37%
[10/05/26 03:14:43] D2BS 4660: Script threads\autobuildthread.js ended
[10/05/26 03:14:43] D2BS 4660: Script threads\partythread.js ended
[10/05/26 03:14:43] D2BS 4660: Script threads\townchicken.js ended
[10/05/26 03:14:43] D2BS 4660: Script default.dbj ended
[10/05/26 03:14:55] D2BS 4660: joining game pz-65
[10/05/26 03:14:56] D2BS 4660: ÿc2D2BSÿc0 :: Starting default.dbj
[10/05/26 03:14:56] D2BS 4660: ÿc2D2BSÿc0 :: default.dbj running.
[10/05/26 03:14:57] D2BS 4660: Loaded ÿc9[X.nip] [Y.nip] [Z.nip] [V.nip] [B.WCRY.nip]
[10/05/26 03:14:57] D2BS 4660: Loaded ÿc9[B.WCRY.js]
[10/05/26 03:14:57] D2BS 4660: equipped: [Head] 13
[10/05/26 03:14:57] D2BS 4660: equipped: [Neck] 12
[10/05/26 03:14:57] D2BS 4660: equipped: [Body] 13
[10/05/26 03:14:57] D2BS 4660: equipped: [ArmR] 34
[10/05/26 03:14:57] D2BS 4660: equipped: [ArmL] 38
[10/05/26 03:14:57] D2BS 4660: equipped: [RingR] 11
[10/05/26 03:14:57] D2BS 4660: equipped: [RingL] 11
[10/05/26 03:14:57] D2BS 4660: equipped: [Belt] 15
[10/05/26 03:14:57] D2BS 4660: equipped: [Boots] 12
[10/05/26 03:14:57] D2BS 4660: equipped: [Mitts] 1
[10/05/26 03:14:58] D2BS 4660: updateStat
[10/05/26 03:14:58] D2BS 4660: granted: [Head] -1
[10/05/26 03:14:58] D2BS 4660: granted: [Body] -1
[10/05/26 03:14:58] D2BS 4660: granted: [ArmR] -1
[10/05/26 03:14:58] D2BS 4660: Loaded ÿc9[AutoSmurf.js]
[10/05/26 03:15:00] D2BS 4660: farmingON
[10/05/26 03:15:00] D2BS 4660: MiniShopBot: true
[10/05/26 03:15:00] D2BS 4660: UseMerc: true HP: 70
[10/05/26 03:15:01] D2BS 4660: Merc matched: Prayer
[10/05/26 03:15:20] D2BS 4660: Token needed
[10/05/26 03:15:21] D2BS 4660: Merc matched: Prayer
[10/05/26 03:15:22] D2BS 4660: act1 WP
[10/05/26 03:15:33] D2BS 4660: act2 BO
[10/05/26 03:15:46] D2BS 4660: ÿc4=== [SUMMONER] ===
[10/05/26 03:16:28] D2BS 4660: Config.LifeChicken: 0
[10/05/26 03:16:41] D2BS 4660: Config.LifeChicken: 35
[10/05/26 03:16:50] D2BS 4660: going to nearest WP
[10/05/26 03:17:42] D2BS 4660: ÿc4=== [RADAMENT] ===
[10/05/26 03:18:54] D2BS 4660: Config.LifeChicken: 0
[10/05/26 03:19:08] D2BS 4660: Config.LifeChicken: 35
[10/05/26 03:19:13] D2BS 4660: ÿc8!!! [BOOK] !!!
[10/05/26 03:19:21] D2BS 4660: ÿc4=== [DURIEL] ===
[10/05/26 03:19:35] D2BS 4660: updateStat
[10/05/26 03:19:35] D2BS 4660: granted: [Head] -1
[10/05/26 03:19:35] D2BS 4660: granted: [Body] -1
[10/05/26 03:19:35] D2BS 4660: granted: [ArmR] -1
[10/05/26 03:20:49] D2BS 4660: Going to town
[10/05/26 03:21:31] D2BS 4660: Going to town
[10/05/26 03:22:15] D2BS 4660: Going to town
[10/05/26 03:22:22] D2BS 4660: party has left: fowo-xa
[10/05/26 03:22:22] D2BS 4660:  [07:26] +14.43% / [Level 72] 22.80%
[10/05/26 03:22:22] D2BS 4660: Script threads\autobuildthread.js ended
[10/05/26 03:22:22] D2BS 4660: Script threads\partythread.js ended
[10/05/26 03:22:22] D2BS 4660: Script threads\townchicken.js ended
[10/05/26 03:22:22] D2BS 4660: Script default.dbj ended
[10/05/26 03:22:34] D2BS 4660: joining game pz-66
[10/05/26 03:22:35] D2BS 4660: ÿc2D2BSÿc0 :: Starting default.dbj
[10/05/26 03:22:35] D2BS 4660: ÿc2D2BSÿc0 :: default.dbj running.
[10/05/26 03:22:36] D2BS 4660: Loaded ÿc9[X.nip] [Y.nip] [Z.nip] [V.nip] [B.WCRY.nip]
[10/05/26 03:22:36] D2BS 4660: Loaded ÿc9[B.WCRY.js]
[10/05/26 03:22:36] D2BS 4660: equipped: [Head] 13
[10/05/26 03:22:36] D2BS 4660: equipped: [Neck] 12
[10/05/26 03:22:36] D2BS 4660: equipped: [Body] 13
[10/05/26 03:22:36] D2BS 4660: equipped: [ArmR] 34
[10/05/26 03:22:36] D2BS 4660: equipped: [ArmL] 38
[10/05/26 03:22:36] D2BS 4660: equipped: [RingR] 11
[10/05/26 03:22:36] D2BS 4660: equipped: [RingL] 11
[10/05/26 03:22:36] D2BS 4660: equipped: [Belt] 15
[10/05/26 03:22:36] D2BS 4660: equipped: [Boots] 12
[10/05/26 03:22:36] D2BS 4660: equipped: [Mitts] 1
[10/05/26 03:22:36] D2BS 4660: Loaded ÿc9[AutoSmurf.js]
[10/05/26 03:22:39] D2BS 4660: farmingON
[10/05/26 03:22:39] D2BS 4660: MiniShopBot: true
[10/05/26 03:22:39] D2BS 4660: UseMerc: true HP: 70
[10/05/26 03:22:58] D2BS 4660: updateStat
[10/05/26 03:22:58] D2BS 4660: granted: [Head] -1
[10/05/26 03:22:58] D2BS 4660: granted: [Body] -1
[10/05/26 03:22:58] D2BS 4660: granted: [ArmR] -1
[10/05/26 03:23:13] D2BS 4660: Merc matched: Prayer
[10/05/26 03:23:25] D2BS 4660: Token needed
[10/05/26 03:23:25] D2BS 4660: Merc matched: Prayer
[10/05/26 03:23:28] D2BS 4660: act2 BO
[10/05/26 03:23:30] D2BS 4660: updateStat
[10/05/26 03:23:43] D2BS 4660: ÿc4=== [DURIEL] ===
[10/05/26 03:30:06] D2BS 4660: act3 BO
[10/05/26 03:30:50] D2BS 4660: party has left: fowo-xa
[10/05/26 03:30:50] D2BS 4660:  [08:14] +10.85% / [Level 72] 33.66%
[10/05/26 03:30:50] D2BS 4660: Script threads\autobuildthread.js ended
[10/05/26 03:30:50] D2BS 4660: Script threads\partythread.js ended
[10/05/26 03:30:50] D2BS 4660: Script threads\townchicken.js ended
[10/05/26 03:30:50] D2BS 4660: Script default.dbj ended
[10/05/26 03:31:04] D2BS 4660: joining game pz-67
[10/05/26 03:31:05] D2BS 4660: ÿc2D2BSÿc0 :: Starting default.dbj
[10/05/26 03:31:05] D2BS 4660: ÿc2D2BSÿc0 :: default.dbj running.
[10/05/26 03:31:05] D2BS 4660: Loaded ÿc9[X.nip] [Y.nip] [Z.nip] [V.nip] [B.WCRY.nip]
[10/05/26 03:31:05] D2BS 4660: Loaded ÿc9[B.WCRY.js]
[10/05/26 03:31:05] D2BS 4660: equipped: [Head] 13
[10/05/26 03:31:05] D2BS 4660: equipped: [Neck] 12
[10/05/26 03:31:05] D2BS 4660: equipped: [Body] 13
[10/05/26 03:31:05] D2BS 4660: equipped: [ArmR] 34
[10/05/26 03:31:06] D2BS 4660: equipped: [ArmL] 38
[10/05/26 03:31:06] D2BS 4660: equipped: [RingR] 11
[10/05/26 03:31:06] D2BS 4660: equipped: [RingL] 11
[10/05/26 03:31:06] D2BS 4660: equipped: [Belt] 15
[10/05/26 03:31:06] D2BS 4660: equipped: [Boots] 12
[10/05/26 03:31:06] D2BS 4660: equipped: [Mitts] 1
[10/05/26 03:31:06] D2BS 4660: updateStat
[10/05/26 03:31:06] D2BS 4660: granted: [Head] -1
[10/05/26 03:31:06] D2BS 4660: granted: [Body] -1
[10/05/26 03:31:06] D2BS 4660: granted: [ArmR] -1
[10/05/26 03:31:06] D2BS 4660: Loaded ÿc9[AutoSmurf.js]
[10/05/26 03:31:07] D2BS 4660: MiniShopBot: true
[10/05/26 03:31:07] D2BS 4660: farmingON
[10/05/26 03:31:07] D2BS 4660: UseMerc: true HP: 70
[10/05/26 03:31:20] D2BS 4660: Merc matched: Prayer
[10/05/26 03:31:30] D2BS 4660: Token needed
[10/05/26 03:31:37] D2BS 4660: act3 BO
[10/05/26 03:32:32] D2BS 4660: ÿc4=== [TRAVINCAL] ===
[10/05/26 03:33:44] D2BS 4660: party has left: fowo-xa
[10/05/26 03:33:45] D2BS 4660:  [02:39] +17.91% / [Level 72] 51.57%
[10/05/26 03:33:45] D2BS 4660: Script threads\autobuildthread.js ended
[10/05/26 03:33:45] D2BS 4660: Script threads\partythread.js ended
[10/05/26 03:33:45] D2BS 4660: Script threads\townchicken.js ended
[10/05/26 03:33:45] D2BS 4660: Script default.dbj ended
[10/05/26 03:33:56] D2BS 4660: joining game pz-68
[10/05/26 03:33:58] D2BS 4660: ÿc2D2BSÿc0 :: Starting default.dbj
[10/05/26 03:33:58] D2BS 4660: ÿc2D2BSÿc0 :: default.dbj running.
[10/05/26 03:33:58] D2BS 4660: Loaded ÿc9[X.nip] [Y.nip] [Z.nip] [V.nip] [B.WCRY.nip]
[10/05/26 03:33:58] D2BS 4660: Loaded ÿc9[B.WCRY.js]
[10/05/26 03:33:58] D2BS 4660: equipped: [Head] 13
[10/05/26 03:33:58] D2BS 4660: equipped: [Neck] 12
[10/05/26 03:33:58] D2BS 4660: equipped: [Body] 13
[10/05/26 03:33:58] D2BS 4660: equipped: [ArmR] 34
[10/05/26 03:33:58] D2BS 4660: equipped: [ArmL] 38
[10/05/26 03:33:58] D2BS 4660: equipped: [RingR] 11
[10/05/26 03:33:58] D2BS 4660: equipped: [RingL] 11
[10/05/26 03:33:58] D2BS 4660: equipped: [Belt] 15
[10/05/26 03:33:58] D2BS 4660: equipped: [Boots] 12
[10/05/26 03:33:58] D2BS 4660: equipped: [Mitts] 1
[10/05/26 03:33:58] D2BS 4660: updateStat
[10/05/26 03:33:58] D2BS 4660: granted: [Head] -1
[10/05/26 03:33:58] D2BS 4660: granted: [Body] -1
[10/05/26 03:33:58] D2BS 4660: granted: [ArmR] -1
[10/05/26 03:33:58] D2BS 4660: Loaded ÿc9[AutoSmurf.js]
[10/05/26 03:34:00] D2BS 4660: farmingON
[10/05/26 03:34:00] D2BS 4660: MiniShopBot: true
[10/05/26 03:34:00] D2BS 4660: UseMerc: true HP: 70
[10/05/26 03:34:17] D2BS 4660: Merc matched: Prayer
[10/05/26 03:34:27] D2BS 4660: Token needed
[10/05/26 03:34:35] D2BS 4660: act3 BO
[10/05/26 03:34:52] D2BS 4660: ÿc4=== [TRAVINCAL] ===
[10/05/26 03:35:29] D2BS 4660: party has left: fowo-xe
[10/05/26 03:35:29] D2BS 4660:  [01:32] +9.63% / [Level 72] 61.19%
[10/05/26 03:35:29] D2BS 4660: Script threads\autobuildthread.js ended
[10/05/26 03:35:30] D2BS 4660: Script threads\partythread.js ended
[10/05/26 03:35:30] D2BS 4660: Script threads\townchicken.js ended
[10/05/26 03:35:30] D2BS 4660: Script default.dbj ended
[10/05/26 03:35:44] D2BS 4660: joining game pz-69
[10/05/26 03:35:46] D2BS 4660: ÿc2D2BSÿc0 :: Starting default.dbj
[10/05/26 03:35:46] D2BS 4660: ÿc2D2BSÿc0 :: default.dbj running.
[10/05/26 03:35:46] D2BS 4660: Loaded ÿc9[X.nip] [Y.nip] [Z.nip] [V.nip] [B.WCRY.nip]
[10/05/26 03:35:46] D2BS 4660: Loaded ÿc9[B.WCRY.js]
[10/05/26 03:35:46] D2BS 4660: equipped: [Head] 13
[10/05/26 03:35:46] D2BS 4660: equipped: [Neck] 12
[10/05/26 03:35:46] D2BS 4660: equipped: [Body] 13
[10/05/26 03:35:46] D2BS 4660: equipped: [ArmR] 34
[10/05/26 03:35:46] D2BS 4660: equipped: [ArmL] 38
[10/05/26 03:35:46] D2BS 4660: equipped: [RingR] 11
[10/05/26 03:35:46] D2BS 4660: equipped: [RingL] 11
[10/05/26 03:35:46] D2BS 4660: equipped: [Belt] 15
[10/05/26 03:35:46] D2BS 4660: equipped: [Boots] 12
[10/05/26 03:35:46] D2BS 4660: equipped: [Mitts] 1
[10/05/26 03:35:46] D2BS 4660: updateStat
[10/05/26 03:35:46] D2BS 4660: granted: [Head] -1
[10/05/26 03:35:46] D2BS 4660: granted: [Body] -1
[10/05/26 03:35:46] D2BS 4660: granted: [ArmR] -1
[10/05/26 03:35:46] D2BS 4660: Loaded ÿc9[AutoSmurf.js]
[10/05/26 03:35:48] D2BS 4660: farmingON
[10/05/26 03:35:49] D2BS 4660: MiniShopBot: true
[10/05/26 03:35:49] D2BS 4660: UseMerc: true HP: 70
[10/05/26 03:36:03] D2BS 4660: Merc matched: Prayer
[10/05/26 03:36:10] D2BS 4660: Token needed
[10/05/26 03:36:17] D2BS 4660: act3 BO
[10/05/26 03:36:37] D2BS 4660: ÿc4=== [TRAVINCAL] ===
[10/05/26 03:37:37] D2BS 4660: party has left: fowo-xa
[10/05/26 03:37:37] D2BS 4660:  [01:51] +17.65% / [Level 72] 78.84%
[10/05/26 03:37:37] D2BS 4660: Script threads\autobuildthread.js ended
[10/05/26 03:37:37] D2BS 4660: Script threads\partythread.js ended
[10/05/26 03:37:37] D2BS 4660: Script threads\townchicken.js ended
[10/05/26 03:37:37] D2BS 4660: Script default.dbj ended
[10/05/26 03:37:50] D2BS 4660: joining game pz-70
[10/05/26 03:37:51] D2BS 4660: ÿc2D2BSÿc0 :: Starting default.dbj
[10/05/26 03:37:51] D2BS 4660: ÿc2D2BSÿc0 :: default.dbj running.
[10/05/26 03:37:51] D2BS 4660: Loaded ÿc9[X.nip] [Y.nip] [Z.nip] [V.nip] [B.WCRY.nip]
[10/05/26 03:37:51] D2BS 4660: Loaded ÿc9[B.WCRY.js]
[10/05/26 03:37:51] D2BS 4660: equipped: [Head] 13
[10/05/26 03:37:51] D2BS 4660: equipped: [Neck] 12
[10/05/26 03:37:51] D2BS 4660: equipped: [Body] 13
[10/05/26 03:37:52] D2BS 4660: equipped: [ArmR] 34
[10/05/26 03:37:52] D2BS 4660: equipped: [ArmL] 38
[10/05/26 03:37:52] D2BS 4660: equipped: [RingR] 11
[10/05/26 03:37:52] D2BS 4660: equipped: [RingL] 11
[10/05/26 03:37:52] D2BS 4660: equipped: [Belt] 15
[10/05/26 03:37:52] D2BS 4660: equipped: [Boots] 12
[10/05/26 03:37:52] D2BS 4660: equipped: [Mitts] 1
[10/05/26 03:37:52] D2BS 4660: updateStat
[10/05/26 03:37:52] D2BS 4660: granted: [Head] -1
[10/05/26 03:37:52] D2BS 4660: granted: [Body] -1
[10/05/26 03:37:52] D2BS 4660: granted: [ArmR] -1
[10/05/26 03:37:52] D2BS 4660: Loaded ÿc9[AutoSmurf.js]
[10/05/26 03:37:54] D2BS 4660: farmingON
[10/05/26 03:37:54] D2BS 4660: MiniShopBot: true
[10/05/26 03:37:54] D2BS 4660: UseMerc: true HP: 70
[10/05/26 03:38:14] D2BS 4660: Merc matched: Prayer
[10/05/26 03:38:18] D2BS 4660: Token needed
[10/05/26 03:38:24] D2BS 4660: act3 BO
[10/05/26 03:38:41] D2BS 4660: ÿc4=== [TRAVINCAL] ===
[10/05/26 03:39:21] D2BS 4660: party has left: fowo-xb
[10/05/26 03:39:21] D2BS 4660:  [01:30] +9.63% / [Level 72] 88.47%
[10/05/26 03:39:21] D2BS 4660: Script threads\autobuildthread.js ended
[10/05/26 03:39:21] D2BS 4660: Script threads\partythread.js ended
[10/05/26 03:39:21] D2BS 4660: Script threads\townchicken.js ended
[10/05/26 03:39:21] D2BS 4660: Script default.dbj ended
[10/05/26 03:39:34] D2BS 4660: joining game pz-71
[10/05/26 03:39:35] D2BS 4660: ÿc2D2BSÿc0 :: Starting default.dbj
[10/05/26 03:39:35] D2BS 4660: ÿc2D2BSÿc0 :: default.dbj running.
[10/05/26 03:39:36] D2BS 4660: Loaded ÿc9[X.nip] [Y.nip] [Z.nip] [V.nip] [B.WCRY.nip]
[10/05/26 03:39:36] D2BS 4660: Loaded ÿc9[B.WCRY.js]
[10/05/26 03:39:36] D2BS 4660: equipped: [Head] 13
[10/05/26 03:39:36] D2BS 4660: equipped: [Neck] 12
[10/05/26 03:39:36] D2BS 4660: equipped: [Body] 13
[10/05/26 03:39:36] D2BS 4660: equipped: [ArmR] 34
[10/05/26 03:39:36] D2BS 4660: equipped: [ArmL] 38
[10/05/26 03:39:36] D2BS 4660: equipped: [RingR] 11
[10/05/26 03:39:36] D2BS 4660: equipped: [RingL] 11
[10/05/26 03:39:36] D2BS 4660: equipped: [Belt] 15
[10/05/26 03:39:36] D2BS 4660: equipped: [Boots] 12
[10/05/26 03:39:36] D2BS 4660: equipped: [Mitts] 1
[10/05/26 03:39:36] D2BS 4660: updateStat
[10/05/26 03:39:36] D2BS 4660: granted: [Head] -1
[10/05/26 03:39:36] D2BS 4660: granted: [Body] -1
[10/05/26 03:39:36] D2BS 4660: granted: [ArmR] -1
[10/05/26 03:39:36] D2BS 4660: Loaded ÿc9[AutoSmurf.js]
[10/05/26 03:39:38] D2BS 4660: farmingON
[10/05/26 03:39:38] D2BS 4660: MiniShopBot: true
[10/05/26 03:39:38] D2BS 4660: UseMerc: true HP: 70
[10/05/26 03:39:51] D2BS 4660: granted: [ArmR] 19
[10/05/26 03:39:51] D2BS 4660: Merc matched: Prayer
[10/05/26 03:39:59] D2BS 4660: Token needed
[10/05/26 03:40:05] D2BS 4660: act3 BO
[10/05/26 03:40:21] D2BS 4660: ÿc4=== [TRAVINCAL] ===
[10/05/26 03:41:19] D2BS 4660: party has left: fowo-xa
[10/05/26 03:41:19] D2BS 4660:  [01:43] +13.32% / [Level 73] 2.74%
[10/05/26 03:41:19] D2BS 4660: Script threads\autobuildthread.js ended
[10/05/26 03:41:19] D2BS 4660: Script threads\partythread.js ended
[10/05/26 03:41:19] D2BS 4660: Script threads\townchicken.js ended
[10/05/26 03:41:19] D2BS 4660: Script default.dbj ended
[10/05/26 03:41:31] D2BS 4660: joining game pz-72
[10/05/26 03:41:33] D2BS 4660: ÿc2D2BSÿc0 :: Starting default.dbj
[10/05/26 03:41:33] D2BS 4660: ÿc2D2BSÿc0 :: default.dbj running.
[10/05/26 03:41:33] D2BS 4660: Loaded ÿc9[X.nip] [Y.nip] [Z.nip] [V.nip] [B.WCRY.nip]
[10/05/26 03:41:33] D2BS 4660: Loaded ÿc9[B.WCRY.js]
[10/05/26 03:41:33] D2BS 4660: equipped: [Head] 13
[10/05/26 03:41:33] D2BS 4660: equipped: [Neck] 12
[10/05/26 03:41:33] D2BS 4660: equipped: [Body] 13
[10/05/26 03:41:33] D2BS 4660: equipped: [ArmR] 34
[10/05/26 03:41:33] D2BS 4660: equipped: [ArmL] 38
[10/05/26 03:41:34] D2BS 4660: equipped: [RingR] 11
[10/05/26 03:41:34] D2BS 4660: equipped: [RingL] 11
[10/05/26 03:41:34] D2BS 4660: equipped: [Belt] 15
[10/05/26 03:41:34] D2BS 4660: equipped: [Boots] 12
[10/05/26 03:41:34] D2BS 4660: equipped: [Mitts] 1
[10/05/26 03:41:34] D2BS 4660: updateStat
[10/05/26 03:41:34] D2BS 4660: granted: [Head] -1
[10/05/26 03:41:34] D2BS 4660: granted: [Body] -1
[10/05/26 03:41:34] D2BS 4660: granted: [ArmR] 19
[10/05/26 03:41:34] D2BS 4660: Loaded ÿc9[AutoSmurf.js]
[10/05/26 03:41:36] D2BS 4660: farmingON
[10/05/26 03:41:37] D2BS 4660: MiniShopBot: true
[10/05/26 03:41:37] D2BS 4660: UseMerc: true HP: 70
[10/05/26 03:41:54] D2BS 4660: granted: [Head] 15
[10/05/26 03:41:59] D2BS 4660: Merc matched: Prayer
[10/05/26 03:42:03] D2BS 4660: Token needed
[10/05/26 03:42:05] D2BS 4660: ÿc4=== [FIGURINE] ===
[10/05/26 03:42:33] D2BS 4660: ÿc8!!! [POTION] !!!
[10/05/26 03:43:48] D2BS 4660: act3 BO
[10/05/26 03:44:31] D2BS 4660: ÿc4=== [MEPHISTO] ===
[10/05/26 03:44:52] D2BS 4660: Config.LifeChicken: 0
[10/05/26 03:44:56] D2BS 4660: Config.LifeChicken: 35
[10/05/26 03:45:32] D2BS 4660: ÿc4=== [IZUAL] ===
[10/05/26 03:45:50] D2BS 4660: equipped: [Head] 21
[10/05/26 03:45:51] D2BS 4660: granted: [Body] 13
[10/05/26 03:47:19] D2BS 4660: Config.LifeChicken: 0
[10/05/26 03:47:30] D2BS 4660: Config.LifeChicken: 35
[10/05/26 03:47:42] D2BS 4660: ÿc4=== [DIABLO] ===
[10/05/26 03:48:02] D2BS 4660: granted: [Body] 17
[10/05/26 03:50:48] D2BS 4660: Going to town
[10/05/26 03:51:48] D2BS 4660: Going to town
[10/05/26 03:52:44] D2BS 4660: Going to town
[10/05/26 03:53:06] D2BS 4660:  [11:33] +29.51% / [Level 73] 32.25%
[10/05/26 03:53:06] D2BS 4660: Script threads\autobuildthread.js ended
[10/05/26 03:53:06] D2BS 4660: Script threads\partythread.js ended
[10/05/26 03:53:06] D2BS 4660: Script threads\townchicken.js ended
[10/05/26 03:53:06] D2BS 4660: Script default.dbj ended
[10/05/26 03:53:19] D2BS 4660: joining game pz-73
[10/05/26 03:53:21] D2BS 4660: ÿc2D2BSÿc0 :: Starting default.dbj
[10/05/26 03:53:21] D2BS 4660: ÿc2D2BSÿc0 :: default.dbj running.
[10/05/26 03:53:21] D2BS 4660: Loaded ÿc9[X.nip] [Y.nip] [Z.nip] [V.nip] [B.WCRY.nip]
[10/05/26 03:53:21] D2BS 4660: Loaded ÿc9[B.WCRY.js]
[10/05/26 03:53:21] D2BS 4660: equipped: [Head] 21
[10/05/26 03:53:21] D2BS 4660: equipped: [Neck] 12
[10/05/26 03:53:21] D2BS 4660: equipped: [Body] 13
[10/05/26 03:53:21] D2BS 4660: equipped: [ArmR] 34
[10/05/26 03:53:21] D2BS 4660: equipped: [ArmL] 38
[10/05/26 03:53:21] D2BS 4660: equipped: [RingR] 11
[10/05/26 03:53:21] D2BS 4660: equipped: [RingL] 11
[10/05/26 03:53:21] D2BS 4660: equipped: [Belt] 15
[10/05/26 03:53:21] D2BS 4660: equipped: [Boots] 12
[10/05/26 03:53:21] D2BS 4660: equipped: [Mitts] 1
[10/05/26 03:53:21] D2BS 4660: Loaded ÿc9[AutoSmurf.js]
[10/05/26 03:53:24] D2BS 4660: MiniShopBot: true
[10/05/26 03:53:24] D2BS 4660: farmingON
[10/05/26 03:53:24] D2BS 4660: UseMerc: true HP: 70
[10/05/26 03:53:37] D2BS 4660: Revive needed
[10/05/26 03:53:52] D2BS 4660: Token needed
[10/05/26 03:53:56] D2BS 4660: act4+ WP
[10/05/26 03:54:04] D2BS 4660: act4+ BO
[10/05/26 03:54:16] D2BS 4660: ÿc4=== [DIABLO] ===
[10/05/26 03:54:35] D2BS 4660: party has left: fowo-xa
[10/05/26 03:54:35] D2BS 4660: no exp [01:14]
[10/05/26 03:54:35] D2BS 4660: Script threads\autobuildthread.js ended
[10/05/26 03:54:35] D2BS 4660: Script threads\partythread.js ended
[10/05/26 03:54:35] D2BS 4660: Script threads\townchicken.js ended
[10/05/26 03:54:35] D2BS 4660: Script default.dbj ended
[10/05/26 03:54:46] D2BS 4660: joining game pz-74
[10/05/26 03:54:48] D2BS 4660: ÿc2D2BSÿc0 :: Starting default.dbj
[10/05/26 03:54:48] D2BS 4660: ÿc2D2BSÿc0 :: default.dbj running.
[10/05/26 03:54:48] D2BS 4660: Loaded ÿc9[X.nip] [Y.nip] [Z.nip] [V.nip] [B.WCRY.nip]
[10/05/26 03:54:48] D2BS 4660: Loaded ÿc9[B.WCRY.js]
[10/05/26 03:54:48] D2BS 4660: equipped: [Head] 21
[10/05/26 03:54:48] D2BS 4660: equipped: [Neck] 12
[10/05/26 03:54:48] D2BS 4660: equipped: [Body] 13
[10/05/26 03:54:49] D2BS 4660: equipped: [ArmR] 34
[10/05/26 03:54:49] D2BS 4660: equipped: [ArmL] 38
[10/05/26 03:54:49] D2BS 4660: equipped: [RingR] 11
[10/05/26 03:54:49] D2BS 4660: equipped: [RingL] 11
[10/05/26 03:54:49] D2BS 4660: equipped: [Belt] 15
[10/05/26 03:54:49] D2BS 4660: equipped: [Boots] 12
[10/05/26 03:54:49] D2BS 4660: equipped: [Mitts] 1
[10/05/26 03:54:49] D2BS 4660: Loaded ÿc9[AutoSmurf.js]
[10/05/26 03:54:51] D2BS 4660: MiniShopBot: true
[10/05/26 03:54:51] D2BS 4660: farmingON
[10/05/26 03:54:51] D2BS 4660: UseMerc: true HP: 70
[10/05/26 03:55:04] D2BS 4660: Revive needed
[10/05/26 03:55:13] D2BS 4660: Token needed
[10/05/26 03:55:20] D2BS 4660: act4+ BO
[10/05/26 03:55:34] D2BS 4660: ÿc4=== [DIABLO] ===
[10/05/26 03:56:20] D2BS 4660: party has left: fowo-xd
[10/05/26 03:56:20] D2BS 4660:  [01:32] +2.82% / [Level 73] 35.07%
[10/05/26 03:56:20] D2BS 4660: Script threads\autobuildthread.js ended
[10/05/26 03:56:22] D2BS 4660: Script threads\partythread.js ended
[10/05/26 03:56:22] D2BS 4660: Script threads\townchicken.js ended
[10/05/26 03:56:22] D2BS 4660: Script default.dbj ended
[10/05/26 03:56:32] D2BS 4660: joining game pz-75
[10/05/26 03:56:34] D2BS 4660: ÿc2D2BSÿc0 :: Starting default.dbj
[10/05/26 03:56:34] D2BS 4660: ÿc2D2BSÿc0 :: default.dbj running.
[10/05/26 03:56:34] D2BS 4660: Loaded ÿc9[X.nip] [Y.nip] [Z.nip] [V.nip] [B.WCRY.nip]
[10/05/26 03:56:34] D2BS 4660: Loaded ÿc9[B.WCRY.js]
[10/05/26 03:56:34] D2BS 4660: equipped: [Head] 21
[10/05/26 03:56:34] D2BS 4660: equipped: [Neck] 12
[10/05/26 03:56:34] D2BS 4660: equipped: [Body] 13
[10/05/26 03:56:34] D2BS 4660: equipped: [ArmR] 34
[10/05/26 03:56:34] D2BS 4660: equipped: [ArmL] 38
[10/05/26 03:56:34] D2BS 4660: equipped: [RingR] 11
[10/05/26 03:56:34] D2BS 4660: equipped: [RingL] 11
[10/05/26 03:56:34] D2BS 4660: equipped: [Belt] 15
[10/05/26 03:56:34] D2BS 4660: equipped: [Boots] 12
[10/05/26 03:56:34] D2BS 4660: equipped: [Mitts] 1
[10/05/26 03:56:34] D2BS 4660: Loaded ÿc9[AutoSmurf.js]
[10/05/26 03:56:37] D2BS 4660: farmingON
[10/05/26 03:56:37] D2BS 4660: MiniShopBot: true
[10/05/26 03:56:37] D2BS 4660: UseMerc: true HP: 70
[10/05/26 03:56:54] D2BS 4660: Revive needed
[10/05/26 03:57:01] D2BS 4660: Token needed
[10/05/26 03:57:07] D2BS 4660: act4+ BO
[10/05/26 03:57:20] D2BS 4660: ÿc4=== [DIABLO] ===
[10/05/26 03:58:13] D2BS 4660: party has left: fowo-xe
[10/05/26 03:58:13] D2BS 4660:  [01:39] +7.64% / [Level 73] 42.98%
[10/05/26 03:58:13] D2BS 4660: Script threads\autobuildthread.js ended
[10/05/26 03:58:13] D2BS 4660: Script threads\partythread.js ended
[10/05/26 03:58:13] D2BS 4660: Script threads\townchicken.js ended
[10/05/26 03:58:13] D2BS 4660: Script default.dbj ended
[10/05/26 03:58:25] D2BS 4660: joining game pz-76
[10/05/26 03:58:27] D2BS 4660: ÿc2D2BSÿc0 :: Starting default.dbj
[10/05/26 03:58:27] D2BS 4660: ÿc2D2BSÿc0 :: default.dbj running.
[10/05/26 03:58:27] D2BS 4660: Loaded ÿc9[X.nip] [Y.nip] [Z.nip] [V.nip] [B.WCRY.nip]
[10/05/26 03:58:27] D2BS 4660: Loaded ÿc9[B.WCRY.js]
[10/05/26 03:58:27] D2BS 4660: equipped: [Head] 21
[10/05/26 03:58:27] D2BS 4660: equipped: [Neck] 12
[10/05/26 03:58:27] D2BS 4660: equipped: [Body] 13
[10/05/26 03:58:27] D2BS 4660: equipped: [ArmR] 34
[10/05/26 03:58:27] D2BS 4660: equipped: [ArmL] 38
[10/05/26 03:58:27] D2BS 4660: equipped: [RingR] 11
[10/05/26 03:58:27] D2BS 4660: equipped: [RingL] 11
[10/05/26 03:58:27] D2BS 4660: equipped: [Belt] 15
[10/05/26 03:58:27] D2BS 4660: equipped: [Boots] 12
[10/05/26 03:58:27] D2BS 4660: equipped: [Mitts] 1
[10/05/26 03:58:28] D2BS 4660: Loaded ÿc9[AutoSmurf.js]
[10/05/26 03:58:29] D2BS 4660: farmingON
[10/05/26 03:58:30] D2BS 4660: MiniShopBot: true
[10/05/26 03:58:30] D2BS 4660: UseMerc: true HP: 70
[10/05/26 03:58:43] D2BS 4660: Revive needed
[10/05/26 03:58:53] D2BS 4660: Token needed
[10/05/26 03:59:01] D2BS 4660: act4+ BO
[10/05/26 03:59:13] D2BS 4660: ÿc4=== [DIABLO] ===
[10/05/26 04:02:19] D2BS 4660: Going to town
[10/05/26 04:05:00] D2BS 4660: Going to town
[10/05/26 04:06:17] D2BS 4660: Config.LifeChicken: 0
[10/05/26 04:06:21] D2BS 4660: Config.LifeChicken: 35
[10/05/26 04:06:38] D2BS 4660: ÿc4=== [SHENK] ===
[10/05/26 04:06:41] D2BS 4660: party has left: fowo-xb
[10/05/26 04:06:41] D2BS 4660:  [08:13] +64.19% / [Level 74] 11.88%
[10/05/26 04:06:41] D2BS 4660: Script threads\autobuildthread.js ended
[10/05/26 04:06:41] D2BS 4660: Script threads\partythread.js ended
[10/05/26 04:06:41] D2BS 4660: Script threads\townchicken.js ended
[10/05/26 04:06:41] D2BS 4660: Script default.dbj ended
[10/05/26 04:07:03] D2BS 4660: joining game pz-77
[10/05/26 04:07:05] D2BS 4660: ÿc2D2BSÿc0 :: Starting default.dbj
[10/05/26 04:07:05] D2BS 4660: ÿc2D2BSÿc0 :: default.dbj running.
[10/05/26 04:07:05] D2BS 4660: Loaded ÿc9[X.nip] [Y.nip] [Z.nip] [V.nip] [B.WCRY.nip]
[10/05/26 04:07:05] D2BS 4660: Loaded ÿc9[B.WCRY.js]
[10/05/26 04:07:05] D2BS 4660: equipped: [Head] 21
[10/05/26 04:07:05] D2BS 4660: equipped: [Neck] 12
[10/05/26 04:07:05] D2BS 4660: equipped: [Body] 13
[10/05/26 04:07:05] D2BS 4660: equipped: [ArmR] 34
[10/05/26 04:07:06] D2BS 4660: equipped: [ArmL] 38
[10/05/26 04:07:06] D2BS 4660: equipped: [RingR] 11
[10/05/26 04:07:06] D2BS 4660: equipped: [RingL] 11
[10/05/26 04:07:06] D2BS 4660: equipped: [Belt] 15
[10/05/26 04:07:06] D2BS 4660: equipped: [Boots] 12
[10/05/26 04:07:06] D2BS 4660: equipped: [Mitts] 1
[10/05/26 04:07:06] D2BS 4660: Loaded ÿc9[AutoSmurf.js]
[10/05/26 04:07:07] D2BS 4660: MiniShopBot: true
[10/05/26 04:07:08] D2BS 4660: farmingON
[10/05/26 04:07:08] D2BS 4660: UseMerc: true HP: 70
[10/05/26 04:07:29] D2BS 4660: Revive needed
[10/05/26 04:07:37] D2BS 4660: Token needed
[10/05/26 04:07:42] D2BS 4660: act5 BO
[10/05/26 04:07:54] D2BS 4660: ÿc4=== [SHENK] ===
[10/05/26 04:10:20] D2BS 4660: Config.LifeChicken: 0
[10/05/26 04:11:25] D2BS 4660: Config.LifeChicken: 35
[10/05/26 04:11:32] D2BS 4660: ÿc4=== [ANYA] ===
[10/05/26 04:12:12] D2BS 4660: party has left: fowo-xa
[10/05/26 04:12:12] D2BS 4660:  [05:06] +4.75% / [Level 74] 16.63%
[10/05/26 04:12:12] D2BS 4660: Script threads\autobuildthread.js ended
[10/05/26 04:12:12] D2BS 4660: Script threads\partythread.js ended
[10/05/26 04:12:12] D2BS 4660: Script threads\townchicken.js ended
[10/05/26 04:12:12] D2BS 4660: Script default.dbj ended
[10/05/26 04:12:25] D2BS 4660: joining game pz-78
[10/05/26 04:12:27] D2BS 4660: ÿc2D2BSÿc0 :: Starting default.dbj
[10/05/26 04:12:27] D2BS 4660: ÿc2D2BSÿc0 :: default.dbj running.
[10/05/26 04:12:27] D2BS 4660: Loaded ÿc9[X.nip] [Y.nip] [Z.nip] [V.nip] [B.WCRY.nip]
[10/05/26 04:12:27] D2BS 4660: Loaded ÿc9[B.WCRY.js]
[10/05/26 04:12:27] D2BS 4660: equipped: [Head] 21
[10/05/26 04:12:27] D2BS 4660: equipped: [Neck] 12
[10/05/26 04:12:27] D2BS 4660: equipped: [Body] 13
[10/05/26 04:12:27] D2BS 4660: equipped: [ArmR] 34
[10/05/26 04:12:27] D2BS 4660: equipped: [ArmL] 38
[10/05/26 04:12:27] D2BS 4660: equipped: [RingR] 11
[10/05/26 04:12:27] D2BS 4660: equipped: [RingL] 11
[10/05/26 04:12:27] D2BS 4660: equipped: [Belt] 15
[10/05/26 04:12:27] D2BS 4660: equipped: [Boots] 12
[10/05/26 04:12:27] D2BS 4660: equipped: [Mitts] 1
[10/05/26 04:12:27] D2BS 4660: Loaded ÿc9[AutoSmurf.js]
[10/05/26 04:12:29] D2BS 4660: MiniShopBot: true
[10/05/26 04:12:29] D2BS 4660: farmingON
[10/05/26 04:12:29] D2BS 4660: UseMerc: true HP: 70
[10/05/26 04:12:43] D2BS 4660: Revive needed
[10/05/26 04:14:01] D2BS 4660: Token needed
[10/05/26 04:14:03] D2BS 4660: act5+ WP
[10/05/26 04:14:20] D2BS 4660: act5+ BO
[10/05/26 04:14:23] D2BS 4660: party has left: fowo-xd
[10/05/26 04:14:23] D2BS 4660: no exp [01:56]
[10/05/26 04:14:23] D2BS 4660: Script threads\autobuildthread.js ended
[10/05/26 04:14:23] D2BS 4660: Script threads\partythread.js ended
[10/05/26 04:14:23] D2BS 4660: Script threads\townchicken.js ended
[10/05/26 04:14:23] D2BS 4660: Script default.dbj ended
[10/05/26 04:14:36] D2BS 4660: joining game pz-79
[10/05/26 04:14:38] D2BS 4660: ÿc2D2BSÿc0 :: Starting default.dbj
[10/05/26 04:14:38] D2BS 4660: ÿc2D2BSÿc0 :: default.dbj running.
[10/05/26 04:14:38] D2BS 4660: Loaded ÿc9[X.nip] [Y.nip] [Z.nip] [V.nip] [B.WCRY.nip]
[10/05/26 04:14:38] D2BS 4660: Loaded ÿc9[B.WCRY.js]
[10/05/26 04:14:38] D2BS 4660: equipped: [Head] 21
[10/05/26 04:14:38] D2BS 4660: equipped: [Neck] 12
[10/05/26 04:14:39] D2BS 4660: equipped: [Body] 13
[10/05/26 04:14:39] D2BS 4660: equipped: [ArmR] 34
[10/05/26 04:14:39] D2BS 4660: equipped: [ArmL] 38
[10/05/26 04:14:39] D2BS 4660: equipped: [RingR] 11
[10/05/26 04:14:39] D2BS 4660: equipped: [RingL] 11
[10/05/26 04:14:39] D2BS 4660: equipped: [Belt] 15
[10/05/26 04:14:39] D2BS 4660: equipped: [Boots] 12
[10/05/26 04:14:39] D2BS 4660: equipped: [Mitts] 1
[10/05/26 04:14:39] D2BS 4660: Loaded ÿc9[AutoSmurf.js]
[10/05/26 04:14:41] D2BS 4660: farmingON
[10/05/26 04:14:41] D2BS 4660: MiniShopBot: true
[10/05/26 04:14:41] D2BS 4660: UseMerc: true HP: 70
[10/05/26 04:14:57] D2BS 4660: Revive needed
[10/05/26 04:15:22] D2BS 4660: Token needed
[10/05/26 04:15:27] D2BS 4660: act5+ BO
[10/05/26 04:15:39] D2BS 4660: ÿc4=== [ANYA] ===
[10/05/26 04:17:18] D2BS 4660: ÿc8!!! [SCROLL] !!!
[10/05/26 04:17:33] D2BS 4660: ÿc4=== [ANCIENTS] ===
[10/05/26 04:18:27] D2BS 4660: party has left: fowo-xd
[10/05/26 04:18:27] D2BS 4660:  [03:49] +7.74% / [Level 74] 24.37%
[10/05/26 04:18:27] D2BS 4660: Script threads\autobuildthread.js ended
[10/05/26 04:18:27] D2BS 4660: Script threads\partythread.js ended
[10/05/26 04:18:28] D2BS 4660: Script threads\townchicken.js ended
[10/05/26 04:18:28] D2BS 4660: Script default.dbj ended
[10/05/26 04:18:40] D2BS 4660: joining game pz-80
[10/05/26 04:18:41] D2BS 4660: ÿc2D2BSÿc0 :: Starting default.dbj
[10/05/26 04:18:41] D2BS 4660: ÿc2D2BSÿc0 :: default.dbj running.
[10/05/26 04:18:42] D2BS 4660: Loaded ÿc9[X.nip] [Y.nip] [Z.nip] [V.nip] [B.WCRY.nip]
[10/05/26 04:18:42] D2BS 4660: Loaded ÿc9[B.WCRY.js]
[10/05/26 04:18:42] D2BS 4660: equipped: [Head] 21
[10/05/26 04:18:42] D2BS 4660: equipped: [Neck] 12
[10/05/26 04:18:42] D2BS 4660: equipped: [Body] 13
[10/05/26 04:18:42] D2BS 4660: equipped: [ArmR] 34
[10/05/26 04:18:42] D2BS 4660: equipped: [ArmL] 38
[10/05/26 04:18:42] D2BS 4660: equipped: [RingR] 11
[10/05/26 04:18:42] D2BS 4660: equipped: [RingL] 11
[10/05/26 04:18:42] D2BS 4660: equipped: [Belt] 15
[10/05/26 04:18:42] D2BS 4660: equipped: [Boots] 12
[10/05/26 04:18:42] D2BS 4660: equipped: [Mitts] 1
[10/05/26 04:18:42] D2BS 4660: Loaded ÿc9[AutoSmurf.js]
[10/05/26 04:18:44] D2BS 4660: farmingON
[10/05/26 04:18:44] D2BS 4660: MiniShopBot: true
[10/05/26 04:18:44] D2BS 4660: UseMerc: true HP: 70
[10/05/26 04:18:59] D2BS 4660: Revive needed
[10/05/26 04:19:11] D2BS 4660: Token needed
[10/05/26 04:19:15] D2BS 4660: act5+ BO
[10/05/26 04:19:28] D2BS 4660: ÿc4=== [ANCIENTS] ===
[10/05/26 04:20:35] D2BS 4660: Config.LifeChicken: 0
[10/05/26 04:20:49] D2BS 4660: Config.LifeChicken: 35
[10/05/26 04:21:14] D2BS 4660: ÿc4=== [BAAL] ===
[10/05/26 04:23:48] D2BS 4660: Going to town
[10/05/26 04:25:16] D2BS 4660: Config.LifeChicken: 0
[10/05/26 04:25:26] D2BS 4660: Config.LifeChicken: 35
[10/05/26 04:25:36] D2BS 4660: ÿc4=== [COUNTESS] ===
[10/05/26 04:26:54] D2BS 4660: ÿc4=== [PIT] ===
[10/05/26 04:28:51] D2BS 4660: ÿc4=== [ANDY] ===
[10/05/26 04:30:02] D2BS 4660: ÿc4=== [MEPHISTO] ===
[10/05/26 04:31:20] D2BS 4660: ÿc4=== [DIABLO] ===
[10/05/26 04:31:26] D2BS 4660: updateStat
[10/05/26 04:31:26] D2BS 4660: granted: [Head] 15
[10/05/26 04:31:26] D2BS 4660: granted: [Body] 17
[10/05/26 04:31:26] D2BS 4660: granted: [ArmR] 19
[10/05/26 04:31:43] D2BS 4660: granted: [Body] 18
[10/05/26 04:32:13] D2BS 4660: updateStat
[10/05/26 04:33:27] D2BS 4660: Going to town
[10/05/26 04:34:42] D2BS 4660: party has left: fowo-xd
[10/05/26 04:34:42] D2BS 4660:  [16:01] +185.65% / [Level 76] 30.26%
[10/05/26 04:34:42] D2BS 4660: Script threads\autobuildthread.js ended
[10/05/26 04:34:42] D2BS 4660: Script threads\partythread.js ended
[10/05/26 04:34:42] D2BS 4660: Script threads\townchicken.js ended
[10/05/26 04:34:43] D2BS 4660: Script default.dbj ended
[10/05/26 04:39:42] D2BS 4660: joining game pz-81
[10/05/26 04:39:44] D2BS 4660: ÿc2D2BSÿc0 :: Starting default.dbj
[10/05/26 04:39:44] D2BS 4660: ÿc2D2BSÿc0 :: default.dbj running.
[10/05/26 04:39:45] D2BS 4660: Loaded ÿc9[X.nip] [Y.nip] [Z.nip] [V.nip] [B.WCRY.nip]
[10/05/26 04:39:45] D2BS 4660: Loaded ÿc9[B.WCRY.js]
[10/05/26 04:39:45] D2BS 4660: equipped: [Head] 21
[10/05/26 04:39:45] D2BS 4660: equipped: [Neck] 12
[10/05/26 04:39:45] D2BS 4660: equipped: [Body] 13
[10/05/26 04:39:45] D2BS 4660: equipped: [ArmR] 34
[10/05/26 04:39:45] D2BS 4660: equipped: [ArmL] 38
[10/05/26 04:39:45] D2BS 4660: equipped: [RingR] 11
[10/05/26 04:39:45] D2BS 4660: equipped: [RingL] 11
[10/05/26 04:39:45] D2BS 4660: equipped: [Belt] 15
[10/05/26 04:39:45] D2BS 4660: equipped: [Boots] 12
[10/05/26 04:39:45] D2BS 4660: equipped: [Mitts] 1
[10/05/26 04:39:45] D2BS 4660: updateStat
[10/05/26 04:39:45] D2BS 4660: granted: [Head] 15
[10/05/26 04:39:45] D2BS 4660: granted: [Body] 18
[10/05/26 04:39:45] D2BS 4660: granted: [ArmR] 19
[10/05/26 04:39:45] D2BS 4660: Loaded ÿc9[AutoSmurf.js]
[10/05/26 04:39:50] D2BS 4660: farmingON
[10/05/26 04:39:51] D2BS 4660: MiniShopBot: true
[10/05/26 04:39:51] D2BS 4660: UseMerc: true HP: 70
[10/05/26 04:40:11] D2BS 4660: Merc matched: Prayer
[10/05/26 04:40:22] D2BS 4660: Token needed
[10/05/26 04:40:26] D2BS 4660: act5+ BO
[10/05/26 04:40:40] D2BS 4660: ÿc4=== [BAAL] ===
[10/05/26 04:40:54] D2BS 4660: party has left: fowo-xa
[10/05/26 04:40:54] D2BS 4660: no exp [01:11]
[10/05/26 04:40:54] D2BS 4660: Script threads\autobuildthread.js ended
[10/05/26 04:40:55] D2BS 4660: Script threads\partythread.js ended
[10/05/26 04:40:55] D2BS 4660: Script threads\townchicken.js ended
[10/05/26 04:40:55] D2BS 4660: Script default.dbj ended
[10/05/26 04:41:06] D2BS 4660: joining game pz-82
[10/05/26 04:41:08] D2BS 4660: ÿc2D2BSÿc0 :: Starting default.dbj
[10/05/26 04:41:08] D2BS 4660: ÿc2D2BSÿc0 :: default.dbj running.
[10/05/26 04:41:08] D2BS 4660: Loaded ÿc9[X.nip] [Y.nip] [Z.nip] [V.nip] [B.WCRY.nip]
[10/05/26 04:41:08] D2BS 4660: Loaded ÿc9[B.WCRY.js]
[10/05/26 04:41:08] D2BS 4660: equipped: [Head] 21
[10/05/26 04:41:08] D2BS 4660: equipped: [Neck] 12
[10/05/26 04:41:08] D2BS 4660: equipped: [Body] 13
[10/05/26 04:41:08] D2BS 4660: equipped: [ArmR] 34
[10/05/26 04:41:08] D2BS 4660: equipped: [ArmL] 38
[10/05/26 04:41:08] D2BS 4660: equipped: [RingR] 11
[10/05/26 04:41:08] D2BS 4660: equipped: [RingL] 11
[10/05/26 04:41:08] D2BS 4660: equipped: [Belt] 15
[10/05/26 04:41:08] D2BS 4660: equipped: [Boots] 12
[10/05/26 04:41:08] D2BS 4660: equipped: [Mitts] 1
[10/05/26 04:41:08] D2BS 4660: updateStat
[10/05/26 04:41:08] D2BS 4660: granted: [Head] 15
[10/05/26 04:41:08] D2BS 4660: granted: [Body] 18
[10/05/26 04:41:08] D2BS 4660: granted: [ArmR] 19
[10/05/26 04:41:08] D2BS 4660: Loaded ÿc9[AutoSmurf.js]
[10/05/26 04:41:10] D2BS 4660: MiniShopBot: true
[10/05/26 04:41:10] D2BS 4660: farmingON
[10/05/26 04:41:10] D2BS 4660: UseMerc: true HP: 70
[10/05/26 04:41:24] D2BS 4660: equipped: [Body] 18
[10/05/26 04:41:24] D2BS 4660: Merc matched: Prayer
[10/05/26 04:41:34] D2BS 4660: Token needed
[10/05/26 04:41:39] D2BS 4660: act5+ BO
[10/05/26 04:41:52] D2BS 4660: ÿc4=== [BAAL] ===
[10/05/26 04:45:21] D2BS 4660: Going to town
[10/05/26 04:45:49] D2BS 4660: ÿc4=== [COUNTESS] ===
[10/05/26 04:46:58] D2BS 4660: ÿc4=== [PIT] ===
[10/05/26 04:48:52] D2BS 4660: ÿc4=== [ANDY] ===
[10/05/26 04:49:53] D2BS 4660: ÿc4=== [MEPHISTO] ===
[10/05/26 04:51:23] D2BS 4660: ÿc4=== [DIABLO] ===
[10/05/26 04:51:29] D2BS 4660: ÿc4[Runeword] ÿc0Spirit Claymore
[10/05/26 04:51:49] D2BS 4660: equipped: [ArmR] 37
[10/05/26 04:56:58] D2BS 4660: party has left: fowo-xf
[10/05/26 04:56:58] D2BS 4660:  [15:50] +93.97% / [Level 77] 30.12%
[10/05/26 04:56:58] D2BS 4660: Script threads\autobuildthread.js ended
[10/05/26 04:56:58] D2BS 4660: Script threads\partythread.js ended
[10/05/26 04:56:58] D2BS 4660: Script threads\townchicken.js ended
[10/05/26 04:56:58] D2BS 4660: Script default.dbj ended
[10/05/26 04:57:11] D2BS 4660: joining game pz-83
[10/05/26 04:57:13] D2BS 4660: ÿc2D2BSÿc0 :: Starting default.dbj
[10/05/26 04:57:13] D2BS 4660: ÿc2D2BSÿc0 :: default.dbj running.
[10/05/26 04:57:13] D2BS 4660: Loaded ÿc9[X.nip] [Y.nip] [Z.nip] [V.nip] [B.WCRY.nip]
[10/05/26 04:57:13] D2BS 4660: Loaded ÿc9[B.WCRY.js]
[10/05/26 04:57:13] D2BS 4660: equipped: [Head] 21
[10/05/26 04:57:13] D2BS 4660: equipped: [Neck] 12
[10/05/26 04:57:13] D2BS 4660: equipped: [Body] 18
[10/05/26 04:57:13] D2BS 4660: equipped: [ArmR] 37
[10/05/26 04:57:13] D2BS 4660: equipped: [ArmL] 38
[10/05/26 04:57:13] D2BS 4660: equipped: [RingR] 11
[10/05/26 04:57:13] D2BS 4660: equipped: [RingL] 11
[10/05/26 04:57:13] D2BS 4660: equipped: [Belt] 15
[10/05/26 04:57:13] D2BS 4660: equipped: [Boots] 12
[10/05/26 04:57:13] D2BS 4660: equipped: [Mitts] 1
[10/05/26 04:57:13] D2BS 4660: Loaded ÿc9[AutoSmurf.js]
[10/05/26 04:57:18] D2BS 4660: MiniShopBot: true
[10/05/26 04:57:18] D2BS 4660: farmingON
[10/05/26 04:57:18] D2BS 4660: UseMerc: true HP: 70
[10/05/26 04:57:36] D2BS 4660: Revive needed
[10/05/26 04:57:48] D2BS 4660: Token needed
[10/05/26 04:57:52] D2BS 4660: act5+ BO
[10/05/26 04:58:05] D2BS 4660: ÿc4=== [BAAL] ===
[10/05/26 05:01:38] D2BS 4660: ÿc4=== [COUNTESS] ===
[10/05/26 05:03:10] D2BS 4660: ÿc4=== [PIT] ===
[10/05/26 05:05:14] D2BS 4660: ÿc4=== [ANDY] ===
[10/05/26 05:06:21] D2BS 4660: ÿc4=== [MEPHISTO] ===
[10/05/26 05:07:42] D2BS 4660: ÿc4=== [DIABLO] ===
[10/05/26 05:07:49] D2BS 4660: updateStat
[10/05/26 05:07:49] D2BS 4660: granted: [Head] 15
[10/05/26 05:07:49] D2BS 4660: granted: [Body] 18
[10/05/26 05:07:49] D2BS 4660: granted: [ArmR] 19
[10/05/26 05:08:28] D2BS 4660: updateStat
[10/05/26 05:12:31] D2BS 4660: party has left: fowo-xe
[10/05/26 05:12:32] D2BS 4660:  [15:19] +75.77% / [Level 78] 11.66%
[10/05/26 05:12:32] D2BS 4660: Script threads\autobuildthread.js ended
[10/05/26 05:12:32] D2BS 4660: Script threads\partythread.js ended
[10/05/26 05:12:32] D2BS 4660: Script threads\townchicken.js ended
[10/05/26 05:12:32] D2BS 4660: Script default.dbj ended
[10/05/26 05:12:45] D2BS 4660: joining game pz-84
[10/05/26 05:12:47] D2BS 4660: ÿc2D2BSÿc0 :: Starting default.dbj
[10/05/26 05:12:47] D2BS 4660: ÿc2D2BSÿc0 :: default.dbj running.
[10/05/26 05:12:47] D2BS 4660: Loaded ÿc9[X.nip] [Y.nip] [Z.nip] [V.nip] [B.WCRY.nip]
[10/05/26 05:12:47] D2BS 4660: Loaded ÿc9[B.WCRY.js]
[10/05/26 05:12:47] D2BS 4660: equipped: [Head] 21
[10/05/26 05:12:47] D2BS 4660: equipped: [Neck] 12
[10/05/26 05:12:47] D2BS 4660: equipped: [Body] 18
[10/05/26 05:12:47] D2BS 4660: equipped: [ArmR] 37
[10/05/26 05:12:47] D2BS 4660: equipped: [ArmL] 38
[10/05/26 05:12:47] D2BS 4660: equipped: [RingR] 11
[10/05/26 05:12:47] D2BS 4660: equipped: [RingL] 11
[10/05/26 05:12:47] D2BS 4660: equipped: [Belt] 15
[10/05/26 05:12:47] D2BS 4660: equipped: [Boots] 12
[10/05/26 05:12:47] D2BS 4660: equipped: [Mitts] 1
[10/05/26 05:12:47] D2BS 4660: updateStat
[10/05/26 05:12:47] D2BS 4660: granted: [Head] 15
[10/05/26 05:12:47] D2BS 4660: granted: [Body] 18
[10/05/26 05:12:47] D2BS 4660: granted: [ArmR] 19
[10/05/26 05:12:47] D2BS 4660: Loaded ÿc9[AutoSmurf.js]
[10/05/26 05:12:52] D2BS 4660: farmingON
[10/05/26 05:12:52] D2BS 4660: MiniShopBot: true
[10/05/26 05:12:52] D2BS 4660: UseMerc: true HP: 70
[10/05/26 05:13:12] D2BS 4660: Merc matched: Prayer
[10/05/26 05:13:23] D2BS 4660: Token needed
[10/05/26 05:13:28] D2BS 4660: act5+ BO
[10/05/26 05:13:42] D2BS 4660: ÿc4=== [BAAL] ===
[10/05/26 05:17:04] D2BS 4660: Going to town
[10/05/26 05:17:18] D2BS 4660: ÿc4=== [COUNTESS] ===
[10/05/26 05:18:35] D2BS 4660: ÿc4=== [PIT] ===
[10/05/26 05:20:24] D2BS 4660: ÿc4=== [ANDY] ===
[10/05/26 05:21:20] D2BS 4660: ÿc4=== [MEPHISTO] ===
[10/05/26 05:23:00] D2BS 4660: ÿc4=== [DIABLO] ===
[10/05/26 05:25:01] D2BS 4660: party has left: fowo-xe
[10/05/26 05:25:01] D2BS 4660:  [12:14] +70.00% / [Level 78] 81.66%
[10/05/26 05:25:01] D2BS 4660: Script threads\autobuildthread.js ended
[10/05/26 05:25:01] D2BS 4660: Script threads\partythread.js ended
[10/05/26 05:25:01] D2BS 4660: Script threads\townchicken.js ended
[10/05/26 05:25:01] D2BS 4660: Script default.dbj ended
[10/05/26 05:25:12] D2BS 4660: joining game pz-85
[10/05/26 05:25:14] D2BS 4660: ÿc2D2BSÿc0 :: Starting default.dbj
[10/05/26 05:25:14] D2BS 4660: ÿc2D2BSÿc0 :: default.dbj running.
[10/05/26 05:25:14] D2BS 4660: Loaded ÿc9[X.nip] [Y.nip] [Z.nip] [V.nip] [B.WCRY.nip]
[10/05/26 05:25:14] D2BS 4660: Loaded ÿc9[B.WCRY.js]
[10/05/26 05:25:14] D2BS 4660: equipped: [Head] 21
[10/05/26 05:25:14] D2BS 4660: equipped: [Neck] 12
[10/05/26 05:25:14] D2BS 4660: equipped: [Body] 18
[10/05/26 05:25:14] D2BS 4660: equipped: [ArmR] 37
[10/05/26 05:25:14] D2BS 4660: equipped: [ArmL] 38
[10/05/26 05:25:14] D2BS 4660: equipped: [RingR] 11
[10/05/26 05:25:14] D2BS 4660: equipped: [RingL] 11
[10/05/26 05:25:14] D2BS 4660: equipped: [Belt] 15
[10/05/26 05:25:14] D2BS 4660: equipped: [Boots] 12
[10/05/26 05:25:14] D2BS 4660: equipped: [Mitts] 1
[10/05/26 05:25:14] D2BS 4660: updateStat
[10/05/26 05:25:14] D2BS 4660: granted: [Head] 15
[10/05/26 05:25:14] D2BS 4660: granted: [Body] 18
[10/05/26 05:25:14] D2BS 4660: granted: [ArmR] 19
[10/05/26 05:25:14] D2BS 4660: Loaded ÿc9[AutoSmurf.js]
[10/05/26 05:25:19] D2BS 4660: farmingON
[10/05/26 05:25:20] D2BS 4660: MiniShopBot: true
[10/05/26 05:25:20] D2BS 4660: UseMerc: true HP: 70
[10/05/26 05:25:40] D2BS 4660: equipped: [Neck] 19
[10/05/26 05:25:40] D2BS 4660: Merc matched: Prayer
[10/05/26 05:25:49] D2BS 4660: Token needed
[10/05/26 05:25:53] D2BS 4660: act5+ BO
[10/05/26 05:28:00] D2BS 4660: party has left: fowo-xe
[10/05/26 05:28:00] D2BS 4660: no exp [02:47]
[10/05/26 05:28:00] D2BS 4660: Script threads\autobuildthread.js ended
[10/05/26 05:28:00] D2BS 4660: Script threads\partythread.js ended
[10/05/26 05:28:01] D2BS 4660: Script threads\townchicken.js ended
[10/05/26 05:28:01] D2BS 4660: Script default.dbj ended
[10/05/26 05:28:12] D2BS 4660: joining game pz-86
[10/05/26 05:28:14] D2BS 4660: ÿc2D2BSÿc0 :: Starting default.dbj
[10/05/26 05:28:14] D2BS 4660: ÿc2D2BSÿc0 :: default.dbj running.
[10/05/26 05:28:14] D2BS 4660: Loaded ÿc9[X.nip] [Y.nip] [Z.nip] [V.nip] [B.WCRY.nip]
[10/05/26 05:28:14] D2BS 4660: Loaded ÿc9[B.WCRY.js]
[10/05/26 05:28:14] D2BS 4660: equipped: [Head] 21
[10/05/26 05:28:14] D2BS 4660: equipped: [Neck] 19
[10/05/26 05:28:14] D2BS 4660: equipped: [Body] 18
[10/05/26 05:28:14] D2BS 4660: equipped: [ArmR] 37
[10/05/26 05:28:14] D2BS 4660: equipped: [ArmL] 38
[10/05/26 05:28:14] D2BS 4660: equipped: [RingR] 11
[10/05/26 05:28:14] D2BS 4660: equipped: [RingL] 11
[10/05/26 05:28:14] D2BS 4660: equipped: [Belt] 15
[10/05/26 05:28:14] D2BS 4660: equipped: [Boots] 12
[10/05/26 05:28:14] D2BS 4660: equipped: [Mitts] 1
[10/05/26 05:28:14] D2BS 4660: updateStat
[10/05/26 05:28:14] D2BS 4660: granted: [Head] 15
[10/05/26 05:28:15] D2BS 4660: granted: [Body] 18
[10/05/26 05:28:15] D2BS 4660: granted: [ArmR] 19
[10/05/26 05:28:15] D2BS 4660: Loaded ÿc9[AutoSmurf.js]
[10/05/26 05:28:16] D2BS 4660: MiniShopBot: true
[10/05/26 05:28:16] D2BS 4660: farmingON
[10/05/26 05:28:16] D2BS 4660: UseMerc: true HP: 70
[10/05/26 05:28:33] D2BS 4660: Merc matched: Prayer
[10/05/26 05:28:41] D2BS 4660: Token needed
[10/05/26 05:28:46] D2BS 4660: act5+ BO
[10/05/26 05:29:00] D2BS 4660: ÿc4=== [BAAL] ===
[10/05/26 05:29:15] D2BS 4660: Baal failed: souls found
[10/05/26 05:29:15] D2BS 4660: ÿc4=== [COUNTESS] ===
[10/05/26 05:30:52] D2BS 4660: ÿc4=== [PIT] ===
[10/05/26 05:32:41] D2BS 4660: ÿc4=== [ANDY] ===
[10/05/26 05:33:48] D2BS 4660: ÿc4=== [MEPHISTO] ===
[10/05/26 05:35:22] D2BS 4660: ÿc4=== [DIABLO] ===
[10/05/26 05:41:13] D2BS 4660: Script ended
[10/05/26 05:41:13] D2BS 4660:  [12:59] +42.85% / [Level 79] 26.14%
[10/05/26 05:41:13] D2BS 4660: Script threads\autobuildthread.js ended
[10/05/26 05:41:13] D2BS 4660: Script threads\partythread.js ended
[10/05/26 05:41:13] D2BS 4660: Script threads\townchicken.js ended
[10/05/26 05:41:26] D2BS 4660: joining game pz-87
[10/05/26 05:41:29] D2BS 4660: ÿc2D2BSÿc0 :: Starting default.dbj
[10/05/26 05:41:29] D2BS 4660: ÿc2D2BSÿc0 :: default.dbj running.
[10/05/26 05:41:29] D2BS 4660: Loaded ÿc9[X.nip] [Y.nip] [Z.nip] [V.nip] [B.WCRY.nip]
[10/05/26 05:41:29] D2BS 4660: Loaded ÿc9[B.WCRY.js]
[10/05/26 05:41:29] D2BS 4660: equipped: [Head] 21
[10/05/26 05:41:29] D2BS 4660: equipped: [Neck] 19
[10/05/26 05:41:29] D2BS 4660: equipped: [Body] 18
[10/05/26 05:41:29] D2BS 4660: equipped: [ArmR] 37
[10/05/26 05:41:29] D2BS 4660: equipped: [ArmL] 38
[10/05/26 05:41:29] D2BS 4660: equipped: [RingR] 11
[10/05/26 05:41:29] D2BS 4660: equipped: [RingL] 11
[10/05/26 05:41:29] D2BS 4660: equipped: [Belt] 15
[10/05/26 05:41:29] D2BS 4660: equipped: [Boots] 12
[10/05/26 05:41:29] D2BS 4660: equipped: [Mitts] 1
[10/05/26 05:41:29] D2BS 4660: updateStat
[10/05/26 05:41:29] D2BS 4660: granted: [Head] 15
[10/05/26 05:41:29] D2BS 4660: granted: [Body] 18
[10/05/26 05:41:29] D2BS 4660: granted: [ArmR] 19
[10/05/26 05:41:29] D2BS 4660: Loaded ÿc9[AutoSmurf.js]
[10/05/26 05:41:33] D2BS 4660: farmingON
[10/05/26 05:41:35] D2BS 4660: MiniShopBot: true
[10/05/26 05:41:35] D2BS 4660: UseMerc: true HP: 70
[10/05/26 05:41:58] D2BS 4660: Merc matched: Prayer
[10/05/26 05:42:06] D2BS 4660: Token needed
[10/05/26 05:42:11] D2BS 4660: act5+ BO
[10/05/26 05:42:23] D2BS 4660: ÿc4=== [BAAL] ===
[10/05/26 05:44:52] D2BS 4660: Going to town
[10/05/26 05:46:24] D2BS 4660: ÿc4=== [COUNTESS] ===
[10/05/26 05:46:32] D2BS 4660: equipped: [Mitts] 11
[10/05/26 05:47:42] D2BS 4660: party has left: fowo-xe
[10/05/26 05:47:42] D2BS 4660:  [06:15] +42.36% / [Level 79] 68.50%
[10/05/26 05:47:42] D2BS 4660: Script threads\autobuildthread.js ended
[10/05/26 05:47:42] D2BS 4660: Script threads\partythread.js ended
[10/05/26 05:47:42] D2BS 4660: Script threads\townchicken.js ended
[10/05/26 05:47:42] D2BS 4660: Script default.dbj ended
[10/05/26 05:47:54] D2BS 4660: joining game pz-88
[10/05/26 05:47:56] D2BS 4660: ÿc2D2BSÿc0 :: Starting default.dbj
[10/05/26 05:47:56] D2BS 4660: ÿc2D2BSÿc0 :: default.dbj running.
[10/05/26 05:47:56] D2BS 4660: Loaded ÿc9[X.nip] [Y.nip] [Z.nip] [V.nip] [B.WCRY.nip]
[10/05/26 05:47:56] D2BS 4660: Loaded ÿc9[B.WCRY.js]
[10/05/26 05:47:56] D2BS 4660: equipped: [Head] 21
[10/05/26 05:47:56] D2BS 4660: equipped: [Neck] 19
[10/05/26 05:47:56] D2BS 4660: equipped: [Body] 18
[10/05/26 05:47:56] D2BS 4660: equipped: [ArmR] 37
[10/05/26 05:47:56] D2BS 4660: equipped: [ArmL] 38
[10/05/26 05:47:56] D2BS 4660: equipped: [RingR] 11
[10/05/26 05:47:56] D2BS 4660: equipped: [RingL] 11
[10/05/26 05:47:56] D2BS 4660: equipped: [Belt] 15
[10/05/26 05:47:56] D2BS 4660: equipped: [Boots] 12
[10/05/26 05:47:56] D2BS 4660: equipped: [Mitts] 11
[10/05/26 05:47:56] D2BS 4660: updateStat
[10/05/26 05:47:56] D2BS 4660: granted: [Head] 15
[10/05/26 05:47:56] D2BS 4660: granted: [Body] 18
[10/05/26 05:47:56] D2BS 4660: granted: [ArmR] 19
[10/05/26 05:47:56] D2BS 4660: Loaded ÿc9[AutoSmurf.js]
[10/05/26 05:48:03] D2BS 4660: farmingON
[10/05/26 05:48:05] D2BS 4660: MiniShopBot: true
[10/05/26 05:48:05] D2BS 4660: UseMerc: true HP: 70
[10/05/26 05:48:25] D2BS 4660: Merc matched: Prayer
[10/05/26 05:48:38] D2BS 4660: Token needed
[10/05/26 05:48:43] D2BS 4660: act5+ BO
[10/05/26 05:48:56] D2BS 4660: ÿc4=== [BAAL] ===
[10/05/26 05:52:48] D2BS 4660: ÿc4=== [COUNTESS] ===
[10/05/26 05:54:22] D2BS 4660: ÿc4=== [PIT] ===
[10/05/26 05:56:16] D2BS 4660: ÿc4=== [ANDY] ===
[10/05/26 05:57:19] D2BS 4660: ÿc4=== [MEPHISTO] ===
[10/05/26 05:58:59] D2BS 4660: ÿc4=== [DIABLO] ===
[10/05/26 06:02:37] D2BS 4660: Going to town
[10/05/26 06:03:57] D2BS 4660: party has left: fowo-xe
[10/05/26 06:03:57] D2BS 4660:  [16:01] +63.54% / [Level 80] 34.64%
[10/05/26 06:03:57] D2BS 4660: Script threads\autobuildthread.js ended
[10/05/26 06:03:57] D2BS 4660: Script threads\partythread.js ended
[10/05/26 06:03:57] D2BS 4660: Script threads\townchicken.js ended
[10/05/26 06:03:57] D2BS 4660: Script default.dbj ended
[10/05/26 06:04:10] D2BS 4660: joining game pz-89
[10/05/26 06:04:12] D2BS 4660: ÿc2D2BSÿc0 :: Starting default.dbj
[10/05/26 06:04:12] D2BS 4660: ÿc2D2BSÿc0 :: default.dbj running.
[10/05/26 06:04:12] D2BS 4660: Loaded ÿc9[X.nip] [Y.nip] [Z.nip] [V.nip] [B.WCRY.nip]
[10/05/26 06:04:12] D2BS 4660: Loaded ÿc9[B.WCRY.js]
[10/05/26 06:04:12] D2BS 4660: equipped: [Head] 21
[10/05/26 06:04:12] D2BS 4660: equipped: [Neck] 19
[10/05/26 06:04:12] D2BS 4660: equipped: [Body] 18
[10/05/26 06:04:12] D2BS 4660: equipped: [ArmR] 37
[10/05/26 06:04:12] D2BS 4660: equipped: [ArmL] 38
[10/05/26 06:04:12] D2BS 4660: equipped: [RingR] 11
[10/05/26 06:04:12] D2BS 4660: equipped: [RingL] 11
[10/05/26 06:04:12] D2BS 4660: equipped: [Belt] 15
[10/05/26 06:04:12] D2BS 4660: equipped: [Boots] 12
[10/05/26 06:04:12] D2BS 4660: equipped: [Mitts] 11
[10/05/26 06:04:12] D2BS 4660: Loaded ÿc9[AutoSmurf.js]
[10/05/26 06:04:18] D2BS 4660: farmingON
[10/05/26 06:04:19] D2BS 4660: MiniShopBot: true
[10/05/26 06:04:19] D2BS 4660: UseMerc: true HP: 70
[10/05/26 06:04:37] D2BS 4660: Merc matched: Prayer
[10/05/26 06:04:50] D2BS 4660: Token needed
[10/05/26 06:04:54] D2BS 4660: act5+ BO
[10/05/26 06:04:55] D2BS 4660: updateStat
[10/05/26 06:05:06] D2BS 4660: ÿc4=== [BAAL] ===
[10/05/26 06:09:15] D2BS 4660: ÿc4=== [COUNTESS] ===
[10/05/26 06:10:31] D2BS 4660: ÿc4=== [PIT] ===
[10/05/26 06:10:41] D2BS 4660: equipped: [RingR] 12
[10/05/26 06:11:14] D2BS 4660: party has left: fowo-xe
[10/05/26 06:11:14] D2BS 4660:  [07:01] +33.14% / [Level 80] 67.78%
[10/05/26 06:11:14] D2BS 4660: Script threads\autobuildthread.js ended
[10/05/26 06:11:14] D2BS 4660: Script threads\partythread.js ended
[10/05/26 06:11:14] D2BS 4660: Script threads\townchicken.js ended
[10/05/26 06:11:14] D2BS 4660: Script default.dbj ended
[10/05/26 06:11:27] D2BS 4660: joining game pz-90
[10/05/26 06:11:28] D2BS 4660: ÿc2D2BSÿc0 :: Starting default.dbj
[10/05/26 06:11:28] D2BS 4660: ÿc2D2BSÿc0 :: default.dbj running.
[10/05/26 06:11:29] D2BS 4660: Loaded ÿc9[X.nip] [Y.nip] [Z.nip] [V.nip] [B.WCRY.nip]
[10/05/26 06:11:29] D2BS 4660: Loaded ÿc9[B.WCRY.js]
[10/05/26 06:11:29] D2BS 4660: equipped: [Head] 21
[10/05/26 06:11:29] D2BS 4660: equipped: [Neck] 19
[10/05/26 06:11:29] D2BS 4660: equipped: [Body] 18
[10/05/26 06:11:29] D2BS 4660: equipped: [ArmR] 37
[10/05/26 06:11:29] D2BS 4660: equipped: [ArmL] 38
[10/05/26 06:11:29] D2BS 4660: equipped: [RingR] 12
[10/05/26 06:11:29] D2BS 4660: equipped: [RingL] 11
[10/05/26 06:11:29] D2BS 4660: equipped: [Belt] 15
[10/05/26 06:11:29] D2BS 4660: equipped: [Boots] 12
[10/05/26 06:11:29] D2BS 4660: equipped: [Mitts] 11
[10/05/26 06:11:29] D2BS 4660: updateStat
[10/05/26 06:11:29] D2BS 4660: granted: [Head] 15
[10/05/26 06:11:29] D2BS 4660: granted: [Body] 18
[10/05/26 06:11:29] D2BS 4660: granted: [ArmR] 19
[10/05/26 06:11:29] D2BS 4660: Loaded ÿc9[AutoSmurf.js]
[10/05/26 06:11:35] D2BS 4660: farmingON
[10/05/26 06:11:36] D2BS 4660: MiniShopBot: true
[10/05/26 06:11:36] D2BS 4660: UseMerc: true HP: 70
[10/05/26 06:11:53] D2BS 4660: granted: [ArmR] 20
[10/05/26 06:11:53] D2BS 4660: Merc matched: Prayer
[10/05/26 06:12:02] D2BS 4660: Token needed
[10/05/26 06:12:06] D2BS 4660: act5+ BO
[10/05/26 06:12:19] D2BS 4660: ÿc4=== [BAAL] ===
[10/05/26 06:13:48] D2BS 4660: Going to town
[10/05/26 06:17:56] D2BS 4660: ÿc4=== [COUNTESS] ===
[10/05/26 06:19:21] D2BS 4660: party has left: fowo-xe
[10/05/26 06:19:21] D2BS 4660:  [07:53] +38.65% / [Level 81] 9.10%
[10/05/26 06:19:21] D2BS 4660: Script threads\autobuildthread.js ended
[10/05/26 06:19:21] D2BS 4660: Script threads\partythread.js ended
[10/05/26 06:19:21] D2BS 4660: Script threads\townchicken.js ended
[10/05/26 06:19:21] D2BS 4660: Script default.dbj ended
[10/05/26 06:19:33] D2BS 4660: joining game pz-91
[10/05/26 06:19:35] D2BS 4660: ÿc2D2BSÿc0 :: Starting default.dbj
[10/05/26 06:19:35] D2BS 4660: ÿc2D2BSÿc0 :: default.dbj running.
[10/05/26 06:19:35] D2BS 4660: Loaded ÿc9[X.nip] [Y.nip] [Z.nip] [V.nip] [B.WCRY.nip]
[10/05/26 06:19:35] D2BS 4660: Loaded ÿc9[B.WCRY.js]
[10/05/26 06:19:35] D2BS 4660: equipped: [Head] 21
[10/05/26 06:19:35] D2BS 4660: equipped: [Neck] 19
[10/05/26 06:19:35] D2BS 4660: equipped: [Body] 18
[10/05/26 06:19:35] D2BS 4660: equipped: [ArmR] 37
[10/05/26 06:19:35] D2BS 4660: equipped: [ArmL] 38
[10/05/26 06:19:35] D2BS 4660: equipped: [RingR] 12
[10/05/26 06:19:35] D2BS 4660: equipped: [RingL] 11
[10/05/26 06:19:35] D2BS 4660: equipped: [Belt] 15
[10/05/26 06:19:35] D2BS 4660: equipped: [Boots] 12
[10/05/26 06:19:35] D2BS 4660: equipped: [Mitts] 11
[10/05/26 06:19:35] D2BS 4660: updateStat
[10/05/26 06:19:35] D2BS 4660: granted: [Head] 15
[10/05/26 06:19:35] D2BS 4660: granted: [Body] 18
[10/05/26 06:19:35] D2BS 4660: granted: [ArmR] 20
[10/05/26 06:19:35] D2BS 4660: Loaded ÿc9[AutoSmurf.js]
[10/05/26 06:19:41] D2BS 4660: farmingON
[10/05/26 06:19:42] D2BS 4660: MiniShopBot: true
[10/05/26 06:19:42] D2BS 4660: UseMerc: true HP: 70
[10/05/26 06:20:00] D2BS 4660: Merc matched: Prayer
[10/05/26 06:20:11] D2BS 4660: Token needed
[10/05/26 06:20:15] D2BS 4660: act5+ BO
[10/05/26 06:20:37] D2BS 4660: ÿc4=== [BAAL] ===
[10/05/26 06:23:24] D2BS 4660: party has left: fowo-xe
[10/05/26 06:23:24] D2BS 4660:  [03:49] +22.68% / [Level 81] 31.77%
[10/05/26 06:23:24] D2BS 4660: Script threads\autobuildthread.js ended
[10/05/26 06:23:24] D2BS 4660: Script threads\partythread.js ended
[10/05/26 06:23:24] D2BS 4660: Script threads\townchicken.js ended
[10/05/26 06:23:24] D2BS 4660: Script default.dbj ended
[10/05/26 06:23:45] D2BS 4660: joining game pz-92
[10/05/26 06:23:46] D2BS 4660: ÿc2D2BSÿc0 :: Starting default.dbj
[10/05/26 06:23:46] D2BS 4660: ÿc2D2BSÿc0 :: default.dbj running.
[10/05/26 06:23:47] D2BS 4660: Loaded ÿc9[X.nip] [Y.nip] [Z.nip] [V.nip] [B.WCRY.nip]
[10/05/26 06:23:47] D2BS 4660: Loaded ÿc9[B.WCRY.js]
[10/05/26 06:23:47] D2BS 4660: equipped: [Head] 21
[10/05/26 06:23:47] D2BS 4660: equipped: [Neck] 19
[10/05/26 06:23:47] D2BS 4660: equipped: [Body] 18
[10/05/26 06:23:47] D2BS 4660: equipped: [ArmR] 37
[10/05/26 06:23:47] D2BS 4660: equipped: [ArmL] 38
[10/05/26 06:23:47] D2BS 4660: equipped: [RingR] 12
[10/05/26 06:23:47] D2BS 4660: equipped: [RingL] 11
[10/05/26 06:23:47] D2BS 4660: equipped: [Belt] 15
[10/05/26 06:23:47] D2BS 4660: equipped: [Boots] 12
[10/05/26 06:23:47] D2BS 4660: equipped: [Mitts] 11
[10/05/26 06:23:47] D2BS 4660: updateStat
[10/05/26 06:23:47] D2BS 4660: granted: [Head] 15
[10/05/26 06:23:48] D2BS 4660: granted: [Body] 18
[10/05/26 06:23:48] D2BS 4660: granted: [ArmR] 20
[10/05/26 06:23:48] D2BS 4660: Loaded ÿc9[AutoSmurf.js]
[10/05/26 06:23:49] D2BS 4660: farmingON
[10/05/26 06:23:50] D2BS 4660: MiniShopBot: true
[10/05/26 06:23:50] D2BS 4660: UseMerc: true HP: 70
[10/05/26 06:24:07] D2BS 4660: granted: [Body] 20
[10/05/26 06:24:13] D2BS 4660: Merc matched: Prayer
[10/05/26 06:24:16] D2BS 4660: Token needed
[10/05/26 06:24:21] D2BS 4660: act5+ BO
[10/05/26 06:24:35] D2BS 4660: ÿc4=== [BAAL] ===
[10/05/26 06:26:41] D2BS 4660: Going to town
[10/05/26 06:28:47] D2BS 4660: party has left: fowo-xd
[10/05/26 06:28:47] D2BS 4660:  [05:01] +28.74% / [Level 81] 60.52%
[10/05/26 06:28:47] D2BS 4660: Script threads\autobuildthread.js ended
[10/05/26 06:28:48] D2BS 4660: Script threads\partythread.js ended
[10/05/26 06:28:48] D2BS 4660: Script threads\townchicken.js ended
[10/05/26 06:28:48] D2BS 4660: Script default.dbj ended
[10/05/26 06:29:00] D2BS 4660: joining game pz-93
[10/05/26 06:29:01] D2BS 4660: ÿc2D2BSÿc0 :: Starting default.dbj
[10/05/26 06:29:01] D2BS 4660: ÿc2D2BSÿc0 :: default.dbj running.
[10/05/26 06:29:02] D2BS 4660: Loaded ÿc9[X.nip] [Y.nip] [Z.nip] [V.nip] [B.WCRY.nip]
[10/05/26 06:29:02] D2BS 4660: Loaded ÿc9[B.WCRY.js]
[10/05/26 06:29:02] D2BS 4660: equipped: [Head] 21
[10/05/26 06:29:02] D2BS 4660: equipped: [Neck] 19
[10/05/26 06:29:02] D2BS 4660: equipped: [Body] 18
[10/05/26 06:29:02] D2BS 4660: equipped: [ArmR] 37
[10/05/26 06:29:03] D2BS 4660: equipped: [ArmL] 38
[10/05/26 06:29:03] D2BS 4660: equipped: [RingR] 12
[10/05/26 06:29:03] D2BS 4660: equipped: [RingL] 11
[10/05/26 06:29:03] D2BS 4660: equipped: [Belt] 15
[10/05/26 06:29:03] D2BS 4660: equipped: [Boots] 12
[10/05/26 06:29:03] D2BS 4660: equipped: [Mitts] 11
[10/05/26 06:29:03] D2BS 4660: updateStat
[10/05/26 06:29:03] D2BS 4660: granted: [Head] 15
[10/05/26 06:29:03] D2BS 4660: granted: [Body] 20
[10/05/26 06:29:03] D2BS 4660: granted: [ArmR] 20
[10/05/26 06:29:03] D2BS 4660: Loaded ÿc9[AutoSmurf.js]
[10/05/26 06:29:04] D2BS 4660: MiniShopBot: true
[10/05/26 06:29:04] D2BS 4660: farmingON
[10/05/26 06:29:04] D2BS 4660: UseMerc: true HP: 70
[10/05/26 06:29:25] D2BS 4660: Merc matched: Prayer
[10/05/26 06:29:34] D2BS 4660: Token needed
[10/05/26 06:29:37] D2BS 4660: act5+ BO
[10/05/26 06:29:51] D2BS 4660: ÿc4=== [BAAL] ===
[10/05/26 06:30:06] D2BS 4660: Baal failed: souls found
[10/05/26 06:30:06] D2BS 4660: ÿc4=== [COUNTESS] ===
[10/05/26 06:31:11] D2BS 4660: ÿc4=== [PIT] ===
[10/05/26 06:33:01] D2BS 4660: ÿc4=== [ANDY] ===
[10/05/26 06:33:57] D2BS 4660: ÿc4=== [MEPHISTO] ===
[10/05/26 06:34:09] D2BS 4660: equipped: [Mitts] 12
[10/05/26 06:35:00] D2BS 4660: party has left: fowo-xd
[10/05/26 06:35:00] D2BS 4660:  [05:59] +8.32% / [Level 81] 68.84%
[10/05/26 06:35:00] D2BS 4660: Script threads\autobuildthread.js ended
[10/05/26 06:35:00] D2BS 4660: Script threads\partythread.js ended
[10/05/26 06:35:00] D2BS 4660: Script threads\townchicken.js ended
[10/05/26 06:35:00] D2BS 4660: Script default.dbj ended
[10/05/26 06:35:14] D2BS 4660: joining game pz-94
[10/05/26 06:35:15] D2BS 4660: ÿc2D2BSÿc0 :: Starting default.dbj
[10/05/26 06:35:15] D2BS 4660: ÿc2D2BSÿc0 :: default.dbj running.
[10/05/26 06:35:15] D2BS 4660: Loaded ÿc9[X.nip] [Y.nip] [Z.nip] [V.nip] [B.WCRY.nip]
[10/05/26 06:35:15] D2BS 4660: Loaded ÿc9[B.WCRY.js]
[10/05/26 06:35:15] D2BS 4660: equipped: [Head] 21
[10/05/26 06:35:15] D2BS 4660: equipped: [Neck] 19
[10/05/26 06:35:15] D2BS 4660: equipped: [Body] 18
[10/05/26 06:35:15] D2BS 4660: equipped: [ArmR] 37
[10/05/26 06:35:15] D2BS 4660: equipped: [ArmL] 38
[10/05/26 06:35:15] D2BS 4660: equipped: [RingR] 12
[10/05/26 06:35:15] D2BS 4660: equipped: [RingL] 11
[10/05/26 06:35:15] D2BS 4660: equipped: [Belt] 15
[10/05/26 06:35:15] D2BS 4660: equipped: [Boots] 12
[10/05/26 06:35:15] D2BS 4660: equipped: [Mitts] 12
[10/05/26 06:35:15] D2BS 4660: updateStat
[10/05/26 06:35:15] D2BS 4660: granted: [Head] 15
[10/05/26 06:35:15] D2BS 4660: granted: [Body] 20
[10/05/26 06:35:15] D2BS 4660: granted: [ArmR] 20
[10/05/26 06:35:15] D2BS 4660: Loaded ÿc9[AutoSmurf.js]
[10/05/26 06:35:27] D2BS 4660: farmingON
[10/05/26 06:35:31] D2BS 4660: MiniShopBot: true
[10/05/26 06:35:31] D2BS 4660: UseMerc: true HP: 70
[10/05/26 06:35:47] D2BS 4660: Merc matched: Prayer
[10/05/26 06:36:01] D2BS 4660: Token needed
[10/05/26 06:36:04] D2BS 4660: act5+ BO
[10/05/26 06:36:17] D2BS 4660: ÿc4=== [BAAL] ===
[10/05/26 06:36:40] D2BS 4660: Baal failed: souls found
[10/05/26 06:36:40] D2BS 4660: ÿc4=== [COUNTESS] ===
[10/05/26 06:37:59] D2BS 4660: ÿc4=== [PIT] ===
[10/05/26 06:39:41] D2BS 4660: ÿc4=== [ANDY] ===
[10/05/26 06:40:39] D2BS 4660: ÿc4=== [MEPHISTO] ===
[10/05/26 06:42:05] D2BS 4660: ÿc4=== [DIABLO] ===
[10/05/26 06:43:27] D2BS 4660: party has left: fowo-xe
[10/05/26 06:43:27] D2BS 4660:  [08:12] +13.40% / [Level 81] 83.10%
[10/05/26 06:43:28] D2BS 4660: Script threads\autobuildthread.js ended
[10/05/26 06:43:28] D2BS 4660: Script threads\partythread.js ended
[10/05/26 06:43:28] D2BS 4660: Script threads\townchicken.js ended
[10/05/26 06:43:28] D2BS 4660: Script default.dbj ended
[10/05/26 06:43:41] D2BS 4660: joining game pz-95
[10/05/26 06:43:43] D2BS 4660: ÿc2D2BSÿc0 :: Starting default.dbj
[10/05/26 06:43:43] D2BS 4660: ÿc2D2BSÿc0 :: default.dbj running.
[10/05/26 06:43:43] D2BS 4660: Loaded ÿc9[X.nip] [Y.nip] [Z.nip] [V.nip] [B.WCRY.nip]
[10/05/26 06:43:43] D2BS 4660: Loaded ÿc9[B.WCRY.js]
[10/05/26 06:43:43] D2BS 4660: equipped: [Head] 21
[10/05/26 06:43:43] D2BS 4660: equipped: [Neck] 19
[10/05/26 06:43:43] D2BS 4660: equipped: [Body] 18
[10/05/26 06:43:43] D2BS 4660: equipped: [ArmR] 37
[10/05/26 06:43:43] D2BS 4660: equipped: [ArmL] 38
[10/05/26 06:43:43] D2BS 4660: equipped: [RingR] 12
[10/05/26 06:43:43] D2BS 4660: equipped: [RingL] 11
[10/05/26 06:43:43] D2BS 4660: equipped: [Belt] 15
[10/05/26 06:43:43] D2BS 4660: equipped: [Boots] 12
[10/05/26 06:43:43] D2BS 4660: equipped: [Mitts] 12
[10/05/26 06:43:43] D2BS 4660: Loaded ÿc9[AutoSmurf.js]
[10/05/26 06:43:48] D2BS 4660: farmingON
[10/05/26 06:43:49] D2BS 4660: MiniShopBot: true
[10/05/26 06:43:49] D2BS 4660: UseMerc: true HP: 70
[10/05/26 06:44:08] D2BS 4660: Merc matched: Prayer
[10/05/26 06:44:23] D2BS 4660: Token needed
[10/05/26 06:44:26] D2BS 4660: act5+ BO
[10/05/26 06:44:28] D2BS 4660: updateStat
[10/05/26 06:44:40] D2BS 4660: ÿc4=== [BAAL] ===
[10/05/26 06:48:14] D2BS 4660: ÿc4=== [COUNTESS] ===
[10/05/26 06:49:27] D2BS 4660: ÿc4=== [PIT] ===
[10/05/26 06:50:36] D2BS 4660: party has left: fowo-xd
[10/05/26 06:50:37] D2BS 4660:  [06:54] +25.43% / [Level 82] 9.93%
[10/05/26 06:50:37] D2BS 4660: Script threads\autobuildthread.js ended
[10/05/26 06:50:37] D2BS 4660: Script threads\partythread.js ended
[10/05/26 06:50:37] D2BS 4660: Script threads\townchicken.js ended
[10/05/26 06:50:37] D2BS 4660: Script default.dbj ended
[10/05/26 06:50:49] D2BS 4660: joining game pz-96
[10/05/26 06:50:51] D2BS 4660: ÿc2D2BSÿc0 :: Starting default.dbj
[10/05/26 06:50:51] D2BS 4660: ÿc2D2BSÿc0 :: default.dbj running.
[10/05/26 06:50:51] D2BS 4660: Loaded ÿc9[X.nip] [Y.nip] [Z.nip] [V.nip] [B.WCRY.nip]
[10/05/26 06:50:51] D2BS 4660: Loaded ÿc9[B.WCRY.js]
[10/05/26 06:50:51] D2BS 4660: equipped: [Head] 21
[10/05/26 06:50:51] D2BS 4660: equipped: [Neck] 19
[10/05/26 06:50:51] D2BS 4660: equipped: [Body] 18
[10/05/26 06:50:51] D2BS 4660: equipped: [ArmR] 37
[10/05/26 06:50:51] D2BS 4660: equipped: [ArmL] 38
[10/05/26 06:50:51] D2BS 4660: equipped: [RingR] 12
[10/05/26 06:50:51] D2BS 4660: equipped: [RingL] 11
[10/05/26 06:50:51] D2BS 4660: equipped: [Belt] 15
[10/05/26 06:50:51] D2BS 4660: equipped: [Boots] 12
[10/05/26 06:50:51] D2BS 4660: equipped: [Mitts] 12
[10/05/26 06:50:51] D2BS 4660: updateStat
[10/05/26 06:50:51] D2BS 4660: granted: [Head] 15
[10/05/26 06:50:51] D2BS 4660: granted: [Body] 20
[10/05/26 06:50:51] D2BS 4660: granted: [ArmR] 20
[10/05/26 06:50:51] D2BS 4660: Loaded ÿc9[AutoSmurf.js]
[10/05/26 06:50:57] D2BS 4660: farmingON
[10/05/26 06:51:00] D2BS 4660: MiniShopBot: true
[10/05/26 06:51:00] D2BS 4660: UseMerc: true HP: 70
[10/05/26 06:51:17] D2BS 4660: Merc matched: Prayer
[10/05/26 06:51:31] D2BS 4660: Token needed
[10/05/26 06:51:35] D2BS 4660: act5+ BO
[10/05/26 06:51:47] D2BS 4660: ÿc4=== [BAAL] ===
[10/05/26 06:52:09] D2BS 4660: Baal failed: souls found
[10/05/26 06:52:09] D2BS 4660: ÿc4=== [COUNTESS] ===
[10/05/26 06:53:22] D2BS 4660: ÿc4=== [PIT] ===
[10/05/26 06:55:11] D2BS 4660: ÿc4=== [ANDY] ===
[10/05/26 06:56:10] D2BS 4660: ÿc4=== [MEPHISTO] ===
[10/05/26 06:56:22] D2BS 4660: equipped: [RingL] 14
[10/05/26 06:57:55] D2BS 4660: ÿc4=== [DIABLO] ===
[10/05/26 06:59:49] D2BS 4660: party has left: fowo-xe
[10/05/26 06:59:49] D2BS 4660:  [08:58] +17.23% / [Level 82] 27.16%
[10/05/26 06:59:49] D2BS 4660: Script threads\autobuildthread.js ended
[10/05/26 06:59:49] D2BS 4660: Script threads\partythread.js ended
[10/05/26 06:59:49] D2BS 4660: Script threads\townchicken.js ended
[10/05/26 06:59:49] D2BS 4660: Script default.dbj ended
[10/05/26 07:00:02] D2BS 4660: joining game pz-97
[10/05/26 07:00:03] D2BS 4660: ÿc2D2BSÿc0 :: Starting default.dbj
[10/05/26 07:00:03] D2BS 4660: ÿc2D2BSÿc0 :: default.dbj running.
[10/05/26 07:00:04] D2BS 4660: Loaded ÿc9[X.nip] [Y.nip] [Z.nip] [V.nip] [B.WCRY.nip]
[10/05/26 07:00:04] D2BS 4660: Loaded ÿc9[B.WCRY.js]
[10/05/26 07:00:04] D2BS 4660: equipped: [Head] 21
[10/05/26 07:00:04] D2BS 4660: equipped: [Neck] 19
[10/05/26 07:00:04] D2BS 4660: equipped: [Body] 18
[10/05/26 07:00:04] D2BS 4660: equipped: [ArmR] 37
[10/05/26 07:00:04] D2BS 4660: equipped: [ArmL] 38
[10/05/26 07:00:04] D2BS 4660: equipped: [RingR] 12
[10/05/26 07:00:04] D2BS 4660: equipped: [RingL] 14
[10/05/26 07:00:04] D2BS 4660: equipped: [Belt] 15
[10/05/26 07:00:04] D2BS 4660: equipped: [Boots] 12
[10/05/26 07:00:04] D2BS 4660: equipped: [Mitts] 12
[10/05/26 07:00:04] D2BS 4660: updateStat
[10/05/26 07:00:04] D2BS 4660: granted: [Head] 15
[10/05/26 07:00:04] D2BS 4660: granted: [Body] 20
[10/05/26 07:00:04] D2BS 4660: granted: [ArmR] 20
[10/05/26 07:00:04] D2BS 4660: Loaded ÿc9[AutoSmurf.js]
[10/05/26 07:00:09] D2BS 4660: farmingON
[10/05/26 07:00:12] D2BS 4660: MiniShopBot: true
[10/05/26 07:00:12] D2BS 4660: UseMerc: true HP: 70
[10/05/26 07:00:35] D2BS 4660: Merc matched: Prayer
[10/05/26 07:00:45] D2BS 4660: Token needed
[10/05/26 07:00:49] D2BS 4660: act5+ BO
[10/05/26 07:01:02] D2BS 4660: ÿc4=== [BAAL] ===
[10/05/26 07:04:30] D2BS 4660: ÿc4=== [COUNTESS] ===
[10/05/26 07:05:41] D2BS 4660: ÿc4=== [PIT] ===
[10/05/26 07:07:30] D2BS 4660: ÿc4=== [ANDY] ===
[10/05/26 07:08:27] D2BS 4660: ÿc4=== [MEPHISTO] ===
[10/05/26 07:10:26] D2BS 4660: ÿc4=== [DIABLO] ===
[10/05/26 07:14:37] D2BS 4660: updateStat
[10/05/26 07:16:44] D2BS 4660: party has left: fowo-xf
[10/05/26 07:16:44] D2BS 4660:  [16:40] +45.97% / [Level 82] 73.13%
[10/05/26 07:16:44] D2BS 4660: Script threads\autobuildthread.js ended
[10/05/26 07:16:44] D2BS 4660: Script threads\partythread.js ended
[10/05/26 07:16:44] D2BS 4660: Script threads\townchicken.js ended
[10/05/26 07:16:44] D2BS 4660: Script default.dbj ended
[10/05/26 07:16:57] D2BS 4660: joining game pz-98
[10/05/26 07:16:59] D2BS 4660: ÿc2D2BSÿc0 :: Starting default.dbj
[10/05/26 07:16:59] D2BS 4660: ÿc2D2BSÿc0 :: default.dbj running.
[10/05/26 07:16:59] D2BS 4660: Loaded ÿc9[X.nip] [Y.nip] [Z.nip] [V.nip] [B.WCRY.nip]
[10/05/26 07:16:59] D2BS 4660: Loaded ÿc9[B.WCRY.js]
[10/05/26 07:16:59] D2BS 4660: equipped: [Head] 21
[10/05/26 07:16:59] D2BS 4660: equipped: [Neck] 19
[10/05/26 07:16:59] D2BS 4660: equipped: [Body] 18
[10/05/26 07:16:59] D2BS 4660: equipped: [ArmR] 37
[10/05/26 07:16:59] D2BS 4660: equipped: [ArmL] 38
[10/05/26 07:16:59] D2BS 4660: equipped: [RingR] 12
[10/05/26 07:16:59] D2BS 4660: equipped: [RingL] 14
[10/05/26 07:16:59] D2BS 4660: equipped: [Belt] 15
[10/05/26 07:16:59] D2BS 4660: equipped: [Boots] 12
[10/05/26 07:16:59] D2BS 4660: equipped: [Mitts] 12
[10/05/26 07:16:59] D2BS 4660: updateStat
[10/05/26 07:16:59] D2BS 4660: granted: [Head] 15
[10/05/26 07:16:59] D2BS 4660: granted: [Body] 20
[10/05/26 07:16:59] D2BS 4660: granted: [ArmR] 20
[10/05/26 07:16:59] D2BS 4660: Loaded ÿc9[AutoSmurf.js]
[10/05/26 07:17:04] D2BS 4660: farmingON
[10/05/26 07:17:08] D2BS 4660: MiniShopBot: true
[10/05/26 07:17:08] D2BS 4660: UseMerc: true HP: 70
[10/05/26 07:17:35] D2BS 4660: Merc matched: Prayer
[10/05/26 07:17:40] D2BS 4660: Token needed
[10/05/26 07:17:44] D2BS 4660: act5+ BO
[10/05/26 07:17:57] D2BS 4660: ÿc4=== [BAAL] ===
[10/05/26 07:18:15] D2BS 4660: Baal failed: souls found
[10/05/26 07:18:15] D2BS 4660: ÿc4=== [COUNTESS] ===
[10/05/26 07:19:16] D2BS 4660: ÿc4=== [PIT] ===
[10/05/26 07:21:27] D2BS 4660: ÿc4=== [ANDY] ===
[10/05/26 07:22:23] D2BS 4660: ÿc4=== [MEPHISTO] ===
[10/05/26 07:24:13] D2BS 4660: ÿc4=== [DIABLO] ===
[10/05/26 07:26:49] D2BS 4660: Going to town
[10/05/26 07:30:43] D2BS 4660: party has left: fowo-xg
[10/05/26 07:30:43] D2BS 4660:  [13:44] +31.15% / [Level 83] 6.50%
[10/05/26 07:30:43] D2BS 4660: Script threads\autobuildthread.js ended
[10/05/26 07:30:43] D2BS 4660: Script threads\partythread.js ended
[10/05/26 07:30:43] D2BS 4660: Script threads\townchicken.js ended
[10/05/26 07:30:43] D2BS 4660: Script default.dbj ended
[10/05/26 07:30:56] D2BS 4660: joining game pz-99
[10/05/26 07:30:58] D2BS 4660: ÿc2D2BSÿc0 :: Starting default.dbj
[10/05/26 07:30:58] D2BS 4660: ÿc2D2BSÿc0 :: default.dbj running.
[10/05/26 07:30:58] D2BS 4660: Loaded ÿc9[X.nip] [Y.nip] [Z.nip] [V.nip] [B.WCRY.nip]
[10/05/26 07:30:58] D2BS 4660: Loaded ÿc9[B.WCRY.js]
[10/05/26 07:30:58] D2BS 4660: equipped: [Head] 21
[10/05/26 07:30:58] D2BS 4660: equipped: [Neck] 19
[10/05/26 07:30:58] D2BS 4660: equipped: [Body] 18
[10/05/26 07:30:58] D2BS 4660: equipped: [ArmR] 37
[10/05/26 07:30:58] D2BS 4660: equipped: [ArmL] 38
[10/05/26 07:30:58] D2BS 4660: equipped: [RingR] 12
[10/05/26 07:30:58] D2BS 4660: equipped: [RingL] 14
[10/05/26 07:30:58] D2BS 4660: equipped: [Belt] 15
[10/05/26 07:30:58] D2BS 4660: equipped: [Boots] 12
[10/05/26 07:30:58] D2BS 4660: equipped: [Mitts] 12
[10/05/26 07:30:58] D2BS 4660: updateStat
[10/05/26 07:30:58] D2BS 4660: granted: [Head] 15
[10/05/26 07:30:58] D2BS 4660: granted: [Body] 20
[10/05/26 07:30:58] D2BS 4660: granted: [ArmR] 20
[10/05/26 07:30:59] D2BS 4660: Loaded ÿc9[AutoSmurf.js]
[10/05/26 07:31:03] D2BS 4660: farmingON
[10/05/26 07:31:06] D2BS 4660: MiniShopBot: true
[10/05/26 07:31:06] D2BS 4660: UseMerc: true HP: 70
[10/05/26 07:31:30] D2BS 4660: Merc matched: Prayer
[10/05/26 07:31:35] D2BS 4660: Token needed
[10/05/26 07:31:39] D2BS 4660: act5+ BO
[10/05/26 07:31:52] D2BS 4660: ÿc4=== [BAAL] ===
[10/05/26 07:35:25] D2BS 4660: ÿc4=== [COUNTESS] ===
[10/05/26 07:36:36] D2BS 4660: ÿc4=== [PIT] ===
[10/05/26 07:38:18] D2BS 4660: ÿc4=== [ANDY] ===
[10/05/26 07:39:11] D2BS 4660: ÿc4=== [MEPHISTO] ===
[10/05/26 07:40:53] D2BS 4660: ÿc4=== [DIABLO] ===
[10/05/26 07:48:07] D2BS 4660: party has left: fowo-xb
[10/05/26 07:48:07] D2BS 4660:  [17:09] +41.16% / [Level 83] 47.66%
[10/05/26 07:48:07] D2BS 4660: Script threads\autobuildthread.js ended
[10/05/26 07:48:07] D2BS 4660: Script threads\partythread.js ended
[10/05/26 07:48:07] D2BS 4660: Script threads\townchicken.js ended
[10/05/26 07:48:07] D2BS 4660: Script default.dbj ended
[10/05/26 07:48:20] D2BS 4660: joining game pz-100
[10/05/26 07:48:22] D2BS 4660: ÿc2D2BSÿc0 :: Starting default.dbj
[10/05/26 07:48:22] D2BS 4660: ÿc2D2BSÿc0 :: default.dbj running.
[10/05/26 07:48:23] D2BS 4660: Loaded ÿc9[X.nip] [Y.nip] [Z.nip] [V.nip] [B.WCRY.nip]
[10/05/26 07:48:23] D2BS 4660: Loaded ÿc9[B.WCRY.js]
[10/05/26 07:48:23] D2BS 4660: equipped: [Head] 21
[10/05/26 07:48:23] D2BS 4660: equipped: [Neck] 19
[10/05/26 07:48:23] D2BS 4660: equipped: [Body] 18
[10/05/26 07:48:23] D2BS 4660: equipped: [ArmR] 37
[10/05/26 07:48:23] D2BS 4660: equipped: [ArmL] 38
[10/05/26 07:48:23] D2BS 4660: equipped: [RingR] 12
[10/05/26 07:48:23] D2BS 4660: equipped: [RingL] 14
[10/05/26 07:48:23] D2BS 4660: equipped: [Belt] 15
[10/05/26 07:48:23] D2BS 4660: equipped: [Boots] 12
[10/05/26 07:48:23] D2BS 4660: equipped: [Mitts] 12
[10/05/26 07:48:23] D2BS 4660: updateStat
[10/05/26 07:48:23] D2BS 4660: granted: [Head] 15
[10/05/26 07:48:23] D2BS 4660: granted: [Body] 20
[10/05/26 07:48:23] D2BS 4660: granted: [ArmR] 20
[10/05/26 07:48:23] D2BS 4660: Loaded ÿc9[AutoSmurf.js]
[10/05/26 07:48:27] D2BS 4660: farmingON
[10/05/26 07:48:30] D2BS 4660: MiniShopBot: true
[10/05/26 07:48:30] D2BS 4660: UseMerc: true HP: 70
[10/05/26 07:48:54] D2BS 4660: Merc matched: Prayer
[10/05/26 07:48:58] D2BS 4660: Token needed
[10/05/26 07:49:03] D2BS 4660: act5+ BO
[10/05/26 07:49:15] D2BS 4660: ÿc4=== [BAAL] ===
[10/05/26 07:49:27] D2BS 4660: Baal failed: souls found
[10/05/26 07:49:27] D2BS 4660: ÿc4=== [COUNTESS] ===
[10/05/26 07:50:39] D2BS 4660: ÿc4=== [PIT] ===
[10/05/26 07:52:21] D2BS 4660: ÿc4=== [ANDY] ===
[10/05/26 07:53:24] D2BS 4660: ÿc4=== [MEPHISTO] ===
[10/05/26 07:54:58] D2BS 4660: ÿc4=== [DIABLO] ===
[10/05/26 07:59:46] D2BS 4660: party has left: fowo-xd
[10/05/26 07:59:46] D2BS 4660:  [11:24] +15.39% / [Level 83] 63.05%
[10/05/26 07:59:46] D2BS 4660: Script threads\autobuildthread.js ended
[10/05/26 07:59:46] D2BS 4660: Script threads\partythread.js ended
[10/05/26 07:59:46] D2BS 4660: Script threads\townchicken.js ended
[10/05/26 07:59:46] D2BS 4660: Script default.dbj ended
[10/05/26 07:59:57] D2BS 4660: joining game pz-101
[10/05/26 07:59:58] D2BS 4660: ÿc2D2BSÿc0 :: Starting default.dbj
[10/05/26 07:59:58] D2BS 4660: ÿc2D2BSÿc0 :: default.dbj running.
[10/05/26 07:59:59] D2BS 4660: Loaded ÿc9[X.nip] [Y.nip] [Z.nip] [V.nip] [B.WCRY.nip]
[10/05/26 07:59:59] D2BS 4660: Loaded ÿc9[B.WCRY.js]
[10/05/26 07:59:59] D2BS 4660: equipped: [Head] 21
[10/05/26 07:59:59] D2BS 4660: equipped: [Neck] 19
[10/05/26 07:59:59] D2BS 4660: equipped: [Body] 18
[10/05/26 07:59:59] D2BS 4660: equipped: [ArmR] 37
[10/05/26 07:59:59] D2BS 4660: equipped: [ArmL] 38
[10/05/26 07:59:59] D2BS 4660: equipped: [RingR] 12
[10/05/26 07:59:59] D2BS 4660: equipped: [RingL] 14
[10/05/26 07:59:59] D2BS 4660: equipped: [Belt] 15
[10/05/26 07:59:59] D2BS 4660: equipped: [Boots] 12
[10/05/26 07:59:59] D2BS 4660: equipped: [Mitts] 12
[10/05/26 07:59:59] D2BS 4660: updateStat
[10/05/26 07:59:59] D2BS 4660: granted: [Head] 15
[10/05/26 07:59:59] D2BS 4660: granted: [Body] 20
[10/05/26 07:59:59] D2BS 4660: granted: [ArmR] 20
[10/05/26 07:59:59] D2BS 4660: Loaded ÿc9[AutoSmurf.js]
[10/05/26 08:00:04] D2BS 4660: farmingON
[10/05/26 08:00:06] D2BS 4660: MiniShopBot: true
[10/05/26 08:00:06] D2BS 4660: UseMerc: true HP: 70
[10/05/26 08:00:26] D2BS 4660: Merc matched: Prayer
[10/05/26 08:00:35] D2BS 4660: Token needed
[10/05/26 08:00:39] D2BS 4660: act5+ BO
[10/05/26 08:00:53] D2BS 4660: ÿc4=== [BAAL] ===
[10/05/26 08:03:11] D2BS 4660: Going to town
[10/05/26 08:03:40] D2BS 4660: Script default.dbj ended
[10/05/26 08:03:40] D2BS 4660: party has left: fowo-xd
[10/05/26 08:03:40] D2BS 4660: Script threads\autobuildthread.js ended
[10/05/26 08:03:40] D2BS 4660:  [03:39] +11.25% / [Level 83] 74.31%
[10/05/26 08:03:40] D2BS 4660: Script threads\partythread.js ended
[10/05/26 08:03:40] D2BS 4660: Script threads\toolsthread.js ended
[10/05/26 08:03:40] D2BS 4660: Script threads\townchicken.js ended
[10/05/26 08:03:53] D2BS 4660: joining game pz-102
[10/05/26 08:03:55] D2BS 4660: ÿc2D2BSÿc0 :: Starting default.dbj
[10/05/26 08:03:55] D2BS 4660: ÿc2D2BSÿc0 :: default.dbj running.
[10/05/26 08:03:55] D2BS 4660: Loaded ÿc9[X.nip] [Y.nip] [Z.nip] [V.nip] [B.WCRY.nip]
[10/05/26 08:03:55] D2BS 4660: Loaded ÿc9[B.WCRY.js]
[10/05/26 08:03:55] D2BS 4660: equipped: [Head] 21
[10/05/26 08:03:55] D2BS 4660: equipped: [Neck] 19
[10/05/26 08:03:55] D2BS 4660: equipped: [Body] 18
[10/05/26 08:03:55] D2BS 4660: equipped: [ArmR] 37
[10/05/26 08:03:55] D2BS 4660: equipped: [ArmL] 38
[10/05/26 08:03:55] D2BS 4660: equipped: [RingR] 12
[10/05/26 08:03:55] D2BS 4660: equipped: [RingL] 14
[10/05/26 08:03:55] D2BS 4660: equipped: [Belt] 15
[10/05/26 08:03:55] D2BS 4660: equipped: [Boots] 12
[10/05/26 08:03:55] D2BS 4660: equipped: [Mitts] 12
[10/05/26 08:03:55] D2BS 4660: updateStat
[10/05/26 08:03:55] D2BS 4660: granted: [Head] 15
[10/05/26 08:03:55] D2BS 4660: granted: [Body] 20
[10/05/26 08:03:55] D2BS 4660: granted: [ArmR] 20
[10/05/26 08:03:55] D2BS 4660: Loaded ÿc9[AutoSmurf.js]
[10/05/26 08:03:57] D2BS 4660: farmingON
[10/05/26 08:03:57] D2BS 4660: MiniShopBot: true
[10/05/26 08:03:57] D2BS 4660: UseMerc: true HP: 70
[10/05/26 08:04:14] D2BS 4660: Merc matched: Prayer
[10/05/26 08:04:21] D2BS 4660: Token needed
[10/05/26 08:04:26] D2BS 4660: act5+ BO
[10/05/26 08:04:40] D2BS 4660: ÿc4=== [BAAL] ===
[10/05/26 08:05:01] D2BS 4660: Baal failed: souls found
[10/05/26 08:05:01] D2BS 4660: ÿc4=== [COUNTESS] ===
[10/05/26 08:06:05] D2BS 4660: ÿc4=== [PIT] ===
[10/05/26 08:08:09] D2BS 4660: ÿc4=== [ANDY] ===
[10/05/26 08:09:09] D2BS 4660: ÿc4=== [MEPHISTO] ===
[10/05/26 08:09:21] D2BS 4660: equipped: [Mitts] 13
[10/05/26 08:10:32] D2BS 4660: ÿc4=== [DIABLO] ===
[10/05/26 08:16:50] D2BS 4660: Script ended
[10/05/26 08:16:50] D2BS 4660:  [12:56] +20.36% / [Level 83] 94.66%
[10/05/26 08:16:50] D2BS 4660: Script threads\autobuildthread.js ended
[10/05/26 08:16:50] D2BS 4660: Script threads\partythread.js ended
[10/05/26 08:16:50] D2BS 4660: Script threads\townchicken.js ended
[10/05/26 08:17:04] D2BS 4660: joining game pz-103
[10/05/26 08:17:06] D2BS 4660: ÿc2D2BSÿc0 :: Starting default.dbj
[10/05/26 08:17:06] D2BS 4660: ÿc2D2BSÿc0 :: default.dbj running.
[10/05/26 08:17:06] D2BS 4660: Loaded ÿc9[X.nip] [Y.nip] [Z.nip] [V.nip] [B.WCRY.nip]
[10/05/26 08:17:06] D2BS 4660: Loaded ÿc9[B.WCRY.js]
[10/05/26 08:17:06] D2BS 4660: equipped: [Head] 21
[10/05/26 08:17:06] D2BS 4660: equipped: [Neck] 19
[10/05/26 08:17:06] D2BS 4660: equipped: [Body] 18
[10/05/26 08:17:06] D2BS 4660: equipped: [ArmR] 37
[10/05/26 08:17:06] D2BS 4660: equipped: [ArmL] 38
[10/05/26 08:17:06] D2BS 4660: equipped: [RingR] 12
[10/05/26 08:17:06] D2BS 4660: equipped: [RingL] 14
[10/05/26 08:17:06] D2BS 4660: equipped: [Belt] 15
[10/05/26 08:17:06] D2BS 4660: equipped: [Boots] 12
[10/05/26 08:17:06] D2BS 4660: equipped: [Mitts] 13
[10/05/26 08:17:06] D2BS 4660: updateStat
[10/05/26 08:17:06] D2BS 4660: granted: [Head] 15
[10/05/26 08:17:06] D2BS 4660: granted: [Body] 20
[10/05/26 08:17:06] D2BS 4660: granted: [ArmR] 20
[10/05/26 08:17:06] D2BS 4660: Loaded ÿc9[AutoSmurf.js]
[10/05/26 08:17:11] D2BS 4660: MiniShopBot: true
[10/05/26 08:17:11] D2BS 4660: farmingON
[10/05/26 08:17:11] D2BS 4660: UseMerc: true HP: 70
[10/05/26 08:17:33] D2BS 4660: Merc matched: Prayer
[10/05/26 08:17:49] D2BS 4660: Token needed
[10/05/26 08:17:53] D2BS 4660: act5+ BO
[10/05/26 08:18:06] D2BS 4660: ÿc4=== [BAAL] ===
[10/05/26 08:21:55] D2BS 4660: Going to town
[10/05/26 08:23:53] D2BS 4660:  [06:46] +13.58% / [Level 84] 8.68%
[10/05/26 08:23:53] D2BS 4660: Script threads\autobuildthread.js ended
[10/05/26 08:23:53] D2BS 4660: Script threads\partythread.js ended
[10/05/26 08:23:53] D2BS 4660: Script threads\townchicken.js ended
[10/05/26 08:23:53] D2BS 4660: Script default.dbj ended
[10/05/26 08:24:06] D2BS 4660: joining game pz-104
[10/05/26 08:24:08] D2BS 4660: ÿc2D2BSÿc0 :: Starting default.dbj
[10/05/26 08:24:08] D2BS 4660: ÿc2D2BSÿc0 :: default.dbj running.
[10/05/26 08:24:08] D2BS 4660: Loaded ÿc9[X.nip] [Y.nip] [Z.nip] [V.nip] [B.WCRY.nip]
[10/05/26 08:24:08] D2BS 4660: Loaded ÿc9[B.WCRY.js]
[10/05/26 08:24:08] D2BS 4660: equipped: [Head] 21
[10/05/26 08:24:08] D2BS 4660: equipped: [Neck] 19
[10/05/26 08:24:08] D2BS 4660: equipped: [Body] 18
[10/05/26 08:24:08] D2BS 4660: equipped: [ArmR] 37
[10/05/26 08:24:08] D2BS 4660: equipped: [ArmL] 38
[10/05/26 08:24:08] D2BS 4660: equipped: [RingR] 12
[10/05/26 08:24:08] D2BS 4660: equipped: [RingL] 14
[10/05/26 08:24:08] D2BS 4660: equipped: [Belt] 15
[10/05/26 08:24:08] D2BS 4660: equipped: [Boots] 12
[10/05/26 08:24:08] D2BS 4660: equipped: [Mitts] 13
[10/05/26 08:24:08] D2BS 4660: updateStat
[10/05/26 08:24:08] D2BS 4660: granted: [Head] 15
[10/05/26 08:24:08] D2BS 4660: granted: [Body] 20
[10/05/26 08:24:08] D2BS 4660: granted: [ArmR] 20
[10/05/26 08:24:08] D2BS 4660: Loaded ÿc9[AutoSmurf.js]
[10/05/26 08:24:10] D2BS 4660: MiniShopBot: true
[10/05/26 08:24:10] D2BS 4660: farmingON
[10/05/26 08:24:10] D2BS 4660: UseMerc: true HP: 70
[10/05/26 08:24:25] D2BS 4660: Merc matched: Prayer
[10/05/26 08:24:39] D2BS 4660: Token needed
[10/05/26 08:24:43] D2BS 4660: act5+ BO
[10/05/26 08:24:55] D2BS 4660: ÿc4=== [BAAL] ===
[10/05/26 08:25:03] D2BS 4660: party has left: fowo-xa
[10/05/26 08:25:03] D2BS 4660: no exp [00:56]
[10/05/26 08:25:03] D2BS 4660: Script threads\autobuildthread.js ended
[10/05/26 08:25:03] D2BS 4660: Script threads\partythread.js ended
[10/05/26 08:25:03] D2BS 4660: Script threads\townchicken.js ended
[10/05/26 08:25:03] D2BS 4660: Script default.dbj ended
[10/05/26 08:25:16] D2BS 4660: joining game pz-105
[10/05/26 08:25:18] D2BS 4660: ÿc2D2BSÿc0 :: Starting default.dbj
[10/05/26 08:25:18] D2BS 4660: ÿc2D2BSÿc0 :: default.dbj running.
[10/05/26 08:25:18] D2BS 4660: Loaded ÿc9[X.nip] [Y.nip] [Z.nip] [V.nip] [B.WCRY.nip]
[10/05/26 08:25:18] D2BS 4660: Loaded ÿc9[B.WCRY.js]
[10/05/26 08:25:18] D2BS 4660: equipped: [Head] 21
[10/05/26 08:25:18] D2BS 4660: equipped: [Neck] 19
[10/05/26 08:25:18] D2BS 4660: equipped: [Body] 18
[10/05/26 08:25:18] D2BS 4660: equipped: [ArmR] 37
[10/05/26 08:25:18] D2BS 4660: equipped: [ArmL] 38
[10/05/26 08:25:18] D2BS 4660: equipped: [RingR] 12
[10/05/26 08:25:18] D2BS 4660: equipped: [RingL] 14
[10/05/26 08:25:18] D2BS 4660: equipped: [Belt] 15
[10/05/26 08:25:18] D2BS 4660: equipped: [Boots] 12
[10/05/26 08:25:18] D2BS 4660: equipped: [Mitts] 13
[10/05/26 08:25:18] D2BS 4660: updateStat
[10/05/26 08:25:18] D2BS 4660: granted: [Head] 15
[10/05/26 08:25:18] D2BS 4660: granted: [Body] 20
[10/05/26 08:25:18] D2BS 4660: granted: [ArmR] 20
[10/05/26 08:25:18] D2BS 4660: Loaded ÿc9[AutoSmurf.js]
[10/05/26 08:25:20] D2BS 4660: farmingON
[10/05/26 08:25:21] D2BS 4660: MiniShopBot: true
[10/05/26 08:25:21] D2BS 4660: UseMerc: true HP: 70
[10/05/26 08:25:37] D2BS 4660: Merc matched: Prayer
[10/05/26 08:25:45] D2BS 4660: Token needed
[10/05/26 08:25:48] D2BS 4660: act5+ BO
[10/05/26 08:26:01] D2BS 4660: ÿc4=== [BAAL] ===
[10/05/26 08:29:03] D2BS 4660: ÿc4=== [COUNTESS] ===
[10/05/26 08:30:17] D2BS 4660: ÿc4=== [PIT] ===
[10/05/26 08:31:49] D2BS 4660: ÿc4=== [ANDY] ===
[10/05/26 08:32:48] D2BS 4660: ÿc4=== [MEPHISTO] ===
[10/05/26 08:34:12] D2BS 4660: ÿc4=== [DIABLO] ===
[10/05/26 08:39:39] D2BS 4660: party has left: fowo-xe
[10/05/26 08:39:39] D2BS 4660:  [14:21] +24.05% / [Level 84] 32.73%
[10/05/26 08:39:39] D2BS 4660: Script threads\autobuildthread.js ended
[10/05/26 08:39:39] D2BS 4660: Script threads\partythread.js ended
[10/05/26 08:39:39] D2BS 4660: Script threads\townchicken.js ended
[10/05/26 08:39:39] D2BS 4660: Script default.dbj ended
[10/05/26 08:39:51] D2BS 4660: joining game pz-106
[10/05/26 08:39:53] D2BS 4660: ÿc2D2BSÿc0 :: Starting default.dbj
[10/05/26 08:39:53] D2BS 4660: ÿc2D2BSÿc0 :: default.dbj running.
[10/05/26 08:39:53] D2BS 4660: Loaded ÿc9[X.nip] [Y.nip] [Z.nip] [V.nip] [B.WCRY.nip]
[10/05/26 08:39:53] D2BS 4660: Loaded ÿc9[B.WCRY.js]
[10/05/26 08:39:53] D2BS 4660: equipped: [Head] 21
[10/05/26 08:39:53] D2BS 4660: equipped: [Neck] 19
[10/05/26 08:39:53] D2BS 4660: equipped: [Body] 18
[10/05/26 08:39:53] D2BS 4660: equipped: [ArmR] 37
[10/05/26 08:39:53] D2BS 4660: equipped: [ArmL] 38
[10/05/26 08:39:53] D2BS 4660: equipped: [RingR] 12
[10/05/26 08:39:53] D2BS 4660: equipped: [RingL] 14
[10/05/26 08:39:53] D2BS 4660: equipped: [Belt] 15
[10/05/26 08:39:53] D2BS 4660: equipped: [Boots] 12
[10/05/26 08:39:53] D2BS 4660: equipped: [Mitts] 13
[10/05/26 08:39:53] D2BS 4660: updateStat
[10/05/26 08:39:53] D2BS 4660: granted: [Head] 15
[10/05/26 08:39:53] D2BS 4660: granted: [Body] 20
[10/05/26 08:39:53] D2BS 4660: granted: [ArmR] 20
[10/05/26 08:39:53] D2BS 4660: Loaded ÿc9[AutoSmurf.js]
[10/05/26 08:39:59] D2BS 4660: farmingON
[10/05/26 08:40:01] D2BS 4660: MiniShopBot: true
[10/05/26 08:40:01] D2BS 4660: UseMerc: true HP: 70
[10/05/26 08:40:27] D2BS 4660: Merc matched: Prayer
[10/05/26 08:40:31] D2BS 4660: Token needed
[10/05/26 08:40:35] D2BS 4660: act5+ BO
[10/05/26 08:40:48] D2BS 4660: ÿc4=== [BAAL] ===
[10/05/26 08:40:56] D2BS 4660: party has left: fowo-xa
[10/05/26 08:40:56] D2BS 4660: no exp [01:03]
[10/05/26 08:40:56] D2BS 4660: Script threads\autobuildthread.js ended
[10/05/26 08:40:56] D2BS 4660: Script threads\partythread.js ended
[10/05/26 08:40:56] D2BS 4660: Script threads\townchicken.js ended
[10/05/26 08:40:56] D2BS 4660: Script default.dbj ended
[10/05/26 08:41:08] D2BS 4660: joining game pz-107
[10/05/26 08:41:10] D2BS 4660: ÿc2D2BSÿc0 :: Starting default.dbj
[10/05/26 08:41:10] D2BS 4660: ÿc2D2BSÿc0 :: default.dbj running.
[10/05/26 08:41:10] D2BS 4660: Loaded ÿc9[X.nip] [Y.nip] [Z.nip] [V.nip] [B.WCRY.nip]
[10/05/26 08:41:10] D2BS 4660: Loaded ÿc9[B.WCRY.js]
[10/05/26 08:41:10] D2BS 4660: equipped: [Head] 21
[10/05/26 08:41:10] D2BS 4660: equipped: [Neck] 19
[10/05/26 08:41:10] D2BS 4660: equipped: [Body] 18
[10/05/26 08:41:10] D2BS 4660: equipped: [ArmR] 37
[10/05/26 08:41:10] D2BS 4660: equipped: [ArmL] 38
[10/05/26 08:41:10] D2BS 4660: equipped: [RingR] 12
[10/05/26 08:41:10] D2BS 4660: equipped: [RingL] 14
[10/05/26 08:41:11] D2BS 4660: equipped: [Belt] 15
[10/05/26 08:41:11] D2BS 4660: equipped: [Boots] 12
[10/05/26 08:41:11] D2BS 4660: equipped: [Mitts] 13
[10/05/26 08:41:11] D2BS 4660: Loaded ÿc9[AutoSmurf.js]
[10/05/26 08:41:12] D2BS 4660: farmingON
[10/05/26 08:41:13] D2BS 4660: MiniShopBot: true
[10/05/26 08:41:13] D2BS 4660: UseMerc: true HP: 70
[10/05/26 08:41:30] D2BS 4660: Merc matched: Prayer
[10/05/26 08:41:36] D2BS 4660: Token needed
[10/05/26 08:41:40] D2BS 4660: act5+ BO
[10/05/26 08:41:41] D2BS 4660: updateStat
[10/05/26 08:41:53] D2BS 4660: ÿc4=== [BAAL] ===
[10/05/26 08:42:09] D2BS 4660: Baal failed: souls found
[10/05/26 08:42:09] D2BS 4660: ÿc4=== [COUNTESS] ===
[10/05/26 08:43:54] D2BS 4660: ÿc4=== [PIT] ===
[10/05/26 08:45:38] D2BS 4660: ÿc4=== [ANDY] ===
[10/05/26 08:46:34] D2BS 4660: ÿc4=== [MEPHISTO] ===
[10/05/26 08:48:17] D2BS 4660: ÿc4=== [DIABLO] ===
[10/05/26 08:54:12] D2BS 4660: party has left: fowo-xe
[10/05/26 08:54:12] D2BS 4660:  [13:02] +18.93% / [Level 84] 51.65%
[10/05/26 08:54:12] D2BS 4660: Script threads\autobuildthread.js ended
[10/05/26 08:54:12] D2BS 4660: Script threads\partythread.js ended
[10/05/26 08:54:12] D2BS 4660: Script threads\townchicken.js ended
[10/05/26 08:54:12] D2BS 4660: Script default.dbj ended
[10/05/26 08:54:26] D2BS 4660: joining game pz-108
[10/05/26 08:54:27] D2BS 4660: ÿc2D2BSÿc0 :: Starting default.dbj
[10/05/26 08:54:27] D2BS 4660: ÿc2D2BSÿc0 :: default.dbj running.
[10/05/26 08:54:27] D2BS 4660: Loaded ÿc9[X.nip] [Y.nip] [Z.nip] [V.nip] [B.WCRY.nip]
[10/05/26 08:54:27] D2BS 4660: Loaded ÿc9[B.WCRY.js]
[10/05/26 08:54:27] D2BS 4660: equipped: [Head] 21
[10/05/26 08:54:27] D2BS 4660: equipped: [Neck] 19
[10/05/26 08:54:27] D2BS 4660: equipped: [Body] 18
[10/05/26 08:54:27] D2BS 4660: equipped: [ArmR] 37
[10/05/26 08:54:27] D2BS 4660: equipped: [ArmL] 38
[10/05/26 08:54:27] D2BS 4660: equipped: [RingR] 12
[10/05/26 08:54:27] D2BS 4660: equipped: [RingL] 14
[10/05/26 08:54:27] D2BS 4660: equipped: [Belt] 15
[10/05/26 08:54:27] D2BS 4660: equipped: [Boots] 12
[10/05/26 08:54:27] D2BS 4660: equipped: [Mitts] 13
[10/05/26 08:54:27] D2BS 4660: updateStat
[10/05/26 08:54:27] D2BS 4660: granted: [Head] 15
[10/05/26 08:54:27] D2BS 4660: granted: [Body] 20
[10/05/26 08:54:28] D2BS 4660: granted: [ArmR] 20
[10/05/26 08:54:28] D2BS 4660: Loaded ÿc9[AutoSmurf.js]
[10/05/26 08:54:34] D2BS 4660: farmingON
[10/05/26 08:54:35] D2BS 4660: MiniShopBot: true
[10/05/26 08:54:35] D2BS 4660: UseMerc: true HP: 70
[10/05/26 08:55:01] D2BS 4660: Merc matched: Prayer
[10/05/26 08:55:12] D2BS 4660: Token needed
[10/05/26 08:55:15] D2BS 4660: act5+ BO
[10/05/26 08:55:27] D2BS 4660: ÿc4=== [BAAL] ===
[10/05/26 08:55:41] D2BS 4660: Baal failed: souls found
[10/05/26 08:55:41] D2BS 4660: ÿc4=== [COUNTESS] ===
[10/05/26 08:56:44] D2BS 4660: ÿc4=== [PIT] ===
[10/05/26 08:58:10] D2BS 4660: ÿc4=== [ANDY] ===
[10/05/26 08:58:59] D2BS 4660: ÿc4=== [MEPHISTO] ===
[10/05/26 09:00:38] D2BS 4660: ÿc4=== [DIABLO] ===
[10/05/26 09:03:11] D2BS 4660: party has left: fowo-xa
[10/05/26 09:03:11] D2BS 4660:  [08:44] +9.31% / [Level 84] 60.97%
[10/05/26 09:03:11] D2BS 4660: Script threads\autobuildthread.js ended
[10/05/26 09:03:11] D2BS 4660: Script threads\partythread.js ended
[10/05/26 09:03:11] D2BS 4660: Script threads\townchicken.js ended
[10/05/26 09:03:11] D2BS 4660: Script default.dbj ended
[10/05/26 09:03:26] D2BS 4660: joining game pz-109
[10/05/26 09:03:28] D2BS 4660: ÿc2D2BSÿc0 :: Starting default.dbj
[10/05/26 09:03:28] D2BS 4660: ÿc2D2BSÿc0 :: default.dbj running.
[10/05/26 09:03:28] D2BS 4660: Loaded ÿc9[X.nip] [Y.nip] [Z.nip] [V.nip] [B.WCRY.nip]
[10/05/26 09:03:28] D2BS 4660: Loaded ÿc9[B.WCRY.js]
[10/05/26 09:03:28] D2BS 4660: equipped: [Head] 21
[10/05/26 09:03:28] D2BS 4660: equipped: [Neck] 19
[10/05/26 09:03:28] D2BS 4660: equipped: [Body] 18
[10/05/26 09:03:28] D2BS 4660: equipped: [ArmR] 37
[10/05/26 09:03:28] D2BS 4660: equipped: [ArmL] 38
[10/05/26 09:03:28] D2BS 4660: equipped: [RingR] 12
[10/05/26 09:03:28] D2BS 4660: equipped: [RingL] 14
[10/05/26 09:03:28] D2BS 4660: equipped: [Belt] 15
[10/05/26 09:03:28] D2BS 4660: equipped: [Boots] 12
[10/05/26 09:03:28] D2BS 4660: equipped: [Mitts] 13
[10/05/26 09:03:28] D2BS 4660: updateStat
[10/05/26 09:03:28] D2BS 4660: granted: [Head] 15
[10/05/26 09:03:28] D2BS 4660: granted: [Body] 20
[10/05/26 09:03:28] D2BS 4660: granted: [ArmR] 20
[10/05/26 09:03:28] D2BS 4660: Loaded ÿc9[AutoSmurf.js]
[10/05/26 09:03:33] D2BS 4660: farmingON
[10/05/26 09:03:35] D2BS 4660: MiniShopBot: true
[10/05/26 09:03:35] D2BS 4660: UseMerc: true HP: 70
[10/05/26 09:03:53] D2BS 4660: Merc matched: Prayer
[10/05/26 09:04:06] D2BS 4660: Token needed
[10/05/26 09:04:10] D2BS 4660: act5+ BO
[10/05/26 09:04:23] D2BS 4660: ÿc4=== [BAAL] ===
[10/05/26 09:08:13] D2BS 4660: ÿc4=== [COUNTESS] ===
[10/05/26 09:09:46] D2BS 4660: ÿc4=== [PIT] ===
[10/05/26 09:11:51] D2BS 4660: ÿc4=== [ANDY] ===
[10/05/26 09:12:40] D2BS 4660: ÿc4=== [MEPHISTO] ===
[10/05/26 09:14:19] D2BS 4660: ÿc4=== [DIABLO] ===
[10/05/26 09:14:26] D2BS 4660: updateStat
[10/05/26 09:14:26] D2BS 4660: granted: [Head] 15
[10/05/26 09:14:26] D2BS 4660: granted: [Body] 20
[10/05/26 09:14:26] D2BS 4660: granted: [ArmR] 20
[10/05/26 09:20:48] D2BS 4660: party has left: fowo-xe
[10/05/26 09:20:48] D2BS 4660: Script ended
[10/05/26 09:20:49] D2BS 4660:  [17:21] +34.34% / [Level 84] 95.30%
[10/05/26 09:20:49] D2BS 4660: Script threads\autobuildthread.js ended
[10/05/26 09:20:49] D2BS 4660: Script threads\partythread.js ended
[10/05/26 09:20:49] D2BS 4660: Script threads\townchicken.js ended
[10/05/26 09:21:01] D2BS 4660: joining game pz-110
[10/05/26 09:21:02] D2BS 4660: ÿc2D2BSÿc0 :: Starting default.dbj
[10/05/26 09:21:02] D2BS 4660: ÿc2D2BSÿc0 :: default.dbj running.
[10/05/26 09:21:03] D2BS 4660: Loaded ÿc9[X.nip] [Y.nip] [Z.nip] [V.nip] [B.WCRY.nip]
[10/05/26 09:21:03] D2BS 4660: Loaded ÿc9[B.WCRY.js]
[10/05/26 09:21:03] D2BS 4660: equipped: [Head] 21
[10/05/26 09:21:03] D2BS 4660: equipped: [Neck] 19
[10/05/26 09:21:03] D2BS 4660: equipped: [Body] 18
[10/05/26 09:21:03] D2BS 4660: equipped: [ArmR] 37
[10/05/26 09:21:03] D2BS 4660: equipped: [ArmL] 38
[10/05/26 09:21:03] D2BS 4660: equipped: [RingR] 12
[10/05/26 09:21:03] D2BS 4660: equipped: [RingL] 14
[10/05/26 09:21:03] D2BS 4660: equipped: [Belt] 15
[10/05/26 09:21:03] D2BS 4660: equipped: [Boots] 12
[10/05/26 09:21:03] D2BS 4660: equipped: [Mitts] 13
[10/05/26 09:21:03] D2BS 4660: Loaded ÿc9[AutoSmurf.js]
[10/05/26 09:21:08] D2BS 4660: farmingON
[10/05/26 09:21:09] D2BS 4660: MiniShopBot: true
[10/05/26 09:21:09] D2BS 4660: UseMerc: true HP: 70
[10/05/26 09:21:18] D2BS 4660: updateStat
[10/05/26 09:21:18] D2BS 4660: granted: [Head] 15
[10/05/26 09:21:18] D2BS 4660: granted: [Body] 20
[10/05/26 09:21:18] D2BS 4660: granted: [ArmR] 20
[10/05/26 09:21:36] D2BS 4660: equipped: [RingR] 13
[10/05/26 09:21:36] D2BS 4660: Merc matched: Prayer
[10/05/26 09:21:42] D2BS 4660: Token needed
[10/05/26 09:21:46] D2BS 4660: act5+ BO
[10/05/26 09:21:47] D2BS 4660: updateStat
[10/05/26 09:21:59] D2BS 4660: ÿc4=== [BAAL] ===
[10/05/26 09:22:07] D2BS 4660: party has left: fowo-xa
[10/05/26 09:22:07] D2BS 4660: no exp [01:05]
[10/05/26 09:22:07] D2BS 4660: Script threads\autobuildthread.js ended
[10/05/26 09:22:07] D2BS 4660: Script threads\partythread.js ended
[10/05/26 09:22:07] D2BS 4660: Script threads\townchicken.js ended
[10/05/26 09:22:07] D2BS 4660: Script default.dbj ended
[10/05/26 09:22:20] D2BS 4660: joining game pz-111
[10/05/26 09:22:22] D2BS 4660: ÿc2D2BSÿc0 :: Starting default.dbj
[10/05/26 09:22:22] D2BS 4660: ÿc2D2BSÿc0 :: default.dbj running.
[10/05/26 09:22:22] D2BS 4660: Loaded ÿc9[X.nip] [Y.nip] [Z.nip] [V.nip] [B.WCRY.nip]
[10/05/26 09:22:22] D2BS 4660: Loaded ÿc9[B.WCRY.js]
[10/05/26 09:22:22] D2BS 4660: equipped: [Head] 21
[10/05/26 09:22:22] D2BS 4660: equipped: [Neck] 19
[10/05/26 09:22:22] D2BS 4660: equipped: [Body] 18
[10/05/26 09:22:22] D2BS 4660: equipped: [ArmR] 37
[10/05/26 09:22:22] D2BS 4660: equipped: [ArmL] 38
[10/05/26 09:22:22] D2BS 4660: equipped: [RingR] 13
[10/05/26 09:22:22] D2BS 4660: equipped: [RingL] 14
[10/05/26 09:22:22] D2BS 4660: equipped: [Belt] 15
[10/05/26 09:22:22] D2BS 4660: equipped: [Boots] 12
[10/05/26 09:22:22] D2BS 4660: equipped: [Mitts] 13
[10/05/26 09:22:22] D2BS 4660: updateStat
[10/05/26 09:22:22] D2BS 4660: granted: [Head] 15
[10/05/26 09:22:22] D2BS 4660: granted: [Body] 20
[10/05/26 09:22:22] D2BS 4660: granted: [ArmR] 20
[10/05/26 09:22:22] D2BS 4660: Loaded ÿc9[AutoSmurf.js]
[10/05/26 09:22:24] D2BS 4660: farmingON
[10/05/26 09:22:25] D2BS 4660: MiniShopBot: true
[10/05/26 09:22:25] D2BS 4660: UseMerc: true HP: 70
[10/05/26 09:22:43] D2BS 4660: Merc matched: Prayer
[10/05/26 09:22:49] D2BS 4660: Token needed
[10/05/26 09:22:52] D2BS 4660: act5+ BO
[10/05/26 09:23:04] D2BS 4660: ÿc4=== [BAAL] ===
[10/05/26 09:23:13] D2BS 4660: party has left: fowo-xa
[10/05/26 09:23:13] D2BS 4660: no exp [00:52]
[10/05/26 09:23:13] D2BS 4660: Script threads\autobuildthread.js ended
[10/05/26 09:23:14] D2BS 4660: Script threads\partythread.js ended
[10/05/26 09:23:14] D2BS 4660: Script threads\townchicken.js ended
[10/05/26 09:23:14] D2BS 4660: Script default.dbj ended
[10/05/26 09:23:29] D2BS 4660: joining game pz-112
[10/05/26 09:23:31] D2BS 4660: ÿc2D2BSÿc0 :: Starting default.dbj
[10/05/26 09:23:31] D2BS 4660: ÿc2D2BSÿc0 :: default.dbj running.
[10/05/26 09:23:31] D2BS 4660: Loaded ÿc9[X.nip] [Y.nip] [Z.nip] [V.nip] [B.WCRY.nip]
[10/05/26 09:23:31] D2BS 4660: Loaded ÿc9[B.WCRY.js]
[10/05/26 09:23:31] D2BS 4660: equipped: [Head] 21
[10/05/26 09:23:31] D2BS 4660: equipped: [Neck] 19
[10/05/26 09:23:31] D2BS 4660: equipped: [Body] 18
[10/05/26 09:23:31] D2BS 4660: equipped: [ArmR] 37
[10/05/26 09:23:31] D2BS 4660: equipped: [ArmL] 38
[10/05/26 09:23:31] D2BS 4660: equipped: [RingR] 13
[10/05/26 09:23:31] D2BS 4660: equipped: [RingL] 14
[10/05/26 09:23:31] D2BS 4660: equipped: [Belt] 15
[10/05/26 09:23:31] D2BS 4660: equipped: [Boots] 12
[10/05/26 09:23:31] D2BS 4660: equipped: [Mitts] 13
[10/05/26 09:23:31] D2BS 4660: updateStat
[10/05/26 09:23:31] D2BS 4660: granted: [Head] 15
[10/05/26 09:23:31] D2BS 4660: granted: [Body] 20
[10/05/26 09:23:31] D2BS 4660: granted: [ArmR] 20
[10/05/26 09:23:31] D2BS 4660: Loaded ÿc9[AutoSmurf.js]
[10/05/26 09:23:33] D2BS 4660: MiniShopBot: true
[10/05/26 09:23:33] D2BS 4660: farmingON
[10/05/26 09:23:33] D2BS 4660: UseMerc: true HP: 70
[10/05/26 09:23:48] D2BS 4660: Merc matched: Prayer
[10/05/26 09:24:00] D2BS 4660: Token needed
[10/05/26 09:24:03] D2BS 4660: act5+ BO
[10/05/26 09:24:15] D2BS 4660: ÿc4=== [BAAL] ===
[10/05/26 09:27:40] D2BS 4660: ÿc4=== [COUNTESS] ===
[10/05/26 09:28:56] D2BS 4660: ÿc4=== [PIT] ===
[10/05/26 09:30:38] D2BS 4660: ÿc4=== [ANDY] ===
[10/05/26 09:31:53] D2BS 4660: ÿc4=== [MEPHISTO] ===
[10/05/26 09:33:02] D2BS 4660: ÿc4=== [DIABLO] ===
[10/05/26 09:41:04] D2BS 4660: party has left: fowo-xa
[10/05/26 09:41:04] D2BS 4660:  [17:34] +25.17% / [Level 85] 20.86%
[10/05/26 09:41:04] D2BS 4660: Script threads\autobuildthread.js ended
[10/05/26 09:41:04] D2BS 4660: Script threads\partythread.js ended
[10/05/26 09:41:04] D2BS 4660: Script threads\townchicken.js ended
[10/05/26 09:41:04] D2BS 4660: Script default.dbj ended
[10/05/26 09:41:16] D2BS 4660: joining game pz-113
[10/05/26 09:41:17] D2BS 4660: ÿc2D2BSÿc0 :: Starting default.dbj
[10/05/26 09:41:17] D2BS 4660: ÿc2D2BSÿc0 :: default.dbj running.
[10/05/26 09:41:18] D2BS 4660: Loaded ÿc9[X.nip] [Y.nip] [Z.nip] [V.nip] [B.WCRY.nip]
[10/05/26 09:41:18] D2BS 4660: Loaded ÿc9[B.WCRY.js]
[10/05/26 09:41:18] D2BS 4660: equipped: [Head] 21
[10/05/26 09:41:18] D2BS 4660: equipped: [Neck] 19
[10/05/26 09:41:18] D2BS 4660: equipped: [Body] 18
[10/05/26 09:41:18] D2BS 4660: equipped: [ArmR] 37
[10/05/26 09:41:18] D2BS 4660: equipped: [ArmL] 38
[10/05/26 09:41:18] D2BS 4660: equipped: [RingR] 13
[10/05/26 09:41:18] D2BS 4660: equipped: [RingL] 14
[10/05/26 09:41:18] D2BS 4660: equipped: [Belt] 15
[10/05/26 09:41:18] D2BS 4660: equipped: [Boots] 12
[10/05/26 09:41:18] D2BS 4660: equipped: [Mitts] 13
[10/05/26 09:41:18] D2BS 4660: updateStat
[10/05/26 09:41:18] D2BS 4660: granted: [Head] 15
[10/05/26 09:41:18] D2BS 4660: granted: [Body] 20
[10/05/26 09:41:18] D2BS 4660: granted: [ArmR] 20
[10/05/26 09:41:18] D2BS 4660: Loaded ÿc9[AutoSmurf.js]
[10/05/26 09:41:22] D2BS 4660: farmingON
[10/05/26 09:41:25] D2BS 4660: MiniShopBot: true
[10/05/26 09:41:25] D2BS 4660: UseMerc: true HP: 70
[10/05/26 09:41:48] D2BS 4660: Merc matched: Prayer
[10/05/26 09:41:58] D2BS 4660: Token needed
[10/05/26 09:42:03] D2BS 4660: act5+ BO
[10/05/26 09:42:17] D2BS 4660: ÿc4=== [BAAL] ===
[10/05/26 09:46:13] D2BS 4660: ÿc4=== [COUNTESS] ===
[10/05/26 09:47:35] D2BS 4660: ÿc4=== [PIT] ===
[10/05/26 09:49:19] D2BS 4660: ÿc4=== [ANDY] ===
[10/05/26 09:50:37] D2BS 4660: ÿc4=== [MEPHISTO] ===
[10/05/26 09:52:02] D2BS 4660: ÿc4=== [DIABLO] ===
[10/05/26 09:59:47] D2BS 4660: party has left: fowo-xb
[10/05/26 09:59:48] D2BS 4660:  [18:30] +22.55% / [Level 85] 43.41%
[10/05/26 09:59:48] D2BS 4660: Script threads\autobuildthread.js ended
[10/05/26 09:59:48] D2BS 4660: Script threads\partythread.js ended
[10/05/26 09:59:48] D2BS 4660: Script threads\townchicken.js ended
[10/05/26 09:59:48] D2BS 4660: Script default.dbj ended
[10/05/26 10:00:00] D2BS 4660: joining game pz-114
[10/05/26 10:00:03] D2BS 4660: ÿc2D2BSÿc0 :: Starting default.dbj
[10/05/26 10:00:03] D2BS 4660: ÿc2D2BSÿc0 :: default.dbj running.
[10/05/26 10:00:03] D2BS 4660: Loaded ÿc9[X.nip] [Y.nip] [Z.nip] [V.nip] [B.WCRY.nip]
[10/05/26 10:00:03] D2BS 4660: Loaded ÿc9[B.WCRY.js]
[10/05/26 10:00:03] D2BS 4660: equipped: [Head] 21
[10/05/26 10:00:03] D2BS 4660: equipped: [Neck] 19
[10/05/26 10:00:03] D2BS 4660: equipped: [Body] 18
[10/05/26 10:00:03] D2BS 4660: equipped: [ArmR] 37
[10/05/26 10:00:03] D2BS 4660: equipped: [ArmL] 38
[10/05/26 10:00:03] D2BS 4660: equipped: [RingR] 13
[10/05/26 10:00:03] D2BS 4660: equipped: [RingL] 14
[10/05/26 10:00:03] D2BS 4660: equipped: [Belt] 15
[10/05/26 10:00:03] D2BS 4660: equipped: [Boots] 12
[10/05/26 10:00:03] D2BS 4660: equipped: [Mitts] 13
[10/05/26 10:00:03] D2BS 4660: updateStat
[10/05/26 10:00:03] D2BS 4660: granted: [Head] 15
[10/05/26 10:00:03] D2BS 4660: granted: [Body] 20
[10/05/26 10:00:03] D2BS 4660: granted: [ArmR] 20
[10/05/26 10:00:03] D2BS 4660: Loaded ÿc9[AutoSmurf.js]
[10/05/26 10:00:07] D2BS 4660: farmingON
[10/05/26 10:00:10] D2BS 4660: MiniShopBot: true
[10/05/26 10:00:10] D2BS 4660: UseMerc: true HP: 70
[10/05/26 10:00:31] D2BS 4660: Merc matched: Prayer
[10/05/26 10:00:38] D2BS 4660: Token needed
[10/05/26 10:00:43] D2BS 4660: act5+ BO
[10/05/26 10:00:55] D2BS 4660: ÿc4=== [BAAL] ===
[10/05/26 10:01:10] D2BS 4660: Baal failed: souls found
[10/05/26 10:01:10] D2BS 4660: ÿc4=== [COUNTESS] ===
[10/05/26 10:02:22] D2BS 4660: ÿc4=== [PIT] ===
[10/05/26 10:04:43] D2BS 4660: ÿc4=== [ANDY] ===
[10/05/26 10:05:35] D2BS 4660: ÿc4=== [MEPHISTO] ===
[10/05/26 10:06:48] D2BS 4660: ÿc4=== [DIABLO] ===
[10/05/26 10:13:05] D2BS 4660: party has left: fowo-xa
[10/05/26 10:13:05] D2BS 4660:  [13:03] +12.29% / [Level 85] 55.70%
[10/05/26 10:13:05] D2BS 4660: Script threads\autobuildthread.js ended
[10/05/26 10:13:05] D2BS 4660: Script threads\partythread.js ended
[10/05/26 10:13:05] D2BS 4660: Script threads\townchicken.js ended
[10/05/26 10:13:05] D2BS 4660: Script default.dbj ended
[10/05/26 10:13:17] D2BS 4660: joining game pz-115
[10/05/26 10:13:19] D2BS 4660: ÿc2D2BSÿc0 :: Starting default.dbj
[10/05/26 10:13:19] D2BS 4660: ÿc2D2BSÿc0 :: default.dbj running.
[10/05/26 10:13:19] D2BS 4660: Loaded ÿc9[X.nip] [Y.nip] [Z.nip] [V.nip] [B.WCRY.nip]
[10/05/26 10:13:19] D2BS 4660: Loaded ÿc9[B.WCRY.js]
[10/05/26 10:13:19] D2BS 4660: equipped: [Head] 21
[10/05/26 10:13:19] D2BS 4660: equipped: [Neck] 19
[10/05/26 10:13:19] D2BS 4660: equipped: [Body] 18
[10/05/26 10:13:19] D2BS 4660: equipped: [ArmR] 37
[10/05/26 10:13:19] D2BS 4660: equipped: [ArmL] 38
[10/05/26 10:13:19] D2BS 4660: equipped: [RingR] 13
[10/05/26 10:13:19] D2BS 4660: equipped: [RingL] 14
[10/05/26 10:13:19] D2BS 4660: equipped: [Belt] 15
[10/05/26 10:13:19] D2BS 4660: equipped: [Boots] 12
[10/05/26 10:13:19] D2BS 4660: equipped: [Mitts] 13
[10/05/26 10:13:20] D2BS 4660: Loaded ÿc9[AutoSmurf.js]
[10/05/26 10:13:24] D2BS 4660: farmingON
[10/05/26 10:13:26] D2BS 4660: MiniShopBot: true
[10/05/26 10:13:26] D2BS 4660: UseMerc: true HP: 70
[10/05/26 10:13:46] D2BS 4660: Merc matched: Prayer
[10/05/26 10:13:54] D2BS 4660: Token needed
[10/05/26 10:13:58] D2BS 4660: act5+ BO
[10/05/26 10:13:59] D2BS 4660: updateStat
[10/05/26 10:14:11] D2BS 4660: ÿc4=== [BAAL] ===
[10/05/26 10:18:01] D2BS 4660: ÿc4=== [COUNTESS] ===
[10/05/26 10:19:17] D2BS 4660: ÿc4=== [PIT] ===
[10/05/26 10:21:00] D2BS 4660: ÿc4=== [ANDY] ===
[10/05/26 10:21:58] D2BS 4660: ÿc4=== [MEPHISTO] ===
[10/05/26 10:23:18] D2BS 4660: ÿc4=== [DIABLO] ===
[10/05/26 10:29:55] D2BS 4660: party has left: fowo-xe, fowo-xg
[10/05/26 10:29:55] D2BS 4660:  [16:36] +22.74% / [Level 85] 78.44%
[10/05/26 10:29:55] D2BS 4660: Script threads\autobuildthread.js ended
[10/05/26 10:29:55] D2BS 4660: Script threads\partythread.js ended
[10/05/26 10:29:56] D2BS 4660: Script threads\townchicken.js ended
[10/05/26 10:29:56] D2BS 4660: Script default.dbj ended
[10/05/26 10:30:08] D2BS 4660: joining game pz-116
[10/05/26 10:30:10] D2BS 4660: ÿc2D2BSÿc0 :: Starting default.dbj
[10/05/26 10:30:10] D2BS 4660: ÿc2D2BSÿc0 :: default.dbj running.
[10/05/26 10:30:11] D2BS 4660: Loaded ÿc9[X.nip] [Y.nip] [Z.nip] [V.nip] [B.WCRY.nip]
[10/05/26 10:30:11] D2BS 4660: Loaded ÿc9[B.WCRY.js]
[10/05/26 10:30:11] D2BS 4660: equipped: [Head] 21
[10/05/26 10:30:11] D2BS 4660: equipped: [Neck] 19
[10/05/26 10:30:11] D2BS 4660: equipped: [Body] 18
[10/05/26 10:30:11] D2BS 4660: equipped: [ArmR] 37
[10/05/26 10:30:11] D2BS 4660: equipped: [ArmL] 38
[10/05/26 10:30:11] D2BS 4660: equipped: [RingR] 13
[10/05/26 10:30:11] D2BS 4660: equipped: [RingL] 14
[10/05/26 10:30:11] D2BS 4660: equipped: [Belt] 15
[10/05/26 10:30:11] D2BS 4660: equipped: [Boots] 12
[10/05/26 10:30:11] D2BS 4660: equipped: [Mitts] 13
[10/05/26 10:30:11] D2BS 4660: updateStat
[10/05/26 10:30:11] D2BS 4660: granted: [Head] 15
[10/05/26 10:30:11] D2BS 4660: granted: [Body] 20
[10/05/26 10:30:11] D2BS 4660: granted: [ArmR] 20
[10/05/26 10:30:11] D2BS 4660: Loaded ÿc9[AutoSmurf.js]
[10/05/26 10:30:16] D2BS 4660: farmingON
[10/05/26 10:30:17] D2BS 4660: MiniShopBot: true
[10/05/26 10:30:17] D2BS 4660: UseMerc: true HP: 70
[10/05/26 10:30:38] D2BS 4660: Merc matched: Prayer
[10/05/26 10:30:47] D2BS 4660: Token needed
[10/05/26 10:30:52] D2BS 4660: act5+ BO
[10/05/26 10:31:05] D2BS 4660: ÿc4=== [BAAL] ===
[10/05/26 10:34:54] D2BS 4660: ÿc4=== [COUNTESS] ===
[10/05/26 10:36:14] D2BS 4660: ÿc4=== [PIT] ===
[10/05/26 10:38:05] D2BS 4660: ÿc4=== [ANDY] ===
[10/05/26 10:39:02] D2BS 4660: ÿc4=== [MEPHISTO] ===
[10/05/26 10:40:09] D2BS 4660: ÿc4=== [DIABLO] ===
[10/05/26 10:43:11] D2BS 4660: party has left: fowo-xf
[10/05/26 10:43:11] D2BS 4660:  [13:01] +19.26% / [Level 85] 97.70%
[10/05/26 10:43:11] D2BS 4660: Script threads\autobuildthread.js ended
[10/05/26 10:43:11] D2BS 4660: Script threads\partythread.js ended
[10/05/26 10:43:11] D2BS 4660: Script threads\townchicken.js ended
[10/05/26 10:43:11] D2BS 4660: Script default.dbj ended
[10/05/26 10:43:24] D2BS 4660: joining game pz-117
[10/05/26 10:43:26] D2BS 4660: ÿc2D2BSÿc0 :: Starting default.dbj
[10/05/26 10:43:26] D2BS 4660: ÿc2D2BSÿc0 :: default.dbj running.
[10/05/26 10:43:26] D2BS 4660: Loaded ÿc9[X.nip] [Y.nip] [Z.nip] [V.nip] [B.WCRY.nip]
[10/05/26 10:43:26] D2BS 4660: Loaded ÿc9[B.WCRY.js]
[10/05/26 10:43:26] D2BS 4660: equipped: [Head] 21
[10/05/26 10:43:26] D2BS 4660: equipped: [Neck] 19
[10/05/26 10:43:26] D2BS 4660: equipped: [Body] 18
[10/05/26 10:43:26] D2BS 4660: equipped: [ArmR] 37
[10/05/26 10:43:26] D2BS 4660: equipped: [ArmL] 38
[10/05/26 10:43:26] D2BS 4660: equipped: [RingR] 13
[10/05/26 10:43:26] D2BS 4660: equipped: [RingL] 14
[10/05/26 10:43:26] D2BS 4660: equipped: [Belt] 15
[10/05/26 10:43:26] D2BS 4660: equipped: [Boots] 12
[10/05/26 10:43:26] D2BS 4660: equipped: [Mitts] 13
[10/05/26 10:43:26] D2BS 4660: updateStat
[10/05/26 10:43:26] D2BS 4660: granted: [Head] 15
[10/05/26 10:43:26] D2BS 4660: granted: [Body] 20
[10/05/26 10:43:26] D2BS 4660: granted: [ArmR] 20
[10/05/26 10:43:26] D2BS 4660: Loaded ÿc9[AutoSmurf.js]
[10/05/26 10:43:32] D2BS 4660: farmingON
[10/05/26 10:43:33] D2BS 4660: MiniShopBot: true
[10/05/26 10:43:33] D2BS 4660: UseMerc: true HP: 70
[10/05/26 10:43:57] D2BS 4660: Merc matched: Prayer
[10/05/26 10:44:04] D2BS 4660: Token needed
[10/05/26 10:44:08] D2BS 4660: act5+ BO
[10/05/26 10:44:21] D2BS 4660: ÿc4=== [BAAL] ===
[10/05/26 10:48:17] D2BS 4660: ÿc4=== [COUNTESS] ===
[10/05/26 10:49:46] D2BS 4660: ÿc4=== [PIT] ===
[10/05/26 10:51:40] D2BS 4660: ÿc4=== [ANDY] ===
[10/05/26 10:52:53] D2BS 4660: ÿc4=== [MEPHISTO] ===
[10/05/26 10:54:11] D2BS 4660: ÿc4=== [DIABLO] ===
[10/05/26 11:00:17] D2BS 4660: party has left: fowo-xa
[10/05/26 11:00:17] D2BS 4660:  [16:52] +18.83% / [Level 86] 16.72%
[10/05/26 11:00:17] D2BS 4660: Script threads\autobuildthread.js ended
[10/05/26 11:00:17] D2BS 4660: Script threads\partythread.js ended
[10/05/26 11:00:17] D2BS 4660: Script threads\townchicken.js ended
[10/05/26 11:00:17] D2BS 4660: Script default.dbj ended
[10/05/26 11:00:30] D2BS 4660: joining game pz-118
[10/05/26 11:00:31] D2BS 4660: ÿc2D2BSÿc0 :: Starting default.dbj
[10/05/26 11:00:31] D2BS 4660: ÿc2D2BSÿc0 :: default.dbj running.
[10/05/26 11:00:31] D2BS 4660: Loaded ÿc9[X.nip] [Y.nip] [Z.nip] [V.nip] [B.WCRY.nip]
[10/05/26 11:00:31] D2BS 4660: Loaded ÿc9[B.WCRY.js]
[10/05/26 11:00:31] D2BS 4660: equipped: [Head] 21
[10/05/26 11:00:31] D2BS 4660: equipped: [Neck] 19
[10/05/26 11:00:32] D2BS 4660: equipped: [Body] 18
[10/05/26 11:00:32] D2BS 4660: equipped: [ArmR] 37
[10/05/26 11:00:32] D2BS 4660: equipped: [ArmL] 38
[10/05/26 11:00:32] D2BS 4660: equipped: [RingR] 13
[10/05/26 11:00:32] D2BS 4660: equipped: [RingL] 14
[10/05/26 11:00:32] D2BS 4660: equipped: [Belt] 15
[10/05/26 11:00:32] D2BS 4660: equipped: [Boots] 12
[10/05/26 11:00:32] D2BS 4660: equipped: [Mitts] 13
[10/05/26 11:00:32] D2BS 4660: updateStat
[10/05/26 11:00:32] D2BS 4660: granted: [Head] 15
[10/05/26 11:00:32] D2BS 4660: granted: [Body] 20
[10/05/26 11:00:32] D2BS 4660: granted: [ArmR] 20
[10/05/26 11:00:32] D2BS 4660: Loaded ÿc9[AutoSmurf.js]
[10/05/26 11:00:37] D2BS 4660: farmingON
[10/05/26 11:00:39] D2BS 4660: MiniShopBot: true
[10/05/26 11:00:39] D2BS 4660: UseMerc: true HP: 70
[10/05/26 11:00:58] D2BS 4660: Merc matched: Prayer
[10/05/26 11:01:13] D2BS 4660: Token needed
[10/05/26 11:01:17] D2BS 4660: act5+ BO
[10/05/26 11:01:30] D2BS 4660: ÿc4=== [BAAL] ===
[10/05/26 11:05:05] D2BS 4660: ÿc4=== [COUNTESS] ===
[10/05/26 11:06:08] D2BS 4660: ÿc4=== [PIT] ===
[10/05/26 11:07:01] D2BS 4660: updateStat
[10/05/26 11:07:41] D2BS 4660: ÿc4=== [ANDY] ===
[10/05/26 11:08:31] D2BS 4660: ÿc4=== [MEPHISTO] ===
[10/05/26 11:09:43] D2BS 4660: ÿc4=== [DIABLO] ===
[10/05/26 11:15:06] D2BS 4660: party has left: fowo-xb
[10/05/26 11:15:06] D2BS 4660:  [14:35] +16.93% / [Level 86] 33.65%
[10/05/26 11:15:06] D2BS 4660: Script threads\autobuildthread.js ended
[10/05/26 11:15:06] D2BS 4660: Script threads\partythread.js ended
[10/05/26 11:15:07] D2BS 4660: Script threads\townchicken.js ended
[10/05/26 11:15:07] D2BS 4660: Script default.dbj ended
[10/05/26 11:15:18] D2BS 4660: joining game pz-119
[10/05/26 11:15:20] D2BS 4660: ÿc2D2BSÿc0 :: Starting default.dbj
[10/05/26 11:15:20] D2BS 4660: ÿc2D2BSÿc0 :: default.dbj running.
[10/05/26 11:15:20] D2BS 4660: Loaded ÿc9[X.nip] [Y.nip] [Z.nip] [V.nip] [B.WCRY.nip]
[10/05/26 11:15:20] D2BS 4660: Loaded ÿc9[B.WCRY.js]
[10/05/26 11:15:20] D2BS 4660: equipped: [Head] 21
[10/05/26 11:15:20] D2BS 4660: equipped: [Neck] 19
[10/05/26 11:15:20] D2BS 4660: equipped: [Body] 18
[10/05/26 11:15:20] D2BS 4660: equipped: [ArmR] 37
[10/05/26 11:15:20] D2BS 4660: equipped: [ArmL] 38
[10/05/26 11:15:20] D2BS 4660: equipped: [RingR] 13
[10/05/26 11:15:20] D2BS 4660: equipped: [RingL] 14
[10/05/26 11:15:20] D2BS 4660: equipped: [Belt] 15
[10/05/26 11:15:20] D2BS 4660: equipped: [Boots] 12
[10/05/26 11:15:20] D2BS 4660: equipped: [Mitts] 13
[10/05/26 11:15:20] D2BS 4660: Loaded ÿc9[AutoSmurf.js]
[10/05/26 11:15:26] D2BS 4660: farmingON
[10/05/26 11:15:27] D2BS 4660: MiniShopBot: true
[10/05/26 11:15:27] D2BS 4660: UseMerc: true HP: 70
[10/05/26 11:15:36] D2BS 4660: [Craft] Caster Ring
[10/05/26 11:15:58] D2BS 4660: equipped: [RingR] 18
[10/05/26 11:16:00] D2BS 4660: Merc matched: Prayer
[10/05/26 11:16:03] D2BS 4660: Token needed
[10/05/26 11:16:07] D2BS 4660: act5+ BO
[10/05/26 11:16:08] D2BS 4660: updateStat
[10/05/26 11:16:20] D2BS 4660: ÿc4=== [BAAL] ===
[10/05/26 11:16:42] D2BS 4660: Baal failed: souls found
[10/05/26 11:16:42] D2BS 4660: ÿc4=== [COUNTESS] ===
[10/05/26 11:17:55] D2BS 4660: ÿc4=== [PIT] ===
[10/05/26 11:20:02] D2BS 4660: ÿc4=== [ANDY] ===
[10/05/26 11:20:57] D2BS 4660: equipped: [Boots] 13
[10/05/26 11:21:18] D2BS 4660: ÿc4=== [MEPHISTO] ===
[10/05/26 11:22:27] D2BS 4660: ÿc4=== [DIABLO] ===
[10/05/26 11:28:43] D2BS 4660: Script ended
[10/05/26 11:28:43] D2BS 4660:  [13:24] +10.95% / [Level 86] 44.60%
[10/05/26 11:28:43] D2BS 4660: Script threads\autobuildthread.js ended
[10/05/26 11:28:43] D2BS 4660: Script threads\partythread.js ended
[10/05/26 11:28:43] D2BS 4660: Script threads\townchicken.js ended
[10/05/26 11:28:57] D2BS 4660: joining game pz-120
[10/05/26 11:28:59] D2BS 4660: ÿc2D2BSÿc0 :: Starting default.dbj
[10/05/26 11:28:59] D2BS 4660: ÿc2D2BSÿc0 :: default.dbj running.
[10/05/26 11:28:59] D2BS 4660: Loaded ÿc9[X.nip] [Y.nip] [Z.nip] [V.nip] [B.WCRY.nip]
[10/05/26 11:28:59] D2BS 4660: Loaded ÿc9[B.WCRY.js]
[10/05/26 11:28:59] D2BS 4660: equipped: [Head] 21
[10/05/26 11:28:59] D2BS 4660: equipped: [Neck] 19
[10/05/26 11:28:59] D2BS 4660: equipped: [Body] 18
[10/05/26 11:28:59] D2BS 4660: equipped: [ArmR] 37
[10/05/26 11:28:59] D2BS 4660: equipped: [ArmL] 38
[10/05/26 11:28:59] D2BS 4660: equipped: [RingR] 18
[10/05/26 11:28:59] D2BS 4660: equipped: [RingL] 14
[10/05/26 11:28:59] D2BS 4660: equipped: [Belt] 15
[10/05/26 11:28:59] D2BS 4660: equipped: [Boots] 13
[10/05/26 11:28:59] D2BS 4660: equipped: [Mitts] 13
[10/05/26 11:28:59] D2BS 4660: updateStat
[10/05/26 11:28:59] D2BS 4660: granted: [Head] 15
[10/05/26 11:28:59] D2BS 4660: granted: [Body] 20
[10/05/26 11:28:59] D2BS 4660: granted: [ArmR] 20
[10/05/26 11:28:59] D2BS 4660: Loaded ÿc9[AutoSmurf.js]
[10/05/26 11:29:04] D2BS 4660: farmingON
[10/05/26 11:29:05] D2BS 4660: MiniShopBot: true
[10/05/26 11:29:05] D2BS 4660: UseMerc: true HP: 70
[10/05/26 11:29:30] D2BS 4660: equipped: [RingL] 15
[10/05/26 11:29:52] D2BS 4660: Merc matched: Prayer
[10/05/26 11:29:57] D2BS 4660: Token needed
[10/05/26 11:30:01] D2BS 4660: act5+ BO
[10/05/26 11:30:14] D2BS 4660: ÿc4=== [BAAL] ===
[10/05/26 11:33:53] D2BS 4660: ÿc4=== [COUNTESS] ===
[10/05/26 11:35:11] D2BS 4660: ÿc4=== [PIT] ===
[10/05/26 11:37:00] D2BS 4660: ÿc4=== [ANDY] ===
[10/05/26 11:37:57] D2BS 4660: ÿc4=== [MEPHISTO] ===
[10/05/26 11:39:16] D2BS 4660: ÿc4=== [DIABLO] ===
[10/05/26 11:45:51] D2BS 4660: party has left: fowo-xa
[10/05/26 11:45:51] D2BS 4660:  [16:53] +15.93% / [Level 86] 60.53%
[10/05/26 11:45:51] D2BS 4660: Script threads\autobuildthread.js ended
[10/05/26 11:45:51] D2BS 4660: Script threads\partythread.js ended
[10/05/26 11:45:51] D2BS 4660: Script threads\townchicken.js ended
[10/05/26 11:45:51] D2BS 4660: Script default.dbj ended
[10/05/26 11:46:05] D2BS 4660: joining game pz-121
[10/05/26 11:46:07] D2BS 4660: ÿc2D2BSÿc0 :: Starting default.dbj
[10/05/26 11:46:07] D2BS 4660: ÿc2D2BSÿc0 :: default.dbj running.
[10/05/26 11:46:07] D2BS 4660: Loaded ÿc9[X.nip] [Y.nip] [Z.nip] [V.nip] [B.WCRY.nip]
[10/05/26 11:46:07] D2BS 4660: Loaded ÿc9[B.WCRY.js]
[10/05/26 11:46:07] D2BS 4660: equipped: [Head] 21
[10/05/26 11:46:07] D2BS 4660: equipped: [Neck] 19
[10/05/26 11:46:07] D2BS 4660: equipped: [Body] 18
[10/05/26 11:46:07] D2BS 4660: equipped: [ArmR] 37
[10/05/26 11:46:07] D2BS 4660: equipped: [ArmL] 38
[10/05/26 11:46:07] D2BS 4660: equipped: [RingR] 18
[10/05/26 11:46:07] D2BS 4660: equipped: [RingL] 15
[10/05/26 11:46:07] D2BS 4660: equipped: [Belt] 15
[10/05/26 11:46:07] D2BS 4660: equipped: [Boots] 0
[10/05/26 11:46:07] D2BS 4660: equipped: [Mitts] 13
[10/05/26 11:46:07] D2BS 4660: updateStat
[10/05/26 11:46:07] D2BS 4660: granted: [Head] 15
[10/05/26 11:46:07] D2BS 4660: granted: [Body] 20
[10/05/26 11:46:07] D2BS 4660: granted: [ArmR] 20
[10/05/26 11:46:07] D2BS 4660: Loaded ÿc9[AutoSmurf.js]
[10/05/26 11:46:12] D2BS 4660: farmingON
[10/05/26 11:46:14] D2BS 4660: MiniShopBot: true
[10/05/26 11:46:14] D2BS 4660: UseMerc: true HP: 70
[10/05/26 11:46:39] D2BS 4660: equipped: [Boots] 11
[10/05/26 11:46:39] D2BS 4660: Merc matched: Prayer
[10/05/26 11:46:45] D2BS 4660: Token needed
[10/05/26 11:46:49] D2BS 4660: act5+ BO
[10/05/26 11:47:02] D2BS 4660: ÿc4=== [BAAL] ===
[10/05/26 11:47:13] D2BS 4660: Baal failed: souls found
[10/05/26 11:47:13] D2BS 4660: ÿc4=== [COUNTESS] ===
[10/05/26 11:48:15] D2BS 4660: ÿc4=== [PIT] ===
[10/05/26 11:50:06] D2BS 4660: ÿc4=== [ANDY] ===
[10/05/26 11:51:23] D2BS 4660: ÿc4=== [MEPHISTO] ===
[10/05/26 11:52:43] D2BS 4660: ÿc4=== [DIABLO] ===
[10/05/26 11:59:51] D2BS 4660: party has left: fowo-xf
[10/05/26 11:59:51] D2BS 4660:  [13:45] +8.14% / [Level 86] 68.67%
[10/05/26 11:59:51] D2BS 4660: Script threads\autobuildthread.js ended
[10/05/26 11:59:51] D2BS 4660: Script threads\partythread.js ended
[10/05/26 11:59:51] D2BS 4660: Script threads\townchicken.js ended
[10/05/26 11:59:51] D2BS 4660: Script default.dbj ended
[10/05/26 12:00:05] D2BS 4660: joining game pz-122
[10/05/26 12:00:07] D2BS 4660: ÿc2D2BSÿc0 :: Starting default.dbj
[10/05/26 12:00:07] D2BS 4660: ÿc2D2BSÿc0 :: default.dbj running.
[10/05/26 12:00:07] D2BS 4660: Loaded ÿc9[X.nip] [Y.nip] [Z.nip] [V.nip] [B.WCRY.nip]
[10/05/26 12:00:07] D2BS 4660: Loaded ÿc9[B.WCRY.js]
[10/05/26 12:00:07] D2BS 4660: equipped: [Head] 21
[10/05/26 12:00:07] D2BS 4660: equipped: [Neck] 19
[10/05/26 12:00:07] D2BS 4660: equipped: [Body] 18
[10/05/26 12:00:07] D2BS 4660: equipped: [ArmR] 37
[10/05/26 12:00:07] D2BS 4660: equipped: [ArmL] 38
[10/05/26 12:00:07] D2BS 4660: equipped: [RingR] 18
[10/05/26 12:00:07] D2BS 4660: equipped: [RingL] 15
[10/05/26 12:00:07] D2BS 4660: equipped: [Belt] 15
[10/05/26 12:00:07] D2BS 4660: equipped: [Boots] 11
[10/05/26 12:00:07] D2BS 4660: equipped: [Mitts] 13
[10/05/26 12:00:07] D2BS 4660: updateStat
[10/05/26 12:00:08] D2BS 4660: granted: [Head] 15
[10/05/26 12:00:08] D2BS 4660: granted: [Body] 20
[10/05/26 12:00:08] D2BS 4660: granted: [ArmR] 20
[10/05/26 12:00:08] D2BS 4660: Loaded ÿc9[AutoSmurf.js]
[10/05/26 12:00:13] D2BS 4660: farmingON
[10/05/26 12:00:18] D2BS 4660: MiniShopBot: true
[10/05/26 12:00:18] D2BS 4660: UseMerc: true HP: 70
[10/05/26 12:00:39] D2BS 4660: Merc matched: Prayer
[10/05/26 12:00:48] D2BS 4660: Token needed
[10/05/26 12:00:53] D2BS 4660: act5+ BO
[10/05/26 12:01:06] D2BS 4660: ÿc4=== [BAAL] ===
[10/05/26 12:05:05] D2BS 4660: ÿc4=== [COUNTESS] ===
[10/05/26 12:06:33] D2BS 4660: ÿc4=== [PIT] ===
[10/05/26 12:08:13] D2BS 4660: ÿc4=== [ANDY] ===
[10/05/26 12:09:12] D2BS 4660: ÿc4=== [MEPHISTO] ===
[10/05/26 12:10:22] D2BS 4660: granted: [ArmR] 21
[10/05/26 12:10:51] D2BS 4660: ÿc4=== [DIABLO] ===
[10/05/26 12:17:18] D2BS 4660: party has left: fowo-xa
[10/05/26 12:17:19] D2BS 4660:  [17:12] +16.35% / [Level 86] 85.02%
[10/05/26 12:17:19] D2BS 4660: Script threads\autobuildthread.js ended
[10/05/26 12:17:19] D2BS 4660: Script threads\partythread.js ended
[10/05/26 12:17:19] D2BS 4660: Script threads\townchicken.js ended
[10/05/26 12:17:19] D2BS 4660: Script default.dbj ended
[10/05/26 12:17:31] D2BS 4660: joining game pz-123
[10/05/26 12:17:33] D2BS 4660: ÿc2D2BSÿc0 :: Starting default.dbj
[10/05/26 12:17:33] D2BS 4660: ÿc2D2BSÿc0 :: default.dbj running.
[10/05/26 12:17:33] D2BS 4660: Loaded ÿc9[X.nip] [Y.nip] [Z.nip] [V.nip] [B.WCRY.nip]
[10/05/26 12:17:33] D2BS 4660: Loaded ÿc9[B.WCRY.js]
[10/05/26 12:17:34] D2BS 4660: equipped: [Head] 21
[10/05/26 12:17:34] D2BS 4660: equipped: [Neck] 19
[10/05/26 12:17:34] D2BS 4660: equipped: [Body] 18
[10/05/26 12:17:34] D2BS 4660: equipped: [ArmR] 37
[10/05/26 12:17:34] D2BS 4660: equipped: [ArmL] 38
[10/05/26 12:17:34] D2BS 4660: equipped: [RingR] 18
[10/05/26 12:17:34] D2BS 4660: equipped: [RingL] 15
[10/05/26 12:17:34] D2BS 4660: equipped: [Belt] 15
[10/05/26 12:17:34] D2BS 4660: equipped: [Boots] 11
[10/05/26 12:17:34] D2BS 4660: equipped: [Mitts] 13
[10/05/26 12:17:34] D2BS 4660: updateStat
[10/05/26 12:17:34] D2BS 4660: granted: [Head] 15
[10/05/26 12:17:34] D2BS 4660: granted: [Body] 20
[10/05/26 12:17:34] D2BS 4660: granted: [ArmR] 21
[10/05/26 12:17:34] D2BS 4660: Loaded ÿc9[AutoSmurf.js]
[10/05/26 12:17:40] D2BS 4660: farmingON
[10/05/26 12:17:42] D2BS 4660: MiniShopBot: true
[10/05/26 12:17:42] D2BS 4660: UseMerc: true HP: 70
[10/05/26 12:18:09] D2BS 4660: Merc matched: Prayer
[10/05/26 12:18:14] D2BS 4660: Token needed
[10/05/26 12:18:18] D2BS 4660: act5+ BO
[10/05/26 12:18:30] D2BS 4660: ÿc4=== [BAAL] ===
[10/05/26 12:21:39] D2BS 4660: ÿc4=== [COUNTESS] ===
[10/05/26 12:22:55] D2BS 4660: ÿc4=== [PIT] ===
[10/05/26 12:24:22] D2BS 4660: ÿc4=== [ANDY] ===
[10/05/26 12:25:15] D2BS 4660: ÿc4=== [MEPHISTO] ===
[10/05/26 12:26:20] D2BS 4660: ÿc4=== [DIABLO] ===
[10/05/26 12:32:02] D2BS 4660: Script ended
[10/05/26 12:32:02] D2BS 4660:  [14:29] +14.12% / [Level 86] 99.15%
[10/05/26 12:32:02] D2BS 4660: Script threads\autobuildthread.js ended
[10/05/26 12:32:02] D2BS 4660: Script threads\partythread.js ended
[10/05/26 12:32:02] D2BS 4660: Script threads\townchicken.js ended
[10/05/26 12:32:15] D2BS 4660: joining game pz-124
[10/05/26 12:32:17] D2BS 4660: ÿc2D2BSÿc0 :: Starting default.dbj
[10/05/26 12:32:17] D2BS 4660: ÿc2D2BSÿc0 :: default.dbj running.
[10/05/26 12:32:17] D2BS 4660: Loaded ÿc9[X.nip] [Y.nip] [Z.nip] [V.nip] [B.WCRY.nip]
[10/05/26 12:32:17] D2BS 4660: Loaded ÿc9[B.WCRY.js]
[10/05/26 12:32:17] D2BS 4660: equipped: [Head] 21
[10/05/26 12:32:17] D2BS 4660: equipped: [Neck] 19
[10/05/26 12:32:17] D2BS 4660: equipped: [Body] 18
[10/05/26 12:32:17] D2BS 4660: equipped: [ArmR] 37
[10/05/26 12:32:17] D2BS 4660: equipped: [ArmL] 38
[10/05/26 12:32:17] D2BS 4660: equipped: [RingR] 18
[10/05/26 12:32:17] D2BS 4660: equipped: [RingL] 15
[10/05/26 12:32:17] D2BS 4660: equipped: [Belt] 15
[10/05/26 12:32:17] D2BS 4660: equipped: [Boots] 11
[10/05/26 12:32:18] D2BS 4660: equipped: [Mitts] 13
[10/05/26 12:32:18] D2BS 4660: updateStat
[10/05/26 12:32:18] D2BS 4660: granted: [Head] 15
[10/05/26 12:32:18] D2BS 4660: granted: [Body] 20
[10/05/26 12:32:18] D2BS 4660: granted: [ArmR] 21
[10/05/26 12:32:18] D2BS 4660: Loaded ÿc9[AutoSmurf.js]
[10/05/26 12:32:23] D2BS 4660: farmingON
[10/05/26 12:32:25] D2BS 4660: MiniShopBot: true
[10/05/26 12:32:25] D2BS 4660: UseMerc: true HP: 70
[10/05/26 12:32:48] D2BS 4660: Merc matched: Prayer
[10/05/26 12:33:01] D2BS 4660: act5+ BO
[10/05/26 12:33:13] D2BS 4660: ÿc4=== [BAAL] ===
[10/05/26 12:36:43] D2BS 4660: ÿc4=== [COUNTESS] ===
[10/05/26 12:37:50] D2BS 4660: ÿc4=== [PIT] ===
[10/05/26 12:39:37] D2BS 4660: ÿc4=== [ANDY] ===
[10/05/26 12:40:34] D2BS 4660: ÿc4=== [MEPHISTO] ===
[10/05/26 12:41:41] D2BS 4660: ÿc4=== [DIABLO] ===
[10/05/26 12:46:35] D2BS 4660: party has left: fowo-xb
[10/05/26 12:46:35] D2BS 4660:  [14:18] +9.83% / [Level 87] 9.04%
[10/05/26 12:46:35] D2BS 4660: Script threads\autobuildthread.js ended
[10/05/26 12:46:35] D2BS 4660: Script threads\partythread.js ended
[10/05/26 12:46:35] D2BS 4660: Script threads\townchicken.js ended
[10/05/26 12:46:35] D2BS 4660: Script default.dbj ended
[10/05/26 12:46:48] D2BS 4660: joining game pz-125
[10/05/26 12:46:50] D2BS 4660: ÿc2D2BSÿc0 :: Starting default.dbj
[10/05/26 12:46:50] D2BS 4660: ÿc2D2BSÿc0 :: default.dbj running.
[10/05/26 12:46:51] D2BS 4660: Loaded ÿc9[X.nip] [Y.nip] [Z.nip] [V.nip] [B.WCRY.nip]
[10/05/26 12:46:51] D2BS 4660: Loaded ÿc9[B.WCRY.js]
[10/05/26 12:46:51] D2BS 4660: equipped: [Head] 21
[10/05/26 12:46:51] D2BS 4660: equipped: [Neck] 19
[10/05/26 12:46:51] D2BS 4660: equipped: [Body] 18
[10/05/26 12:46:51] D2BS 4660: equipped: [ArmR] 37
[10/05/26 12:46:51] D2BS 4660: equipped: [ArmL] 38
[10/05/26 12:46:51] D2BS 4660: equipped: [RingR] 18
[10/05/26 12:46:51] D2BS 4660: equipped: [RingL] 15
[10/05/26 12:46:51] D2BS 4660: equipped: [Belt] 15
[10/05/26 12:46:51] D2BS 4660: equipped: [Boots] 11
[10/05/26 12:46:51] D2BS 4660: equipped: [Mitts] 13
[10/05/26 12:46:51] D2BS 4660: updateStat
[10/05/26 12:46:51] D2BS 4660: granted: [Head] 15
[10/05/26 12:46:51] D2BS 4660: granted: [Body] 20
[10/05/26 12:46:51] D2BS 4660: granted: [ArmR] 21
[10/05/26 12:46:51] D2BS 4660: Loaded ÿc9[AutoSmurf.js]
[10/05/26 12:46:55] D2BS 4660: farmingON
[10/05/26 12:46:56] D2BS 4660: MiniShopBot: true
[10/05/26 12:46:56] D2BS 4660: UseMerc: true HP: 70
[10/05/26 12:47:14] D2BS 4660: Merc matched: Prayer
[10/05/26 12:47:28] D2BS 4660: Token needed
[10/05/26 12:47:31] D2BS 4660: act5+ BO
[10/05/26 12:47:44] D2BS 4660: ÿc4=== [BAAL] ===
[10/05/26 12:48:03] D2BS 4660: Baal failed: souls found
[10/05/26 12:48:03] D2BS 4660: ÿc4=== [COUNTESS] ===
[10/05/26 12:49:19] D2BS 4660: ÿc4=== [PIT] ===
[10/05/26 12:50:39] D2BS 4660: ÿc4=== [ANDY] ===
[10/05/26 12:51:34] D2BS 4660: ÿc4=== [MEPHISTO] ===
[10/05/26 12:52:47] D2BS 4660: ÿc4=== [DIABLO] ===
[10/05/26 12:58:33] D2BS 4660: party has left: fowo-xf
[10/05/26 12:58:33] D2BS 4660:  [11:43] +5.40% / [Level 87] 14.45%
[10/05/26 12:58:33] D2BS 4660: Script threads\autobuildthread.js ended
[10/05/26 12:58:33] D2BS 4660: Script threads\partythread.js ended
[10/05/26 12:58:33] D2BS 4660: Script threads\townchicken.js ended
[10/05/26 12:58:34] D2BS 4660: Script default.dbj ended
[10/05/26 12:58:45] D2BS 4660: joining game pz-126
[10/05/26 12:58:48] D2BS 4660: ÿc2D2BSÿc0 :: Starting default.dbj
[10/05/26 12:58:48] D2BS 4660: ÿc2D2BSÿc0 :: default.dbj running.
[10/05/26 12:58:48] D2BS 4660: Loaded ÿc9[X.nip] [Y.nip] [Z.nip] [V.nip] [B.WCRY.nip]
[10/05/26 12:58:48] D2BS 4660: Loaded ÿc9[B.WCRY.js]
[10/05/26 12:58:48] D2BS 4660: equipped: [Head] 21
[10/05/26 12:58:48] D2BS 4660: equipped: [Neck] 19
[10/05/26 12:58:48] D2BS 4660: equipped: [Body] 18
[10/05/26 12:58:48] D2BS 4660: equipped: [ArmR] 37
[10/05/26 12:58:48] D2BS 4660: equipped: [ArmL] 38
[10/05/26 12:58:48] D2BS 4660: equipped: [RingR] 18
[10/05/26 12:58:48] D2BS 4660: equipped: [RingL] 15
[10/05/26 12:58:48] D2BS 4660: equipped: [Belt] 15
[10/05/26 12:58:48] D2BS 4660: equipped: [Boots] 11
[10/05/26 12:58:48] D2BS 4660: equipped: [Mitts] 13
[10/05/26 12:58:48] D2BS 4660: updateStat
[10/05/26 12:58:48] D2BS 4660: granted: [Head] 15
[10/05/26 12:58:48] D2BS 4660: granted: [Body] 20
[10/05/26 12:58:48] D2BS 4660: granted: [ArmR] 21
[10/05/26 12:58:48] D2BS 4660: Loaded ÿc9[AutoSmurf.js]
[10/05/26 12:58:52] D2BS 4660: MiniShopBot: true
[10/05/26 12:58:52] D2BS 4660: farmingON
[10/05/26 12:58:52] D2BS 4660: UseMerc: true HP: 70
[10/05/26 12:59:13] D2BS 4660: Merc matched: Prayer
[10/05/26 12:59:27] D2BS 4660: Token needed
[10/05/26 12:59:32] D2BS 4660: act5+ BO
[10/05/26 12:59:44] D2BS 4660: ÿc4=== [BAAL] ===
[10/05/26 12:59:58] D2BS 4660: party has left: fowo-xa
[10/05/26 12:59:58] D2BS 4660: no exp [01:10]
[10/05/26 12:59:58] D2BS 4660: Script threads\autobuildthread.js ended
[10/05/26 12:59:58] D2BS 4660: Script threads\partythread.js ended
[10/05/26 12:59:58] D2BS 4660: Script threads\townchicken.js ended
[10/05/26 12:59:58] D2BS 4660: Script default.dbj ended
[10/05/26 13:00:09] D2BS 4660: joining game pz-127
[10/05/26 13:00:10] D2BS 4660: ÿc2D2BSÿc0 :: Starting default.dbj
[10/05/26 13:00:10] D2BS 4660: ÿc2D2BSÿc0 :: default.dbj running.
[10/05/26 13:00:10] D2BS 4660: Loaded ÿc9[X.nip] [Y.nip] [Z.nip] [V.nip] [B.WCRY.nip]
[10/05/26 13:00:10] D2BS 4660: Loaded ÿc9[B.WCRY.js]
[10/05/26 13:00:10] D2BS 4660: equipped: [Head] 21
[10/05/26 13:00:10] D2BS 4660: equipped: [Neck] 19
[10/05/26 13:00:10] D2BS 4660: equipped: [Body] 18
[10/05/26 13:00:10] D2BS 4660: equipped: [ArmR] 37
[10/05/26 13:00:10] D2BS 4660: equipped: [ArmL] 38
[10/05/26 13:00:10] D2BS 4660: equipped: [RingR] 18
[10/05/26 13:00:10] D2BS 4660: equipped: [RingL] 15
[10/05/26 13:00:10] D2BS 4660: equipped: [Belt] 15
[10/05/26 13:00:10] D2BS 4660: equipped: [Boots] 11
[10/05/26 13:00:10] D2BS 4660: equipped: [Mitts] 13
[10/05/26 13:00:10] D2BS 4660: updateStat
[10/05/26 13:00:10] D2BS 4660: granted: [Head] 15
[10/05/26 13:00:10] D2BS 4660: granted: [Body] 20
[10/05/26 13:00:10] D2BS 4660: granted: [ArmR] 21
[10/05/26 13:00:11] D2BS 4660: Loaded ÿc9[AutoSmurf.js]
[10/05/26 13:00:14] D2BS 4660: farmingON
[10/05/26 13:00:15] D2BS 4660: MiniShopBot: true
[10/05/26 13:00:15] D2BS 4660: UseMerc: true HP: 70
[10/05/26 13:00:30] D2BS 4660: Merc matched: Prayer
[10/05/26 13:00:39] D2BS 4660: Token needed
[10/05/26 13:00:42] D2BS 4660: act5+ BO
[10/05/26 13:00:55] D2BS 4660: ÿc4=== [BAAL] ===
[10/05/26 13:01:19] D2BS 4660: Baal failed: souls found
[10/05/26 13:01:19] D2BS 4660: ÿc4=== [COUNTESS] ===
[10/05/26 13:02:40] D2BS 4660: ÿc4=== [PIT] ===
[10/05/26 13:04:37] D2BS 4660: ÿc4=== [ANDY] ===
[10/05/26 13:05:44] D2BS 4660: ÿc4=== [MEPHISTO] ===
[10/05/26 13:08:59] D2BS 4660: party has left: fowo-xf
[10/05/26 13:08:59] D2BS 4660:  [08:48] +2.18% / [Level 87] 16.63%
[10/05/26 13:08:59] D2BS 4660: Script threads\autobuildthread.js ended
[10/05/26 13:08:59] D2BS 4660: Script threads\partythread.js ended
[10/05/26 13:08:59] D2BS 4660: Script threads\townchicken.js ended
[10/05/26 13:08:59] D2BS 4660: Script default.dbj ended
[10/05/26 13:09:12] D2BS 4660: joining game pz-128
[10/05/26 13:09:14] D2BS 4660: ÿc2D2BSÿc0 :: Starting default.dbj
[10/05/26 13:09:14] D2BS 4660: ÿc2D2BSÿc0 :: default.dbj running.
[10/05/26 13:09:14] D2BS 4660: Loaded ÿc9[X.nip] [Y.nip] [Z.nip] [V.nip] [B.WCRY.nip]
[10/05/26 13:09:14] D2BS 4660: Loaded ÿc9[B.WCRY.js]
[10/05/26 13:09:14] D2BS 4660: equipped: [Head] 21
[10/05/26 13:09:14] D2BS 4660: equipped: [Neck] 19
[10/05/26 13:09:14] D2BS 4660: equipped: [Body] 18
[10/05/26 13:09:14] D2BS 4660: equipped: [ArmR] 37
[10/05/26 13:09:14] D2BS 4660: equipped: [ArmL] 38
[10/05/26 13:09:14] D2BS 4660: equipped: [RingR] 18
[10/05/26 13:09:14] D2BS 4660: equipped: [RingL] 15
[10/05/26 13:09:14] D2BS 4660: equipped: [Belt] 15
[10/05/26 13:09:14] D2BS 4660: equipped: [Boots] 11
[10/05/26 13:09:14] D2BS 4660: equipped: [Mitts] 13
[10/05/26 13:09:14] D2BS 4660: Loaded ÿc9[AutoSmurf.js]
[10/05/26 13:09:19] D2BS 4660: MiniShopBot: true
[10/05/26 13:09:19] D2BS 4660: farmingON
[10/05/26 13:09:19] D2BS 4660: UseMerc: true HP: 70
[10/05/26 13:09:39] D2BS 4660: Merc matched: Prayer
[10/05/26 13:09:49] D2BS 4660: Token needed
[10/05/26 13:09:54] D2BS 4660: act5+ BO
[10/05/26 13:09:56] D2BS 4660: updateStat
[10/05/26 13:10:07] D2BS 4660: ÿc4=== [BAAL] ===
[10/05/26 13:13:47] D2BS 4660: ÿc4=== [COUNTESS] ===
[10/05/26 13:14:50] D2BS 4660: ÿc4=== [PIT] ===
[10/05/26 13:16:10] D2BS 4660: ÿc4=== [ANDY] ===
[10/05/26 13:17:08] D2BS 4660: ÿc4=== [MEPHISTO] ===
[10/05/26 13:18:39] D2BS 4660: ÿc4=== [DIABLO] ===
[10/05/26 13:24:24] D2BS 4660: party has left: fowo-xb
[10/05/26 13:24:24] D2BS 4660:  [15:10] +10.24% / [Level 87] 26.87%
[10/05/26 13:24:24] D2BS 4660: Script threads\autobuildthread.js ended
[10/05/26 13:24:24] D2BS 4660: Script threads\partythread.js ended
[10/05/26 13:24:24] D2BS 4660: Script threads\townchicken.js ended
[10/05/26 13:24:24] D2BS 4660: Script default.dbj ended
[10/05/26 13:24:35] D2BS 4660: joining game pz-129
[10/05/26 13:24:37] D2BS 4660: ÿc2D2BSÿc0 :: Starting default.dbj
[10/05/26 13:24:37] D2BS 4660: ÿc2D2BSÿc0 :: default.dbj running.
[10/05/26 13:24:38] D2BS 4660: Loaded ÿc9[X.nip] [Y.nip] [Z.nip] [V.nip] [B.WCRY.nip]
[10/05/26 13:24:38] D2BS 4660: Loaded ÿc9[B.WCRY.js]
[10/05/26 13:24:38] D2BS 4660: equipped: [Head] 21
[10/05/26 13:24:38] D2BS 4660: equipped: [Neck] 19
[10/05/26 13:24:38] D2BS 4660: equipped: [Body] 18
[10/05/26 13:24:38] D2BS 4660: equipped: [ArmR] 37
[10/05/26 13:24:38] D2BS 4660: equipped: [ArmL] 38
[10/05/26 13:24:38] D2BS 4660: equipped: [RingR] 18
[10/05/26 13:24:38] D2BS 4660: equipped: [RingL] 15
[10/05/26 13:24:38] D2BS 4660: equipped: [Belt] 15
[10/05/26 13:24:38] D2BS 4660: equipped: [Boots] 11
[10/05/26 13:24:38] D2BS 4660: equipped: [Mitts] 13
[10/05/26 13:24:38] D2BS 4660: updateStat
[10/05/26 13:24:38] D2BS 4660: granted: [Head] 15
[10/05/26 13:24:38] D2BS 4660: granted: [Body] 20
[10/05/26 13:24:38] D2BS 4660: granted: [ArmR] 21
[10/05/26 13:24:38] D2BS 4660: Loaded ÿc9[AutoSmurf.js]
[10/05/26 13:24:44] D2BS 4660: farmingON
[10/05/26 13:24:45] D2BS 4660: MiniShopBot: true
[10/05/26 13:24:45] D2BS 4660: UseMerc: true HP: 70
[10/05/26 13:25:06] D2BS 4660: Merc matched: Prayer
[10/05/26 13:25:15] D2BS 4660: Token needed
[10/05/26 13:25:19] D2BS 4660: act5+ BO
[10/05/26 13:25:33] D2BS 4660: ÿc4=== [BAAL] ===
[10/05/26 13:29:21] D2BS 4660: ÿc4=== [COUNTESS] ===
[10/05/26 13:30:30] D2BS 4660: ÿc4=== [PIT] ===
[10/05/26 13:32:07] D2BS 4660: ÿc4=== [ANDY] ===
[10/05/26 13:33:01] D2BS 4660: ÿc4=== [MEPHISTO] ===
[10/05/26 13:34:23] D2BS 4660: ÿc4=== [DIABLO] ===
[10/05/26 13:40:22] D2BS 4660: party has left: fowo-xg
[10/05/26 13:40:22] D2BS 4660:  [15:46] +11.97% / [Level 87] 38.84%
[10/05/26 13:40:22] D2BS 4660: Script threads\autobuildthread.js ended
[10/05/26 13:40:23] D2BS 4660: Script threads\partythread.js ended
[10/05/26 13:40:23] D2BS 4660: Script threads\townchicken.js ended
[10/05/26 13:40:23] D2BS 4660: Script default.dbj ended
[10/05/26 13:40:35] D2BS 4660: joining game pz-130
[10/05/26 13:40:38] D2BS 4660: ÿc2D2BSÿc0 :: Starting default.dbj
[10/05/26 13:40:38] D2BS 4660: ÿc2D2BSÿc0 :: default.dbj running.
[10/05/26 13:40:38] D2BS 4660: Loaded ÿc9[X.nip] [Y.nip] [Z.nip] [V.nip] [B.WCRY.nip]
[10/05/26 13:40:38] D2BS 4660: Loaded ÿc9[B.WCRY.js]
[10/05/26 13:40:38] D2BS 4660: equipped: [Head] 21
[10/05/26 13:40:38] D2BS 4660: equipped: [Neck] 19
[10/05/26 13:40:38] D2BS 4660: equipped: [Body] 18
[10/05/26 13:40:38] D2BS 4660: equipped: [ArmR] 37
[10/05/26 13:40:38] D2BS 4660: equipped: [ArmL] 38
[10/05/26 13:40:38] D2BS 4660: equipped: [RingR] 18
[10/05/26 13:40:38] D2BS 4660: equipped: [RingL] 15
[10/05/26 13:40:38] D2BS 4660: equipped: [Belt] 15
[10/05/26 13:40:38] D2BS 4660: equipped: [Boots] 11
[10/05/26 13:40:38] D2BS 4660: equipped: [Mitts] 13
[10/05/26 13:40:38] D2BS 4660: updateStat
[10/05/26 13:40:38] D2BS 4660: granted: [Head] 15
[10/05/26 13:40:38] D2BS 4660: granted: [Body] 20
[10/05/26 13:40:38] D2BS 4660: granted: [ArmR] 21
[10/05/26 13:40:38] D2BS 4660: Loaded ÿc9[AutoSmurf.js]
[10/05/26 13:40:43] D2BS 4660: farmingON
[10/05/26 13:40:45] D2BS 4660: MiniShopBot: true
[10/05/26 13:40:45] D2BS 4660: UseMerc: true HP: 70
[10/05/26 13:41:09] D2BS 4660: Merc matched: Prayer
[10/05/26 13:41:15] D2BS 4660: Token needed
[10/05/26 13:41:18] D2BS 4660: act5+ BO
[10/05/26 13:41:31] D2BS 4660: ÿc4=== [BAAL] ===
[10/05/26 13:45:40] D2BS 4660: ÿc4=== [COUNTESS] ===
[10/05/26 13:46:53] D2BS 4660: ÿc4=== [PIT] ===
[10/05/26 13:48:33] D2BS 4660: ÿc4=== [ANDY] ===
[10/05/26 13:49:30] D2BS 4660: ÿc4=== [MEPHISTO] ===
[10/05/26 13:50:46] D2BS 4660: ÿc4=== [DIABLO] ===
[10/05/26 13:50:52] D2BS 4660: ÿc4[Runeword] ÿc0Smoke Mage Plate
[10/05/26 13:51:18] D2BS 4660: equipped: [Body] 21
[10/05/26 13:57:09] D2BS 4660: party has left: fowo-xb
[10/05/26 13:57:09] D2BS 4660:  [16:32] +11.57% / [Level 87] 50.42%
[10/05/26 13:57:09] D2BS 4660: Script threads\autobuildthread.js ended
[10/05/26 13:57:09] D2BS 4660: Script threads\partythread.js ended
[10/05/26 13:57:09] D2BS 4660: Script threads\townchicken.js ended
[10/05/26 13:57:09] D2BS 4660: Script default.dbj ended
[10/05/26 13:57:21] D2BS 4660: joining game pz-131
[10/05/26 13:57:24] D2BS 4660: ÿc2D2BSÿc0 :: Starting default.dbj
[10/05/26 13:57:24] D2BS 4660: ÿc2D2BSÿc0 :: default.dbj running.
[10/05/26 13:57:24] D2BS 4660: Loaded ÿc9[X.nip] [Y.nip] [Z.nip] [V.nip] [B.WCRY.nip]
[10/05/26 13:57:24] D2BS 4660: Loaded ÿc9[B.WCRY.js]
[10/05/26 13:57:24] D2BS 4660: equipped: [Head] 21
[10/05/26 13:57:24] D2BS 4660: equipped: [Neck] 19
[10/05/26 13:57:24] D2BS 4660: equipped: [Body] 21
[10/05/26 13:57:24] D2BS 4660: equipped: [ArmR] 37
[10/05/26 13:57:24] D2BS 4660: equipped: [ArmL] 38
[10/05/26 13:57:24] D2BS 4660: equipped: [RingR] 18
[10/05/26 13:57:24] D2BS 4660: equipped: [RingL] 15
[10/05/26 13:57:24] D2BS 4660: equipped: [Belt] 15
[10/05/26 13:57:24] D2BS 4660: equipped: [Boots] 11
[10/05/26 13:57:24] D2BS 4660: equipped: [Mitts] 13
[10/05/26 13:57:24] D2BS 4660: updateStat
[10/05/26 13:57:24] D2BS 4660: granted: [Head] 15
[10/05/26 13:57:24] D2BS 4660: granted: [Body] 20
[10/05/26 13:57:24] D2BS 4660: granted: [ArmR] 21
[10/05/26 13:57:24] D2BS 4660: Loaded ÿc9[AutoSmurf.js]
[10/05/26 13:57:29] D2BS 4660: farmingON
[10/05/26 13:57:33] D2BS 4660: MiniShopBot: true
[10/05/26 13:57:33] D2BS 4660: UseMerc: true HP: 70
[10/05/26 13:57:56] D2BS 4660: Merc matched: Prayer
[10/05/26 13:58:04] D2BS 4660: Token needed
[10/05/26 13:58:08] D2BS 4660: act5+ BO
[10/05/26 13:58:21] D2BS 4660: ÿc4=== [BAAL] ===
[10/05/26 13:58:36] D2BS 4660: Baal failed: souls found
[10/05/26 13:58:36] D2BS 4660: ÿc4=== [COUNTESS] ===
[10/05/26 13:59:47] D2BS 4660: ÿc4=== [PIT] ===
[10/05/26 14:01:18] D2BS 4660: ÿc4=== [ANDY] ===
[10/05/26 14:02:10] D2BS 4660: ÿc4=== [MEPHISTO] ===
[10/05/26 14:03:33] D2BS 4660: ÿc4=== [DIABLO] ===
[10/05/26 14:05:59] D2BS 4660: party has left: fowo-xc
[10/05/26 14:05:59] D2BS 4660:  [08:36] +1.91% / [Level 87] 52.32%
[10/05/26 14:05:59] D2BS 4660: Script threads\autobuildthread.js ended
[10/05/26 14:05:59] D2BS 4660: party has left: fowo-xc
[10/05/26 14:05:59] D2BS 4660: Script threads\partythread.js ended
[10/05/26 14:05:59] D2BS 4660: Script threads\townchicken.js ended
[10/05/26 14:05:59] D2BS 4660: Script default.dbj ended
[10/05/26 14:06:13] D2BS 4660: joining game pz-132
[10/05/26 14:06:15] D2BS 4660: ÿc2D2BSÿc0 :: Starting default.dbj
[10/05/26 14:06:15] D2BS 4660: ÿc2D2BSÿc0 :: default.dbj running.
[10/05/26 14:06:15] D2BS 4660: Loaded ÿc9[X.nip] [Y.nip] [Z.nip] [V.nip] [B.WCRY.nip]
[10/05/26 14:06:15] D2BS 4660: Loaded ÿc9[B.WCRY.js]
[10/05/26 14:06:15] D2BS 4660: equipped: [Head] 21
[10/05/26 14:06:15] D2BS 4660: equipped: [Neck] 19
[10/05/26 14:06:15] D2BS 4660: equipped: [Body] 21
[10/05/26 14:06:15] D2BS 4660: equipped: [ArmR] 37
[10/05/26 14:06:15] D2BS 4660: equipped: [ArmL] 38
[10/05/26 14:06:15] D2BS 4660: equipped: [RingR] 18
[10/05/26 14:06:15] D2BS 4660: equipped: [RingL] 15
[10/05/26 14:06:15] D2BS 4660: equipped: [Belt] 15
[10/05/26 14:06:15] D2BS 4660: equipped: [Boots] 11
[10/05/26 14:06:15] D2BS 4660: equipped: [Mitts] 13
[10/05/26 14:06:15] D2BS 4660: updateStat
[10/05/26 14:06:15] D2BS 4660: granted: [Head] 15
[10/05/26 14:06:15] D2BS 4660: granted: [Body] 20
[10/05/26 14:06:15] D2BS 4660: granted: [ArmR] 21
[10/05/26 14:06:15] D2BS 4660: Loaded ÿc9[AutoSmurf.js]
[10/05/26 14:06:20] D2BS 4660: farmingON
[10/05/26 14:06:20] D2BS 4660: MiniShopBot: true
[10/05/26 14:06:20] D2BS 4660: UseMerc: true HP: 70
[10/05/26 14:06:42] D2BS 4660: Merc matched: Prayer
[10/05/26 14:06:54] D2BS 4660: Token needed
[10/05/26 14:06:57] D2BS 4660: act5+ BO
[10/05/26 14:07:10] D2BS 4660: ÿc4=== [BAAL] ===
[10/05/26 14:10:24] D2BS 4660: ÿc4=== [COUNTESS] ===
[10/05/26 14:10:59] D2BS 4660: party has left: fowo-xg
[10/05/26 14:10:59] D2BS 4660:  [04:45] +4.87% / [Level 87] 57.19%
[10/05/26 14:10:59] D2BS 4660: Script threads\autobuildthread.js ended
[10/05/26 14:10:59] D2BS 4660: Script threads\partythread.js ended
[10/05/26 14:10:59] D2BS 4660: Script threads\townchicken.js ended
[10/05/26 14:10:59] D2BS 4660: Script default.dbj ended
[10/05/26 14:11:11] D2BS 4660: joining game pz-133
[10/05/26 14:11:12] D2BS 4660: ÿc2D2BSÿc0 :: Starting default.dbj
[10/05/26 14:11:12] D2BS 4660: ÿc2D2BSÿc0 :: default.dbj running.
[10/05/26 14:11:13] D2BS 4660: Loaded ÿc9[X.nip] [Y.nip] [Z.nip] [V.nip] [B.WCRY.nip]
[10/05/26 14:11:13] D2BS 4660: Loaded ÿc9[B.WCRY.js]
[10/05/26 14:11:13] D2BS 4660: equipped: [Head] 21
[10/05/26 14:11:13] D2BS 4660: equipped: [Neck] 19
[10/05/26 14:11:13] D2BS 4660: equipped: [Body] 21
[10/05/26 14:11:13] D2BS 4660: equipped: [ArmR] 37
[10/05/26 14:11:13] D2BS 4660: equipped: [ArmL] 38
[10/05/26 14:11:13] D2BS 4660: equipped: [RingR] 18
[10/05/26 14:11:13] D2BS 4660: equipped: [RingL] 15
[10/05/26 14:11:13] D2BS 4660: equipped: [Belt] 15
[10/05/26 14:11:13] D2BS 4660: equipped: [Boots] 11
[10/05/26 14:11:13] D2BS 4660: equipped: [Mitts] 13
[10/05/26 14:11:13] D2BS 4660: updateStat
[10/05/26 14:11:13] D2BS 4660: granted: [Head] 15
[10/05/26 14:11:13] D2BS 4660: granted: [Body] 20
[10/05/26 14:11:13] D2BS 4660: granted: [ArmR] 21
[10/05/26 14:11:13] D2BS 4660: Loaded ÿc9[AutoSmurf.js]
[10/05/26 14:11:16] D2BS 4660: farmingON
[10/05/26 14:11:16] D2BS 4660: MiniShopBot: true
[10/05/26 14:11:16] D2BS 4660: UseMerc: true HP: 70
[10/05/26 14:11:35] D2BS 4660: Merc matched: Prayer
[10/05/26 14:11:44] D2BS 4660: Token needed
[10/05/26 14:11:48] D2BS 4660: act5+ BO
[10/05/26 14:12:00] D2BS 4660: ÿc4=== [BAAL] ===
[10/05/26 14:12:15] D2BS 4660: party has left: fowo-xa
[10/05/26 14:12:15] D2BS 4660: no exp [01:03]
[10/05/26 14:12:15] D2BS 4660: Script threads\autobuildthread.js ended
[10/05/26 14:12:15] D2BS 4660: Script threads\partythread.js ended
[10/05/26 14:12:15] D2BS 4660: Script threads\townchicken.js ended
[10/05/26 14:12:15] D2BS 4660: Script default.dbj ended
[10/05/26 14:12:30] D2BS 4660: joining game pz-134
[10/05/26 14:12:31] D2BS 4660: ÿc2D2BSÿc0 :: Starting default.dbj
[10/05/26 14:12:31] D2BS 4660: ÿc2D2BSÿc0 :: default.dbj running.
[10/05/26 14:12:32] D2BS 4660: Loaded ÿc9[X.nip] [Y.nip] [Z.nip] [V.nip] [B.WCRY.nip]
[10/05/26 14:12:32] D2BS 4660: Loaded ÿc9[B.WCRY.js]
[10/05/26 14:12:32] D2BS 4660: equipped: [Head] 21
[10/05/26 14:12:32] D2BS 4660: equipped: [Neck] 19
[10/05/26 14:12:32] D2BS 4660: equipped: [Body] 21
[10/05/26 14:12:32] D2BS 4660: equipped: [ArmR] 37
[10/05/26 14:12:32] D2BS 4660: equipped: [ArmL] 38
[10/05/26 14:12:32] D2BS 4660: equipped: [RingR] 18
[10/05/26 14:12:32] D2BS 4660: equipped: [RingL] 15
[10/05/26 14:12:32] D2BS 4660: equipped: [Belt] 15
[10/05/26 14:12:32] D2BS 4660: equipped: [Boots] 11
[10/05/26 14:12:32] D2BS 4660: equipped: [Mitts] 13
[10/05/26 14:12:32] D2BS 4660: updateStat
[10/05/26 14:12:32] D2BS 4660: granted: [Head] 15
[10/05/26 14:12:32] D2BS 4660: granted: [Body] 20
[10/05/26 14:12:32] D2BS 4660: granted: [ArmR] 21
[10/05/26 14:12:32] D2BS 4660: Loaded ÿc9[AutoSmurf.js]
[10/05/26 14:12:34] D2BS 4660: MiniShopBot: true
[10/05/26 14:12:34] D2BS 4660: farmingON
[10/05/26 14:12:34] D2BS 4660: UseMerc: true HP: 70
[10/05/26 14:12:53] D2BS 4660: Merc matched: Prayer
[10/05/26 14:13:00] D2BS 4660: Token needed
[10/05/26 14:13:05] D2BS 4660: act5+ BO
[10/05/26 14:13:16] D2BS 4660: ÿc4=== [BAAL] ===
[10/05/26 14:13:22] D2BS 4660: party has left: fowo-xa
[10/05/26 14:13:22] D2BS 4660: no exp [00:51]
[10/05/26 14:13:22] D2BS 4660: Script threads\autobuildthread.js ended
[10/05/26 14:13:23] D2BS 4660: Script threads\partythread.js ended
[10/05/26 14:13:23] D2BS 4660: Script threads\townchicken.js ended
[10/05/26 14:13:23] D2BS 4660: Script default.dbj ended
[10/05/26 14:13:39] D2BS 4660: joining game pz-135
[10/05/26 14:13:42] D2BS 4660: ÿc2D2BSÿc0 :: Starting default.dbj
[10/05/26 14:13:42] D2BS 4660: ÿc2D2BSÿc0 :: default.dbj running.
[10/05/26 14:13:42] D2BS 4660: Loaded ÿc9[X.nip] [Y.nip] [Z.nip] [V.nip] [B.WCRY.nip]
[10/05/26 14:13:42] D2BS 4660: Loaded ÿc9[B.WCRY.js]
[10/05/26 14:13:42] D2BS 4660: equipped: [Head] 21
[10/05/26 14:13:42] D2BS 4660: equipped: [Neck] 19
[10/05/26 14:13:42] D2BS 4660: equipped: [Body] 21
[10/05/26 14:13:42] D2BS 4660: equipped: [ArmR] 37
[10/05/26 14:13:42] D2BS 4660: equipped: [ArmL] 38
[10/05/26 14:13:42] D2BS 4660: equipped: [RingR] 18
[10/05/26 14:13:42] D2BS 4660: equipped: [RingL] 15
[10/05/26 14:13:42] D2BS 4660: equipped: [Belt] 15
[10/05/26 14:13:42] D2BS 4660: equipped: [Boots] 11
[10/05/26 14:13:42] D2BS 4660: equipped: [Mitts] 13
[10/05/26 14:13:42] D2BS 4660: updateStat
[10/05/26 14:13:42] D2BS 4660: granted: [Head] 15
[10/05/26 14:13:42] D2BS 4660: granted: [Body] 20
[10/05/26 14:13:42] D2BS 4660: granted: [ArmR] 21
[10/05/26 14:13:42] D2BS 4660: Loaded ÿc9[AutoSmurf.js]
[10/05/26 14:13:44] D2BS 4660: farmingON
[10/05/26 14:13:44] D2BS 4660: MiniShopBot: true
[10/05/26 14:13:44] D2BS 4660: UseMerc: true HP: 70
[10/05/26 14:14:03] D2BS 4660: Merc matched: Prayer
[10/05/26 14:14:10] D2BS 4660: Token needed
[10/05/26 14:14:14] D2BS 4660: act5+ BO
[10/05/26 14:14:26] D2BS 4660: ÿc4=== [BAAL] ===
[10/05/26 14:17:51] D2BS 4660: ÿc4=== [COUNTESS] ===
[10/05/26 14:17:59] D2BS 4660: equipped: [Belt] 16
[10/05/26 14:18:54] D2BS 4660: ÿc4=== [PIT] ===
[10/05/26 14:20:29] D2BS 4660: ÿc4=== [ANDY] ===
[10/05/26 14:21:20] D2BS 4660: ÿc4=== [MEPHISTO] ===
[10/05/26 14:22:37] D2BS 4660: ÿc4=== [DIABLO] ===
[10/05/26 14:28:55] D2BS 4660: party has left: fowo-xc
[10/05/26 14:28:55] D2BS 4660:  [15:14] +12.00% / [Level 87] 69.19%
[10/05/26 14:28:55] D2BS 4660: Script threads\autobuildthread.js ended
[10/05/26 14:28:55] D2BS 4660: Script threads\partythread.js ended
[10/05/26 14:28:55] D2BS 4660: Script threads\townchicken.js ended
[10/05/26 14:28:55] D2BS 4660: Script default.dbj ended
[10/05/26 14:29:07] D2BS 4660: joining game pz-136
[10/05/26 14:29:08] D2BS 4660: ÿc2D2BSÿc0 :: Starting default.dbj
[10/05/26 14:29:08] D2BS 4660: ÿc2D2BSÿc0 :: default.dbj running.
[10/05/26 14:29:09] D2BS 4660: Loaded ÿc9[X.nip] [Y.nip] [Z.nip] [V.nip] [B.WCRY.nip]
[10/05/26 14:29:09] D2BS 4660: Loaded ÿc9[B.WCRY.js]
[10/05/26 14:29:09] D2BS 4660: equipped: [Head] 21
[10/05/26 14:29:09] D2BS 4660: equipped: [Neck] 19
[10/05/26 14:29:09] D2BS 4660: equipped: [Body] 21
[10/05/26 14:29:09] D2BS 4660: equipped: [ArmR] 37
[10/05/26 14:29:09] D2BS 4660: equipped: [ArmL] 38
[10/05/26 14:29:09] D2BS 4660: equipped: [RingR] 18
[10/05/26 14:29:09] D2BS 4660: equipped: [RingL] 15
[10/05/26 14:29:09] D2BS 4660: equipped: [Belt] 16
[10/05/26 14:29:09] D2BS 4660: equipped: [Boots] 11
[10/05/26 14:29:09] D2BS 4660: equipped: [Mitts] 13
[10/05/26 14:29:09] D2BS 4660: updateStat
[10/05/26 14:29:09] D2BS 4660: granted: [Head] 15
[10/05/26 14:29:09] D2BS 4660: granted: [Body] 20
[10/05/26 14:29:09] D2BS 4660: granted: [ArmR] 21
[10/05/26 14:29:09] D2BS 4660: Loaded ÿc9[AutoSmurf.js]
[10/05/26 14:29:15] D2BS 4660: farmingON
[10/05/26 14:29:16] D2BS 4660: MiniShopBot: true
[10/05/26 14:29:16] D2BS 4660: UseMerc: true HP: 70
[10/05/26 14:29:45] D2BS 4660: Merc matched: Prayer
[10/05/26 14:29:49] D2BS 4660: Token needed
[10/05/26 14:29:53] D2BS 4660: act5+ BO
[10/05/26 14:30:04] D2BS 4660: ÿc4=== [BAAL] ===
[10/05/26 14:30:17] D2BS 4660: Baal failed: souls found
[10/05/26 14:30:17] D2BS 4660: ÿc4=== [COUNTESS] ===
[10/05/26 14:31:13] D2BS 4660: ÿc4=== [PIT] ===
[10/05/26 14:32:53] D2BS 4660: ÿc4=== [ANDY] ===
[10/05/26 14:33:49] D2BS 4660: ÿc4=== [MEPHISTO] ===
[10/05/26 14:35:17] D2BS 4660: ÿc4=== [DIABLO] ===
[10/05/26 14:36:39] D2BS 4660: party has left: fowo-xd
[10/05/26 14:36:39] D2BS 4660:  [07:30] +2.56% / [Level 87] 71.75%
[10/05/26 14:36:39] D2BS 4660: Script threads\autobuildthread.js ended
[10/05/26 14:36:39] D2BS 4660: Script threads\partythread.js ended
[10/05/26 14:36:39] D2BS 4660: Script threads\townchicken.js ended
[10/05/26 14:36:39] D2BS 4660: Script default.dbj ended
[10/05/26 14:36:51] D2BS 4660: joining game pz-137
[10/05/26 14:36:52] D2BS 4660: ÿc2D2BSÿc0 :: Starting default.dbj
[10/05/26 14:36:52] D2BS 4660: ÿc2D2BSÿc0 :: default.dbj running.
[10/05/26 14:36:52] D2BS 4660: Loaded ÿc9[X.nip] [Y.nip] [Z.nip] [V.nip] [B.WCRY.nip]
[10/05/26 14:36:52] D2BS 4660: Loaded ÿc9[B.WCRY.js]
[10/05/26 14:36:52] D2BS 4660: equipped: [Head] 21
[10/05/26 14:36:52] D2BS 4660: equipped: [Neck] 19
[10/05/26 14:36:52] D2BS 4660: equipped: [Body] 21
[10/05/26 14:36:52] D2BS 4660: equipped: [ArmR] 37
[10/05/26 14:36:52] D2BS 4660: equipped: [ArmL] 38
[10/05/26 14:36:53] D2BS 4660: equipped: [RingR] 18
[10/05/26 14:36:53] D2BS 4660: equipped: [RingL] 15
[10/05/26 14:36:53] D2BS 4660: equipped: [Belt] 16
[10/05/26 14:36:53] D2BS 4660: equipped: [Boots] 11
[10/05/26 14:36:53] D2BS 4660: equipped: [Mitts] 13
[10/05/26 14:36:53] D2BS 4660: Loaded ÿc9[AutoSmurf.js]
[10/05/26 14:36:58] D2BS 4660: farmingON
[10/05/26 14:37:00] D2BS 4660: MiniShopBot: true
[10/05/26 14:37:00] D2BS 4660: UseMerc: true HP: 70
[10/05/26 14:37:08] D2BS 4660: updateStat
[10/05/26 14:37:09] D2BS 4660: granted: [Head] 15
[10/05/26 14:37:09] D2BS 4660: granted: [Body] 20
[10/05/26 14:37:09] D2BS 4660: granted: [ArmR] 21
[10/05/26 14:37:27] D2BS 4660: Merc matched: Prayer
[10/05/26 14:37:32] D2BS 4660: Token needed
[10/05/26 14:37:36] D2BS 4660: act5+ BO
[10/05/26 14:37:37] D2BS 4660: updateStat
[10/05/26 14:37:48] D2BS 4660: ÿc4=== [BAAL] ===
[10/05/26 14:41:16] D2BS 4660: ÿc4=== [COUNTESS] ===
[10/05/26 14:42:23] D2BS 4660: ÿc4=== [PIT] ===
[10/05/26 14:43:53] D2BS 4660: ÿc4=== [ANDY] ===
[10/05/26 14:44:03] D2BS 4660: equipped: [Boots] 12
[10/05/26 14:45:05] D2BS 4660: ÿc4=== [MEPHISTO] ===
[10/05/26 14:46:14] D2BS 4660: ÿc4=== [DIABLO] ===
[10/05/26 14:52:49] D2BS 4660: party has left: fowo-xa
[10/05/26 14:52:49] D2BS 4660:  [15:56] +12.66% / [Level 87] 84.41%
[10/05/26 14:52:49] D2BS 4660: Script threads\autobuildthread.js ended
[10/05/26 14:52:49] D2BS 4660: Script threads\partythread.js ended
[10/05/26 14:52:49] D2BS 4660: Script threads\townchicken.js ended
[10/05/26 14:52:49] D2BS 4660: Script default.dbj ended
[10/05/26 14:53:01] D2BS 4660: joining game pz-138
[10/05/26 14:53:04] D2BS 4660: ÿc2D2BSÿc0 :: Starting default.dbj
[10/05/26 14:53:04] D2BS 4660: ÿc2D2BSÿc0 :: default.dbj running.
[10/05/26 14:53:04] D2BS 4660: Loaded ÿc9[X.nip] [Y.nip] [Z.nip] [V.nip] [B.WCRY.nip]
[10/05/26 14:53:04] D2BS 4660: Loaded ÿc9[B.WCRY.js]
[10/05/26 14:53:04] D2BS 4660: equipped: [Head] 21
[10/05/26 14:53:04] D2BS 4660: equipped: [Neck] 19
[10/05/26 14:53:04] D2BS 4660: equipped: [Body] 21
[10/05/26 14:53:04] D2BS 4660: equipped: [ArmR] 37
[10/05/26 14:53:04] D2BS 4660: equipped: [ArmL] 38
[10/05/26 14:53:04] D2BS 4660: equipped: [RingR] 18
[10/05/26 14:53:04] D2BS 4660: equipped: [RingL] 15
[10/05/26 14:53:04] D2BS 4660: equipped: [Belt] 16
[10/05/26 14:53:04] D2BS 4660: equipped: [Boots] 12
[10/05/26 14:53:04] D2BS 4660: equipped: [Mitts] 13
[10/05/26 14:53:04] D2BS 4660: updateStat
[10/05/26 14:53:04] D2BS 4660: granted: [Head] 15
[10/05/26 14:53:04] D2BS 4660: granted: [Body] 20
[10/05/26 14:53:04] D2BS 4660: granted: [ArmR] 21
[10/05/26 14:53:04] D2BS 4660: Loaded ÿc9[AutoSmurf.js]
[10/05/26 14:53:08] D2BS 4660: MiniShopBot: true
[10/05/26 14:53:08] D2BS 4660: farmingON
[10/05/26 14:53:08] D2BS 4660: UseMerc: true HP: 70
[10/05/26 14:53:30] D2BS 4660: Merc matched: Prayer
[10/05/26 14:53:43] D2BS 4660: Token needed
[10/05/26 14:53:48] D2BS 4660: act5+ BO
[10/05/26 14:53:59] D2BS 4660: ÿc4=== [BAAL] ===
[10/05/26 14:54:14] D2BS 4660: Baal failed: souls found
[10/05/26 14:54:14] D2BS 4660: ÿc4=== [COUNTESS] ===
[10/05/26 14:54:16] D2BS 4660: party has left: fowo-xa
[10/05/26 14:54:16] D2BS 4660: no exp [01:12]
[10/05/26 14:54:16] D2BS 4660: Script threads\autobuildthread.js ended
[10/05/26 14:54:16] D2BS 4660: Script threads\partythread.js ended
[10/05/26 14:54:16] D2BS 4660: Script threads\townchicken.js ended
[10/05/26 14:54:16] D2BS 4660: Script default.dbj ended
[10/05/26 14:54:29] D2BS 4660: joining game pz-139
[10/05/26 14:54:31] D2BS 4660: ÿc2D2BSÿc0 :: Starting default.dbj
[10/05/26 14:54:31] D2BS 4660: ÿc2D2BSÿc0 :: default.dbj running.
[10/05/26 14:54:31] D2BS 4660: Loaded ÿc9[X.nip] [Y.nip] [Z.nip] [V.nip] [B.WCRY.nip]
[10/05/26 14:54:31] D2BS 4660: Loaded ÿc9[B.WCRY.js]
[10/05/26 14:54:31] D2BS 4660: equipped: [Head] 21
[10/05/26 14:54:31] D2BS 4660: equipped: [Neck] 19
[10/05/26 14:54:31] D2BS 4660: equipped: [Body] 21
[10/05/26 14:54:31] D2BS 4660: equipped: [ArmR] 37
[10/05/26 14:54:31] D2BS 4660: equipped: [ArmL] 38
[10/05/26 14:54:31] D2BS 4660: equipped: [RingR] 18
[10/05/26 14:54:31] D2BS 4660: equipped: [RingL] 15
[10/05/26 14:54:31] D2BS 4660: equipped: [Belt] 16
[10/05/26 14:54:31] D2BS 4660: equipped: [Boots] 12
[10/05/26 14:54:31] D2BS 4660: equipped: [Mitts] 13
[10/05/26 14:54:31] D2BS 4660: updateStat
[10/05/26 14:54:31] D2BS 4660: granted: [Head] 15
[10/05/26 14:54:31] D2BS 4660: granted: [Body] 20
[10/05/26 14:54:31] D2BS 4660: granted: [ArmR] 21
[10/05/26 14:54:31] D2BS 4660: Loaded ÿc9[AutoSmurf.js]
[10/05/26 14:55:27] D2BS 4660: Script default.dbj ended
[10/05/26 14:55:27] D2BS 4660: Script threads\autobuildthread.js ended
[10/05/26 14:55:27] D2BS 4660: Script threads\partythread.js ended
[10/05/26 14:55:27] D2BS 4660: Script threads\toolsthread.js ended
[10/05/26 14:55:27] D2BS 4660: Script threads\townchicken.js ended
[10/05/26 14:56:45] D2BS 4660: joining game pz-140
[10/05/26 14:56:47] D2BS 4660: ÿc2D2BSÿc0 :: Starting default.dbj
[10/05/26 14:56:47] D2BS 4660: ÿc2D2BSÿc0 :: default.dbj running.
[10/05/26 14:56:47] D2BS 4660: Loaded ÿc9[X.nip] [Y.nip] [Z.nip] [V.nip] [B.WCRY.nip]
[10/05/26 14:56:48] D2BS 4660: Loaded ÿc9[B.WCRY.js]
[10/05/26 14:56:48] D2BS 4660: equipped: [Head] 21
[10/05/26 14:56:48] D2BS 4660: equipped: [Neck] 19
[10/05/26 14:56:48] D2BS 4660: equipped: [Body] 21
[10/05/26 14:56:48] D2BS 4660: equipped: [ArmR] 37
[10/05/26 14:56:48] D2BS 4660: equipped: [ArmL] 38
[10/05/26 14:56:48] D2BS 4660: equipped: [RingR] 18
[10/05/26 14:56:48] D2BS 4660: equipped: [RingL] 15
[10/05/26 14:56:48] D2BS 4660: equipped: [Belt] 16
[10/05/26 14:56:48] D2BS 4660: equipped: [Boots] 12
[10/05/26 14:56:48] D2BS 4660: equipped: [Mitts] 13
[10/05/26 14:56:48] D2BS 4660: updateStat
[10/05/26 14:56:48] D2BS 4660: granted: [Head] 15
[10/05/26 14:56:48] D2BS 4660: granted: [Body] 20
[10/05/26 14:56:48] D2BS 4660: granted: [ArmR] 21
[10/05/26 14:56:48] D2BS 4660: Loaded ÿc9[AutoSmurf.js]
[10/05/26 14:56:49] D2BS 4660: farmingON
[10/05/26 14:56:50] D2BS 4660: MiniShopBot: true
[10/05/26 14:56:50] D2BS 4660: UseMerc: true HP: 70
[10/05/26 14:57:08] D2BS 4660: equipped: [Belt] 18
[10/05/26 14:57:08] D2BS 4660: Merc matched: Prayer
[10/05/26 14:57:17] D2BS 4660: Token needed
[10/05/26 14:57:21] D2BS 4660: act5+ BO
[10/05/26 14:57:25] D2BS 4660: party has left: fowo-xg
[10/05/26 14:57:25] D2BS 4660: no exp [00:39]
[10/05/26 14:57:26] D2BS 4660: Script threads\autobuildthread.js ended
[10/05/26 14:57:27] D2BS 4660: Script threads\partythread.js ended
[10/05/26 14:57:27] D2BS 4660: Script threads\townchicken.js ended
[10/05/26 14:57:27] D2BS 4660: Script default.dbj ended
[10/05/26 14:57:53] D2BS 4660: joining game pz-141
[10/05/26 14:57:55] D2BS 4660: ÿc2D2BSÿc0 :: Starting default.dbj
[10/05/26 14:57:55] D2BS 4660: ÿc2D2BSÿc0 :: default.dbj running.
[10/05/26 14:57:55] D2BS 4660: Loaded ÿc9[X.nip] [Y.nip] [Z.nip] [V.nip] [B.WCRY.nip]
[10/05/26 14:57:55] D2BS 4660: Loaded ÿc9[B.WCRY.js]
[10/05/26 14:57:55] D2BS 4660: equipped: [Head] 21
[10/05/26 14:57:55] D2BS 4660: equipped: [Neck] 19
[10/05/26 14:57:55] D2BS 4660: equipped: [Body] 21
[10/05/26 14:57:55] D2BS 4660: equipped: [ArmR] 37
[10/05/26 14:57:55] D2BS 4660: equipped: [ArmL] 38
[10/05/26 14:57:55] D2BS 4660: equipped: [RingR] 18
[10/05/26 14:57:55] D2BS 4660: equipped: [RingL] 15
[10/05/26 14:57:55] D2BS 4660: equipped: [Belt] 18
[10/05/26 14:57:55] D2BS 4660: equipped: [Boots] 12
[10/05/26 14:57:55] D2BS 4660: equipped: [Mitts] 13
[10/05/26 14:57:55] D2BS 4660: updateStat
[10/05/26 14:57:55] D2BS 4660: granted: [Head] 15
[10/05/26 14:57:55] D2BS 4660: granted: [Body] 20
[10/05/26 14:57:55] D2BS 4660: granted: [ArmR] 21
[10/05/26 14:57:55] D2BS 4660: Loaded ÿc9[AutoSmurf.js]
[10/05/26 14:57:58] D2BS 4660: farmingON
[10/05/26 14:57:59] D2BS 4660: MiniShopBot: true
[10/05/26 14:57:59] D2BS 4660: UseMerc: true HP: 70
[10/05/26 14:58:16] D2BS 4660: Merc matched: Prayer
[10/05/26 14:58:22] D2BS 4660: Token needed
[10/05/26 14:58:25] D2BS 4660: party has left: fowo-xd
[10/05/26 14:58:25] D2BS 4660: no exp [00:31]
[10/05/26 14:58:25] D2BS 4660: Script threads\autobuildthread.js ended
[10/05/26 14:58:25] D2BS 4660: Script threads\partythread.js ended
[10/05/26 14:58:25] D2BS 4660: Script threads\townchicken.js ended
[10/05/26 14:58:25] D2BS 4660: Script default.dbj ended
[10/05/26 14:59:01] D2BS 4660: joining game pz-142
[10/05/26 14:59:02] D2BS 4660: ÿc2D2BSÿc0 :: Starting default.dbj
[10/05/26 14:59:02] D2BS 4660: ÿc2D2BSÿc0 :: default.dbj running.
[10/05/26 14:59:03] D2BS 4660: Loaded ÿc9[X.nip] [Y.nip] [Z.nip] [V.nip] [B.WCRY.nip]
[10/05/26 14:59:03] D2BS 4660: Loaded ÿc9[B.WCRY.js]
[10/05/26 14:59:03] D2BS 4660: equipped: [Head] 21
[10/05/26 14:59:03] D2BS 4660: equipped: [Neck] 19
[10/05/26 14:59:03] D2BS 4660: equipped: [Body] 21
[10/05/26 14:59:03] D2BS 4660: equipped: [ArmR] 37
[10/05/26 14:59:03] D2BS 4660: equipped: [ArmL] 38
[10/05/26 14:59:03] D2BS 4660: equipped: [RingR] 18
[10/05/26 14:59:03] D2BS 4660: equipped: [RingL] 15
[10/05/26 14:59:03] D2BS 4660: equipped: [Belt] 18
[10/05/26 14:59:03] D2BS 4660: equipped: [Boots] 12
[10/05/26 14:59:03] D2BS 4660: equipped: [Mitts] 13
[10/05/26 14:59:03] D2BS 4660: updateStat
[10/05/26 14:59:03] D2BS 4660: granted: [Head] 15
[10/05/26 14:59:03] D2BS 4660: granted: [Body] 20
[10/05/26 14:59:03] D2BS 4660: granted: [ArmR] 21
[10/05/26 14:59:03] D2BS 4660: Loaded ÿc9[AutoSmurf.js]
[10/05/26 14:59:06] D2BS 4660: farmingON
[10/05/26 14:59:07] D2BS 4660: MiniShopBot: true
[10/05/26 14:59:07] D2BS 4660: UseMerc: true HP: 70
[10/05/26 14:59:22] D2BS 4660: Merc matched: Prayer
[10/05/26 14:59:31] D2BS 4660: Token needed
[10/05/26 14:59:35] D2BS 4660: act5+ BO
[10/05/26 14:59:48] D2BS 4660: ÿc4=== [BAAL] ===
[10/05/26 15:03:11] D2BS 4660: ÿc4=== [COUNTESS] ===
[10/05/26 15:04:27] D2BS 4660: ÿc4=== [PIT] ===
[10/05/26 15:05:57] D2BS 4660: ÿc4=== [ANDY] ===
[10/05/26 15:06:54] D2BS 4660: ÿc4=== [MEPHISTO] ===
[10/05/26 15:07:56] D2BS 4660: ÿc4=== [DIABLO] ===
[10/05/26 15:13:44] D2BS 4660: party has left: fowo-xc
[10/05/26 15:13:44] D2BS 4660:  [14:42] +11.10% / [Level 87] 95.51%
[10/05/26 15:13:44] D2BS 4660: Script threads\autobuildthread.js ended
[10/05/26 15:13:44] D2BS 4660: Script threads\partythread.js ended
[10/05/26 15:13:45] D2BS 4660: Script threads\townchicken.js ended
[10/05/26 15:13:45] D2BS 4660: Script default.dbj ended
[10/05/26 15:13:58] D2BS 4660: joining game pz-143
[10/05/26 15:14:00] D2BS 4660: ÿc2D2BSÿc0 :: Starting default.dbj
[10/05/26 15:14:00] D2BS 4660: ÿc2D2BSÿc0 :: default.dbj running.
[10/05/26 15:14:00] D2BS 4660: Loaded ÿc9[X.nip] [Y.nip] [Z.nip] [V.nip] [B.WCRY.nip]
[10/05/26 15:14:00] D2BS 4660: Loaded ÿc9[B.WCRY.js]
[10/05/26 15:14:00] D2BS 4660: equipped: [Head] 21
[10/05/26 15:14:00] D2BS 4660: equipped: [Neck] 19
[10/05/26 15:14:00] D2BS 4660: equipped: [Body] 21
[10/05/26 15:14:00] D2BS 4660: equipped: [ArmR] 37
[10/05/26 15:14:00] D2BS 4660: equipped: [ArmL] 38
[10/05/26 15:14:00] D2BS 4660: equipped: [RingR] 18
[10/05/26 15:14:01] D2BS 4660: equipped: [RingL] 15
[10/05/26 15:14:01] D2BS 4660: equipped: [Belt] 18
[10/05/26 15:14:01] D2BS 4660: equipped: [Boots] 12
[10/05/26 15:14:01] D2BS 4660: equipped: [Mitts] 13
[10/05/26 15:14:01] D2BS 4660: updateStat
[10/05/26 15:14:01] D2BS 4660: granted: [Head] 15
[10/05/26 15:14:01] D2BS 4660: granted: [Body] 20
[10/05/26 15:14:01] D2BS 4660: granted: [ArmR] 21
[10/05/26 15:14:01] D2BS 4660: Loaded ÿc9[AutoSmurf.js]
[10/05/26 15:14:05] D2BS 4660: farmingON
[10/05/26 15:14:06] D2BS 4660: MiniShopBot: true
[10/05/26 15:14:06] D2BS 4660: UseMerc: true HP: 70
[10/05/26 15:14:32] D2BS 4660: Merc matched: Prayer
[10/05/26 15:14:37] D2BS 4660: Token needed
[10/05/26 15:14:41] D2BS 4660: act5+ BO
[10/05/26 15:14:52] D2BS 4660: ÿc4=== [BAAL] ===
[10/05/26 15:15:00] D2BS 4660: party has left: fowo-xa
[10/05/26 15:15:00] D2BS 4660: no exp [01:00]
[10/05/26 15:15:00] D2BS 4660: Script threads\autobuildthread.js ended
[10/05/26 15:15:00] D2BS 4660: Script threads\partythread.js ended
[10/05/26 15:15:00] D2BS 4660: Script threads\townchicken.js ended
[10/05/26 15:15:00] D2BS 4660: Script default.dbj ended
[10/05/26 15:15:13] D2BS 4660: joining game pz-144
[10/05/26 15:15:15] D2BS 4660: ÿc2D2BSÿc0 :: Starting default.dbj
[10/05/26 15:15:15] D2BS 4660: ÿc2D2BSÿc0 :: default.dbj running.
[10/05/26 15:15:15] D2BS 4660: Loaded ÿc9[X.nip] [Y.nip] [Z.nip] [V.nip] [B.WCRY.nip]
[10/05/26 15:15:15] D2BS 4660: Loaded ÿc9[B.WCRY.js]
[10/05/26 15:15:15] D2BS 4660: equipped: [Head] 21
[10/05/26 15:15:15] D2BS 4660: equipped: [Neck] 19
[10/05/26 15:15:15] D2BS 4660: equipped: [Body] 21
[10/05/26 15:15:15] D2BS 4660: equipped: [ArmR] 37
[10/05/26 15:15:15] D2BS 4660: equipped: [ArmL] 38
[10/05/26 15:15:15] D2BS 4660: equipped: [RingR] 18
[10/05/26 15:15:15] D2BS 4660: equipped: [RingL] 15
[10/05/26 15:15:15] D2BS 4660: equipped: [Belt] 18
[10/05/26 15:15:15] D2BS 4660: equipped: [Boots] 12
[10/05/26 15:15:15] D2BS 4660: equipped: [Mitts] 13
[10/05/26 15:15:15] D2BS 4660: updateStat
[10/05/26 15:15:15] D2BS 4660: granted: [Head] 15
[10/05/26 15:15:15] D2BS 4660: granted: [Body] 20
[10/05/26 15:15:15] D2BS 4660: granted: [ArmR] 21
[10/05/26 15:15:15] D2BS 4660: Loaded ÿc9[AutoSmurf.js]
[10/05/26 15:15:17] D2BS 4660: farmingON
[10/05/26 15:15:18] D2BS 4660: MiniShopBot: true
[10/05/26 15:15:18] D2BS 4660: UseMerc: true HP: 70
[10/05/26 15:15:35] D2BS 4660: Merc matched: Prayer
[10/05/26 15:15:42] D2BS 4660: Token needed
[10/05/26 15:15:46] D2BS 4660: act5+ BO
[10/05/26 15:15:58] D2BS 4660: ÿc4=== [BAAL] ===
[10/05/26 15:16:13] D2BS 4660: Baal failed: souls found
[10/05/26 15:16:13] D2BS 4660: ÿc4=== [COUNTESS] ===
[10/05/26 15:17:21] D2BS 4660: ÿc4=== [PIT] ===
[10/05/26 15:18:52] D2BS 4660: ÿc4=== [ANDY] ===
[10/05/26 15:19:49] D2BS 4660: ÿc4=== [MEPHISTO] ===
[10/05/26 15:20:57] D2BS 4660: ÿc4=== [DIABLO] ===
[10/05/26 15:26:42] D2BS 4660: party has left: fowo-xc, fowo-xf
[10/05/26 15:26:42] D2BS 4660:  [11:28] +4.37% / [Level 88] 0.25%
[10/05/26 15:26:42] D2BS 4660: Script threads\autobuildthread.js ended
[10/05/26 15:26:43] D2BS 4660: Script threads\partythread.js ended
[10/05/26 15:26:43] D2BS 4660: Script threads\townchicken.js ended
[10/05/26 15:26:43] D2BS 4660: Script default.dbj ended
[10/05/26 15:26:56] D2BS 4660: joining game pz-145
[10/05/26 15:26:58] D2BS 4660: ÿc2D2BSÿc0 :: Starting default.dbj
[10/05/26 15:26:58] D2BS 4660: ÿc2D2BSÿc0 :: default.dbj running.
[10/05/26 15:26:58] D2BS 4660: Loaded ÿc9[X.nip] [Y.nip] [Z.nip] [V.nip] [B.WCRY.nip]
[10/05/26 15:26:58] D2BS 4660: Loaded ÿc9[B.WCRY.js]
[10/05/26 15:26:58] D2BS 4660: equipped: [Head] 21
[10/05/26 15:26:58] D2BS 4660: equipped: [Neck] 19
[10/05/26 15:26:58] D2BS 4660: equipped: [Body] 21
[10/05/26 15:26:58] D2BS 4660: equipped: [ArmR] 37
[10/05/26 15:26:58] D2BS 4660: equipped: [ArmL] 38
[10/05/26 15:26:58] D2BS 4660: equipped: [RingR] 18
[10/05/26 15:26:58] D2BS 4660: equipped: [RingL] 15
[10/05/26 15:26:58] D2BS 4660: equipped: [Belt] 18
[10/05/26 15:26:58] D2BS 4660: equipped: [Boots] 12
[10/05/26 15:26:58] D2BS 4660: equipped: [Mitts] 13
[10/05/26 15:26:58] D2BS 4660: updateStat
[10/05/26 15:26:58] D2BS 4660: granted: [Head] 15
[10/05/26 15:26:58] D2BS 4660: granted: [Body] 20
[10/05/26 15:26:58] D2BS 4660: granted: [ArmR] 21
[10/05/26 15:26:58] D2BS 4660: Loaded ÿc9[AutoSmurf.js]
[10/05/26 15:27:03] D2BS 4660: farmingON
[10/05/26 15:27:04] D2BS 4660: MiniShopBot: true
[10/05/26 15:27:04] D2BS 4660: UseMerc: true HP: 70
[10/05/26 15:27:29] D2BS 4660: Merc matched: Prayer
[10/05/26 15:27:35] D2BS 4660: Token needed
[10/05/26 15:27:38] D2BS 4660: act5+ BO
[10/05/26 15:27:50] D2BS 4660: ÿc4=== [BAAL] ===
[10/05/26 15:31:09] D2BS 4660: ÿc4=== [COUNTESS] ===
[10/05/26 15:32:32] D2BS 4660: ÿc4=== [PIT] ===
[10/05/26 15:34:03] D2BS 4660: ÿc4=== [ANDY] ===
[10/05/26 15:34:53] D2BS 4660: ÿc4=== [MEPHISTO] ===
[10/05/26 15:36:12] D2BS 4660: ÿc4=== [DIABLO] ===
[10/05/26 15:43:19] D2BS 4660: party has left: fowo-xa, fowo-xb
[10/05/26 15:43:19] D2BS 4660:  [16:21] +6.97% / [Level 88] 7.23%
[10/05/26 15:43:19] D2BS 4660: Script threads\autobuildthread.js ended
[10/05/26 15:43:19] D2BS 4660: Script threads\partythread.js ended
[10/05/26 15:43:20] D2BS 4660: Script threads\townchicken.js ended
[10/05/26 15:43:20] D2BS 4660: Script default.dbj ended
[10/05/26 15:43:31] D2BS 4660: joining game pz-146
[10/05/26 15:43:32] D2BS 4660: ÿc2D2BSÿc0 :: Starting default.dbj
[10/05/26 15:43:32] D2BS 4660: ÿc2D2BSÿc0 :: default.dbj running.
[10/05/26 15:43:33] D2BS 4660: Loaded ÿc9[X.nip] [Y.nip] [Z.nip] [V.nip] [B.WCRY.nip]
[10/05/26 15:43:33] D2BS 4660: Loaded ÿc9[B.WCRY.js]
[10/05/26 15:43:33] D2BS 4660: equipped: [Head] 21
[10/05/26 15:43:33] D2BS 4660: equipped: [Neck] 19
[10/05/26 15:43:33] D2BS 4660: equipped: [Body] 21
[10/05/26 15:43:33] D2BS 4660: equipped: [ArmR] 37
[10/05/26 15:43:33] D2BS 4660: equipped: [ArmL] 38
[10/05/26 15:43:33] D2BS 4660: equipped: [RingR] 18
[10/05/26 15:43:33] D2BS 4660: equipped: [RingL] 15
[10/05/26 15:43:33] D2BS 4660: equipped: [Belt] 18
[10/05/26 15:43:33] D2BS 4660: equipped: [Boots] 12
[10/05/26 15:43:33] D2BS 4660: equipped: [Mitts] 13
[10/05/26 15:43:33] D2BS 4660: updateStat
[10/05/26 15:43:33] D2BS 4660: granted: [Head] 15
[10/05/26 15:43:33] D2BS 4660: granted: [Body] 20
[10/05/26 15:43:33] D2BS 4660: granted: [ArmR] 21
[10/05/26 15:43:33] D2BS 4660: Loaded ÿc9[AutoSmurf.js]
[10/05/26 15:43:40] D2BS 4660: farmingON
[10/05/26 15:43:41] D2BS 4660: MiniShopBot: true
[10/05/26 15:43:41] D2BS 4660: UseMerc: true HP: 70
[10/05/26 15:44:10] D2BS 4660: Merc matched: Prayer
[10/05/26 15:44:13] D2BS 4660: Token needed
[10/05/26 15:44:18] D2BS 4660: act5+ BO
[10/05/26 15:44:31] D2BS 4660: ÿc4=== [BAAL] ===
[10/05/26 15:44:40] D2BS 4660: Baal failed: souls found
[10/05/26 15:44:40] D2BS 4660: ÿc4=== [COUNTESS] ===
[10/05/26 15:45:51] D2BS 4660: ÿc4=== [PIT] ===
[10/05/26 15:47:04] D2BS 4660: ÿc4=== [ANDY] ===
[10/05/26 15:47:59] D2BS 4660: ÿc4=== [MEPHISTO] ===
[10/05/26 15:49:05] D2BS 4660: ÿc4=== [DIABLO] ===
[10/05/26 15:54:49] D2BS 4660: party has left: fowo-xb
[10/05/26 15:54:49] D2BS 4660:  [11:17] +3.72% / [Level 88] 10.95%
[10/05/26 15:54:49] D2BS 4660: Script threads\autobuildthread.js ended
[10/05/26 15:54:49] D2BS 4660: Script threads\partythread.js ended
[10/05/26 15:54:49] D2BS 4660: Script threads\townchicken.js ended
[10/05/26 15:54:49] D2BS 4660: Script default.dbj ended
[10/05/26 15:55:01] D2BS 4660: joining game pz-147
[10/05/26 15:55:03] D2BS 4660: ÿc2D2BSÿc0 :: Starting default.dbj
[10/05/26 15:55:03] D2BS 4660: ÿc2D2BSÿc0 :: default.dbj running.
[10/05/26 15:55:03] D2BS 4660: Loaded ÿc9[X.nip] [Y.nip] [Z.nip] [V.nip] [B.WCRY.nip]
[10/05/26 15:55:03] D2BS 4660: Loaded ÿc9[B.WCRY.js]
[10/05/26 15:55:03] D2BS 4660: equipped: [Head] 21
[10/05/26 15:55:03] D2BS 4660: equipped: [Neck] 19
[10/05/26 15:55:03] D2BS 4660: equipped: [Body] 21
[10/05/26 15:55:03] D2BS 4660: equipped: [ArmR] 37
[10/05/26 15:55:03] D2BS 4660: equipped: [ArmL] 38
[10/05/26 15:55:03] D2BS 4660: equipped: [RingR] 18
[10/05/26 15:55:03] D2BS 4660: equipped: [RingL] 15
[10/05/26 15:55:03] D2BS 4660: equipped: [Belt] 18
[10/05/26 15:55:03] D2BS 4660: equipped: [Boots] 12
[10/05/26 15:55:03] D2BS 4660: equipped: [Mitts] 13
[10/05/26 15:55:03] D2BS 4660: updateStat
[10/05/26 15:55:03] D2BS 4660: granted: [Head] 15
[10/05/26 15:55:03] D2BS 4660: granted: [Body] 20
[10/05/26 15:55:04] D2BS 4660: granted: [ArmR] 21
[10/05/26 15:55:04] D2BS 4660: Loaded ÿc9[AutoSmurf.js]
[10/05/26 15:55:09] D2BS 4660: farmingON
[10/05/26 15:55:12] D2BS 4660: MiniShopBot: true
[10/05/26 15:55:12] D2BS 4660: UseMerc: true HP: 70
[10/05/26 15:55:56] D2BS 4660: Merc matched: Prayer
[10/05/26 15:55:59] D2BS 4660: Token needed
[10/05/26 15:56:03] D2BS 4660: act5+ BO
[10/05/26 15:56:15] D2BS 4660: ÿc4=== [BAAL] ===
[10/05/26 15:59:44] D2BS 4660: ÿc4=== [COUNTESS] ===
[10/05/26 16:00:58] D2BS 4660: ÿc4=== [PIT] ===
[10/05/26 16:02:33] D2BS 4660: ÿc4=== [ANDY] ===
[10/05/26 16:03:20] D2BS 4660: ÿc4=== [MEPHISTO] ===
[10/05/26 16:04:41] D2BS 4660: ÿc4=== [DIABLO] ===
[10/05/26 16:10:51] D2BS 4660: Script ended
[10/05/26 16:10:51] D2BS 4660:  [15:48] +7.88% / [Level 88] 18.82%
[10/05/26 16:10:51] D2BS 4660: Script threads\autobuildthread.js ended
[10/05/26 16:10:51] D2BS 4660: Script threads\partythread.js ended
[10/05/26 16:10:51] D2BS 4660: Script threads\townchicken.js ended
[10/05/26 16:11:04] D2BS 4660: joining game pz-148
[10/05/26 16:11:06] D2BS 4660: ÿc2D2BSÿc0 :: Starting default.dbj
[10/05/26 16:11:06] D2BS 4660: ÿc2D2BSÿc0 :: default.dbj running.
[10/05/26 16:11:07] D2BS 4660: Loaded ÿc9[X.nip] [Y.nip] [Z.nip] [V.nip] [B.WCRY.nip]
[10/05/26 16:11:07] D2BS 4660: Loaded ÿc9[B.WCRY.js]
[10/05/26 16:11:07] D2BS 4660: equipped: [Head] 21
[10/05/26 16:11:07] D2BS 4660: equipped: [Neck] 19
[10/05/26 16:11:07] D2BS 4660: equipped: [Body] 21
[10/05/26 16:11:07] D2BS 4660: equipped: [ArmR] 37
[10/05/26 16:11:07] D2BS 4660: equipped: [ArmL] 38
[10/05/26 16:11:07] D2BS 4660: equipped: [RingR] 18
[10/05/26 16:11:07] D2BS 4660: equipped: [RingL] 15
[10/05/26 16:11:07] D2BS 4660: equipped: [Belt] 18
[10/05/26 16:11:07] D2BS 4660: equipped: [Boots] 12
[10/05/26 16:11:07] D2BS 4660: equipped: [Mitts] 13
[10/05/26 16:11:07] D2BS 4660: updateStat
[10/05/26 16:11:07] D2BS 4660: granted: [Head] 15
[10/05/26 16:11:07] D2BS 4660: granted: [Body] 20
[10/05/26 16:11:07] D2BS 4660: granted: [ArmR] 21
[10/05/26 16:11:07] D2BS 4660: Loaded ÿc9[AutoSmurf.js]
[10/05/26 16:11:12] D2BS 4660: MiniShopBot: true
[10/05/26 16:11:12] D2BS 4660: farmingON
[10/05/26 16:11:12] D2BS 4660: UseMerc: true HP: 70
[10/05/26 16:11:30] D2BS 4660: Merc matched: Prayer
[10/05/26 16:11:39] D2BS 4660: Token needed
[10/05/26 16:11:44] D2BS 4660: act5+ BO
[10/05/26 16:11:56] D2BS 4660: ÿc4=== [BAAL] ===
[10/05/26 16:15:23] D2BS 4660: ÿc4=== [COUNTESS] ===
[10/05/26 16:16:44] D2BS 4660: ÿc4=== [PIT] ===
[10/05/26 16:18:35] D2BS 4660: ÿc4=== [ANDY] ===
[10/05/26 16:19:30] D2BS 4660: ÿc4=== [MEPHISTO] ===
[10/05/26 16:20:45] D2BS 4660: ÿc4=== [DIABLO] ===
[10/05/26 16:26:40] D2BS 4660: party has left: fowo-xa, fowo-xb
[10/05/26 16:26:40] D2BS 4660:  [15:34] +8.23% / [Level 88] 27.06%
[10/05/26 16:26:40] D2BS 4660: Script threads\autobuildthread.js ended
[10/05/26 16:26:40] D2BS 4660: Script threads\partythread.js ended
[10/05/26 16:26:40] D2BS 4660: Script threads\townchicken.js ended
[10/05/26 16:26:40] D2BS 4660: Script default.dbj ended
[10/05/26 16:26:52] D2BS 4660: joining game pz-149
[10/05/26 16:26:54] D2BS 4660: ÿc2D2BSÿc0 :: Starting default.dbj
[10/05/26 16:26:54] D2BS 4660: ÿc2D2BSÿc0 :: default.dbj running.
[10/05/26 16:26:54] D2BS 4660: Loaded ÿc9[X.nip] [Y.nip] [Z.nip] [V.nip] [B.WCRY.nip]
[10/05/26 16:26:54] D2BS 4660: Loaded ÿc9[B.WCRY.js]
[10/05/26 16:26:54] D2BS 4660: equipped: [Head] 21
[10/05/26 16:26:54] D2BS 4660: equipped: [Neck] 19
[10/05/26 16:26:54] D2BS 4660: equipped: [Body] 21
[10/05/26 16:26:54] D2BS 4660: equipped: [ArmR] 37
[10/05/26 16:26:54] D2BS 4660: equipped: [ArmL] 38
[10/05/26 16:26:54] D2BS 4660: equipped: [RingR] 18
[10/05/26 16:26:54] D2BS 4660: equipped: [RingL] 15
[10/05/26 16:26:54] D2BS 4660: equipped: [Belt] 18
[10/05/26 16:26:54] D2BS 4660: equipped: [Boots] 12
[10/05/26 16:26:54] D2BS 4660: equipped: [Mitts] 13
[10/05/26 16:26:54] D2BS 4660: updateStat
[10/05/26 16:26:54] D2BS 4660: granted: [Head] 15
[10/05/26 16:26:54] D2BS 4660: granted: [Body] 20
[10/05/26 16:26:54] D2BS 4660: granted: [ArmR] 21
[10/05/26 16:26:54] D2BS 4660: Loaded ÿc9[AutoSmurf.js]
[10/05/26 16:26:59] D2BS 4660: farmingON
[10/05/26 16:27:01] D2BS 4660: MiniShopBot: true
[10/05/26 16:27:01] D2BS 4660: UseMerc: true HP: 70
[10/05/26 16:27:21] D2BS 4660: Merc matched: Prayer
[10/05/26 16:27:34] D2BS 4660: Token needed
[10/05/26 16:27:39] D2BS 4660: act5+ BO
[10/05/26 16:27:50] D2BS 4660: ÿc4=== [BAAL] ===
[10/05/26 16:28:05] D2BS 4660: Baal failed: souls found
[10/05/26 16:28:05] D2BS 4660: ÿc4=== [COUNTESS] ===
[10/05/26 16:29:18] D2BS 4660: ÿc4=== [PIT] ===
[10/05/26 16:30:49] D2BS 4660: ÿc4=== [ANDY] ===
[10/05/26 16:31:43] D2BS 4660: ÿc4=== [MEPHISTO] ===
[10/05/26 16:33:03] D2BS 4660: ÿc4=== [DIABLO] ===
[10/05/26 16:35:47] D2BS 4660: updateStat
[10/05/26 16:36:11] D2BS 4660: Going to town
[10/05/26 16:38:38] D2BS 4660: party has left: fowo-xg
[10/05/26 16:38:38] D2BS 4660:  [11:44] +3.92% / [Level 88] 30.98%
[10/05/26 16:38:38] D2BS 4660: Script threads\autobuildthread.js ended
[10/05/26 16:38:39] D2BS 4660: Script threads\partythread.js ended
[10/05/26 16:38:39] D2BS 4660: Script threads\townchicken.js ended
[10/05/26 16:38:39] D2BS 4660: Script default.dbj ended
[10/05/26 16:38:50] D2BS 4660: joining game pz-150
[10/05/26 16:38:51] D2BS 4660: ÿc2D2BSÿc0 :: Starting default.dbj
[10/05/26 16:38:51] D2BS 4660: ÿc2D2BSÿc0 :: default.dbj running.
[10/05/26 16:38:51] D2BS 4660: Loaded ÿc9[X.nip] [Y.nip] [Z.nip] [V.nip] [B.WCRY.nip]
[10/05/26 16:38:51] D2BS 4660: Loaded ÿc9[B.WCRY.js]
[10/05/26 16:38:51] D2BS 4660: equipped: [Head] 21
[10/05/26 16:38:51] D2BS 4660: equipped: [Neck] 19
[10/05/26 16:38:51] D2BS 4660: equipped: [Body] 21
[10/05/26 16:38:51] D2BS 4660: equipped: [ArmR] 37
[10/05/26 16:38:51] D2BS 4660: equipped: [ArmL] 38
[10/05/26 16:38:51] D2BS 4660: equipped: [RingR] 18
[10/05/26 16:38:51] D2BS 4660: equipped: [RingL] 15
[10/05/26 16:38:51] D2BS 4660: equipped: [Belt] 18
[10/05/26 16:38:52] D2BS 4660: equipped: [Boots] 12
[10/05/26 16:38:52] D2BS 4660: equipped: [Mitts] 13
[10/05/26 16:38:52] D2BS 4660: updateStat
[10/05/26 16:38:52] D2BS 4660: granted: [Head] 15
[10/05/26 16:38:52] D2BS 4660: granted: [Body] 20
[10/05/26 16:38:52] D2BS 4660: granted: [ArmR] 21
[10/05/26 16:38:52] D2BS 4660: Loaded ÿc9[AutoSmurf.js]
[10/05/26 16:38:58] D2BS 4660: farmingON
[10/05/26 16:39:01] D2BS 4660: MiniShopBot: true
[10/05/26 16:39:01] D2BS 4660: UseMerc: true HP: 70
[10/05/26 16:39:22] D2BS 4660: Merc matched: Prayer
[10/05/26 16:39:27] D2BS 4660: Token needed
[10/05/26 16:39:31] D2BS 4660: act5+ BO
[10/05/26 16:39:45] D2BS 4660: ÿc4=== [BAAL] ===
[10/05/26 16:39:59] D2BS 4660: Baal failed: souls found
[10/05/26 16:39:59] D2BS 4660: ÿc4=== [COUNTESS] ===
[10/05/26 16:41:12] D2BS 4660: ÿc4=== [PIT] ===
[10/05/26 16:42:30] D2BS 4660: Going to town
[10/05/26 16:43:04] D2BS 4660: ÿc4=== [ANDY] ===
[10/05/26 16:43:55] D2BS 4660: ÿc4=== [MEPHISTO] ===
[10/05/26 16:45:15] D2BS 4660: ÿc4=== [DIABLO] ===
[10/05/26 16:51:02] D2BS 4660: party has left: fowo-xb
[10/05/26 16:51:02] D2BS 4660:  [12:11] +4.56% / [Level 88] 35.54%
[10/05/26 16:51:02] D2BS 4660: Script threads\autobuildthread.js ended
[10/05/26 16:51:02] D2BS 4660: Script threads\partythread.js ended
[10/05/26 16:51:02] D2BS 4660: Script threads\townchicken.js ended
[10/05/26 16:51:02] D2BS 4660: Script default.dbj ended
[10/05/26 16:51:15] D2BS 4660: joining game pz-151
[10/05/26 16:51:18] D2BS 4660: ÿc2D2BSÿc0 :: Starting default.dbj
[10/05/26 16:51:18] D2BS 4660: ÿc2D2BSÿc0 :: default.dbj running.
[10/05/26 16:51:18] D2BS 4660: Loaded ÿc9[X.nip] [Y.nip] [Z.nip] [V.nip] [B.WCRY.nip]
[10/05/26 16:51:18] D2BS 4660: Loaded ÿc9[B.WCRY.js]
[10/05/26 16:51:18] D2BS 4660: equipped: [Head] 21
[10/05/26 16:51:18] D2BS 4660: equipped: [Neck] 19
[10/05/26 16:51:18] D2BS 4660: equipped: [Body] 21
[10/05/26 16:51:18] D2BS 4660: equipped: [ArmR] 37
[10/05/26 16:51:18] D2BS 4660: equipped: [ArmL] 38
[10/05/26 16:51:18] D2BS 4660: equipped: [RingR] 18
[10/05/26 16:51:18] D2BS 4660: equipped: [RingL] 15
[10/05/26 16:51:18] D2BS 4660: equipped: [Belt] 18
[10/05/26 16:51:18] D2BS 4660: equipped: [Boots] 12
[10/05/26 16:51:18] D2BS 4660: equipped: [Mitts] 13
[10/05/26 16:51:18] D2BS 4660: updateStat
[10/05/26 16:51:18] D2BS 4660: granted: [Head] 15
[10/05/26 16:51:18] D2BS 4660: granted: [Body] 20
[10/05/26 16:51:18] D2BS 4660: granted: [ArmR] 21
[10/05/26 16:51:18] D2BS 4660: Loaded ÿc9[AutoSmurf.js]
[10/05/26 16:51:22] D2BS 4660: farmingON
[10/05/26 16:51:24] D2BS 4660: MiniShopBot: true
[10/05/26 16:51:24] D2BS 4660: UseMerc: true HP: 70
[10/05/26 16:51:45] D2BS 4660: Merc matched: Prayer
[10/05/26 16:51:56] D2BS 4660: Token needed
[10/05/26 16:52:00] D2BS 4660: act5+ BO
[10/05/26 16:52:13] D2BS 4660: ÿc4=== [BAAL] ===
[10/05/26 16:52:25] D2BS 4660: Baal failed: souls found
[10/05/26 16:52:25] D2BS 4660: ÿc4=== [COUNTESS] ===
[10/05/26 16:53:39] D2BS 4660: ÿc4=== [PIT] ===
[10/05/26 16:55:20] D2BS 4660: ÿc4=== [ANDY] ===
[10/05/26 16:56:07] D2BS 4660: ÿc4=== [MEPHISTO] ===
[10/05/26 16:57:25] D2BS 4660: ÿc4=== [DIABLO] ===
[10/05/26 17:03:34] D2BS 4660: party has left: fowo-xb
[10/05/26 17:03:34] D2BS 4660:  [12:17] +3.86% / [Level 88] 39.40%
[10/05/26 17:03:34] D2BS 4660: Script threads\autobuildthread.js ended
[10/05/26 17:03:34] D2BS 4660: Script threads\partythread.js ended
[10/05/26 17:03:34] D2BS 4660: Script threads\townchicken.js ended
[10/05/26 17:03:34] D2BS 4660: Script default.dbj ended
[10/05/26 17:03:45] D2BS 4660: joining game pz-152
[10/05/26 17:03:46] D2BS 4660: ÿc2D2BSÿc0 :: Starting default.dbj
[10/05/26 17:03:46] D2BS 4660: ÿc2D2BSÿc0 :: default.dbj running.
[10/05/26 17:03:47] D2BS 4660: Loaded ÿc9[X.nip] [Y.nip] [Z.nip] [V.nip] [B.WCRY.nip]
[10/05/26 17:03:47] D2BS 4660: Loaded ÿc9[B.WCRY.js]
[10/05/26 17:03:47] D2BS 4660: equipped: [Head] 21
[10/05/26 17:03:47] D2BS 4660: equipped: [Neck] 19
[10/05/26 17:03:47] D2BS 4660: equipped: [Body] 21
[10/05/26 17:03:47] D2BS 4660: equipped: [ArmR] 37
[10/05/26 17:03:47] D2BS 4660: equipped: [ArmL] 38
[10/05/26 17:03:47] D2BS 4660: equipped: [RingR] 18
[10/05/26 17:03:47] D2BS 4660: equipped: [RingL] 15
[10/05/26 17:03:47] D2BS 4660: equipped: [Belt] 18
[10/05/26 17:03:47] D2BS 4660: equipped: [Boots] 12
[10/05/26 17:03:48] D2BS 4660: equipped: [Mitts] 13
[10/05/26 17:03:48] D2BS 4660: updateStat
[10/05/26 17:03:48] D2BS 4660: granted: [Head] 15
[10/05/26 17:03:48] D2BS 4660: granted: [Body] 20
[10/05/26 17:03:48] D2BS 4660: granted: [ArmR] 21
[10/05/26 17:03:48] D2BS 4660: Loaded ÿc9[AutoSmurf.js]
[10/05/26 17:03:52] D2BS 4660: farmingON
[10/05/26 17:03:55] D2BS 4660: MiniShopBot: true
[10/05/26 17:03:55] D2BS 4660: UseMerc: true HP: 70
[10/05/26 17:04:18] D2BS 4660: Merc matched: Prayer
[10/05/26 17:04:27] D2BS 4660: act5+ BO
[10/05/26 17:04:40] D2BS 4660: ÿc4=== [BAAL] ===
[10/05/26 17:08:13] D2BS 4660: ÿc4=== [COUNTESS] ===
[10/05/26 17:09:21] D2BS 4660: ÿc4=== [PIT] ===
[10/05/26 17:11:06] D2BS 4660: ÿc4=== [ANDY] ===
[10/05/26 17:11:58] D2BS 4660: ÿc4=== [MEPHISTO] ===
[10/05/26 17:13:19] D2BS 4660: ÿc4=== [DIABLO] ===
[10/05/26 17:19:12] D2BS 4660: Script ended
[10/05/26 17:19:12] D2BS 4660:  [15:26] +7.75% / [Level 88] 47.15%
[10/05/26 17:19:12] D2BS 4660: Script threads\autobuildthread.js ended
[10/05/26 17:19:12] D2BS 4660: Script threads\partythread.js ended
[10/05/26 17:19:13] D2BS 4660: Script threads\townchicken.js ended
[10/05/26 17:19:26] D2BS 4660: joining game pz-153
[10/05/26 17:19:28] D2BS 4660: ÿc2D2BSÿc0 :: Starting default.dbj
[10/05/26 17:19:28] D2BS 4660: ÿc2D2BSÿc0 :: default.dbj running.
[10/05/26 17:19:28] D2BS 4660: Loaded ÿc9[X.nip] [Y.nip] [Z.nip] [V.nip] [B.WCRY.nip]
[10/05/26 17:19:28] D2BS 4660: Loaded ÿc9[B.WCRY.js]
[10/05/26 17:19:28] D2BS 4660: equipped: [Head] 21
[10/05/26 17:19:28] D2BS 4660: equipped: [Neck] 19
[10/05/26 17:19:28] D2BS 4660: equipped: [Body] 21
[10/05/26 17:19:28] D2BS 4660: equipped: [ArmR] 37
[10/05/26 17:19:28] D2BS 4660: equipped: [ArmL] 38
[10/05/26 17:19:28] D2BS 4660: equipped: [RingR] 18
[10/05/26 17:19:28] D2BS 4660: equipped: [RingL] 15
[10/05/26 17:19:28] D2BS 4660: equipped: [Belt] 18
[10/05/26 17:19:28] D2BS 4660: equipped: [Boots] 12
[10/05/26 17:19:28] D2BS 4660: equipped: [Mitts] 13
[10/05/26 17:19:28] D2BS 4660: updateStat
[10/05/26 17:19:28] D2BS 4660: granted: [Head] 15
[10/05/26 17:19:28] D2BS 4660: granted: [Body] 20
[10/05/26 17:19:28] D2BS 4660: granted: [ArmR] 21
[10/05/26 17:19:28] D2BS 4660: Loaded ÿc9[AutoSmurf.js]
[10/05/26 17:19:33] D2BS 4660: farmingON
[10/05/26 17:19:35] D2BS 4660: MiniShopBot: true
[10/05/26 17:19:35] D2BS 4660: UseMerc: true HP: 70
[10/05/26 17:19:54] D2BS 4660: Merc matched: Prayer
[10/05/26 17:20:02] D2BS 4660: Token needed
[10/05/26 17:20:06] D2BS 4660: act5+ BO
[10/05/26 17:20:19] D2BS 4660: ÿc4=== [BAAL] ===
[10/05/26 17:23:46] D2BS 4660: ÿc4=== [COUNTESS] ===
[10/05/26 17:25:12] D2BS 4660: ÿc4=== [PIT] ===
[10/05/26 17:26:32] D2BS 4660: ÿc4=== [ANDY] ===
[10/05/26 17:27:31] D2BS 4660: ÿc4=== [MEPHISTO] ===
[10/05/26 17:28:44] D2BS 4660: ÿc4=== [DIABLO] ===
[10/05/26 17:34:09] D2BS 4660: party has left: fowo-xf
[10/05/26 17:34:09] D2BS 4660:  [14:41] +7.80% / [Level 88] 54.96%
[10/05/26 17:34:09] D2BS 4660: Script threads\autobuildthread.js ended
[10/05/26 17:34:09] D2BS 4660: Script threads\partythread.js ended
[10/05/26 17:34:09] D2BS 4660: Script threads\townchicken.js ended
[10/05/26 17:34:09] D2BS 4660: Script default.dbj ended
[10/05/26 17:34:21] D2BS 4660: joining game pz-154
[10/05/26 17:34:24] D2BS 4660: ÿc2D2BSÿc0 :: Starting default.dbj
[10/05/26 17:34:24] D2BS 4660: ÿc2D2BSÿc0 :: default.dbj running.
[10/05/26 17:34:24] D2BS 4660: Loaded ÿc9[X.nip] [Y.nip] [Z.nip] [V.nip] [B.WCRY.nip]
[10/05/26 17:34:24] D2BS 4660: Loaded ÿc9[B.WCRY.js]
[10/05/26 17:34:24] D2BS 4660: equipped: [Head] 21
[10/05/26 17:34:24] D2BS 4660: equipped: [Neck] 19
[10/05/26 17:34:24] D2BS 4660: equipped: [Body] 21
[10/05/26 17:34:24] D2BS 4660: equipped: [ArmR] 37
[10/05/26 17:34:24] D2BS 4660: equipped: [ArmL] 38
[10/05/26 17:34:24] D2BS 4660: equipped: [RingR] 18
[10/05/26 17:34:24] D2BS 4660: equipped: [RingL] 15
[10/05/26 17:34:24] D2BS 4660: equipped: [Belt] 18
[10/05/26 17:34:24] D2BS 4660: equipped: [Boots] 12
[10/05/26 17:34:24] D2BS 4660: equipped: [Mitts] 13
[10/05/26 17:34:24] D2BS 4660: updateStat
[10/05/26 17:34:24] D2BS 4660: granted: [Head] 15
[10/05/26 17:34:24] D2BS 4660: granted: [Body] 20
[10/05/26 17:34:24] D2BS 4660: granted: [ArmR] 21
[10/05/26 17:34:24] D2BS 4660: Loaded ÿc9[AutoSmurf.js]
[10/05/26 17:34:28] D2BS 4660: farmingON
[10/05/26 17:34:31] D2BS 4660: MiniShopBot: true
[10/05/26 17:34:31] D2BS 4660: UseMerc: true HP: 70
[10/05/26 17:34:54] D2BS 4660: Merc matched: Prayer
[10/05/26 17:34:58] D2BS 4660: Token needed
[10/05/26 17:35:01] D2BS 4660: act5+ BO
[10/05/26 17:35:14] D2BS 4660: ÿc4=== [BAAL] ===
[10/05/26 17:38:41] D2BS 4660: ÿc4=== [COUNTESS] ===
[10/05/26 17:39:49] D2BS 4660: ÿc4=== [PIT] ===
[10/05/26 17:41:28] D2BS 4660: ÿc4=== [ANDY] ===
[10/05/26 17:42:18] D2BS 4660: ÿc4=== [MEPHISTO] ===
[10/05/26 17:43:42] D2BS 4660: ÿc4=== [DIABLO] ===
[10/05/26 17:49:28] D2BS 4660: party has left: fowo-xb
[10/05/26 17:49:28] D2BS 4660:  [15:05] +8.30% / [Level 88] 63.26%
[10/05/26 17:49:28] D2BS 4660: Script threads\autobuildthread.js ended
[10/05/26 17:49:28] D2BS 4660: Script threads\partythread.js ended
[10/05/26 17:49:28] D2BS 4660: Script threads\townchicken.js ended
[10/05/26 17:49:28] D2BS 4660: Script default.dbj ended
[10/05/26 17:49:41] D2BS 4660: joining game pz-155
[10/05/26 17:49:43] D2BS 4660: ÿc2D2BSÿc0 :: Starting default.dbj
[10/05/26 17:49:43] D2BS 4660: ÿc2D2BSÿc0 :: default.dbj running.
[10/05/26 17:49:43] D2BS 4660: Loaded ÿc9[X.nip] [Y.nip] [Z.nip] [V.nip] [B.WCRY.nip]
[10/05/26 17:49:43] D2BS 4660: Loaded ÿc9[B.WCRY.js]
[10/05/26 17:49:43] D2BS 4660: equipped: [Head] 21
[10/05/26 17:49:43] D2BS 4660: equipped: [Neck] 19
[10/05/26 17:49:43] D2BS 4660: equipped: [Body] 21
[10/05/26 17:49:43] D2BS 4660: equipped: [ArmR] 37
[10/05/26 17:49:43] D2BS 4660: equipped: [ArmL] 38
[10/05/26 17:49:43] D2BS 4660: equipped: [RingR] 18
[10/05/26 17:49:43] D2BS 4660: equipped: [RingL] 15
[10/05/26 17:49:43] D2BS 4660: equipped: [Belt] 18
[10/05/26 17:49:43] D2BS 4660: equipped: [Boots] 12
[10/05/26 17:49:43] D2BS 4660: equipped: [Mitts] 13
[10/05/26 17:49:43] D2BS 4660: updateStat
[10/05/26 17:49:43] D2BS 4660: granted: [Head] 15
[10/05/26 17:49:43] D2BS 4660: granted: [Body] 20
[10/05/26 17:49:43] D2BS 4660: granted: [ArmR] 21
[10/05/26 17:49:43] D2BS 4660: Loaded ÿc9[AutoSmurf.js]
[10/05/26 17:49:50] D2BS 4660: farmingON
[10/05/26 17:49:52] D2BS 4660: MiniShopBot: true
[10/05/26 17:49:52] D2BS 4660: UseMerc: true HP: 70
[10/05/26 17:50:20] D2BS 4660: Merc matched: Prayer
[10/05/26 17:50:24] D2BS 4660: Token needed
[10/05/26 17:50:28] D2BS 4660: act5+ BO
[10/05/26 17:50:41] D2BS 4660: ÿc4=== [BAAL] ===
[10/05/26 17:53:29] D2BS 4660: Script default.dbj ended
[10/05/26 17:53:29] D2BS 4660: Script threads\autobuildthread.js ended
[10/05/26 17:53:29] D2BS 4660: Script threads\partythread.js ended
[10/05/26 17:53:29] D2BS 4660: Script threads\toolsthread.js ended
[10/05/26 17:53:29] D2BS 4660: Script threads\townchicken.js ended
[10/05/26 17:53:41] D2BS 4660: joining game pz-156
[10/05/26 17:53:44] D2BS 4660: ÿc2D2BSÿc0 :: Starting default.dbj
[10/05/26 17:53:44] D2BS 4660: ÿc2D2BSÿc0 :: default.dbj running.
[10/05/26 17:53:44] D2BS 4660: Loaded ÿc9[X.nip] [Y.nip] [Z.nip] [V.nip] [B.WCRY.nip]
[10/05/26 17:53:44] D2BS 4660: Loaded ÿc9[B.WCRY.js]
[10/05/26 17:53:44] D2BS 4660: equipped: [Head] 21
[10/05/26 17:53:44] D2BS 4660: equipped: [Neck] 19
[10/05/26 17:53:44] D2BS 4660: equipped: [Body] 21
[10/05/26 17:53:44] D2BS 4660: equipped: [ArmR] 37
[10/05/26 17:53:44] D2BS 4660: equipped: [ArmL] 38
[10/05/26 17:53:44] D2BS 4660: equipped: [RingR] 18
[10/05/26 17:53:44] D2BS 4660: equipped: [RingL] 15
[10/05/26 17:53:44] D2BS 4660: equipped: [Belt] 18
[10/05/26 17:53:44] D2BS 4660: equipped: [Boots] 12
[10/05/26 17:53:44] D2BS 4660: equipped: [Mitts] 13
[10/05/26 17:53:44] D2BS 4660: updateStat
[10/05/26 17:53:44] D2BS 4660: granted: [Head] 15
[10/05/26 17:53:44] D2BS 4660: granted: [Body] 20
[10/05/26 17:53:44] D2BS 4660: granted: [ArmR] 21
[10/05/26 17:53:44] D2BS 4660: Loaded ÿc9[AutoSmurf.js]
[10/05/26 17:53:45] D2BS 4660: farmingON
[10/05/26 17:53:46] D2BS 4660: MiniShopBot: true
[10/05/26 17:53:46] D2BS 4660: UseMerc: true HP: 70
[10/05/26 17:54:05] D2BS 4660: Merc matched: Prayer
[10/05/26 17:54:18] D2BS 4660: act5+ BO
[10/05/26 17:54:30] D2BS 4660: ÿc4=== [BAAL] ===
[10/05/26 17:58:29] D2BS 4660: ÿc4=== [COUNTESS] ===
[10/05/26 17:59:56] D2BS 4660: ÿc4=== [PIT] ===
[10/05/26 18:01:52] D2BS 4660: ÿc4=== [ANDY] ===
[10/05/26 18:02:35] D2BS 4660: ÿc4=== [MEPHISTO] ===
[10/05/26 18:03:53] D2BS 4660: ÿc4=== [DIABLO] ===
[10/05/26 18:09:43] D2BS 4660: Script ended
[10/05/26 18:09:43] D2BS 4660:  [15:59] +8.36% / [Level 88] 75.07%
[10/05/26 18:09:43] D2BS 4660: Script threads\autobuildthread.js ended
[10/05/26 18:09:44] D2BS 4660: Script threads\partythread.js ended
[10/05/26 18:09:44] D2BS 4660: Script threads\townchicken.js ended
[10/05/26 18:09:56] D2BS 4660: joining game pz-157
[10/05/26 18:09:58] D2BS 4660: ÿc2D2BSÿc0 :: Starting default.dbj
[10/05/26 18:09:58] D2BS 4660: ÿc2D2BSÿc0 :: default.dbj running.
[10/05/26 18:09:58] D2BS 4660: Loaded ÿc9[X.nip] [Y.nip] [Z.nip] [V.nip] [B.WCRY.nip]
[10/05/26 18:09:58] D2BS 4660: Loaded ÿc9[B.WCRY.js]
[10/05/26 18:09:58] D2BS 4660: equipped: [Head] 21
[10/05/26 18:09:58] D2BS 4660: equipped: [Neck] 19
[10/05/26 18:09:58] D2BS 4660: equipped: [Body] 21
[10/05/26 18:09:58] D2BS 4660: equipped: [ArmR] 37
[10/05/26 18:09:58] D2BS 4660: equipped: [ArmL] 38
[10/05/26 18:09:58] D2BS 4660: equipped: [RingR] 18
[10/05/26 18:09:58] D2BS 4660: equipped: [RingL] 15
[10/05/26 18:09:58] D2BS 4660: equipped: [Belt] 18
[10/05/26 18:09:58] D2BS 4660: equipped: [Boots] 12
[10/05/26 18:09:58] D2BS 4660: equipped: [Mitts] 13
[10/05/26 18:09:58] D2BS 4660: updateStat
[10/05/26 18:09:58] D2BS 4660: granted: [Head] 15
[10/05/26 18:09:58] D2BS 4660: granted: [Body] 20
[10/05/26 18:09:58] D2BS 4660: granted: [ArmR] 21
[10/05/26 18:09:58] D2BS 4660: Loaded ÿc9[AutoSmurf.js]
[10/05/26 18:10:03] D2BS 4660: farmingON
[10/05/26 18:10:05] D2BS 4660: MiniShopBot: true
[10/05/26 18:10:05] D2BS 4660: UseMerc: true HP: 70
[10/05/26 18:10:24] D2BS 4660: Merc matched: Prayer
[10/05/26 18:10:38] D2BS 4660: act5+ BO
[10/05/26 18:10:52] D2BS 4660: ÿc4=== [BAAL] ===
[10/05/26 18:14:28] D2BS 4660: ÿc4=== [COUNTESS] ===
[10/05/26 18:15:38] D2BS 4660: ÿc4=== [PIT] ===
[10/05/26 18:17:11] D2BS 4660: ÿc4=== [ANDY] ===
[10/05/26 18:18:01] D2BS 4660: ÿc4=== [MEPHISTO] ===
[10/05/26 18:19:17] D2BS 4660: ÿc4=== [DIABLO] ===
[10/05/26 18:25:37] D2BS 4660: party has left: fowo-xa
[10/05/26 18:25:37] D2BS 4660:  [15:40] +7.25% / [Level 88] 82.32%
[10/05/26 18:25:37] D2BS 4660: Script threads\autobuildthread.js ended
[10/05/26 18:25:37] D2BS 4660: Script threads\partythread.js ended
[10/05/26 18:25:38] D2BS 4660: Script threads\townchicken.js ended
[10/05/26 18:25:38] D2BS 4660: Script default.dbj ended
[10/05/26 18:25:50] D2BS 4660: joining game pz-158
[10/05/26 18:25:51] D2BS 4660: ÿc2D2BSÿc0 :: Starting default.dbj
[10/05/26 18:25:51] D2BS 4660: ÿc2D2BSÿc0 :: default.dbj running.
[10/05/26 18:25:51] D2BS 4660: Loaded ÿc9[X.nip] [Y.nip] [Z.nip] [V.nip] [B.WCRY.nip]
[10/05/26 18:25:51] D2BS 4660: Loaded ÿc9[B.WCRY.js]
[10/05/26 18:25:51] D2BS 4660: equipped: [Head] 21
[10/05/26 18:25:51] D2BS 4660: equipped: [Neck] 19
[10/05/26 18:25:51] D2BS 4660: equipped: [Body] 21
[10/05/26 18:25:51] D2BS 4660: equipped: [ArmR] 37
[10/05/26 18:25:51] D2BS 4660: equipped: [ArmL] 38
[10/05/26 18:25:51] D2BS 4660: equipped: [RingR] 18
[10/05/26 18:25:52] D2BS 4660: equipped: [RingL] 15
[10/05/26 18:25:52] D2BS 4660: equipped: [Belt] 18
[10/05/26 18:25:52] D2BS 4660: equipped: [Boots] 12
[10/05/26 18:25:52] D2BS 4660: equipped: [Mitts] 13
[10/05/26 18:25:52] D2BS 4660: updateStat
[10/05/26 18:25:52] D2BS 4660: granted: [Head] 15
[10/05/26 18:25:52] D2BS 4660: granted: [Body] 20
[10/05/26 18:25:52] D2BS 4660: granted: [ArmR] 21
[10/05/26 18:25:52] D2BS 4660: Loaded ÿc9[AutoSmurf.js]
[10/05/26 18:25:57] D2BS 4660: farmingON
[10/05/26 18:25:58] D2BS 4660: MiniShopBot: true
[10/05/26 18:25:58] D2BS 4660: UseMerc: true HP: 70
[10/05/26 18:26:19] D2BS 4660: Merc matched: Prayer
[10/05/26 18:26:42] D2BS 4660: act5+ BO
[10/05/26 18:27:08] D2BS 4660: ÿc4=== [BAAL] ===
[10/05/26 18:28:42] D2BS 4660: party has left: fowo-xf
[10/05/26 18:28:42] D2BS 4660:  [02:51] +0.93% / [Level 88] 83.25%
[10/05/26 18:28:42] D2BS 4660: Script threads\autobuildthread.js ended
[10/05/26 18:28:42] D2BS 4660: Script threads\partythread.js ended
[10/05/26 18:28:42] D2BS 4660: Script threads\townchicken.js ended
[10/05/26 18:28:42] D2BS 4660: Script default.dbj ended
[10/05/26 18:28:55] D2BS 4660: joining game pz-159
[10/05/26 18:28:56] D2BS 4660: ÿc2D2BSÿc0 :: Starting default.dbj
[10/05/26 18:28:56] D2BS 4660: ÿc2D2BSÿc0 :: default.dbj running.
[10/05/26 18:28:56] D2BS 4660: Loaded ÿc9[X.nip] [Y.nip] [Z.nip] [V.nip] [B.WCRY.nip]
[10/05/26 18:28:56] D2BS 4660: Loaded ÿc9[B.WCRY.js]
[10/05/26 18:28:56] D2BS 4660: equipped: [Head] 21
[10/05/26 18:28:57] D2BS 4660: equipped: [Neck] 19
[10/05/26 18:28:57] D2BS 4660: equipped: [Body] 21
[10/05/26 18:28:57] D2BS 4660: equipped: [ArmR] 37
[10/05/26 18:28:57] D2BS 4660: equipped: [ArmL] 38
[10/05/26 18:28:57] D2BS 4660: equipped: [RingR] 18
[10/05/26 18:28:57] D2BS 4660: equipped: [RingL] 15
[10/05/26 18:28:57] D2BS 4660: equipped: [Belt] 18
[10/05/26 18:28:57] D2BS 4660: equipped: [Boots] 12
[10/05/26 18:28:57] D2BS 4660: equipped: [Mitts] 13
[10/05/26 18:28:57] D2BS 4660: updateStat
[10/05/26 18:28:57] D2BS 4660: granted: [Head] 15
[10/05/26 18:28:57] D2BS 4660: granted: [Body] 20
[10/05/26 18:28:57] D2BS 4660: granted: [ArmR] 21
[10/05/26 18:28:57] D2BS 4660: Loaded ÿc9[AutoSmurf.js]
[10/05/26 18:28:59] D2BS 4660: farmingON
[10/05/26 18:29:00] D2BS 4660: MiniShopBot: true
[10/05/26 18:29:00] D2BS 4660: UseMerc: true HP: 70
[10/05/26 18:29:19] D2BS 4660: Merc matched: Prayer
[10/05/26 18:29:23] D2BS 4660: Token needed
[10/05/26 18:29:27] D2BS 4660: act5+ BO
[10/05/26 18:29:39] D2BS 4660: ÿc4=== [BAAL] ===
[10/05/26 18:32:57] D2BS 4660: ÿc4=== [COUNTESS] ===
[10/05/26 18:34:08] D2BS 4660: ÿc4=== [PIT] ===
[10/05/26 18:35:52] D2BS 4660: ÿc4=== [ANDY] ===
[10/05/26 18:36:43] D2BS 4660: ÿc4=== [MEPHISTO] ===
[10/05/26 18:37:54] D2BS 4660: ÿc4=== [DIABLO] ===
[10/05/26 18:44:48] D2BS 4660: party has left: fowo-xg
[10/05/26 18:44:48] D2BS 4660:  [15:52] +7.54% / [Level 88] 90.79%
[10/05/26 18:44:48] D2BS 4660: Script threads\autobuildthread.js ended
[10/05/26 18:44:48] D2BS 4660: Script threads\partythread.js ended
[10/05/26 18:44:48] D2BS 4660: Script threads\townchicken.js ended
[10/05/26 18:44:48] D2BS 4660: Script default.dbj ended
[10/05/26 18:45:00] D2BS 4660: joining game pz-160
[10/05/26 18:45:02] D2BS 4660: ÿc2D2BSÿc0 :: Starting default.dbj
[10/05/26 18:45:02] D2BS 4660: ÿc2D2BSÿc0 :: default.dbj running.
[10/05/26 18:45:03] D2BS 4660: Loaded ÿc9[X.nip] [Y.nip] [Z.nip] [V.nip] [B.WCRY.nip]
[10/05/26 18:45:03] D2BS 4660: Loaded ÿc9[B.WCRY.js]
[10/05/26 18:45:03] D2BS 4660: equipped: [Head] 21
[10/05/26 18:45:03] D2BS 4660: equipped: [Neck] 19
[10/05/26 18:45:03] D2BS 4660: equipped: [Body] 21
[10/05/26 18:45:03] D2BS 4660: equipped: [ArmR] 37
[10/05/26 18:45:03] D2BS 4660: equipped: [ArmL] 38
[10/05/26 18:45:03] D2BS 4660: equipped: [RingR] 18
[10/05/26 18:45:03] D2BS 4660: equipped: [RingL] 15
[10/05/26 18:45:03] D2BS 4660: equipped: [Belt] 18
[10/05/26 18:45:03] D2BS 4660: equipped: [Boots] 12
[10/05/26 18:45:03] D2BS 4660: equipped: [Mitts] 13
[10/05/26 18:45:03] D2BS 4660: updateStat
[10/05/26 18:45:03] D2BS 4660: granted: [Head] 15
[10/05/26 18:45:03] D2BS 4660: granted: [Body] 20
[10/05/26 18:45:03] D2BS 4660: granted: [ArmR] 21
[10/05/26 18:45:03] D2BS 4660: Loaded ÿc9[AutoSmurf.js]
[10/05/26 18:45:08] D2BS 4660: farmingON
[10/05/26 18:45:09] D2BS 4660: MiniShopBot: true
[10/05/26 18:45:09] D2BS 4660: UseMerc: true HP: 70
[10/05/26 18:45:26] D2BS 4660: Merc matched: Prayer
[10/05/26 18:45:37] D2BS 4660: Token needed
[10/05/26 18:45:42] D2BS 4660: act5+ BO
[10/05/26 18:45:54] D2BS 4660: ÿc4=== [BAAL] ===
[10/05/26 18:46:16] D2BS 4660: Baal failed: souls found
[10/05/26 18:46:16] D2BS 4660: ÿc4=== [COUNTESS] ===
[10/05/26 18:47:29] D2BS 4660: ÿc4=== [PIT] ===
[10/05/26 18:49:14] D2BS 4660: ÿc4=== [ANDY] ===
[10/05/26 18:50:18] D2BS 4660: ÿc4=== [MEPHISTO] ===
[10/05/26 18:51:43] D2BS 4660: ÿc4=== [DIABLO] ===
[10/05/26 18:56:41] D2BS 4660: party has left: fowo-xe
[10/05/26 18:56:41] D2BS 4660:  [11:39] +2.56% / [Level 88] 93.35%
[10/05/26 18:56:41] D2BS 4660: Script threads\autobuildthread.js ended
[10/05/26 18:56:41] D2BS 4660: Script threads\partythread.js ended
[10/05/26 18:56:41] D2BS 4660: Script threads\townchicken.js ended
[10/05/26 18:56:41] D2BS 4660: Script default.dbj ended
[10/05/26 18:56:53] D2BS 4660: joining game pz-161
[10/05/26 18:56:55] D2BS 4660: ÿc2D2BSÿc0 :: Starting default.dbj
[10/05/26 18:56:55] D2BS 4660: ÿc2D2BSÿc0 :: default.dbj running.
[10/05/26 18:56:55] D2BS 4660: Loaded ÿc9[X.nip] [Y.nip] [Z.nip] [V.nip] [B.WCRY.nip]
[10/05/26 18:56:55] D2BS 4660: Loaded ÿc9[B.WCRY.js]
[10/05/26 18:56:55] D2BS 4660: equipped: [Head] 21
[10/05/26 18:56:55] D2BS 4660: equipped: [Neck] 19
[10/05/26 18:56:55] D2BS 4660: equipped: [Body] 21
[10/05/26 18:56:55] D2BS 4660: equipped: [ArmR] 37
[10/05/26 18:56:55] D2BS 4660: equipped: [ArmL] 38
[10/05/26 18:56:55] D2BS 4660: equipped: [RingR] 18
[10/05/26 18:56:55] D2BS 4660: equipped: [RingL] 15
[10/05/26 18:56:55] D2BS 4660: equipped: [Belt] 18
[10/05/26 18:56:55] D2BS 4660: equipped: [Boots] 12
[10/05/26 18:56:55] D2BS 4660: equipped: [Mitts] 13
[10/05/26 18:56:55] D2BS 4660: updateStat
[10/05/26 18:56:55] D2BS 4660: granted: [Head] 15
[10/05/26 18:56:55] D2BS 4660: granted: [Body] 20
[10/05/26 18:56:55] D2BS 4660: granted: [ArmR] 21
[10/05/26 18:56:56] D2BS 4660: Loaded ÿc9[AutoSmurf.js]
[10/05/26 18:57:01] D2BS 4660: farmingON
[10/05/26 18:57:02] D2BS 4660: MiniShopBot: true
[10/05/26 18:57:02] D2BS 4660: UseMerc: true HP: 70
[10/05/26 18:57:18] D2BS 4660: Merc matched: Prayer
[10/05/26 18:57:27] D2BS 4660: Token needed
[10/05/26 18:57:31] D2BS 4660: act5+ BO
[10/05/26 18:57:43] D2BS 4660: ÿc4=== [BAAL] ===
[10/05/26 18:58:00] D2BS 4660: Baal failed: souls found
[10/05/26 18:58:00] D2BS 4660: ÿc4=== [COUNTESS] ===
[10/05/26 18:59:05] D2BS 4660: ÿc4=== [PIT] ===
[10/05/26 19:01:03] D2BS 4660: ÿc4=== [ANDY] ===
[10/05/26 19:02:00] D2BS 4660: ÿc4=== [MEPHISTO] ===
[10/05/26 19:03:15] D2BS 4660: ÿc4=== [DIABLO] ===
[10/05/26 19:08:43] D2BS 4660: party has left: fowo-xd
[10/05/26 19:08:43] D2BS 4660:  [11:49] +4.54% / [Level 88] 97.89%
[10/05/26 19:08:43] D2BS 4660: Script threads\autobuildthread.js ended
[10/05/26 19:08:43] D2BS 4660: Script threads\partythread.js ended
[10/05/26 19:08:44] D2BS 4660: Script threads\townchicken.js ended
[10/05/26 19:08:44] D2BS 4660: Script default.dbj ended
[10/05/26 19:08:56] D2BS 4660: joining game pz-162
[10/05/26 19:08:58] D2BS 4660: ÿc2D2BSÿc0 :: Starting default.dbj
[10/05/26 19:08:58] D2BS 4660: ÿc2D2BSÿc0 :: default.dbj running.
[10/05/26 19:08:58] D2BS 4660: Loaded ÿc9[X.nip] [Y.nip] [Z.nip] [V.nip] [B.WCRY.nip]
[10/05/26 19:08:58] D2BS 4660: Loaded ÿc9[B.WCRY.js]
[10/05/26 19:08:58] D2BS 4660: equipped: [Head] 21
[10/05/26 19:08:58] D2BS 4660: equipped: [Neck] 19
[10/05/26 19:08:58] D2BS 4660: equipped: [Body] 21
[10/05/26 19:08:58] D2BS 4660: equipped: [ArmR] 37
[10/05/26 19:08:58] D2BS 4660: equipped: [ArmL] 38
[10/05/26 19:08:58] D2BS 4660: equipped: [RingR] 18
[10/05/26 19:08:58] D2BS 4660: equipped: [RingL] 15
[10/05/26 19:08:58] D2BS 4660: equipped: [Belt] 18
[10/05/26 19:08:58] D2BS 4660: equipped: [Boots] 12
[10/05/26 19:08:58] D2BS 4660: equipped: [Mitts] 13
[10/05/26 19:08:58] D2BS 4660: updateStat
[10/05/26 19:08:58] D2BS 4660: granted: [Head] 15
[10/05/26 19:08:58] D2BS 4660: granted: [Body] 20
[10/05/26 19:08:58] D2BS 4660: granted: [ArmR] 21
[10/05/26 19:08:58] D2BS 4660: Loaded ÿc9[AutoSmurf.js]
[10/05/26 19:09:04] D2BS 4660: farmingON
[10/05/26 19:09:06] D2BS 4660: MiniShopBot: true
[10/05/26 19:09:06] D2BS 4660: UseMerc: true HP: 70
[10/05/26 19:09:29] D2BS 4660: Merc matched: Prayer
[10/05/26 19:09:37] D2BS 4660: Token needed
[10/05/26 19:09:41] D2BS 4660: act5+ BO
[10/05/26 19:09:53] D2BS 4660: ÿc4=== [BAAL] ===
[10/05/26 19:10:04] D2BS 4660: Baal failed: souls found
[10/05/26 19:10:04] D2BS 4660: ÿc4=== [COUNTESS] ===
[10/05/26 19:11:09] D2BS 4660: ÿc4=== [PIT] ===
[10/05/26 19:12:54] D2BS 4660: ÿc4=== [ANDY] ===
[10/05/26 19:13:56] D2BS 4660: ÿc4=== [MEPHISTO] ===
[10/05/26 19:15:17] D2BS 4660: ÿc4=== [DIABLO] ===
[10/05/26 19:20:36] D2BS 4660: party has left: fowo-xa
[10/05/26 19:20:36] D2BS 4660:  [11:39] +3.08% / [Level 89] 1.15%
[10/05/26 19:20:36] D2BS 4660: Script threads\autobuildthread.js ended
[10/05/26 19:20:36] D2BS 4660: Script threads\partythread.js ended
[10/05/26 19:20:36] D2BS 4660: Script threads\townchicken.js ended
[10/05/26 19:20:36] D2BS 4660: Script default.dbj ended
[10/05/26 19:20:48] D2BS 4660: joining game pz-163
[10/05/26 19:20:51] D2BS 4660: ÿc2D2BSÿc0 :: Starting default.dbj
[10/05/26 19:20:51] D2BS 4660: ÿc2D2BSÿc0 :: default.dbj running.
[10/05/26 19:20:51] D2BS 4660: Loaded ÿc9[X.nip] [Y.nip] [Z.nip] [V.nip] [B.WCRY.nip]
[10/05/26 19:20:51] D2BS 4660: Loaded ÿc9[B.WCRY.js]
[10/05/26 19:20:51] D2BS 4660: equipped: [Head] 21
[10/05/26 19:20:51] D2BS 4660: equipped: [Neck] 19
[10/05/26 19:20:51] D2BS 4660: equipped: [Body] 21
[10/05/26 19:20:51] D2BS 4660: equipped: [ArmR] 37
[10/05/26 19:20:51] D2BS 4660: equipped: [ArmL] 38
[10/05/26 19:20:51] D2BS 4660: equipped: [RingR] 18
[10/05/26 19:20:51] D2BS 4660: equipped: [RingL] 15
[10/05/26 19:20:51] D2BS 4660: equipped: [Belt] 18
[10/05/26 19:20:51] D2BS 4660: equipped: [Boots] 12
[10/05/26 19:20:51] D2BS 4660: equipped: [Mitts] 13
[10/05/26 19:20:51] D2BS 4660: Loaded ÿc9[AutoSmurf.js]
[10/05/26 19:20:56] D2BS 4660: farmingON
[10/05/26 19:20:59] D2BS 4660: MiniShopBot: true
[10/05/26 19:20:59] D2BS 4660: UseMerc: true HP: 70
[10/05/26 19:21:18] D2BS 4660: Merc matched: Prayer
[10/05/26 19:21:28] D2BS 4660: Token needed
[10/05/26 19:21:32] D2BS 4660: act5+ BO
[10/05/26 19:21:33] D2BS 4660: updateStat
[10/05/26 19:21:44] D2BS 4660: ÿc4=== [BAAL] ===
[10/05/26 19:25:40] D2BS 4660: ÿc4=== [COUNTESS] ===
[10/05/26 19:26:45] D2BS 4660: ÿc4=== [PIT] ===
[10/05/26 19:28:24] D2BS 4660: ÿc4=== [ANDY] ===
[10/05/26 19:29:13] D2BS 4660: ÿc4=== [MEPHISTO] ===
[10/05/26 19:30:26] D2BS 4660: ÿc4=== [DIABLO] ===
[10/05/26 19:36:32] D2BS 4660: party has left: fowo-xb
[10/05/26 19:36:32] D2BS 4660:  [15:42] +5.55% / [Level 89] 6.70%
[10/05/26 19:36:32] D2BS 4660: Script threads\autobuildthread.js ended
[10/05/26 19:36:32] D2BS 4660: Script threads\partythread.js ended
[10/05/26 19:36:32] D2BS 4660: Script threads\townchicken.js ended
[10/05/26 19:36:32] D2BS 4660: Script default.dbj ended
[10/05/26 19:36:45] D2BS 4660: joining game pz-164
[10/05/26 19:36:47] D2BS 4660: ÿc2D2BSÿc0 :: Starting default.dbj
[10/05/26 19:36:47] D2BS 4660: ÿc2D2BSÿc0 :: default.dbj running.
[10/05/26 19:36:47] D2BS 4660: Loaded ÿc9[X.nip] [Y.nip] [Z.nip] [V.nip] [B.WCRY.nip]
[10/05/26 19:36:47] D2BS 4660: Loaded ÿc9[B.WCRY.js]
[10/05/26 19:36:47] D2BS 4660: equipped: [Head] 21
[10/05/26 19:36:47] D2BS 4660: equipped: [Neck] 19
[10/05/26 19:36:47] D2BS 4660: equipped: [Body] 21
[10/05/26 19:36:47] D2BS 4660: equipped: [ArmR] 37
[10/05/26 19:36:47] D2BS 4660: equipped: [ArmL] 38
[10/05/26 19:36:47] D2BS 4660: equipped: [RingR] 18
[10/05/26 19:36:47] D2BS 4660: equipped: [RingL] 15
[10/05/26 19:36:47] D2BS 4660: equipped: [Belt] 18
[10/05/26 19:36:47] D2BS 4660: equipped: [Boots] 12
[10/05/26 19:36:47] D2BS 4660: equipped: [Mitts] 13
[10/05/26 19:36:47] D2BS 4660: updateStat
[10/05/26 19:36:47] D2BS 4660: granted: [Head] 15
[10/05/26 19:36:47] D2BS 4660: granted: [Body] 20
[10/05/26 19:36:47] D2BS 4660: granted: [ArmR] 21
[10/05/26 19:36:47] D2BS 4660: Loaded ÿc9[AutoSmurf.js]
[10/05/26 19:36:52] D2BS 4660: farmingON
[10/05/26 19:36:53] D2BS 4660: MiniShopBot: true
[10/05/26 19:36:53] D2BS 4660: UseMerc: true HP: 70
[10/05/26 19:37:12] D2BS 4660: granted: [Body] 21
[10/05/26 19:37:12] D2BS 4660: Merc matched: Prayer
[10/05/26 19:37:32] D2BS 4660: act5+ BO
[10/05/26 19:39:39] D2BS 4660: party has left: fowo-xd
[10/05/26 19:39:39] D2BS 4660: no exp [02:52]
[10/05/26 19:39:39] D2BS 4660: Script threads\autobuildthread.js ended
[10/05/26 19:39:39] D2BS 4660: Script threads\partythread.js ended
[10/05/26 19:39:39] D2BS 4660: Script threads\townchicken.js ended
[10/05/26 19:39:39] D2BS 4660: Script default.dbj ended
[10/05/26 19:39:51] D2BS 4660: joining game pz-165
[10/05/26 19:39:52] D2BS 4660: ÿc2D2BSÿc0 :: Starting default.dbj
[10/05/26 19:39:52] D2BS 4660: ÿc2D2BSÿc0 :: default.dbj running.
[10/05/26 19:39:52] D2BS 4660: Loaded ÿc9[X.nip] [Y.nip] [Z.nip] [V.nip] [B.WCRY.nip]
[10/05/26 19:39:52] D2BS 4660: Loaded ÿc9[B.WCRY.js]
[10/05/26 19:39:52] D2BS 4660: equipped: [Head] 21
[10/05/26 19:39:53] D2BS 4660: equipped: [Neck] 19
[10/05/26 19:39:53] D2BS 4660: equipped: [Body] 21
[10/05/26 19:39:53] D2BS 4660: equipped: [ArmR] 37
[10/05/26 19:39:53] D2BS 4660: equipped: [ArmL] 38
[10/05/26 19:39:53] D2BS 4660: equipped: [RingR] 18
[10/05/26 19:39:53] D2BS 4660: equipped: [RingL] 15
[10/05/26 19:39:53] D2BS 4660: equipped: [Belt] 18
[10/05/26 19:39:53] D2BS 4660: equipped: [Boots] 12
[10/05/26 19:39:53] D2BS 4660: equipped: [Mitts] 13
[10/05/26 19:39:53] D2BS 4660: updateStat
[10/05/26 19:39:53] D2BS 4660: granted: [Head] 15
[10/05/26 19:39:53] D2BS 4660: granted: [Body] 21
[10/05/26 19:39:53] D2BS 4660: granted: [ArmR] 21
[10/05/26 19:39:53] D2BS 4660: Loaded ÿc9[AutoSmurf.js]
[10/05/26 19:39:56] D2BS 4660: farmingON
[10/05/26 19:39:57] D2BS 4660: MiniShopBot: true
[10/05/26 19:39:57] D2BS 4660: UseMerc: true HP: 70
[10/05/26 19:40:14] D2BS 4660: Merc matched: Prayer
[10/05/26 19:40:19] D2BS 4660: Token needed
[10/05/26 19:40:23] D2BS 4660: act5+ BO
[10/05/26 19:40:36] D2BS 4660: ÿc4=== [BAAL] ===
[10/05/26 19:40:48] D2BS 4660: Baal failed: souls found
[10/05/26 19:40:48] D2BS 4660: ÿc4=== [COUNTESS] ===
[10/05/26 19:41:50] D2BS 4660: ÿc4=== [PIT] ===
[10/05/26 19:43:34] D2BS 4660: ÿc4=== [ANDY] ===
[10/05/26 19:44:22] D2BS 4660: ÿc4=== [MEPHISTO] ===
[10/05/26 19:45:35] D2BS 4660: ÿc4=== [DIABLO] ===
[10/05/26 19:51:23] D2BS 4660: party has left: fowo-xa
[10/05/26 19:51:24] D2BS 4660:  [11:31] +3.08% / [Level 89] 9.77%
[10/05/26 19:51:24] D2BS 4660: Script threads\autobuildthread.js ended
[10/05/26 19:51:24] D2BS 4660: Script threads\partythread.js ended
[10/05/26 19:51:24] D2BS 4660: Script threads\townchicken.js ended
[10/05/26 19:51:24] D2BS 4660: Script default.dbj ended
[10/05/26 19:51:37] D2BS 4660: joining game pz-166
[10/05/26 19:51:38] D2BS 4660: ÿc2D2BSÿc0 :: Starting default.dbj
[10/05/26 19:51:38] D2BS 4660: ÿc2D2BSÿc0 :: default.dbj running.
[10/05/26 19:51:39] D2BS 4660: Loaded ÿc9[X.nip] [Y.nip] [Z.nip] [V.nip] [B.WCRY.nip]
[10/05/26 19:51:39] D2BS 4660: Loaded ÿc9[B.WCRY.js]
[10/05/26 19:51:39] D2BS 4660: equipped: [Head] 21
[10/05/26 19:51:39] D2BS 4660: equipped: [Neck] 19
[10/05/26 19:51:39] D2BS 4660: equipped: [Body] 21
[10/05/26 19:51:39] D2BS 4660: equipped: [ArmR] 37
[10/05/26 19:51:39] D2BS 4660: equipped: [ArmL] 38
[10/05/26 19:51:39] D2BS 4660: equipped: [RingR] 18
[10/05/26 19:51:39] D2BS 4660: equipped: [RingL] 15
[10/05/26 19:51:39] D2BS 4660: equipped: [Belt] 18
[10/05/26 19:51:39] D2BS 4660: equipped: [Boots] 12
[10/05/26 19:51:39] D2BS 4660: equipped: [Mitts] 13
[10/05/26 19:51:39] D2BS 4660: updateStat
[10/05/26 19:51:39] D2BS 4660: granted: [Head] 15
[10/05/26 19:51:39] D2BS 4660: granted: [Body] 21
[10/05/26 19:51:39] D2BS 4660: granted: [ArmR] 21
[10/05/26 19:51:39] D2BS 4660: Loaded ÿc9[AutoSmurf.js]
[10/05/26 19:51:44] D2BS 4660: farmingON
[10/05/26 19:51:46] D2BS 4660: MiniShopBot: true
[10/05/26 19:51:46] D2BS 4660: UseMerc: true HP: 70
[10/05/26 19:52:07] D2BS 4660: Merc matched: Prayer
[10/05/26 19:52:21] D2BS 4660: act5+ BO
[10/05/26 19:52:35] D2BS 4660: ÿc4=== [BAAL] ===
[10/05/26 19:53:04] D2BS 4660: Baal failed: souls found
[10/05/26 19:53:04] D2BS 4660: ÿc4=== [COUNTESS] ===
[10/05/26 19:54:11] D2BS 4660: ÿc4=== [PIT] ===
[10/05/26 19:55:54] D2BS 4660: ÿc4=== [ANDY] ===
[10/05/26 19:56:54] D2BS 4660: ÿc4=== [MEPHISTO] ===
[10/05/26 19:58:11] D2BS 4660: ÿc4=== [DIABLO] ===
[10/05/26 20:03:18] D2BS 4660: Script ended
[10/05/26 20:03:18] D2BS 4660:  [11:39] +2.75% / [Level 89] 12.53%
[10/05/26 20:03:18] D2BS 4660: Script threads\autobuildthread.js ended
[10/05/26 20:03:18] D2BS 4660: Script threads\partythread.js ended
[10/05/26 20:03:18] D2BS 4660: Script threads\townchicken.js ended
[10/05/26 20:03:31] D2BS 4660: joining game pz-167
[10/05/26 20:03:33] D2BS 4660: ÿc2D2BSÿc0 :: Starting default.dbj
[10/05/26 20:03:33] D2BS 4660: ÿc2D2BSÿc0 :: default.dbj running.
[10/05/26 20:03:33] D2BS 4660: Loaded ÿc9[X.nip] [Y.nip] [Z.nip] [V.nip] [B.WCRY.nip]
[10/05/26 20:03:33] D2BS 4660: Loaded ÿc9[B.WCRY.js]
[10/05/26 20:03:33] D2BS 4660: equipped: [Head] 21
[10/05/26 20:03:33] D2BS 4660: equipped: [Neck] 19
[10/05/26 20:03:33] D2BS 4660: equipped: [Body] 21
[10/05/26 20:03:33] D2BS 4660: equipped: [ArmR] 37
[10/05/26 20:03:33] D2BS 4660: equipped: [ArmL] 38
[10/05/26 20:03:33] D2BS 4660: equipped: [RingR] 18
[10/05/26 20:03:33] D2BS 4660: equipped: [RingL] 15
[10/05/26 20:03:33] D2BS 4660: equipped: [Belt] 18
[10/05/26 20:03:33] D2BS 4660: equipped: [Boots] 12
[10/05/26 20:03:33] D2BS 4660: equipped: [Mitts] 13
[10/05/26 20:03:33] D2BS 4660: updateStat
[10/05/26 20:03:33] D2BS 4660: granted: [Head] 15
[10/05/26 20:03:33] D2BS 4660: granted: [Body] 21
[10/05/26 20:03:33] D2BS 4660: granted: [ArmR] 21
[10/05/26 20:03:33] D2BS 4660: Loaded ÿc9[AutoSmurf.js]
[10/05/26 20:03:39] D2BS 4660: farmingON
[10/05/26 20:03:41] D2BS 4660: MiniShopBot: true
[10/05/26 20:03:41] D2BS 4660: UseMerc: true HP: 70
[10/05/26 20:04:05] D2BS 4660: Merc matched: Prayer
[10/05/26 20:04:21] D2BS 4660: act5+ BO
[10/05/26 20:04:33] D2BS 4660: ÿc4=== [BAAL] ===
[10/05/26 20:04:46] D2BS 4660: Baal failed: souls found
[10/05/26 20:04:46] D2BS 4660: ÿc4=== [COUNTESS] ===
[10/05/26 20:05:58] D2BS 4660: ÿc4=== [PIT] ===
[10/05/26 20:07:39] D2BS 4660: ÿc4=== [ANDY] ===
[10/05/26 20:08:31] D2BS 4660: ÿc4=== [MEPHISTO] ===
[10/05/26 20:09:44] D2BS 4660: ÿc4=== [DIABLO] ===
[10/05/26 20:15:09] D2BS 4660: party has left: fowo-xb
[10/05/26 20:15:09] D2BS 4660:  [11:37] +2.89% / [Level 89] 15.41%
[10/05/26 20:15:09] D2BS 4660: Script threads\autobuildthread.js ended
[10/05/26 20:15:10] D2BS 4660: Script threads\partythread.js ended
[10/05/26 20:15:10] D2BS 4660: Script threads\townchicken.js ended
[10/05/26 20:15:10] D2BS 4660: Script default.dbj ended
[10/05/26 20:15:21] D2BS 4660: joining game pz-168
[10/05/26 20:15:23] D2BS 4660: ÿc2D2BSÿc0 :: Starting default.dbj
[10/05/26 20:15:23] D2BS 4660: ÿc2D2BSÿc0 :: default.dbj running.
[10/05/26 20:15:23] D2BS 4660: Loaded ÿc9[X.nip] [Y.nip] [Z.nip] [V.nip] [B.WCRY.nip]
[10/05/26 20:15:23] D2BS 4660: Loaded ÿc9[B.WCRY.js]
[10/05/26 20:15:23] D2BS 4660: equipped: [Head] 21
[10/05/26 20:15:23] D2BS 4660: equipped: [Neck] 19
[10/05/26 20:15:23] D2BS 4660: equipped: [Body] 21
[10/05/26 20:15:23] D2BS 4660: equipped: [ArmR] 37
[10/05/26 20:15:23] D2BS 4660: equipped: [ArmL] 38
[10/05/26 20:15:23] D2BS 4660: equipped: [RingR] 18
[10/05/26 20:15:24] D2BS 4660: equipped: [RingL] 15
[10/05/26 20:15:24] D2BS 4660: equipped: [Belt] 18
[10/05/26 20:15:24] D2BS 4660: equipped: [Boots] 12
[10/05/26 20:15:24] D2BS 4660: equipped: [Mitts] 13
[10/05/26 20:15:24] D2BS 4660: updateStat
[10/05/26 20:15:24] D2BS 4660: granted: [Head] 15
[10/05/26 20:15:24] D2BS 4660: granted: [Body] 21
[10/05/26 20:15:24] D2BS 4660: granted: [ArmR] 21
[10/05/26 20:15:24] D2BS 4660: Loaded ÿc9[AutoSmurf.js]
[10/05/26 20:15:29] D2BS 4660: farmingON
[10/05/26 20:15:30] D2BS 4660: MiniShopBot: true
[10/05/26 20:15:30] D2BS 4660: UseMerc: true HP: 70
[10/05/26 20:15:52] D2BS 4660: Merc matched: Prayer
[10/05/26 20:15:59] D2BS 4660: Token needed
[10/05/26 20:16:03] D2BS 4660: act5+ BO
[10/05/26 20:16:15] D2BS 4660: ÿc4=== [BAAL] ===
[10/05/26 20:19:45] D2BS 4660: ÿc4=== [COUNTESS] ===
[10/05/26 20:21:09] D2BS 4660: ÿc4=== [PIT] ===
[10/05/26 20:22:38] D2BS 4660: ÿc4=== [ANDY] ===
[10/05/26 20:23:34] D2BS 4660: ÿc4=== [MEPHISTO] ===
[10/05/26 20:24:56] D2BS 4660: ÿc4=== [DIABLO] ===
[10/05/26 20:25:30] D2BS 4660: [Craft] Caster Amulet
[10/05/26 20:31:07] D2BS 4660: Script ended
[10/05/26 20:31:07] D2BS 4660:  [15:44] +5.60% / [Level 89] 21.01%
[10/05/26 20:31:07] D2BS 4660: Script threads\autobuildthread.js ended
[10/05/26 20:31:07] D2BS 4660: Script threads\partythread.js ended
[10/05/26 20:31:07] D2BS 4660: Script threads\townchicken.js ended
[10/05/26 20:31:21] D2BS 4660: joining game pz-169
[10/05/26 20:31:23] D2BS 4660: ÿc2D2BSÿc0 :: Starting default.dbj
[10/05/26 20:31:23] D2BS 4660: ÿc2D2BSÿc0 :: default.dbj running.
[10/05/26 20:31:23] D2BS 4660: Loaded ÿc9[X.nip] [Y.nip] [Z.nip] [V.nip] [B.WCRY.nip]
[10/05/26 20:31:23] D2BS 4660: Loaded ÿc9[B.WCRY.js]
[10/05/26 20:31:23] D2BS 4660: equipped: [Head] 21
[10/05/26 20:31:23] D2BS 4660: equipped: [Neck] 19
[10/05/26 20:31:23] D2BS 4660: equipped: [Body] 21
[10/05/26 20:31:23] D2BS 4660: equipped: [ArmR] 37
[10/05/26 20:31:23] D2BS 4660: equipped: [ArmL] 38
[10/05/26 20:31:23] D2BS 4660: equipped: [RingR] 18
[10/05/26 20:31:23] D2BS 4660: equipped: [RingL] 15
[10/05/26 20:31:23] D2BS 4660: equipped: [Belt] 18
[10/05/26 20:31:23] D2BS 4660: equipped: [Boots] 12
[10/05/26 20:31:23] D2BS 4660: equipped: [Mitts] 13
[10/05/26 20:31:23] D2BS 4660: updateStat
[10/05/26 20:31:23] D2BS 4660: granted: [Head] 15
[10/05/26 20:31:23] D2BS 4660: granted: [Body] 21
[10/05/26 20:31:23] D2BS 4660: granted: [ArmR] 21
[10/05/26 20:31:23] D2BS 4660: Loaded ÿc9[AutoSmurf.js]
[10/05/26 20:31:28] D2BS 4660: farmingON
[10/05/26 20:31:29] D2BS 4660: MiniShopBot: true
[10/05/26 20:31:29] D2BS 4660: UseMerc: true HP: 70
[10/05/26 20:31:51] D2BS 4660: Merc matched: Prayer
[10/05/26 20:31:59] D2BS 4660: Token needed
[10/05/26 20:32:02] D2BS 4660: act5+ BO
[10/05/26 20:32:15] D2BS 4660: ÿc4=== [BAAL] ===
[10/05/26 20:32:33] D2BS 4660: Baal failed: souls found
[10/05/26 20:32:33] D2BS 4660: ÿc4=== [COUNTESS] ===
[10/05/26 20:33:40] D2BS 4660: ÿc4=== [PIT] ===
[10/05/26 20:34:39] D2BS 4660: updateStat
[10/05/26 20:35:19] D2BS 4660: ÿc4=== [ANDY] ===
[10/05/26 20:36:26] D2BS 4660: ÿc4=== [MEPHISTO] ===
[10/05/26 20:37:46] D2BS 4660: ÿc4=== [DIABLO] ===
[10/05/26 20:43:23] D2BS 4660: Script ended
[10/05/26 20:43:23] D2BS 4660:  [12:01] +2.78% / [Level 89] 23.79%
[10/05/26 20:43:23] D2BS 4660: Script threads\autobuildthread.js ended
[10/05/26 20:43:23] D2BS 4660: Script threads\partythread.js ended
[10/05/26 20:43:23] D2BS 4660: Script threads\townchicken.js ended
[10/05/26 20:43:36] D2BS 4660: joining game pz-170
[10/05/26 20:43:38] D2BS 4660: ÿc2D2BSÿc0 :: Starting default.dbj
[10/05/26 20:43:38] D2BS 4660: ÿc2D2BSÿc0 :: default.dbj running.
[10/05/26 20:43:38] D2BS 4660: Loaded ÿc9[X.nip] [Y.nip] [Z.nip] [V.nip] [B.WCRY.nip]
[10/05/26 20:43:38] D2BS 4660: Loaded ÿc9[B.WCRY.js]
[10/05/26 20:43:38] D2BS 4660: equipped: [Head] 21
[10/05/26 20:43:38] D2BS 4660: equipped: [Neck] 19
[10/05/26 20:43:38] D2BS 4660: equipped: [Body] 21
[10/05/26 20:43:38] D2BS 4660: equipped: [ArmR] 37
[10/05/26 20:43:38] D2BS 4660: equipped: [ArmL] 38
[10/05/26 20:43:38] D2BS 4660: equipped: [RingR] 18
[10/05/26 20:43:38] D2BS 4660: equipped: [RingL] 15
[10/05/26 20:43:38] D2BS 4660: equipped: [Belt] 18
[10/05/26 20:43:38] D2BS 4660: equipped: [Boots] 12
[10/05/26 20:43:38] D2BS 4660: equipped: [Mitts] 13
[10/05/26 20:43:38] D2BS 4660: updateStat
[10/05/26 20:43:38] D2BS 4660: granted: [Head] 15
[10/05/26 20:43:38] D2BS 4660: granted: [Body] 21
[10/05/26 20:43:38] D2BS 4660: granted: [ArmR] 21
[10/05/26 20:43:38] D2BS 4660: Loaded ÿc9[AutoSmurf.js]
[10/05/26 20:43:42] D2BS 4660: farmingON
[10/05/26 20:43:44] D2BS 4660: MiniShopBot: true
[10/05/26 20:43:44] D2BS 4660: UseMerc: true HP: 70
[10/05/26 20:44:04] D2BS 4660: granted: [ArmR] 27
[10/05/26 20:44:04] D2BS 4660: Merc matched: Prayer
[10/05/26 20:44:14] D2BS 4660: Token needed
[10/05/26 20:44:18] D2BS 4660: act5+ BO
[10/05/26 20:44:31] D2BS 4660: ÿc4=== [BAAL] ===
[10/05/26 20:47:32] D2BS 4660: ÿc4=== [COUNTESS] ===
[10/05/26 20:48:52] D2BS 4660: ÿc4=== [PIT] ===
[10/05/26 20:50:26] D2BS 4660: ÿc4=== [ANDY] ===
[10/05/26 20:51:19] D2BS 4660: ÿc4=== [MEPHISTO] ===
[10/05/26 20:52:45] D2BS 4660: ÿc4=== [DIABLO] ===
[10/05/26 20:58:20] D2BS 4660: Script ended
[10/05/26 20:58:20] D2BS 4660:  [14:43] +5.38% / [Level 89] 29.17%
[10/05/26 20:58:20] D2BS 4660: Script threads\autobuildthread.js ended
[10/05/26 20:58:20] D2BS 4660: Script threads\partythread.js ended
[10/05/26 20:58:21] D2BS 4660: Script threads\townchicken.js ended
[10/05/26 20:58:32] D2BS 4660: joining game pz-171
[10/05/26 20:58:35] D2BS 4660: ÿc2D2BSÿc0 :: Starting default.dbj
[10/05/26 20:58:35] D2BS 4660: ÿc2D2BSÿc0 :: default.dbj running.
[10/05/26 20:58:35] D2BS 4660: Loaded ÿc9[X.nip] [Y.nip] [Z.nip] [V.nip] [B.WCRY.nip]
[10/05/26 20:58:35] D2BS 4660: Loaded ÿc9[B.WCRY.js]
[10/05/26 20:58:35] D2BS 4660: equipped: [Head] 21
[10/05/26 20:58:35] D2BS 4660: equipped: [Neck] 19
[10/05/26 20:58:35] D2BS 4660: equipped: [Body] 21
[10/05/26 20:58:35] D2BS 4660: equipped: [ArmR] 37
[10/05/26 20:58:35] D2BS 4660: equipped: [ArmL] 38
[10/05/26 20:58:35] D2BS 4660: equipped: [RingR] 18
[10/05/26 20:58:35] D2BS 4660: equipped: [RingL] 15
[10/05/26 20:58:35] D2BS 4660: equipped: [Belt] 18
[10/05/26 20:58:35] D2BS 4660: equipped: [Boots] 12
[10/05/26 20:58:35] D2BS 4660: equipped: [Mitts] 13
[10/05/26 20:58:35] D2BS 4660: Loaded ÿc9[AutoSmurf.js]
[10/05/26 20:58:39] D2BS 4660: MiniShopBot: true
[10/05/26 20:58:39] D2BS 4660: farmingON
[10/05/26 20:58:39] D2BS 4660: UseMerc: true HP: 70
[10/05/26 20:59:00] D2BS 4660: Merc matched: Prayer
[10/05/26 20:59:11] D2BS 4660: Token needed
[10/05/26 20:59:14] D2BS 4660: act5+ BO
[10/05/26 20:59:15] D2BS 4660: updateStat
[10/05/26 20:59:26] D2BS 4660: ÿc4=== [BAAL] ===
[10/05/26 20:59:40] D2BS 4660: Baal failed: souls found
[10/05/26 20:59:40] D2BS 4660: ÿc4=== [COUNTESS] ===
[10/05/26 21:00:52] D2BS 4660: ÿc4=== [PIT] ===
[10/05/26 21:02:35] D2BS 4660: ÿc4=== [ANDY] ===
[10/05/26 21:03:28] D2BS 4660: ÿc4=== [MEPHISTO] ===
[10/05/26 21:04:29] D2BS 4660: ÿc4=== [DIABLO] ===
[10/05/26 21:09:26] D2BS 4660: Script ended
[10/05/26 21:09:27] D2BS 4660:  [10:53] +2.22% / [Level 89] 31.39%
[10/05/26 21:09:27] D2BS 4660: Script threads\autobuildthread.js ended
[10/05/26 21:09:27] D2BS 4660: Script threads\partythread.js ended
[10/05/26 21:09:27] D2BS 4660: Script threads\townchicken.js ended
[10/05/26 21:09:39] D2BS 4660: joining game pz-172
[10/05/26 21:09:41] D2BS 4660: ÿc2D2BSÿc0 :: Starting default.dbj
[10/05/26 21:09:41] D2BS 4660: ÿc2D2BSÿc0 :: default.dbj running.
[10/05/26 21:09:41] D2BS 4660: Loaded ÿc9[X.nip] [Y.nip] [Z.nip] [V.nip] [B.WCRY.nip]
[10/05/26 21:09:41] D2BS 4660: Loaded ÿc9[B.WCRY.js]
[10/05/26 21:09:41] D2BS 4660: equipped: [Head] 21
[10/05/26 21:09:41] D2BS 4660: equipped: [Neck] 19
[10/05/26 21:09:41] D2BS 4660: equipped: [Body] 21
[10/05/26 21:09:41] D2BS 4660: equipped: [ArmR] 37
[10/05/26 21:09:41] D2BS 4660: equipped: [ArmL] 38
[10/05/26 21:09:41] D2BS 4660: equipped: [RingR] 18
[10/05/26 21:09:41] D2BS 4660: equipped: [RingL] 15
[10/05/26 21:09:41] D2BS 4660: equipped: [Belt] 18
[10/05/26 21:09:41] D2BS 4660: equipped: [Boots] 12
[10/05/26 21:09:41] D2BS 4660: equipped: [Mitts] 13
[10/05/26 21:09:41] D2BS 4660: updateStat
[10/05/26 21:09:41] D2BS 4660: granted: [Head] 15
[10/05/26 21:09:41] D2BS 4660: granted: [Body] 21
[10/05/26 21:09:41] D2BS 4660: granted: [ArmR] 27
[10/05/26 21:09:41] D2BS 4660: Loaded ÿc9[AutoSmurf.js]
[10/05/26 21:09:47] D2BS 4660: MiniShopBot: true
[10/05/26 21:09:48] D2BS 4660: farmingON
[10/05/26 21:09:48] D2BS 4660: UseMerc: true HP: 70
[10/05/26 21:10:09] D2BS 4660: Merc matched: Prayer
[10/05/26 21:10:17] D2BS 4660: Token needed
[10/05/26 21:10:21] D2BS 4660: act5+ BO
[10/05/26 21:10:34] D2BS 4660: ÿc4=== [BAAL] ===
[10/05/26 21:10:47] D2BS 4660: Baal failed: souls found
[10/05/26 21:10:47] D2BS 4660: ÿc4=== [COUNTESS] ===
[10/05/26 21:11:53] D2BS 4660: ÿc4=== [PIT] ===
[10/05/26 21:13:39] D2BS 4660: ÿc4=== [ANDY] ===
[10/05/26 21:14:38] D2BS 4660: ÿc4=== [MEPHISTO] ===
[10/05/26 21:16:07] D2BS 4660: ÿc4=== [DIABLO] ===
[10/05/26 21:21:34] D2BS 4660: party has left: fowo-xa
[10/05/26 21:21:34] D2BS 4660:  [11:53] +3.02% / [Level 89] 34.42%
[10/05/26 21:21:34] D2BS 4660: Script threads\autobuildthread.js ended
[10/05/26 21:21:34] D2BS 4660: Script threads\partythread.js ended
[10/05/26 21:21:34] D2BS 4660: Script threads\townchicken.js ended
[10/05/26 21:21:34] D2BS 4660: Script default.dbj ended
[10/05/26 21:21:47] D2BS 4660: joining game pz-173
[10/05/26 21:21:48] D2BS 4660: ÿc2D2BSÿc0 :: Starting default.dbj
[10/05/26 21:21:48] D2BS 4660: ÿc2D2BSÿc0 :: default.dbj running.
[10/05/26 21:21:49] D2BS 4660: Loaded ÿc9[X.nip] [Y.nip] [Z.nip] [V.nip] [B.WCRY.nip]
[10/05/26 21:21:49] D2BS 4660: Loaded ÿc9[B.WCRY.js]
[10/05/26 21:21:49] D2BS 4660: equipped: [Head] 21
[10/05/26 21:21:49] D2BS 4660: equipped: [Neck] 19
[10/05/26 21:21:49] D2BS 4660: equipped: [Body] 21
[10/05/26 21:21:49] D2BS 4660: equipped: [ArmR] 37
[10/05/26 21:21:49] D2BS 4660: equipped: [ArmL] 38
[10/05/26 21:21:49] D2BS 4660: equipped: [RingR] 18
[10/05/26 21:21:49] D2BS 4660: equipped: [RingL] 15
[10/05/26 21:21:49] D2BS 4660: equipped: [Belt] 18
[10/05/26 21:21:49] D2BS 4660: equipped: [Boots] 12
[10/05/26 21:21:49] D2BS 4660: equipped: [Mitts] 13
[10/05/26 21:21:49] D2BS 4660: updateStat
[10/05/26 21:21:49] D2BS 4660: granted: [Head] 15
[10/05/26 21:21:49] D2BS 4660: granted: [Body] 21
[10/05/26 21:21:49] D2BS 4660: granted: [ArmR] 27
[10/05/26 21:21:49] D2BS 4660: Loaded ÿc9[AutoSmurf.js]
[10/05/26 21:21:55] D2BS 4660: farmingON
[10/05/26 21:21:56] D2BS 4660: MiniShopBot: true
[10/05/26 21:21:56] D2BS 4660: UseMerc: true HP: 70
[10/05/26 21:22:14] D2BS 4660: Merc matched: Prayer
[10/05/26 21:22:29] D2BS 4660: act5+ BO
[10/05/26 21:22:42] D2BS 4660: ÿc4=== [BAAL] ===
[10/05/26 21:23:04] D2BS 4660: Baal failed: souls found
[10/05/26 21:23:04] D2BS 4660: ÿc4=== [COUNTESS] ===
[10/05/26 21:24:15] D2BS 4660: ÿc4=== [PIT] ===
[10/05/26 21:27:45] D2BS 4660: party has left: fowo-xf
[10/05/26 21:27:45] D2BS 4660:  [05:57] +0.31% / [Level 89] 34.73%
[10/05/26 21:27:45] D2BS 4660: Script threads\autobuildthread.js ended
[10/05/26 21:27:45] D2BS 4660: Script threads\partythread.js ended
[10/05/26 21:27:45] D2BS 4660: Script threads\townchicken.js ended
[10/05/26 21:27:45] D2BS 4660: Script default.dbj ended
[10/05/26 21:27:58] D2BS 4660: joining game pz-174
[10/05/26 21:27:59] D2BS 4660: ÿc2D2BSÿc0 :: Starting default.dbj
[10/05/26 21:27:59] D2BS 4660: ÿc2D2BSÿc0 :: default.dbj running.
[10/05/26 21:28:00] D2BS 4660: Loaded ÿc9[X.nip] [Y.nip] [Z.nip] [V.nip] [B.WCRY.nip]
[10/05/26 21:28:00] D2BS 4660: Loaded ÿc9[B.WCRY.js]
[10/05/26 21:28:00] D2BS 4660: equipped: [Head] 21
[10/05/26 21:28:00] D2BS 4660: equipped: [Neck] 19
[10/05/26 21:28:00] D2BS 4660: equipped: [Body] 21
[10/05/26 21:28:00] D2BS 4660: equipped: [ArmR] 37
[10/05/26 21:28:00] D2BS 4660: equipped: [ArmL] 38
[10/05/26 21:28:00] D2BS 4660: equipped: [RingR] 18
[10/05/26 21:28:00] D2BS 4660: equipped: [RingL] 15
[10/05/26 21:28:00] D2BS 4660: equipped: [Belt] 18
[10/05/26 21:28:00] D2BS 4660: equipped: [Boots] 12
[10/05/26 21:28:00] D2BS 4660: equipped: [Mitts] 13
[10/05/26 21:28:00] D2BS 4660: updateStat
[10/05/26 21:28:00] D2BS 4660: granted: [Head] 15
[10/05/26 21:28:00] D2BS 4660: granted: [Body] 21
[10/05/26 21:28:00] D2BS 4660: granted: [ArmR] 27
[10/05/26 21:28:00] D2BS 4660: Loaded ÿc9[AutoSmurf.js]
[10/05/26 21:28:06] D2BS 4660: farmingON
[10/05/26 21:28:09] D2BS 4660: MiniShopBot: true
[10/05/26 21:28:09] D2BS 4660: UseMerc: true HP: 70
[10/05/26 21:28:29] D2BS 4660: Merc matched: Prayer
[10/05/26 21:28:34] D2BS 4660: Token needed
[10/05/26 21:28:38] D2BS 4660: act5+ BO
[10/05/26 21:28:51] D2BS 4660: ÿc4=== [BAAL] ===
[10/05/26 21:29:02] D2BS 4660: Baal failed: souls found
[10/05/26 21:29:02] D2BS 4660: ÿc4=== [COUNTESS] ===
[10/05/26 21:30:35] D2BS 4660: ÿc4=== [PIT] ===
[10/05/26 21:32:09] D2BS 4660: ÿc4=== [ANDY] ===
[10/05/26 21:33:01] D2BS 4660: ÿc4=== [MEPHISTO] ===
[10/05/26 21:34:18] D2BS 4660: ÿc4=== [DIABLO] ===
[10/05/26 21:40:14] D2BS 4660: party has left: fowo-xa
[10/05/26 21:40:14] D2BS 4660:  [12:15] +2.95% / [Level 89] 37.68%
[10/05/26 21:40:14] D2BS 4660: Script threads\autobuildthread.js ended
[10/05/26 21:40:14] D2BS 4660: Script threads\partythread.js ended
[10/05/26 21:40:14] D2BS 4660: Script threads\townchicken.js ended
[10/05/26 21:40:15] D2BS 4660: Script default.dbj ended
[10/05/26 21:40:28] D2BS 4660: joining game pz-175
[10/05/26 21:40:30] D2BS 4660: ÿc2D2BSÿc0 :: Starting default.dbj
[10/05/26 21:40:30] D2BS 4660: ÿc2D2BSÿc0 :: default.dbj running.
[10/05/26 21:40:30] D2BS 4660: Loaded ÿc9[X.nip] [Y.nip] [Z.nip] [V.nip] [B.WCRY.nip]
[10/05/26 21:40:30] D2BS 4660: Loaded ÿc9[B.WCRY.js]
[10/05/26 21:40:30] D2BS 4660: equipped: [Head] 21
[10/05/26 21:40:30] D2BS 4660: equipped: [Neck] 19
[10/05/26 21:40:30] D2BS 4660: equipped: [Body] 21
[10/05/26 21:40:30] D2BS 4660: equipped: [ArmR] 37
[10/05/26 21:40:30] D2BS 4660: equipped: [ArmL] 38
[10/05/26 21:40:30] D2BS 4660: equipped: [RingR] 18
[10/05/26 21:40:30] D2BS 4660: equipped: [RingL] 15
[10/05/26 21:40:30] D2BS 4660: equipped: [Belt] 18
[10/05/26 21:40:30] D2BS 4660: equipped: [Boots] 12
[10/05/26 21:40:30] D2BS 4660: equipped: [Mitts] 13
[10/05/26 21:40:30] D2BS 4660: updateStat
[10/05/26 21:40:30] D2BS 4660: granted: [Head] 15
[10/05/26 21:40:30] D2BS 4660: granted: [Body] 21
[10/05/26 21:40:30] D2BS 4660: granted: [ArmR] 27
[10/05/26 21:40:30] D2BS 4660: Loaded ÿc9[AutoSmurf.js]
[10/05/26 21:40:35] D2BS 4660: farmingON
[10/05/26 21:40:36] D2BS 4660: MiniShopBot: true
[10/05/26 21:40:36] D2BS 4660: UseMerc: true HP: 70
[10/05/26 21:40:54] D2BS 4660: Merc matched: Prayer
[10/05/26 21:41:13] D2BS 4660: act5+ BO
[10/05/26 21:41:26] D2BS 4660: ÿc4=== [BAAL] ===
[10/05/26 21:41:44] D2BS 4660: Baal failed: souls found
[10/05/26 21:41:44] D2BS 4660: ÿc4=== [COUNTESS] ===
[10/05/26 21:42:45] D2BS 4660: ÿc4=== [PIT] ===
[10/05/26 21:44:23] D2BS 4660: ÿc4=== [ANDY] ===
[10/05/26 21:45:47] D2BS 4660: ÿc4=== [MEPHISTO] ===
[10/05/26 21:46:53] D2BS 4660: ÿc4=== [DIABLO] ===
[10/05/26 21:52:15] D2BS 4660: party has left: fowo-xf
[10/05/26 21:52:15] D2BS 4660:  [11:46] +3.07% / [Level 89] 40.75%
[10/05/26 21:52:15] D2BS 4660: Script threads\autobuildthread.js ended
[10/05/26 21:52:15] D2BS 4660: Script threads\partythread.js ended
[10/05/26 21:52:16] D2BS 4660: Script threads\townchicken.js ended
[10/05/26 21:52:16] D2BS 4660: Script default.dbj ended
[10/05/26 21:52:29] D2BS 4660: joining game pz-176
[10/05/26 21:52:31] D2BS 4660: ÿc2D2BSÿc0 :: Starting default.dbj
[10/05/26 21:52:31] D2BS 4660: ÿc2D2BSÿc0 :: default.dbj running.
[10/05/26 21:52:31] D2BS 4660: Loaded ÿc9[X.nip] [Y.nip] [Z.nip] [V.nip] [B.WCRY.nip]
[10/05/26 21:52:31] D2BS 4660: Loaded ÿc9[B.WCRY.js]
[10/05/26 21:52:31] D2BS 4660: equipped: [Head] 21
[10/05/26 21:52:31] D2BS 4660: equipped: [Neck] 19
[10/05/26 21:52:31] D2BS 4660: equipped: [Body] 21
[10/05/26 21:52:31] D2BS 4660: equipped: [ArmR] 37
[10/05/26 21:52:31] D2BS 4660: equipped: [ArmL] 38
[10/05/26 21:52:31] D2BS 4660: equipped: [RingR] 18
[10/05/26 21:52:31] D2BS 4660: equipped: [RingL] 15
[10/05/26 21:52:31] D2BS 4660: equipped: [Belt] 18
[10/05/26 21:52:31] D2BS 4660: equipped: [Boots] 12
[10/05/26 21:52:31] D2BS 4660: equipped: [Mitts] 13
[10/05/26 21:52:31] D2BS 4660: updateStat
[10/05/26 21:52:31] D2BS 4660: granted: [Head] 15
[10/05/26 21:52:31] D2BS 4660: granted: [Body] 21
[10/05/26 21:52:31] D2BS 4660: granted: [ArmR] 27
[10/05/26 21:52:31] D2BS 4660: Loaded ÿc9[AutoSmurf.js]
[10/05/26 21:52:37] D2BS 4660: farmingON
[10/05/26 21:52:39] D2BS 4660: MiniShopBot: true
[10/05/26 21:52:39] D2BS 4660: UseMerc: true HP: 70
[10/05/26 21:53:01] D2BS 4660: Merc matched: Prayer
[10/05/26 21:53:06] D2BS 4660: Token needed
[10/05/26 21:53:10] D2BS 4660: act5+ BO
[10/05/26 21:55:17] D2BS 4660: party has left: fowo-xe
[10/05/26 21:55:17] D2BS 4660: no exp [02:46]
[10/05/26 21:55:17] D2BS 4660: Script threads\autobuildthread.js ended
[10/05/26 21:55:17] D2BS 4660: Script threads\partythread.js ended
[10/05/26 21:55:17] D2BS 4660: Script threads\townchicken.js ended
[10/05/26 21:55:17] D2BS 4660: Script default.dbj ended
[10/05/26 21:55:30] D2BS 4660: joining game pz-177
[10/05/26 21:55:32] D2BS 4660: ÿc2D2BSÿc0 :: Starting default.dbj
[10/05/26 21:55:32] D2BS 4660: ÿc2D2BSÿc0 :: default.dbj running.
[10/05/26 21:55:32] D2BS 4660: Loaded ÿc9[X.nip] [Y.nip] [Z.nip] [V.nip] [B.WCRY.nip]
[10/05/26 21:55:32] D2BS 4660: Loaded ÿc9[B.WCRY.js]
[10/05/26 21:55:32] D2BS 4660: equipped: [Head] 21
[10/05/26 21:55:32] D2BS 4660: equipped: [Neck] 19
[10/05/26 21:55:32] D2BS 4660: equipped: [Body] 21
[10/05/26 21:55:32] D2BS 4660: equipped: [ArmR] 37
[10/05/26 21:55:32] D2BS 4660: equipped: [ArmL] 38
[10/05/26 21:55:32] D2BS 4660: equipped: [RingR] 18
[10/05/26 21:55:32] D2BS 4660: equipped: [RingL] 15
[10/05/26 21:55:32] D2BS 4660: equipped: [Belt] 18
[10/05/26 21:55:32] D2BS 4660: equipped: [Boots] 12
[10/05/26 21:55:32] D2BS 4660: equipped: [Mitts] 13
[10/05/26 21:55:33] D2BS 4660: updateStat
[10/05/26 21:55:33] D2BS 4660: granted: [Head] 15
[10/05/26 21:55:33] D2BS 4660: granted: [Body] 21
[10/05/26 21:55:33] D2BS 4660: granted: [ArmR] 27
[10/05/26 21:55:33] D2BS 4660: Loaded ÿc9[AutoSmurf.js]
[10/05/26 21:55:35] D2BS 4660: farmingON
[10/05/26 21:55:36] D2BS 4660: MiniShopBot: true
[10/05/26 21:55:36] D2BS 4660: UseMerc: true HP: 70
[10/05/26 21:55:52] D2BS 4660: Merc matched: Prayer
[10/05/26 21:55:57] D2BS 4660: Token needed
[10/05/26 21:56:02] D2BS 4660: act5+ BO
[10/05/26 21:56:14] D2BS 4660: ÿc4=== [BAAL] ===
[10/05/26 22:00:33] D2BS 4660: party has left: fowo-xe
[10/05/26 22:00:33] D2BS 4660:  [05:01] +2.99% / [Level 89] 43.74%
[10/05/26 22:00:33] D2BS 4660: Script threads\autobuildthread.js ended
[10/05/26 22:00:33] D2BS 4660: Script threads\partythread.js ended
[10/05/26 22:00:33] D2BS 4660: Script threads\townchicken.js ended
[10/05/26 22:00:33] D2BS 4660: Script default.dbj ended
[10/05/26 22:00:47] D2BS 4660: joining game pz-178
[10/05/26 22:00:49] D2BS 4660: ÿc2D2BSÿc0 :: Starting default.dbj
[10/05/26 22:00:49] D2BS 4660: ÿc2D2BSÿc0 :: default.dbj running.
[10/05/26 22:00:49] D2BS 4660: Loaded ÿc9[X.nip] [Y.nip] [Z.nip] [V.nip] [B.WCRY.nip]
[10/05/26 22:00:49] D2BS 4660: Loaded ÿc9[B.WCRY.js]
[10/05/26 22:00:49] D2BS 4660: equipped: [Head] 21
[10/05/26 22:00:49] D2BS 4660: equipped: [Neck] 19
[10/05/26 22:00:49] D2BS 4660: equipped: [Body] 21
[10/05/26 22:00:49] D2BS 4660: equipped: [ArmR] 37
[10/05/26 22:00:49] D2BS 4660: equipped: [ArmL] 38
[10/05/26 22:00:49] D2BS 4660: equipped: [RingR] 18
[10/05/26 22:00:49] D2BS 4660: equipped: [RingL] 15
[10/05/26 22:00:49] D2BS 4660: equipped: [Belt] 18
[10/05/26 22:00:49] D2BS 4660: equipped: [Boots] 12
[10/05/26 22:00:49] D2BS 4660: equipped: [Mitts] 13
[10/05/26 22:00:49] D2BS 4660: updateStat
[10/05/26 22:00:49] D2BS 4660: granted: [Head] 15
[10/05/26 22:00:49] D2BS 4660: granted: [Body] 21
[10/05/26 22:00:49] D2BS 4660: granted: [ArmR] 27
[10/05/26 22:00:49] D2BS 4660: Loaded ÿc9[AutoSmurf.js]
[10/05/26 22:00:52] D2BS 4660: farmingON
[10/05/26 22:00:53] D2BS 4660: MiniShopBot: true
[10/05/26 22:00:53] D2BS 4660: UseMerc: true HP: 70
[10/05/26 22:01:10] D2BS 4660: Merc matched: Prayer
[10/05/26 22:01:20] D2BS 4660: Token needed
[10/05/26 22:01:24] D2BS 4660: act5+ BO
[10/05/26 22:01:36] D2BS 4660: ÿc4=== [BAAL] ===
[10/05/26 22:05:15] D2BS 4660: ÿc4=== [COUNTESS] ===
[10/05/26 22:06:30] D2BS 4660: ÿc4=== [PIT] ===
[10/05/26 22:07:58] D2BS 4660: ÿc4=== [ANDY] ===
[10/05/26 22:08:55] D2BS 4660: ÿc4=== [MEPHISTO] ===
[10/05/26 22:09:59] D2BS 4660: ÿc4=== [DIABLO] ===
[10/05/26 22:15:33] D2BS 4660: party has left: fowo-xb
[10/05/26 22:15:33] D2BS 4660:  [14:44] +5.49% / [Level 89] 49.24%
[10/05/26 22:15:33] D2BS 4660: Script threads\autobuildthread.js ended
[10/05/26 22:15:33] D2BS 4660: Script threads\partythread.js ended
[10/05/26 22:15:33] D2BS 4660: Script threads\townchicken.js ended
[10/05/26 22:15:33] D2BS 4660: Script default.dbj ended
[10/05/26 22:15:46] D2BS 4660: joining game pz-179
[10/05/26 22:15:48] D2BS 4660: ÿc2D2BSÿc0 :: Starting default.dbj
[10/05/26 22:15:48] D2BS 4660: ÿc2D2BSÿc0 :: default.dbj running.
[10/05/26 22:15:49] D2BS 4660: Loaded ÿc9[X.nip] [Y.nip] [Z.nip] [V.nip] [B.WCRY.nip]
[10/05/26 22:15:49] D2BS 4660: Loaded ÿc9[B.WCRY.js]
[10/05/26 22:15:49] D2BS 4660: equipped: [Head] 21
[10/05/26 22:15:49] D2BS 4660: equipped: [Neck] 19
[10/05/26 22:15:49] D2BS 4660: equipped: [Body] 21
[10/05/26 22:15:49] D2BS 4660: equipped: [ArmR] 37
[10/05/26 22:15:49] D2BS 4660: equipped: [ArmL] 38
[10/05/26 22:15:49] D2BS 4660: equipped: [RingR] 18
[10/05/26 22:15:49] D2BS 4660: equipped: [RingL] 15
[10/05/26 22:15:49] D2BS 4660: equipped: [Belt] 18
[10/05/26 22:15:49] D2BS 4660: equipped: [Boots] 12
[10/05/26 22:15:49] D2BS 4660: equipped: [Mitts] 13
[10/05/26 22:15:49] D2BS 4660: updateStat
[10/05/26 22:15:49] D2BS 4660: granted: [Head] 15
[10/05/26 22:15:49] D2BS 4660: granted: [Body] 21
[10/05/26 22:15:49] D2BS 4660: granted: [ArmR] 27
[10/05/26 22:15:49] D2BS 4660: Loaded ÿc9[AutoSmurf.js]
[10/05/26 22:15:54] D2BS 4660: farmingON
[10/05/26 22:15:55] D2BS 4660: MiniShopBot: true
[10/05/26 22:15:55] D2BS 4660: UseMerc: true HP: 70
[10/05/26 22:16:15] D2BS 4660: Merc matched: Prayer
[10/05/26 22:16:25] D2BS 4660: act5+ BO
[10/05/26 22:16:36] D2BS 4660: ÿc4=== [BAAL] ===
[10/05/26 22:16:53] D2BS 4660: Baal failed: souls found
[10/05/26 22:16:53] D2BS 4660: ÿc4=== [COUNTESS] ===
[10/05/26 22:17:58] D2BS 4660: ÿc4=== [PIT] ===
[10/05/26 22:19:38] D2BS 4660: ÿc4=== [ANDY] ===
[10/05/26 22:20:36] D2BS 4660: ÿc4=== [MEPHISTO] ===
[10/05/26 22:22:03] D2BS 4660: ÿc4=== [DIABLO] ===
