[10/05/26 00:00:59] D2BS 5964: ÿc4=== [POA] ===
[10/05/26 00:03:50] D2BS 5964: ÿc4=== [INFERNAL] ===
[10/05/26 00:06:57] D2BS 5964: ÿc4=== [DIABLO] ===
[10/05/26 00:12:54] D2BS 5964: Script ended
[10/05/26 00:12:54] D2BS 5964:  [17:43] +340.85% / [Level 57] 90.28%
[10/05/26 00:12:54] D2BS 5964: Script threads\autobuildthread.js ended
[10/05/26 00:12:54] D2BS 5964: Script threads\partythread.js ended
[10/05/26 00:12:54] D2BS 5964: Script threads\townchicken.js ended
[10/05/26 00:13:06] D2BS 5964: joining game pz-53
[10/05/26 00:13:07] D2BS 5964: ÿc2D2BSÿc0 :: Starting default.dbj
[10/05/26 00:13:07] D2BS 5964: ÿc2D2BSÿc0 :: default.dbj running.
[10/05/26 00:13:08] D2BS 5964: Loaded ÿc9[X.nip] [Y.nip] [Z.nip] [V.nip] [A.TRAP.nip]
[10/05/26 00:13:08] D2BS 5964: Loaded ÿc9[A.TRAP.js]
[10/05/26 00:13:08] D2BS 5964: equipped: [Head] 12
[10/05/26 00:13:08] D2BS 5964: equipped: [Neck] 14
[10/05/26 00:13:08] D2BS 5964: equipped: [Body] 12
[10/05/26 00:13:08] D2BS 5964: equipped: [ArmR] 11
[10/05/26 00:13:08] D2BS 5964: equipped: [ArmL] 11
[10/05/26 00:13:08] D2BS 5964: equipped: [RingR] 11
[10/05/26 00:13:08] D2BS 5964: equipped: [RingL] 11
[10/05/26 00:13:08] D2BS 5964: equipped: [Belt] 16
[10/05/26 00:13:08] D2BS 5964: equipped: [Boots] 1
[10/05/26 00:13:08] D2BS 5964: equipped: [Mitts] 1
[10/05/26 00:13:08] D2BS 5964: Loaded ÿc9[AutoSmurf.js]
[10/05/26 00:13:14] D2BS 5964: MiniShopBot: true
[10/05/26 00:13:54] D2BS 5964: act5+ BO
[10/05/26 00:14:06] D2BS 5964: ÿc4=== [BAAL] ===
[10/05/26 00:16:39] D2BS 5964: Not ready to kill Baal
[10/05/26 00:16:39] D2BS 5964: ÿc4=== [ABADDON] ===
[10/05/26 00:19:05] D2BS 5964: ÿc4=== [POA] ===
[10/05/26 00:21:53] D2BS 5964: ÿc4=== [INFERNAL] ===
[10/05/26 00:24:07] D2BS 5964: ÿc4=== [DIABLO] ===
[10/05/26 00:29:30] D2BS 5964: party has left: fowo-xf
[10/05/26 00:29:30] D2BS 5964:  [16:22] +221.40% / [Level 60] 37.99%
[10/05/26 00:29:30] D2BS 5964: Script threads\autobuildthread.js ended
[10/05/26 00:29:30] D2BS 5964: Script threads\partythread.js ended
[10/05/26 00:29:30] D2BS 5964: Script threads\townchicken.js ended
[10/05/26 00:29:30] D2BS 5964: Script default.dbj ended
[10/05/26 00:29:43] D2BS 5964: joining game pz-54
[10/05/26 00:29:44] D2BS 5964: ÿc2D2BSÿc0 :: Starting default.dbj
[10/05/26 00:29:44] D2BS 5964: ÿc2D2BSÿc0 :: default.dbj running.
[10/05/26 00:29:44] D2BS 5964: Loaded ÿc9[X.nip] [Y.nip] [Z.nip] [V.nip] [A.TRAP.nip]
[10/05/26 00:29:44] D2BS 5964: Loaded ÿc9[A.TRAP.js]
[10/05/26 00:29:44] D2BS 5964: equipped: [Head] 12
[10/05/26 00:29:45] D2BS 5964: equipped: [Neck] 14
[10/05/26 00:29:45] D2BS 5964: equipped: [Body] 12
[10/05/26 00:29:45] D2BS 5964: equipped: [ArmR] 11
[10/05/26 00:29:45] D2BS 5964: equipped: [ArmL] 11
[10/05/26 00:29:45] D2BS 5964: equipped: [RingR] 11
[10/05/26 00:29:45] D2BS 5964: equipped: [RingL] 11
[10/05/26 00:29:45] D2BS 5964: equipped: [Belt] 16
[10/05/26 00:29:45] D2BS 5964: equipped: [Boots] 1
[10/05/26 00:29:45] D2BS 5964: equipped: [Mitts] 1
[10/05/26 00:29:45] D2BS 5964: Loaded ÿc9[AutoSmurf.js]
[10/05/26 00:29:51] D2BS 5964: MiniShopBot: true
[10/05/26 00:30:30] D2BS 5964: act5+ BO
[10/05/26 00:30:44] D2BS 5964: ÿc4=== [BAAL] ===
[10/05/26 00:33:03] D2BS 5964: Not ready to kill Baal
[10/05/26 00:33:03] D2BS 5964: ÿc4=== [ABADDON] ===
[10/05/26 00:36:44] D2BS 5964: ÿc4=== [POA] ===
[10/05/26 00:40:07] D2BS 5964: ÿc4=== [INFERNAL] ===
[10/05/26 00:42:55] D2BS 5964: ÿc4=== [DIABLO] ===
[10/05/26 00:43:08] D2BS 5964: ÿc4[Runeword] ÿc0Ancients' Pledge Gothic Shield
[10/05/26 00:43:29] D2BS 5964: equipped: [ArmL] 26
[10/05/26 00:47:54] D2BS 5964: party has left: fowo-xb
[10/05/26 00:47:55] D2BS 5964:  [18:10] +220.52% / [Level 62] 76.58%
[10/05/26 00:47:55] D2BS 5964: Script threads\autobuildthread.js ended
[10/05/26 00:47:55] D2BS 5964: Script threads\partythread.js ended
[10/05/26 00:47:55] D2BS 5964: Script threads\townchicken.js ended
[10/05/26 00:47:55] D2BS 5964: Script default.dbj ended
[10/05/26 00:48:08] D2BS 5964: joining game pz-55
[10/05/26 00:48:09] D2BS 5964: ÿc2D2BSÿc0 :: Starting default.dbj
[10/05/26 00:48:09] D2BS 5964: ÿc2D2BSÿc0 :: default.dbj running.
[10/05/26 00:48:10] D2BS 5964: Loaded ÿc9[X.nip] [Y.nip] [Z.nip] [V.nip] [A.TRAP.nip]
[10/05/26 00:48:10] D2BS 5964: Loaded ÿc9[A.TRAP.js]
[10/05/26 00:48:10] D2BS 5964: equipped: [Head] 12
[10/05/26 00:48:10] D2BS 5964: equipped: [Neck] 14
[10/05/26 00:48:10] D2BS 5964: equipped: [Body] 12
[10/05/26 00:48:10] D2BS 5964: equipped: [ArmR] 11
[10/05/26 00:48:10] D2BS 5964: equipped: [ArmL] 26
[10/05/26 00:48:10] D2BS 5964: equipped: [RingR] 11
[10/05/26 00:48:10] D2BS 5964: equipped: [RingL] 11
[10/05/26 00:48:10] D2BS 5964: equipped: [Belt] 16
[10/05/26 00:48:10] D2BS 5964: equipped: [Boots] 1
[10/05/26 00:48:10] D2BS 5964: equipped: [Mitts] 1
[10/05/26 00:48:10] D2BS 5964: Loaded ÿc9[AutoSmurf.js]
[10/05/26 00:48:14] D2BS 5964: MiniShopBot: true
[10/05/26 00:48:32] D2BS 5964: equipped: [Body] 19
[10/05/26 00:48:51] D2BS 5964: act5+ BO
[10/05/26 00:49:03] D2BS 5964: ÿc4=== [BAAL] ===
[10/05/26 00:51:30] D2BS 5964: Not ready to kill Baal
[10/05/26 00:51:30] D2BS 5964: ÿc4=== [ABADDON] ===
[10/05/26 00:54:39] D2BS 5964: ÿc4=== [POA] ===
[10/05/26 00:57:10] D2BS 5964: ÿc4=== [INFERNAL] ===
[10/05/26 01:00:09] D2BS 5964: ÿc4=== [DIABLO] ===
[10/05/26 01:05:52] D2BS 5964: party has left: fowo-xe
[10/05/26 01:05:52] D2BS 5964:  [17:43] +191.60% / [Level 64] 80.15%
[10/05/26 01:05:52] D2BS 5964: Script threads\autobuildthread.js ended
[10/05/26 01:05:52] D2BS 5964: Script threads\partythread.js ended
[10/05/26 01:05:53] D2BS 5964: Script threads\townchicken.js ended
[10/05/26 01:05:53] D2BS 5964: Script default.dbj ended
[10/05/26 01:06:06] D2BS 5964: joining game pz-56
[10/05/26 01:06:07] D2BS 5964: ÿc2D2BSÿc0 :: Starting default.dbj
[10/05/26 01:06:07] D2BS 5964: ÿc2D2BSÿc0 :: default.dbj running.
[10/05/26 01:06:07] D2BS 5964: Loaded ÿc9[X.nip] [Y.nip] [Z.nip] [V.nip] [A.TRAP.nip]
[10/05/26 01:06:07] D2BS 5964: Loaded ÿc9[A.TRAP.js]
[10/05/26 01:06:07] D2BS 5964: equipped: [Head] 12
[10/05/26 01:06:07] D2BS 5964: equipped: [Neck] 14
[10/05/26 01:06:07] D2BS 5964: equipped: [Body] 19
[10/05/26 01:06:07] D2BS 5964: equipped: [ArmR] 11
[10/05/26 01:06:07] D2BS 5964: equipped: [ArmL] 26
[10/05/26 01:06:07] D2BS 5964: equipped: [RingR] 11
[10/05/26 01:06:07] D2BS 5964: equipped: [RingL] 11
[10/05/26 01:06:07] D2BS 5964: equipped: [Belt] 16
[10/05/26 01:06:08] D2BS 5964: equipped: [Boots] 1
[10/05/26 01:06:08] D2BS 5964: equipped: [Mitts] 1
[10/05/26 01:06:08] D2BS 5964: Loaded ÿc9[AutoSmurf.js]
[10/05/26 01:06:14] D2BS 5964: MiniShopBot: true
[10/05/26 01:06:50] D2BS 5964: act5+ BO
[10/05/26 01:07:03] D2BS 5964: ÿc4=== [BAAL] ===
[10/05/26 01:09:27] D2BS 5964: Not ready to kill Baal
[10/05/26 01:09:27] D2BS 5964: ÿc4=== [ABADDON] ===
[10/05/26 01:11:49] D2BS 5964: ÿc4=== [POA] ===
[10/05/26 01:14:17] D2BS 5964: ÿc4=== [INFERNAL] ===
[10/05/26 01:16:53] D2BS 5964: ÿc4=== [DIABLO] ===
[10/05/26 01:17:14] D2BS 5964: equipped: [Boots] 11
[10/05/26 01:22:09] D2BS 5964: party has left: fowo-xb
[10/05/26 01:22:09] D2BS 5964:  [16:02] +149.04% / [Level 66] 40.58%
[10/05/26 01:22:09] D2BS 5964: Script threads\autobuildthread.js ended
[10/05/26 01:22:09] D2BS 5964: Script threads\partythread.js ended
[10/05/26 01:22:09] D2BS 5964: Script threads\townchicken.js ended
[10/05/26 01:22:09] D2BS 5964: Script default.dbj ended
[10/05/26 01:22:22] D2BS 5964: joining game pz-57
[10/05/26 01:22:24] D2BS 5964: ÿc2D2BSÿc0 :: Starting default.dbj
[10/05/26 01:22:24] D2BS 5964: ÿc2D2BSÿc0 :: default.dbj running.
[10/05/26 01:22:24] D2BS 5964: Loaded ÿc9[X.nip] [Y.nip] [Z.nip] [V.nip] [A.TRAP.nip]
[10/05/26 01:22:24] D2BS 5964: Loaded ÿc9[A.TRAP.js]
[10/05/26 01:22:24] D2BS 5964: equipped: [Head] 12
[10/05/26 01:22:24] D2BS 5964: equipped: [Neck] 14
[10/05/26 01:22:24] D2BS 5964: equipped: [Body] 19
[10/05/26 01:22:24] D2BS 5964: equipped: [ArmR] 11
[10/05/26 01:22:24] D2BS 5964: equipped: [ArmL] 26
[10/05/26 01:22:24] D2BS 5964: equipped: [RingR] 11
[10/05/26 01:22:24] D2BS 5964: equipped: [RingL] 11
[10/05/26 01:22:24] D2BS 5964: equipped: [Belt] 16
[10/05/26 01:22:24] D2BS 5964: equipped: [Boots] 11
[10/05/26 01:22:24] D2BS 5964: equipped: [Mitts] 1
[10/05/26 01:22:24] D2BS 5964: Loaded ÿc9[AutoSmurf.js]
[10/05/26 01:22:29] D2BS 5964: MiniShopBot: true
[10/05/26 01:23:06] D2BS 5964: act5+ BO
[10/05/26 01:23:19] D2BS 5964: ÿc4=== [BAAL] ===
[10/05/26 01:25:22] D2BS 5964: Not ready to kill Baal
[10/05/26 01:25:22] D2BS 5964: ÿc4=== [ABADDON] ===
[10/05/26 01:28:08] D2BS 5964: ÿc4=== [POA] ===
[10/05/26 01:30:39] D2BS 5964: ÿc4=== [INFERNAL] ===
[10/05/26 01:33:21] D2BS 5964: party has left: fowo-xa
[10/05/26 01:33:22] D2BS 5964:  [10:58] +100.92% / [Level 67] 46.41%
[10/05/26 01:33:22] D2BS 5964: Script threads\autobuildthread.js ended
[10/05/26 01:33:22] D2BS 5964: Script threads\partythread.js ended
[10/05/26 01:33:22] D2BS 5964: Script threads\townchicken.js ended
[10/05/26 01:33:22] D2BS 5964: Script default.dbj ended
[10/05/26 01:33:35] D2BS 5964: joining game pz-58
[10/05/26 01:33:37] D2BS 5964: ÿc2D2BSÿc0 :: Starting default.dbj
[10/05/26 01:33:37] D2BS 5964: ÿc2D2BSÿc0 :: default.dbj running.
[10/05/26 01:33:37] D2BS 5964: Loaded ÿc9[X.nip] [Y.nip] [Z.nip] [V.nip] [A.TRAP.nip]
[10/05/26 01:33:37] D2BS 5964: Loaded ÿc9[A.TRAP.js]
[10/05/26 01:33:37] D2BS 5964: equipped: [Head] 12
[10/05/26 01:33:37] D2BS 5964: equipped: [Neck] 14
[10/05/26 01:33:37] D2BS 5964: equipped: [Body] 19
[10/05/26 01:33:37] D2BS 5964: equipped: [ArmR] 11
[10/05/26 01:33:37] D2BS 5964: equipped: [ArmL] 26
[10/05/26 01:33:37] D2BS 5964: equipped: [RingR] 11
[10/05/26 01:33:37] D2BS 5964: equipped: [RingL] 11
[10/05/26 01:33:37] D2BS 5964: equipped: [Belt] 16
[10/05/26 01:33:37] D2BS 5964: equipped: [Boots] 11
[10/05/26 01:33:37] D2BS 5964: equipped: [Mitts] 1
[10/05/26 01:33:37] D2BS 5964: Loaded ÿc9[AutoSmurf.js]
[10/05/26 01:33:40] D2BS 5964: MiniShopBot: true
[10/05/26 01:34:12] D2BS 5964: act5+ BO
[10/05/26 01:34:25] D2BS 5964: ÿc4=== [BAAL] ===
[10/05/26 01:36:40] D2BS 5964: Not ready to kill Baal
[10/05/26 01:36:40] D2BS 5964: ÿc4=== [ABADDON] ===
[10/05/26 01:39:25] D2BS 5964: ÿc4=== [POA] ===
[10/05/26 01:41:53] D2BS 5964: ÿc4=== [INFERNAL] ===
[10/05/26 01:44:23] D2BS 5964: party has left: fowo-xa, fowo-xg
[10/05/26 01:44:23] D2BS 5964:  [10:46] +90.22% / [Level 68] 41.05%
[10/05/26 01:44:23] D2BS 5964: Script threads\autobuildthread.js ended
[10/05/26 01:44:23] D2BS 5964: Script threads\partythread.js ended
[10/05/26 01:44:23] D2BS 5964: Script threads\townchicken.js ended
[10/05/26 01:44:23] D2BS 5964: Script default.dbj ended
[10/05/26 01:44:34] D2BS 5964: joining game pz-59
[10/05/26 01:44:36] D2BS 5964: ÿc2D2BSÿc0 :: Starting default.dbj
[10/05/26 01:44:36] D2BS 5964: ÿc2D2BSÿc0 :: default.dbj running.
[10/05/26 01:44:36] D2BS 5964: Loaded ÿc9[X.nip] [Y.nip] [Z.nip] [V.nip] [A.TRAP.nip]
[10/05/26 01:44:36] D2BS 5964: Loaded ÿc9[A.TRAP.js]
[10/05/26 01:44:36] D2BS 5964: equipped: [Head] 12
[10/05/26 01:44:36] D2BS 5964: equipped: [Neck] 14
[10/05/26 01:44:36] D2BS 5964: equipped: [Body] 19
[10/05/26 01:44:36] D2BS 5964: equipped: [ArmR] 11
[10/05/26 01:44:36] D2BS 5964: equipped: [ArmL] 26
[10/05/26 01:44:36] D2BS 5964: equipped: [RingR] 11
[10/05/26 01:44:36] D2BS 5964: equipped: [RingL] 11
[10/05/26 01:44:36] D2BS 5964: equipped: [Belt] 16
[10/05/26 01:44:36] D2BS 5964: equipped: [Boots] 11
[10/05/26 01:44:36] D2BS 5964: equipped: [Mitts] 1
[10/05/26 01:44:37] D2BS 5964: Loaded ÿc9[AutoSmurf.js]
[10/05/26 01:44:39] D2BS 5964: MiniShopBot: true
[10/05/26 01:44:59] D2BS 5964: equipped: [ArmR] 12
[10/05/26 01:45:09] D2BS 5964: act5+ BO
[10/05/26 01:45:23] D2BS 5964: ÿc4=== [BAAL] ===
[10/05/26 01:47:45] D2BS 5964: Not ready to kill Baal
[10/05/26 01:47:45] D2BS 5964: ÿc4=== [ABADDON] ===
[10/05/26 01:50:33] D2BS 5964: ÿc4=== [POA] ===
[10/05/26 01:53:06] D2BS 5964: ÿc4=== [INFERNAL] ===
[10/05/26 01:55:17] D2BS 5964: party has left: fowo-xg
[10/05/26 01:55:17] D2BS 5964:  [10:42] +77.20% / [Level 69] 23.12%
[10/05/26 01:55:17] D2BS 5964: Script threads\autobuildthread.js ended
[10/05/26 01:55:17] D2BS 5964: Script threads\partythread.js ended
[10/05/26 01:55:17] D2BS 5964: Script threads\townchicken.js ended
[10/05/26 01:55:17] D2BS 5964: Script default.dbj ended
[10/05/26 01:55:30] D2BS 5964: joining game pz-60
[10/05/26 01:55:32] D2BS 5964: ÿc2D2BSÿc0 :: Starting default.dbj
[10/05/26 01:55:32] D2BS 5964: ÿc2D2BSÿc0 :: default.dbj running.
[10/05/26 01:55:32] D2BS 5964: Loaded ÿc9[X.nip] [Y.nip] [Z.nip] [V.nip] [A.TRAP.nip]
[10/05/26 01:55:32] D2BS 5964: Loaded ÿc9[A.TRAP.js]
[10/05/26 01:55:32] D2BS 5964: equipped: [Head] 12
[10/05/26 01:55:32] D2BS 5964: equipped: [Neck] 14
[10/05/26 01:55:32] D2BS 5964: equipped: [Body] 19
[10/05/26 01:55:32] D2BS 5964: equipped: [ArmR] 12
[10/05/26 01:55:32] D2BS 5964: equipped: [ArmL] 26
[10/05/26 01:55:32] D2BS 5964: equipped: [RingR] 11
[10/05/26 01:55:32] D2BS 5964: equipped: [RingL] 11
[10/05/26 01:55:32] D2BS 5964: equipped: [Belt] 16
[10/05/26 01:55:32] D2BS 5964: equipped: [Boots] 11
[10/05/26 01:55:32] D2BS 5964: equipped: [Mitts] 1
[10/05/26 01:55:32] D2BS 5964: Loaded ÿc9[AutoSmurf.js]
[10/05/26 01:55:34] D2BS 5964: MiniShopBot: true
[10/05/26 01:55:34] D2BS 5964: UseMerc: true HP: 70
[10/05/26 01:55:52] D2BS 5964: [hire] no skill specified
[10/05/26 01:56:22] D2BS 5964: act5+ BO
[10/05/26 01:56:34] D2BS 5964: ÿc4=== [BAAL] ===
[10/05/26 01:59:00] D2BS 5964: Not ready to kill Baal
[10/05/26 01:59:00] D2BS 5964: ÿc4=== [ABADDON] ===
[10/05/26 02:01:53] D2BS 5964: ÿc4=== [POA] ===
[10/05/26 02:04:34] D2BS 5964: ÿc4=== [INFERNAL] ===
[10/05/26 02:07:12] D2BS 5964: party has left: fowo-xa
[10/05/26 02:07:12] D2BS 5964:  [11:41] +84.77% / [Level 70] 14.23%
[10/05/26 02:07:12] D2BS 5964: Script threads\autobuildthread.js ended
[10/05/26 02:07:13] D2BS 5964: Script threads\partythread.js ended
[10/05/26 02:07:13] D2BS 5964: Script threads\townchicken.js ended
[10/05/26 02:07:13] D2BS 5964: Script default.dbj ended
[10/05/26 02:07:25] D2BS 5964: joining game pz-61
[10/05/26 02:07:27] D2BS 5964: ÿc2D2BSÿc0 :: Starting default.dbj
[10/05/26 02:07:27] D2BS 5964: ÿc2D2BSÿc0 :: default.dbj running.
[10/05/26 02:07:27] D2BS 5964: Loaded ÿc9[X.nip] [Y.nip] [Z.nip] [V.nip] [A.TRAP.nip]
[10/05/26 02:07:27] D2BS 5964: Loaded ÿc9[A.TRAP.js]
[10/05/26 02:07:27] D2BS 5964: equipped: [Head] 12
[10/05/26 02:07:27] D2BS 5964: equipped: [Neck] 14
[10/05/26 02:07:27] D2BS 5964: equipped: [Body] 19
[10/05/26 02:07:27] D2BS 5964: equipped: [ArmR] 12
[10/05/26 02:07:27] D2BS 5964: equipped: [ArmL] 26
[10/05/26 02:07:27] D2BS 5964: equipped: [RingR] 11
[10/05/26 02:07:27] D2BS 5964: equipped: [RingL] 11
[10/05/26 02:07:27] D2BS 5964: equipped: [Belt] 16
[10/05/26 02:07:27] D2BS 5964: equipped: [Boots] 11
[10/05/26 02:07:27] D2BS 5964: equipped: [Mitts] 1
[10/05/26 02:07:27] D2BS 5964: Loaded ÿc9[AutoSmurf.js]
[10/05/26 02:07:29] D2BS 5964: MiniShopBot: true
[10/05/26 02:07:29] D2BS 5964: UseMerc: true HP: 70
[10/05/26 02:07:44] D2BS 5964: [hire] no skill specified
[10/05/26 02:08:08] D2BS 5964: act5+ BO
[10/05/26 02:08:22] D2BS 5964: ÿc4=== [BAAL] ===
[10/05/26 02:10:29] D2BS 5964: Not ready to kill Baal
[10/05/26 02:10:29] D2BS 5964: ÿc4=== [ABADDON] ===
[10/05/26 02:12:52] D2BS 5964: ÿc4=== [POA] ===
[10/05/26 02:15:45] D2BS 5964: ÿc4=== [INFERNAL] ===
[10/05/26 02:18:15] D2BS 5964: party has left: fowo-xa
[10/05/26 02:18:15] D2BS 5964:  [10:49] +67.08% / [Level 70] 81.31%
[10/05/26 02:18:15] D2BS 5964: Script threads\autobuildthread.js ended
[10/05/26 02:18:15] D2BS 5964: Script threads\partythread.js ended
[10/05/26 02:18:15] D2BS 5964: Script threads\townchicken.js ended
[10/05/26 02:18:15] D2BS 5964: Script default.dbj ended
[10/05/26 02:18:28] D2BS 5964: joining game pz-62
[10/05/26 02:18:30] D2BS 5964: ÿc2D2BSÿc0 :: Starting default.dbj
[10/05/26 02:18:30] D2BS 5964: ÿc2D2BSÿc0 :: default.dbj running.
[10/05/26 02:18:30] D2BS 5964: Loaded ÿc9[X.nip] [Y.nip] [Z.nip] [V.nip] [A.TRAP.nip]
[10/05/26 02:18:30] D2BS 5964: Loaded ÿc9[A.TRAP.js]
[10/05/26 02:18:30] D2BS 5964: equipped: [Head] 12
[10/05/26 02:18:30] D2BS 5964: equipped: [Neck] 14
[10/05/26 02:18:30] D2BS 5964: equipped: [Body] 19
[10/05/26 02:18:30] D2BS 5964: equipped: [ArmR] 12
[10/05/26 02:18:30] D2BS 5964: equipped: [ArmL] 26
[10/05/26 02:18:30] D2BS 5964: equipped: [RingR] 11
[10/05/26 02:18:30] D2BS 5964: equipped: [RingL] 11
[10/05/26 02:18:30] D2BS 5964: equipped: [Belt] 16
[10/05/26 02:18:30] D2BS 5964: equipped: [Boots] 11
[10/05/26 02:18:30] D2BS 5964: equipped: [Mitts] 1
[10/05/26 02:18:30] D2BS 5964: Loaded ÿc9[AutoSmurf.js]
[10/05/26 02:18:32] D2BS 5964: MiniShopBot: true
[10/05/26 02:18:32] D2BS 5964: UseMerc: true HP: 70
[10/05/26 02:18:51] D2BS 5964: equipped: [Head] 15
[10/05/26 02:18:51] D2BS 5964: [hire] no skill specified
[10/05/26 02:19:25] D2BS 5964: act5+ BO
[10/05/26 02:19:39] D2BS 5964: ÿc4=== [BAAL] ===
[10/05/26 02:22:22] D2BS 5964: Config.LifeChicken: 0
[10/05/26 02:22:49] D2BS 5964: Config.LifeChicken: 20
[10/05/26 02:22:57] D2BS 5964: ÿc4=== [COWS] ===
[10/05/26 02:33:22] D2BS 5964: Cow King found
[10/05/26 02:33:22] D2BS 5964: Cows failed: followDriver
[10/05/26 02:33:34] D2BS 5964: party has left: fowo-xa, fowo-xb, fowo-xf, fowo-xh
[10/05/26 02:33:34] D2BS 5964:  [15:05] +74.17% / [Level 71] 57.02%
[10/05/26 02:33:34] D2BS 5964: Script threads\autobuildthread.js ended
[10/05/26 02:33:34] D2BS 5964: Script threads\partythread.js ended
[10/05/26 02:33:34] D2BS 5964: Script threads\townchicken.js ended
[10/05/26 02:33:34] D2BS 5964: Script default.dbj ended
[10/05/26 02:33:47] D2BS 5964: joining game pz-63
[10/05/26 02:33:49] D2BS 5964: ÿc2D2BSÿc0 :: Starting default.dbj
[10/05/26 02:33:49] D2BS 5964: ÿc2D2BSÿc0 :: default.dbj running.
[10/05/26 02:33:49] D2BS 5964: Loaded ÿc9[X.nip] [Y.nip] [Z.nip] [V.nip] [A.TRAP.nip]
[10/05/26 02:33:49] D2BS 5964: Loaded ÿc9[A.TRAP.js]
[10/05/26 02:33:50] D2BS 5964: equipped: [Head] 15
[10/05/26 02:33:50] D2BS 5964: equipped: [Neck] 14
[10/05/26 02:33:50] D2BS 5964: equipped: [Body] 19
[10/05/26 02:33:50] D2BS 5964: equipped: [ArmR] 12
[10/05/26 02:33:50] D2BS 5964: equipped: [ArmL] 26
[10/05/26 02:33:50] D2BS 5964: equipped: [RingR] 11
[10/05/26 02:33:50] D2BS 5964: equipped: [RingL] 11
[10/05/26 02:33:50] D2BS 5964: equipped: [Belt] 16
[10/05/26 02:33:50] D2BS 5964: equipped: [Boots] 11
[10/05/26 02:33:50] D2BS 5964: equipped: [Mitts] 1
[10/05/26 02:33:50] D2BS 5964: Loaded ÿc9[AutoSmurf.js]
[10/05/26 02:33:51] D2BS 5964: farmingON
[10/05/26 02:33:52] D2BS 5964: MiniShopBot: true
[10/05/26 02:33:52] D2BS 5964: UseMerc: true HP: 70
[10/05/26 02:33:58] D2BS 5964: updateStat
[10/05/26 02:33:58] D2BS 5964: granted: [Head] -1
[10/05/26 02:33:58] D2BS 5964: granted: [Body] -1
[10/05/26 02:33:58] D2BS 5964: granted: [ArmR] -1
[10/05/26 02:34:09] D2BS 5964: hireMerc
[10/05/26 02:34:16] D2BS 5964: Merc unmatched
[10/05/26 02:34:16] D2BS 5964: hireMerc: true
[10/05/26 02:34:53] D2BS 5964: Token needed
[10/05/26 02:34:58] D2BS 5964: act0 BO
[10/05/26 02:35:07] D2BS 5964: updateStat
[10/05/26 02:35:21] D2BS 5964: ÿc4=== [DEN] ===
[10/05/26 02:38:47] D2BS 5964: ÿc4=== [CAIN] ===
[10/05/26 02:42:39] D2BS 5964: ÿc4=== [ANDY] ===
[10/05/26 02:44:27] D2BS 5964: Going to town
[10/05/26 02:44:31] D2BS 5964: party has left: fowo-xe
[10/05/26 02:44:31] D2BS 5964:  [10:42] +43.03% / [Level 72] 3.60%
[10/05/26 02:44:31] D2BS 5964: Script threads\autobuildthread.js ended
[10/05/26 02:44:31] D2BS 5964: Script threads\partythread.js ended
[10/05/26 02:44:31] D2BS 5964: Script threads\townchicken.js ended
[10/05/26 02:44:31] D2BS 5964: Script default.dbj ended
[10/05/26 02:44:44] D2BS 5964: joining game pz-64
[10/05/26 02:44:46] D2BS 5964: ÿc2D2BSÿc0 :: Starting default.dbj
[10/05/26 02:44:46] D2BS 5964: ÿc2D2BSÿc0 :: default.dbj running.
[10/05/26 02:44:46] D2BS 5964: Loaded ÿc9[X.nip] [Y.nip] [Z.nip] [V.nip] [A.TRAP.nip]
[10/05/26 02:44:46] D2BS 5964: Loaded ÿc9[A.TRAP.js]
[10/05/26 02:44:46] D2BS 5964: equipped: [Head] 15
[10/05/26 02:44:46] D2BS 5964: equipped: [Neck] 14
[10/05/26 02:44:46] D2BS 5964: equipped: [Body] 19
[10/05/26 02:44:46] D2BS 5964: equipped: [ArmR] 12
[10/05/26 02:44:46] D2BS 5964: equipped: [ArmL] 26
[10/05/26 02:44:46] D2BS 5964: equipped: [RingR] 11
[10/05/26 02:44:46] D2BS 5964: equipped: [RingL] 11
[10/05/26 02:44:46] D2BS 5964: equipped: [Belt] 16
[10/05/26 02:44:46] D2BS 5964: equipped: [Boots] 11
[10/05/26 02:44:46] D2BS 5964: equipped: [Mitts] 1
[10/05/26 02:44:46] D2BS 5964: updateStat
[10/05/26 02:44:46] D2BS 5964: granted: [Head] -1
[10/05/26 02:44:46] D2BS 5964: granted: [Body] -1
[10/05/26 02:44:46] D2BS 5964: granted: [ArmR] -1
[10/05/26 02:44:46] D2BS 5964: Loaded ÿc9[AutoSmurf.js]
[10/05/26 02:44:48] D2BS 5964: MiniShopBot: true
[10/05/26 02:44:48] D2BS 5964: farmingON
[10/05/26 02:44:48] D2BS 5964: UseMerc: true HP: 70
[10/05/26 02:44:56] D2BS 5964: hireMerc
[10/05/26 02:44:57] D2BS 5964: Merc unmatched
[10/05/26 02:44:58] D2BS 5964: hireMerc: true
[10/05/26 02:45:11] D2BS 5964: Token needed
[10/05/26 02:45:15] D2BS 5964: act0 BO
[10/05/26 02:45:44] D2BS 5964: ÿc4=== [ANDY] ===
[10/05/26 02:46:24] D2BS 5964: Config.LifeChicken: 0
[10/05/26 02:46:51] D2BS 5964: Config.LifeChicken: 35
[10/05/26 02:47:16] D2BS 5964: Merc unmatched
[10/05/26 02:47:34] D2BS 5964: [Hired] Level 71 Blessed Aim
[10/05/26 02:47:34] D2BS 5964: updateStat
[10/05/26 02:47:34] D2BS 5964: granted: [Head] -1
[10/05/26 02:47:34] D2BS 5964: granted: [Body] -1
[10/05/26 02:47:34] D2BS 5964: granted: [ArmR] -1
[10/05/26 02:47:35] D2BS 5964: ÿc4=== [AMULET] ===
[10/05/26 02:49:19] D2BS 5964: ÿc4=== [SUMMONER] ===
[10/05/26 03:14:43] D2BS 5964: party has left: fowo-xa
[10/05/26 03:14:43] D2BS 5964:  [29:57] +11.29% / [Level 72] 14.89%
[10/05/26 03:14:43] D2BS 5964: Script threads\autobuildthread.js ended
[10/05/26 03:14:43] D2BS 5964: Script threads\partythread.js ended
[10/05/26 03:14:43] D2BS 5964: Script threads\townchicken.js ended
[10/05/26 03:14:43] D2BS 5964: Script default.dbj ended
[10/05/26 03:14:55] D2BS 5964: joining game pz-65
[10/05/26 03:14:57] D2BS 5964: ÿc2D2BSÿc0 :: Starting default.dbj
[10/05/26 03:14:57] D2BS 5964: ÿc2D2BSÿc0 :: default.dbj running.
[10/05/26 03:14:57] D2BS 5964: Loaded ÿc9[X.nip] [Y.nip] [Z.nip] [V.nip] [A.TRAP.nip]
[10/05/26 03:14:57] D2BS 5964: Loaded ÿc9[A.TRAP.js]
[10/05/26 03:14:57] D2BS 5964: equipped: [Head] 15
[10/05/26 03:14:57] D2BS 5964: equipped: [Neck] 14
[10/05/26 03:14:57] D2BS 5964: equipped: [Body] 19
[10/05/26 03:14:57] D2BS 5964: equipped: [ArmR] 12
[10/05/26 03:14:57] D2BS 5964: equipped: [ArmL] 26
[10/05/26 03:14:57] D2BS 5964: equipped: [RingR] 11
[10/05/26 03:14:57] D2BS 5964: equipped: [RingL] 11
[10/05/26 03:14:57] D2BS 5964: equipped: [Belt] 16
[10/05/26 03:14:57] D2BS 5964: equipped: [Boots] 11
[10/05/26 03:14:57] D2BS 5964: equipped: [Mitts] 1
[10/05/26 03:14:57] D2BS 5964: updateStat
[10/05/26 03:14:58] D2BS 5964: granted: [Head] -1
[10/05/26 03:14:58] D2BS 5964: granted: [Body] -1
[10/05/26 03:14:58] D2BS 5964: granted: [ArmR] -1
[10/05/26 03:14:58] D2BS 5964: Loaded ÿc9[AutoSmurf.js]
[10/05/26 03:15:00] D2BS 5964: farmingON
[10/05/26 03:15:00] D2BS 5964: MiniShopBot: true
[10/05/26 03:15:00] D2BS 5964: UseMerc: true HP: 70
[10/05/26 03:15:01] D2BS 5964: Merc matched: Blessed Aim
[10/05/26 03:15:19] D2BS 5964: Token needed
[10/05/26 03:15:21] D2BS 5964: Merc matched: Blessed Aim
[10/05/26 03:15:22] D2BS 5964: act1 WP
[10/05/26 03:15:33] D2BS 5964: act2 BO
[10/05/26 03:15:46] D2BS 5964: ÿc4=== [SUMMONER] ===
[10/05/26 03:16:27] D2BS 5964: Config.LifeChicken: 0
[10/05/26 03:16:41] D2BS 5964: Config.LifeChicken: 35
[10/05/26 03:16:50] D2BS 5964: going to nearest WP
[10/05/26 03:17:42] D2BS 5964: ÿc4=== [RADAMENT] ===
[10/05/26 03:18:54] D2BS 5964: Config.LifeChicken: 0
[10/05/26 03:19:08] D2BS 5964: Config.LifeChicken: 35
[10/05/26 03:19:15] D2BS 5964: ÿc8!!! [BOOK] !!!
[10/05/26 03:19:21] D2BS 5964: ÿc4=== [DURIEL] ===
[10/05/26 03:20:56] D2BS 5964: Going to town
[10/05/26 03:21:34] D2BS 5964: Going to town
[10/05/26 03:22:22] D2BS 5964: party has left: fowo-xa
[10/05/26 03:22:22] D2BS 5964:  [07:25] +14.06% / [Level 72] 28.95%
[10/05/26 03:22:22] D2BS 5964: Script threads\autobuildthread.js ended
[10/05/26 03:22:22] D2BS 5964: Script threads\partythread.js ended
[10/05/26 03:22:22] D2BS 5964: Script threads\townchicken.js ended
[10/05/26 03:22:22] D2BS 5964: Script default.dbj ended
[10/05/26 03:22:34] D2BS 5964: joining game pz-66
[10/05/26 03:22:35] D2BS 5964: ÿc2D2BSÿc0 :: Starting default.dbj
[10/05/26 03:22:35] D2BS 5964: ÿc2D2BSÿc0 :: default.dbj running.
[10/05/26 03:22:35] D2BS 5964: Loaded ÿc9[X.nip] [Y.nip] [Z.nip] [V.nip] [A.TRAP.nip]
[10/05/26 03:22:35] D2BS 5964: Loaded ÿc9[A.TRAP.js]
[10/05/26 03:22:35] D2BS 5964: equipped: [Head] 15
[10/05/26 03:22:35] D2BS 5964: equipped: [Neck] 14
[10/05/26 03:22:35] D2BS 5964: equipped: [Body] 19
[10/05/26 03:22:35] D2BS 5964: equipped: [ArmR] 12
[10/05/26 03:22:35] D2BS 5964: equipped: [ArmL] 26
[10/05/26 03:22:35] D2BS 5964: equipped: [RingR] 11
[10/05/26 03:22:35] D2BS 5964: equipped: [RingL] 11
[10/05/26 03:22:35] D2BS 5964: equipped: [Belt] 16
[10/05/26 03:22:35] D2BS 5964: equipped: [Boots] 11
[10/05/26 03:22:35] D2BS 5964: equipped: [Mitts] 1
[10/05/26 03:22:36] D2BS 5964: Loaded ÿc9[AutoSmurf.js]
[10/05/26 03:22:38] D2BS 5964: MiniShopBot: true
[10/05/26 03:22:39] D2BS 5964: farmingON
[10/05/26 03:22:39] D2BS 5964: UseMerc: true HP: 70
[10/05/26 03:23:00] D2BS 5964: updateStat
[10/05/26 03:23:00] D2BS 5964: granted: [Head] -1
[10/05/26 03:23:00] D2BS 5964: granted: [Body] -1
[10/05/26 03:23:00] D2BS 5964: granted: [ArmR] 13
[10/05/26 03:23:17] D2BS 5964: Merc matched: Blessed Aim
[10/05/26 03:23:24] D2BS 5964: Token needed
[10/05/26 03:23:24] D2BS 5964: Merc matched: Blessed Aim
[10/05/26 03:23:28] D2BS 5964: act2 BO
[10/05/26 03:23:31] D2BS 5964: updateStat
[10/05/26 03:23:43] D2BS 5964: ÿc4=== [DURIEL] ===
[10/05/26 03:30:06] D2BS 5964: act3 BO
[10/05/26 03:30:50] D2BS 5964: party has left: fowo-xa
[10/05/26 03:30:50] D2BS 5964:  [08:15] +10.67% / [Level 72] 39.62%
[10/05/26 03:30:50] D2BS 5964: Script threads\autobuildthread.js ended
[10/05/26 03:30:50] D2BS 5964: Script threads\partythread.js ended
[10/05/26 03:30:50] D2BS 5964: Script threads\townchicken.js ended
[10/05/26 03:30:50] D2BS 5964: Script default.dbj ended
[10/05/26 03:31:03] D2BS 5964: joining game pz-67
[10/05/26 03:31:05] D2BS 5964: ÿc2D2BSÿc0 :: Starting default.dbj
[10/05/26 03:31:05] D2BS 5964: ÿc2D2BSÿc0 :: default.dbj running.
[10/05/26 03:31:05] D2BS 5964: Loaded ÿc9[X.nip] [Y.nip] [Z.nip] [V.nip] [A.TRAP.nip]
[10/05/26 03:31:05] D2BS 5964: Loaded ÿc9[A.TRAP.js]
[10/05/26 03:31:05] D2BS 5964: equipped: [Head] 15
[10/05/26 03:31:05] D2BS 5964: equipped: [Neck] 14
[10/05/26 03:31:05] D2BS 5964: equipped: [Body] 19
[10/05/26 03:31:05] D2BS 5964: equipped: [ArmR] 12
[10/05/26 03:31:05] D2BS 5964: equipped: [ArmL] 26
[10/05/26 03:31:05] D2BS 5964: equipped: [RingR] 11
[10/05/26 03:31:05] D2BS 5964: equipped: [RingL] 11
[10/05/26 03:31:05] D2BS 5964: equipped: [Belt] 16
[10/05/26 03:31:05] D2BS 5964: equipped: [Boots] 11
[10/05/26 03:31:05] D2BS 5964: equipped: [Mitts] 1
[10/05/26 03:31:05] D2BS 5964: updateStat
[10/05/26 03:31:05] D2BS 5964: granted: [Head] -1
[10/05/26 03:31:05] D2BS 5964: granted: [Body] -1
[10/05/26 03:31:05] D2BS 5964: granted: [ArmR] 13
[10/05/26 03:31:05] D2BS 5964: Loaded ÿc9[AutoSmurf.js]
[10/05/26 03:31:07] D2BS 5964: farmingON
[10/05/26 03:31:08] D2BS 5964: MiniShopBot: true
[10/05/26 03:31:08] D2BS 5964: UseMerc: true HP: 70
[10/05/26 03:31:08] D2BS 5964: Merc matched: Blessed Aim
[10/05/26 03:31:31] D2BS 5964: Token needed
[10/05/26 03:31:39] D2BS 5964: act3 BO
[10/05/26 03:32:32] D2BS 5964: ÿc4=== [TRAVINCAL] ===
[10/05/26 03:33:44] D2BS 5964: party has left: fowo-xa
[10/05/26 03:33:44] D2BS 5964:  [02:40] +17.91% / [Level 72] 57.53%
[10/05/26 03:33:44] D2BS 5964: Script threads\autobuildthread.js ended
[10/05/26 03:33:45] D2BS 5964: Script threads\partythread.js ended
[10/05/26 03:33:45] D2BS 5964: Script threads\townchicken.js ended
[10/05/26 03:33:45] D2BS 5964: Script default.dbj ended
[10/05/26 03:33:55] D2BS 5964: joining game pz-68
[10/05/26 03:33:56] D2BS 5964: ÿc2D2BSÿc0 :: Starting default.dbj
[10/05/26 03:33:56] D2BS 5964: ÿc2D2BSÿc0 :: default.dbj running.
[10/05/26 03:33:57] D2BS 5964: Loaded ÿc9[X.nip] [Y.nip] [Z.nip] [V.nip] [A.TRAP.nip]
[10/05/26 03:33:57] D2BS 5964: Loaded ÿc9[A.TRAP.js]
[10/05/26 03:33:57] D2BS 5964: equipped: [Head] 15
[10/05/26 03:33:57] D2BS 5964: equipped: [Neck] 14
[10/05/26 03:33:57] D2BS 5964: equipped: [Body] 19
[10/05/26 03:33:57] D2BS 5964: equipped: [ArmR] 12
[10/05/26 03:33:57] D2BS 5964: equipped: [ArmL] 26
[10/05/26 03:33:57] D2BS 5964: equipped: [RingR] 11
[10/05/26 03:33:57] D2BS 5964: equipped: [RingL] 11
[10/05/26 03:33:57] D2BS 5964: equipped: [Belt] 16
[10/05/26 03:33:57] D2BS 5964: equipped: [Boots] 11
[10/05/26 03:33:57] D2BS 5964: equipped: [Mitts] 1
[10/05/26 03:33:57] D2BS 5964: updateStat
[10/05/26 03:33:57] D2BS 5964: granted: [Head] -1
[10/05/26 03:33:57] D2BS 5964: granted: [Body] -1
[10/05/26 03:33:57] D2BS 5964: granted: [ArmR] 13
[10/05/26 03:33:57] D2BS 5964: Loaded ÿc9[AutoSmurf.js]
[10/05/26 03:33:59] D2BS 5964: farmingON
[10/05/26 03:34:00] D2BS 5964: MiniShopBot: true
[10/05/26 03:34:00] D2BS 5964: UseMerc: true HP: 70
[10/05/26 03:34:00] D2BS 5964: Merc matched: Blessed Aim
[10/05/26 03:34:27] D2BS 5964: Token needed
[10/05/26 03:34:34] D2BS 5964: act3 BO
[10/05/26 03:34:52] D2BS 5964: ÿc4=== [TRAVINCAL] ===
[10/05/26 03:35:29] D2BS 5964: party has left: fowo-xe
[10/05/26 03:35:29] D2BS 5964:  [01:33] +9.63% / [Level 72] 67.16%
[10/05/26 03:35:29] D2BS 5964: Script threads\autobuildthread.js ended
[10/05/26 03:35:29] D2BS 5964: Script threads\partythread.js ended
[10/05/26 03:35:30] D2BS 5964: Script threads\townchicken.js ended
[10/05/26 03:35:30] D2BS 5964: Script default.dbj ended
[10/05/26 03:35:44] D2BS 5964: joining game pz-69
[10/05/26 03:35:46] D2BS 5964: ÿc2D2BSÿc0 :: Starting default.dbj
[10/05/26 03:35:46] D2BS 5964: ÿc2D2BSÿc0 :: default.dbj running.
[10/05/26 03:35:46] D2BS 5964: Loaded ÿc9[X.nip] [Y.nip] [Z.nip] [V.nip] [A.TRAP.nip]
[10/05/26 03:35:46] D2BS 5964: Loaded ÿc9[A.TRAP.js]
[10/05/26 03:35:46] D2BS 5964: equipped: [Head] 15
[10/05/26 03:35:46] D2BS 5964: equipped: [Neck] 14
[10/05/26 03:35:46] D2BS 5964: equipped: [Body] 19
[10/05/26 03:35:46] D2BS 5964: equipped: [ArmR] 12
[10/05/26 03:35:46] D2BS 5964: equipped: [ArmL] 26
[10/05/26 03:35:46] D2BS 5964: equipped: [RingR] 11
[10/05/26 03:35:46] D2BS 5964: equipped: [RingL] 11
[10/05/26 03:35:46] D2BS 5964: equipped: [Belt] 16
[10/05/26 03:35:46] D2BS 5964: equipped: [Boots] 11
[10/05/26 03:35:47] D2BS 5964: equipped: [Mitts] 1
[10/05/26 03:35:47] D2BS 5964: updateStat
[10/05/26 03:35:47] D2BS 5964: granted: [Head] -1
[10/05/26 03:35:47] D2BS 5964: granted: [Body] -1
[10/05/26 03:35:47] D2BS 5964: granted: [ArmR] 13
[10/05/26 03:35:47] D2BS 5964: Loaded ÿc9[AutoSmurf.js]
[10/05/26 03:35:48] D2BS 5964: farmingON
[10/05/26 03:35:49] D2BS 5964: MiniShopBot: true
[10/05/26 03:35:49] D2BS 5964: UseMerc: true HP: 70
[10/05/26 03:35:49] D2BS 5964: Merc matched: Blessed Aim
[10/05/26 03:36:09] D2BS 5964: Token needed
[10/05/26 03:36:17] D2BS 5964: act3 BO
[10/05/26 03:36:37] D2BS 5964: ÿc4=== [TRAVINCAL] ===
[10/05/26 03:37:37] D2BS 5964: party has left: fowo-xa
[10/05/26 03:37:37] D2BS 5964:  [01:51] +17.65% / [Level 72] 84.81%
[10/05/26 03:37:37] D2BS 5964: Script threads\autobuildthread.js ended
[10/05/26 03:37:37] D2BS 5964: Script threads\partythread.js ended
[10/05/26 03:37:37] D2BS 5964: Script threads\townchicken.js ended
[10/05/26 03:37:37] D2BS 5964: Script default.dbj ended
[10/05/26 03:37:50] D2BS 5964: joining game pz-70
[10/05/26 03:37:51] D2BS 5964: ÿc2D2BSÿc0 :: Starting default.dbj
[10/05/26 03:37:51] D2BS 5964: ÿc2D2BSÿc0 :: default.dbj running.
[10/05/26 03:37:51] D2BS 5964: Loaded ÿc9[X.nip] [Y.nip] [Z.nip] [V.nip] [A.TRAP.nip]
[10/05/26 03:37:51] D2BS 5964: Loaded ÿc9[A.TRAP.js]
[10/05/26 03:37:51] D2BS 5964: equipped: [Head] 15
[10/05/26 03:37:52] D2BS 5964: equipped: [Neck] 14
[10/05/26 03:37:52] D2BS 5964: equipped: [Body] 19
[10/05/26 03:37:52] D2BS 5964: equipped: [ArmR] 12
[10/05/26 03:37:52] D2BS 5964: equipped: [ArmL] 26
[10/05/26 03:37:52] D2BS 5964: equipped: [RingR] 11
[10/05/26 03:37:52] D2BS 5964: equipped: [RingL] 11
[10/05/26 03:37:52] D2BS 5964: equipped: [Belt] 16
[10/05/26 03:37:52] D2BS 5964: equipped: [Boots] 11
[10/05/26 03:37:52] D2BS 5964: equipped: [Mitts] 1
[10/05/26 03:37:52] D2BS 5964: Loaded ÿc9[AutoSmurf.js]
[10/05/26 03:37:53] D2BS 5964: MiniShopBot: true
[10/05/26 03:37:54] D2BS 5964: farmingON
[10/05/26 03:37:54] D2BS 5964: UseMerc: true HP: 70
[10/05/26 03:38:04] D2BS 5964: Revive needed
[10/05/26 03:38:18] D2BS 5964: Token needed
[10/05/26 03:38:24] D2BS 5964: act3 BO
[10/05/26 03:38:41] D2BS 5964: ÿc4=== [TRAVINCAL] ===
[10/05/26 03:39:21] D2BS 5964: party has left: fowo-xb
[10/05/26 03:39:21] D2BS 5964:  [01:30] +9.63% / [Level 72] 94.43%
[10/05/26 03:39:21] D2BS 5964: Script threads\autobuildthread.js ended
[10/05/26 03:39:21] D2BS 5964: Script threads\partythread.js ended
[10/05/26 03:39:21] D2BS 5964: Script threads\townchicken.js ended
[10/05/26 03:39:21] D2BS 5964: Script default.dbj ended
[10/05/26 03:39:34] D2BS 5964: joining game pz-71
[10/05/26 03:39:35] D2BS 5964: ÿc2D2BSÿc0 :: Starting default.dbj
[10/05/26 03:39:35] D2BS 5964: ÿc2D2BSÿc0 :: default.dbj running.
[10/05/26 03:39:36] D2BS 5964: Loaded ÿc9[X.nip] [Y.nip] [Z.nip] [V.nip] [A.TRAP.nip]
[10/05/26 03:39:36] D2BS 5964: Loaded ÿc9[A.TRAP.js]
[10/05/26 03:39:36] D2BS 5964: equipped: [Head] 15
[10/05/26 03:39:36] D2BS 5964: equipped: [Neck] 14
[10/05/26 03:39:36] D2BS 5964: equipped: [Body] 19
[10/05/26 03:39:36] D2BS 5964: equipped: [ArmR] 12
[10/05/26 03:39:36] D2BS 5964: equipped: [ArmL] 26
[10/05/26 03:39:36] D2BS 5964: equipped: [RingR] 11
[10/05/26 03:39:36] D2BS 5964: equipped: [RingL] 11
[10/05/26 03:39:36] D2BS 5964: equipped: [Belt] 16
[10/05/26 03:39:36] D2BS 5964: equipped: [Boots] 11
[10/05/26 03:39:36] D2BS 5964: equipped: [Mitts] 1
[10/05/26 03:39:36] D2BS 5964: Loaded ÿc9[AutoSmurf.js]
[10/05/26 03:39:37] D2BS 5964: MiniShopBot: true
[10/05/26 03:39:38] D2BS 5964: farmingON
[10/05/26 03:39:38] D2BS 5964: UseMerc: true HP: 70
[10/05/26 03:39:48] D2BS 5964: Revive needed
[10/05/26 03:39:58] D2BS 5964: Token needed
[10/05/26 03:40:05] D2BS 5964: act3 BO
[10/05/26 03:40:21] D2BS 5964: ÿc4=== [TRAVINCAL] ===
[10/05/26 03:41:19] D2BS 5964: party has left: fowo-xa
[10/05/26 03:41:19] D2BS 5964:  [01:43] +13.15% / [Level 73] 8.04%
[10/05/26 03:41:19] D2BS 5964: Script threads\autobuildthread.js ended
[10/05/26 03:41:19] D2BS 5964: Script threads\partythread.js ended
[10/05/26 03:41:19] D2BS 5964: Script threads\townchicken.js ended
[10/05/26 03:41:19] D2BS 5964: Script default.dbj ended
[10/05/26 03:41:31] D2BS 5964: joining game pz-72
[10/05/26 03:41:33] D2BS 5964: ÿc2D2BSÿc0 :: Starting default.dbj
[10/05/26 03:41:33] D2BS 5964: ÿc2D2BSÿc0 :: default.dbj running.
[10/05/26 03:41:33] D2BS 5964: Loaded ÿc9[X.nip] [Y.nip] [Z.nip] [V.nip] [A.TRAP.nip]
[10/05/26 03:41:33] D2BS 5964: Loaded ÿc9[A.TRAP.js]
[10/05/26 03:41:33] D2BS 5964: equipped: [Head] 15
[10/05/26 03:41:33] D2BS 5964: equipped: [Neck] 14
[10/05/26 03:41:33] D2BS 5964: equipped: [Body] 19
[10/05/26 03:41:33] D2BS 5964: equipped: [ArmR] 12
[10/05/26 03:41:33] D2BS 5964: equipped: [ArmL] 26
[10/05/26 03:41:33] D2BS 5964: equipped: [RingR] 11
[10/05/26 03:41:33] D2BS 5964: equipped: [RingL] 11
[10/05/26 03:41:33] D2BS 5964: equipped: [Belt] 16
[10/05/26 03:41:33] D2BS 5964: equipped: [Boots] 11
[10/05/26 03:41:33] D2BS 5964: equipped: [Mitts] 1
[10/05/26 03:41:33] D2BS 5964: Loaded ÿc9[AutoSmurf.js]
[10/05/26 03:41:36] D2BS 5964: MiniShopBot: true
[10/05/26 03:41:36] D2BS 5964: farmingON
[10/05/26 03:41:36] D2BS 5964: UseMerc: true HP: 70
[10/05/26 03:41:47] D2BS 5964: Revive needed
[10/05/26 03:42:03] D2BS 5964: Token needed
[10/05/26 03:42:06] D2BS 5964: ÿc4=== [FIGURINE] ===
[10/05/26 03:42:57] D2BS 5964: ÿc8!!! [POTION] !!!
[10/05/26 03:43:48] D2BS 5964: act3 BO
[10/05/26 03:44:31] D2BS 5964: ÿc4=== [MEPHISTO] ===
[10/05/26 03:44:51] D2BS 5964: Config.LifeChicken: 0
[10/05/26 03:44:56] D2BS 5964: Config.LifeChicken: 35
[10/05/26 03:45:32] D2BS 5964: ÿc4=== [IZUAL] ===
[10/05/26 03:47:19] D2BS 5964: Config.LifeChicken: 0
[10/05/26 03:47:30] D2BS 5964: Config.LifeChicken: 35
[10/05/26 03:47:41] D2BS 5964: ÿc4=== [DIABLO] ===
[10/05/26 03:53:07] D2BS 5964: party has left: fowo-xh
[10/05/26 03:53:07] D2BS 5964:  [11:34] +34.48% / [Level 73] 42.52%
[10/05/26 03:53:07] D2BS 5964: Script threads\autobuildthread.js ended
[10/05/26 03:53:07] D2BS 5964: Script threads\partythread.js ended
[10/05/26 03:53:07] D2BS 5964: Script threads\townchicken.js ended
[10/05/26 03:53:07] D2BS 5964: Script default.dbj ended
[10/05/26 03:53:19] D2BS 5964: joining game pz-73
[10/05/26 03:53:21] D2BS 5964: ÿc2D2BSÿc0 :: Starting default.dbj
[10/05/26 03:53:21] D2BS 5964: ÿc2D2BSÿc0 :: default.dbj running.
[10/05/26 03:53:21] D2BS 5964: Loaded ÿc9[X.nip] [Y.nip] [Z.nip] [V.nip] [A.TRAP.nip]
[10/05/26 03:53:21] D2BS 5964: Loaded ÿc9[A.TRAP.js]
[10/05/26 03:53:21] D2BS 5964: equipped: [Head] 15
[10/05/26 03:53:21] D2BS 5964: equipped: [Neck] 14
[10/05/26 03:53:21] D2BS 5964: equipped: [Body] 19
[10/05/26 03:53:21] D2BS 5964: equipped: [ArmR] 12
[10/05/26 03:53:21] D2BS 5964: equipped: [ArmL] 26
[10/05/26 03:53:21] D2BS 5964: equipped: [RingR] 11
[10/05/26 03:53:21] D2BS 5964: equipped: [RingL] 11
[10/05/26 03:53:21] D2BS 5964: equipped: [Belt] 16
[10/05/26 03:53:21] D2BS 5964: equipped: [Boots] 11
[10/05/26 03:53:21] D2BS 5964: equipped: [Mitts] 1
[10/05/26 03:53:21] D2BS 5964: Loaded ÿc9[AutoSmurf.js]
[10/05/26 03:53:24] D2BS 5964: MiniShopBot: true
[10/05/26 03:53:24] D2BS 5964: farmingON
[10/05/26 03:53:24] D2BS 5964: UseMerc: true HP: 70
[10/05/26 03:53:37] D2BS 5964: Revive needed
[10/05/26 03:53:52] D2BS 5964: Token needed
[10/05/26 03:53:55] D2BS 5964: act4+ WP
[10/05/26 03:54:04] D2BS 5964: act4+ BO
[10/05/26 03:54:15] D2BS 5964: ÿc4=== [DIABLO] ===
[10/05/26 03:54:35] D2BS 5964: party has left: fowo-xa
[10/05/26 03:54:35] D2BS 5964: no exp [01:15]
[10/05/26 03:54:35] D2BS 5964: Script threads\autobuildthread.js ended
[10/05/26 03:54:35] D2BS 5964: Script threads\partythread.js ended
[10/05/26 03:54:35] D2BS 5964: Script threads\townchicken.js ended
[10/05/26 03:54:35] D2BS 5964: Script default.dbj ended
[10/05/26 03:54:47] D2BS 5964: joining game pz-74
[10/05/26 03:54:48] D2BS 5964: ÿc2D2BSÿc0 :: Starting default.dbj
[10/05/26 03:54:48] D2BS 5964: ÿc2D2BSÿc0 :: default.dbj running.
[10/05/26 03:54:48] D2BS 5964: Loaded ÿc9[X.nip] [Y.nip] [Z.nip] [V.nip] [A.TRAP.nip]
[10/05/26 03:54:48] D2BS 5964: Loaded ÿc9[A.TRAP.js]
[10/05/26 03:54:48] D2BS 5964: equipped: [Head] 15
[10/05/26 03:54:48] D2BS 5964: equipped: [Neck] 14
[10/05/26 03:54:48] D2BS 5964: equipped: [Body] 19
[10/05/26 03:54:48] D2BS 5964: equipped: [ArmR] 12
[10/05/26 03:54:48] D2BS 5964: equipped: [ArmL] 26
[10/05/26 03:54:49] D2BS 5964: equipped: [RingR] 11
[10/05/26 03:54:49] D2BS 5964: equipped: [RingL] 11
[10/05/26 03:54:49] D2BS 5964: equipped: [Belt] 16
[10/05/26 03:54:49] D2BS 5964: equipped: [Boots] 11
[10/05/26 03:54:49] D2BS 5964: equipped: [Mitts] 1
[10/05/26 03:54:49] D2BS 5964: Loaded ÿc9[AutoSmurf.js]
[10/05/26 03:54:51] D2BS 5964: MiniShopBot: true
[10/05/26 03:54:51] D2BS 5964: farmingON
[10/05/26 03:54:51] D2BS 5964: UseMerc: true HP: 70
[10/05/26 03:55:02] D2BS 5964: Revive needed
[10/05/26 03:55:14] D2BS 5964: Token needed
[10/05/26 03:55:20] D2BS 5964: act4+ BO
[10/05/26 03:55:35] D2BS 5964: ÿc4=== [DIABLO] ===
[10/05/26 03:56:20] D2BS 5964: party has left: fowo-xd
[10/05/26 03:56:20] D2BS 5964:  [01:32] +2.82% / [Level 73] 45.34%
[10/05/26 03:56:20] D2BS 5964: Script threads\autobuildthread.js ended
[10/05/26 03:56:20] D2BS 5964: Script threads\partythread.js ended
[10/05/26 03:56:20] D2BS 5964: Script threads\townchicken.js ended
[10/05/26 03:56:21] D2BS 5964: Script default.dbj ended
[10/05/26 03:56:32] D2BS 5964: joining game pz-75
[10/05/26 03:56:34] D2BS 5964: ÿc2D2BSÿc0 :: Starting default.dbj
[10/05/26 03:56:34] D2BS 5964: ÿc2D2BSÿc0 :: default.dbj running.
[10/05/26 03:56:34] D2BS 5964: Loaded ÿc9[X.nip] [Y.nip] [Z.nip] [V.nip] [A.TRAP.nip]
[10/05/26 03:56:34] D2BS 5964: Loaded ÿc9[A.TRAP.js]
[10/05/26 03:56:34] D2BS 5964: equipped: [Head] 15
[10/05/26 03:56:34] D2BS 5964: equipped: [Neck] 14
[10/05/26 03:56:34] D2BS 5964: equipped: [Body] 19
[10/05/26 03:56:34] D2BS 5964: equipped: [ArmR] 12
[10/05/26 03:56:34] D2BS 5964: equipped: [ArmL] 26
[10/05/26 03:56:34] D2BS 5964: equipped: [RingR] 11
[10/05/26 03:56:34] D2BS 5964: equipped: [RingL] 11
[10/05/26 03:56:34] D2BS 5964: equipped: [Belt] 16
[10/05/26 03:56:34] D2BS 5964: equipped: [Boots] 11
[10/05/26 03:56:34] D2BS 5964: equipped: [Mitts] 1
[10/05/26 03:56:34] D2BS 5964: Loaded ÿc9[AutoSmurf.js]
[10/05/26 03:56:37] D2BS 5964: farmingON
[10/05/26 03:56:37] D2BS 5964: MiniShopBot: true
[10/05/26 03:56:37] D2BS 5964: UseMerc: true HP: 70
[10/05/26 03:56:49] D2BS 5964: Revive needed
[10/05/26 03:57:00] D2BS 5964: Token needed
[10/05/26 03:57:07] D2BS 5964: act4+ BO
[10/05/26 03:57:21] D2BS 5964: ÿc4=== [DIABLO] ===
[10/05/26 03:58:13] D2BS 5964: party has left: fowo-xe
[10/05/26 03:58:13] D2BS 5964:  [01:39] +7.11% / [Level 73] 52.73%
[10/05/26 03:58:13] D2BS 5964: Script threads\autobuildthread.js ended
[10/05/26 03:58:13] D2BS 5964: Script threads\partythread.js ended
[10/05/26 03:58:13] D2BS 5964: Script threads\townchicken.js ended
[10/05/26 03:58:13] D2BS 5964: Script default.dbj ended
[10/05/26 03:58:25] D2BS 5964: joining game pz-76
[10/05/26 03:58:26] D2BS 5964: ÿc2D2BSÿc0 :: Starting default.dbj
[10/05/26 03:58:26] D2BS 5964: ÿc2D2BSÿc0 :: default.dbj running.
[10/05/26 03:58:26] D2BS 5964: Loaded ÿc9[X.nip] [Y.nip] [Z.nip] [V.nip] [A.TRAP.nip]
[10/05/26 03:58:27] D2BS 5964: Loaded ÿc9[A.TRAP.js]
[10/05/26 03:58:27] D2BS 5964: equipped: [Head] 15
[10/05/26 03:58:27] D2BS 5964: equipped: [Neck] 14
[10/05/26 03:58:27] D2BS 5964: equipped: [Body] 19
[10/05/26 03:58:27] D2BS 5964: equipped: [ArmR] 12
[10/05/26 03:58:27] D2BS 5964: equipped: [ArmL] 26
[10/05/26 03:58:27] D2BS 5964: equipped: [RingR] 11
[10/05/26 03:58:27] D2BS 5964: equipped: [RingL] 11
[10/05/26 03:58:27] D2BS 5964: equipped: [Belt] 16
[10/05/26 03:58:27] D2BS 5964: equipped: [Boots] 11
[10/05/26 03:58:27] D2BS 5964: equipped: [Mitts] 1
[10/05/26 03:58:27] D2BS 5964: Loaded ÿc9[AutoSmurf.js]
[10/05/26 03:58:29] D2BS 5964: MiniShopBot: true
[10/05/26 03:58:30] D2BS 5964: farmingON
[10/05/26 03:58:30] D2BS 5964: UseMerc: true HP: 70
[10/05/26 03:58:39] D2BS 5964: Revive needed
[10/05/26 03:58:53] D2BS 5964: Token needed
[10/05/26 03:59:00] D2BS 5964: act4+ BO
[10/05/26 03:59:15] D2BS 5964: ÿc4=== [DIABLO] ===
[10/05/26 04:06:38] D2BS 5964: ÿc4=== [SHENK] ===
[10/05/26 04:06:41] D2BS 5964: party has left: fowo-xb
[10/05/26 04:06:41] D2BS 5964:  [08:15] +69.49% / [Level 74] 26.12%
[10/05/26 04:06:41] D2BS 5964: Script threads\autobuildthread.js ended
[10/05/26 04:06:41] D2BS 5964: Script threads\partythread.js ended
[10/05/26 04:06:41] D2BS 5964: Script threads\townchicken.js ended
[10/05/26 04:06:41] D2BS 5964: Script default.dbj ended
[10/05/26 04:07:02] D2BS 5964: joining game pz-77
[10/05/26 04:07:04] D2BS 5964: ÿc2D2BSÿc0 :: Starting default.dbj
[10/05/26 04:07:04] D2BS 5964: ÿc2D2BSÿc0 :: default.dbj running.
[10/05/26 04:07:04] D2BS 5964: Loaded ÿc9[X.nip] [Y.nip] [Z.nip] [V.nip] [A.TRAP.nip]
[10/05/26 04:07:04] D2BS 5964: Loaded ÿc9[A.TRAP.js]
[10/05/26 04:07:04] D2BS 5964: equipped: [Head] 15
[10/05/26 04:07:04] D2BS 5964: equipped: [Neck] 14
[10/05/26 04:07:04] D2BS 5964: equipped: [Body] 19
[10/05/26 04:07:04] D2BS 5964: equipped: [ArmR] 12
[10/05/26 04:07:04] D2BS 5964: equipped: [ArmL] 26
[10/05/26 04:07:04] D2BS 5964: equipped: [RingR] 11
[10/05/26 04:07:04] D2BS 5964: equipped: [RingL] 11
[10/05/26 04:07:04] D2BS 5964: equipped: [Belt] 16
[10/05/26 04:07:04] D2BS 5964: equipped: [Boots] 11
[10/05/26 04:07:04] D2BS 5964: equipped: [Mitts] 1
[10/05/26 04:07:04] D2BS 5964: Loaded ÿc9[AutoSmurf.js]
[10/05/26 04:07:07] D2BS 5964: MiniShopBot: true
[10/05/26 04:07:07] D2BS 5964: farmingON
[10/05/26 04:07:07] D2BS 5964: UseMerc: true HP: 70
[10/05/26 04:07:23] D2BS 5964: Revive needed
[10/05/26 04:07:37] D2BS 5964: Token needed
[10/05/26 04:07:41] D2BS 5964: act5 BO
[10/05/26 04:07:55] D2BS 5964: ÿc4=== [SHENK] ===
[10/05/26 04:10:18] D2BS 5964: Config.LifeChicken: 0
[10/05/26 04:11:25] D2BS 5964: Config.LifeChicken: 35
[10/05/26 04:11:32] D2BS 5964: ÿc4=== [ANYA] ===
[10/05/26 04:11:43] D2BS 5964: updateStat
[10/05/26 04:11:43] D2BS 5964: granted: [Head] -1
[10/05/26 04:11:43] D2BS 5964: granted: [Body] -1
[10/05/26 04:11:43] D2BS 5964: granted: [ArmR] 13
[10/05/26 04:12:12] D2BS 5964: party has left: fowo-xa
[10/05/26 04:12:12] D2BS 5964:  [05:08] +4.75% / [Level 74] 30.88%
[10/05/26 04:12:12] D2BS 5964: Script threads\autobuildthread.js ended
[10/05/26 04:12:12] D2BS 5964: Script threads\partythread.js ended
[10/05/26 04:12:12] D2BS 5964: Script threads\townchicken.js ended
[10/05/26 04:12:12] D2BS 5964: Script default.dbj ended
[10/05/26 04:12:25] D2BS 5964: joining game pz-78
[10/05/26 04:12:27] D2BS 5964: ÿc2D2BSÿc0 :: Starting default.dbj
[10/05/26 04:12:27] D2BS 5964: ÿc2D2BSÿc0 :: default.dbj running.
[10/05/26 04:12:27] D2BS 5964: Loaded ÿc9[X.nip] [Y.nip] [Z.nip] [V.nip] [A.TRAP.nip]
[10/05/26 04:12:27] D2BS 5964: Loaded ÿc9[A.TRAP.js]
[10/05/26 04:12:27] D2BS 5964: equipped: [Head] 15
[10/05/26 04:12:27] D2BS 5964: equipped: [Neck] 14
[10/05/26 04:12:27] D2BS 5964: equipped: [Body] 19
[10/05/26 04:12:27] D2BS 5964: equipped: [ArmR] 12
[10/05/26 04:12:27] D2BS 5964: equipped: [ArmL] 26
[10/05/26 04:12:27] D2BS 5964: equipped: [RingR] 11
[10/05/26 04:12:27] D2BS 5964: equipped: [RingL] 11
[10/05/26 04:12:27] D2BS 5964: equipped: [Belt] 16
[10/05/26 04:12:27] D2BS 5964: equipped: [Boots] 11
[10/05/26 04:12:27] D2BS 5964: equipped: [Mitts] 1
[10/05/26 04:12:27] D2BS 5964: updateStat
[10/05/26 04:12:27] D2BS 5964: granted: [Head] -1
[10/05/26 04:12:27] D2BS 5964: granted: [Body] -1
[10/05/26 04:12:27] D2BS 5964: granted: [ArmR] 13
[10/05/26 04:12:27] D2BS 5964: Loaded ÿc9[AutoSmurf.js]
[10/05/26 04:12:29] D2BS 5964: MiniShopBot: true
[10/05/26 04:12:29] D2BS 5964: farmingON
[10/05/26 04:12:29] D2BS 5964: UseMerc: true HP: 70
[10/05/26 04:13:58] D2BS 5964: Merc matched: Blessed Aim
[10/05/26 04:14:01] D2BS 5964: Token needed
[10/05/26 04:14:03] D2BS 5964: act5+ WP
[10/05/26 04:14:19] D2BS 5964: act5+ BO
[10/05/26 04:14:22] D2BS 5964: party has left: fowo-xd
[10/05/26 04:14:22] D2BS 5964: no exp [01:56]
[10/05/26 04:14:22] D2BS 5964: Script threads\autobuildthread.js ended
[10/05/26 04:14:23] D2BS 5964: Script threads\partythread.js ended
[10/05/26 04:14:23] D2BS 5964: Script threads\townchicken.js ended
[10/05/26 04:14:23] D2BS 5964: Script default.dbj ended
[10/05/26 04:14:37] D2BS 5964: joining game pz-79
[10/05/26 04:14:39] D2BS 5964: ÿc2D2BSÿc0 :: Starting default.dbj
[10/05/26 04:14:39] D2BS 5964: ÿc2D2BSÿc0 :: default.dbj running.
[10/05/26 04:14:39] D2BS 5964: Loaded ÿc9[X.nip] [Y.nip] [Z.nip] [V.nip] [A.TRAP.nip]
[10/05/26 04:14:39] D2BS 5964: Loaded ÿc9[A.TRAP.js]
[10/05/26 04:14:39] D2BS 5964: equipped: [Head] 15
[10/05/26 04:14:39] D2BS 5964: equipped: [Neck] 14
[10/05/26 04:14:39] D2BS 5964: equipped: [Body] 19
[10/05/26 04:14:39] D2BS 5964: equipped: [ArmR] 12
[10/05/26 04:14:39] D2BS 5964: equipped: [ArmL] 26
[10/05/26 04:14:39] D2BS 5964: equipped: [RingR] 11
[10/05/26 04:14:40] D2BS 5964: equipped: [RingL] 11
[10/05/26 04:14:40] D2BS 5964: equipped: [Belt] 16
[10/05/26 04:14:40] D2BS 5964: equipped: [Boots] 11
[10/05/26 04:14:40] D2BS 5964: equipped: [Mitts] 1
[10/05/26 04:14:40] D2BS 5964: updateStat
[10/05/26 04:14:40] D2BS 5964: granted: [Head] -1
[10/05/26 04:14:40] D2BS 5964: granted: [Body] -1
[10/05/26 04:14:40] D2BS 5964: granted: [ArmR] 13
[10/05/26 04:14:40] D2BS 5964: Loaded ÿc9[AutoSmurf.js]
[10/05/26 04:14:41] D2BS 5964: farmingON
[10/05/26 04:14:42] D2BS 5964: MiniShopBot: true
[10/05/26 04:14:42] D2BS 5964: UseMerc: true HP: 70
[10/05/26 04:14:49] D2BS 5964: equipped: [ArmR] 13
[10/05/26 04:14:51] D2BS 5964: granted: [Body] 15
[10/05/26 04:15:17] D2BS 5964: granted: [Head] 11
[10/05/26 04:15:17] D2BS 5964: Merc matched: Blessed Aim
[10/05/26 04:15:21] D2BS 5964: Token needed
[10/05/26 04:15:26] D2BS 5964: act5+ BO
[10/05/26 04:15:40] D2BS 5964: ÿc4=== [ANYA] ===
[10/05/26 04:17:16] D2BS 5964: ÿc8!!! [SCROLL] !!!
[10/05/26 04:17:34] D2BS 5964: ÿc4=== [ANCIENTS] ===
[10/05/26 04:18:27] D2BS 5964: party has left: fowo-xd
[10/05/26 04:18:27] D2BS 5964:  [03:48] +9.53% / [Level 74] 40.40%
[10/05/26 04:18:27] D2BS 5964: Script threads\autobuildthread.js ended
[10/05/26 04:18:27] D2BS 5964: Script threads\partythread.js ended
[10/05/26 04:18:28] D2BS 5964: Script threads\townchicken.js ended
[10/05/26 04:18:28] D2BS 5964: Script default.dbj ended
[10/05/26 04:18:39] D2BS 5964: joining game pz-80
[10/05/26 04:18:41] D2BS 5964: ÿc2D2BSÿc0 :: Starting default.dbj
[10/05/26 04:18:41] D2BS 5964: ÿc2D2BSÿc0 :: default.dbj running.
[10/05/26 04:18:41] D2BS 5964: Loaded ÿc9[X.nip] [Y.nip] [Z.nip] [V.nip] [A.TRAP.nip]
[10/05/26 04:18:41] D2BS 5964: Loaded ÿc9[A.TRAP.js]
[10/05/26 04:18:41] D2BS 5964: equipped: [Head] 15
[10/05/26 04:18:41] D2BS 5964: equipped: [Neck] 14
[10/05/26 04:18:41] D2BS 5964: equipped: [Body] 19
[10/05/26 04:18:41] D2BS 5964: equipped: [ArmR] 13
[10/05/26 04:18:41] D2BS 5964: equipped: [ArmL] 26
[10/05/26 04:18:41] D2BS 5964: equipped: [RingR] 11
[10/05/26 04:18:41] D2BS 5964: equipped: [RingL] 11
[10/05/26 04:18:41] D2BS 5964: equipped: [Belt] 16
[10/05/26 04:18:41] D2BS 5964: equipped: [Boots] 11
[10/05/26 04:18:41] D2BS 5964: equipped: [Mitts] 1
[10/05/26 04:18:41] D2BS 5964: updateStat
[10/05/26 04:18:41] D2BS 5964: granted: [Head] 11
[10/05/26 04:18:41] D2BS 5964: granted: [Body] 15
[10/05/26 04:18:41] D2BS 5964: granted: [ArmR] 13
[10/05/26 04:18:41] D2BS 5964: Loaded ÿc9[AutoSmurf.js]
[10/05/26 04:18:44] D2BS 5964: farmingON
[10/05/26 04:18:44] D2BS 5964: MiniShopBot: true
[10/05/26 04:18:44] D2BS 5964: UseMerc: true HP: 70
[10/05/26 04:18:58] D2BS 5964: equipped: [Belt] 19
[10/05/26 04:18:58] D2BS 5964: Merc matched: Blessed Aim
[10/05/26 04:19:11] D2BS 5964: Token needed
[10/05/26 04:19:15] D2BS 5964: act5+ BO
[10/05/26 04:19:28] D2BS 5964: ÿc4=== [ANCIENTS] ===
[10/05/26 04:20:35] D2BS 5964: Config.LifeChicken: 0
[10/05/26 04:20:49] D2BS 5964: Config.LifeChicken: 35
[10/05/26 04:21:14] D2BS 5964: ÿc4=== [BAAL] ===
[10/05/26 04:25:17] D2BS 5964: Config.LifeChicken: 0
[10/05/26 04:25:26] D2BS 5964: Config.LifeChicken: 35
[10/05/26 04:25:34] D2BS 5964: ÿc4=== [COUNTESS] ===
[10/05/26 04:26:53] D2BS 5964: ÿc4=== [PIT] ===
[10/05/26 04:28:51] D2BS 5964: ÿc4=== [ANDY] ===
[10/05/26 04:30:01] D2BS 5964: ÿc4=== [MEPHISTO] ===
[10/05/26 04:31:19] D2BS 5964: ÿc4=== [DIABLO] ===
[10/05/26 04:34:42] D2BS 5964: party has left: fowo-xd
[10/05/26 04:34:42] D2BS 5964:  [16:02] +188.46% / [Level 76] 46.55%
[10/05/26 04:34:42] D2BS 5964: Script threads\autobuildthread.js ended
[10/05/26 04:34:43] D2BS 5964: Script threads\partythread.js ended
[10/05/26 04:34:43] D2BS 5964: Script threads\townchicken.js ended
[10/05/26 04:34:43] D2BS 5964: Script default.dbj ended
[10/05/26 04:39:42] D2BS 5964: joining game pz-81
[10/05/26 04:39:44] D2BS 5964: ÿc2D2BSÿc0 :: Starting default.dbj
[10/05/26 04:39:44] D2BS 5964: ÿc2D2BSÿc0 :: default.dbj running.
[10/05/26 04:39:44] D2BS 5964: Loaded ÿc9[X.nip] [Y.nip] [Z.nip] [V.nip] [A.TRAP.nip]
[10/05/26 04:39:44] D2BS 5964: Loaded ÿc9[A.TRAP.js]
[10/05/26 04:39:44] D2BS 5964: equipped: [Head] 15
[10/05/26 04:39:45] D2BS 5964: equipped: [Neck] 14
[10/05/26 04:39:45] D2BS 5964: equipped: [Body] 19
[10/05/26 04:39:45] D2BS 5964: equipped: [ArmR] 13
[10/05/26 04:39:45] D2BS 5964: equipped: [ArmL] 26
[10/05/26 04:39:45] D2BS 5964: equipped: [RingR] 11
[10/05/26 04:39:45] D2BS 5964: equipped: [RingL] 11
[10/05/26 04:39:45] D2BS 5964: equipped: [Belt] 19
[10/05/26 04:39:45] D2BS 5964: equipped: [Boots] 11
[10/05/26 04:39:45] D2BS 5964: equipped: [Mitts] 1
[10/05/26 04:39:45] D2BS 5964: Loaded ÿc9[AutoSmurf.js]
[10/05/26 04:39:50] D2BS 5964: MiniShopBot: true
[10/05/26 04:39:50] D2BS 5964: farmingON
[10/05/26 04:39:50] D2BS 5964: UseMerc: true HP: 70
[10/05/26 04:40:15] D2BS 5964: Revive needed
[10/05/26 04:40:22] D2BS 5964: Token needed
[10/05/26 04:40:27] D2BS 5964: act5+ BO
[10/05/26 04:40:40] D2BS 5964: ÿc4=== [BAAL] ===
[10/05/26 04:40:54] D2BS 5964: party has left: fowo-xa
[10/05/26 04:40:54] D2BS 5964: no exp [01:11]
[10/05/26 04:40:55] D2BS 5964: Script threads\autobuildthread.js ended
[10/05/26 04:40:55] D2BS 5964: Script threads\partythread.js ended
[10/05/26 04:40:55] D2BS 5964: Script threads\townchicken.js ended
[10/05/26 04:40:55] D2BS 5964: Script default.dbj ended
[10/05/26 04:41:06] D2BS 5964: joining game pz-82
[10/05/26 04:41:08] D2BS 5964: ÿc2D2BSÿc0 :: Starting default.dbj
[10/05/26 04:41:08] D2BS 5964: ÿc2D2BSÿc0 :: default.dbj running.
[10/05/26 04:41:08] D2BS 5964: Loaded ÿc9[X.nip] [Y.nip] [Z.nip] [V.nip] [A.TRAP.nip]
[10/05/26 04:41:08] D2BS 5964: Loaded ÿc9[A.TRAP.js]
[10/05/26 04:41:08] D2BS 5964: equipped: [Head] 15
[10/05/26 04:41:08] D2BS 5964: equipped: [Neck] 14
[10/05/26 04:41:08] D2BS 5964: equipped: [Body] 19
[10/05/26 04:41:08] D2BS 5964: equipped: [ArmR] 13
[10/05/26 04:41:08] D2BS 5964: equipped: [ArmL] 26
[10/05/26 04:41:08] D2BS 5964: equipped: [RingR] 11
[10/05/26 04:41:08] D2BS 5964: equipped: [RingL] 11
[10/05/26 04:41:08] D2BS 5964: equipped: [Belt] 19
[10/05/26 04:41:08] D2BS 5964: equipped: [Boots] 11
[10/05/26 04:41:08] D2BS 5964: equipped: [Mitts] 1
[10/05/26 04:41:08] D2BS 5964: Loaded ÿc9[AutoSmurf.js]
[10/05/26 04:41:10] D2BS 5964: MiniShopBot: true
[10/05/26 04:41:10] D2BS 5964: farmingON
[10/05/26 04:41:10] D2BS 5964: UseMerc: true HP: 70
[10/05/26 04:41:27] D2BS 5964: Revive needed
[10/05/26 04:41:35] D2BS 5964: Token needed
[10/05/26 04:41:38] D2BS 5964: act5+ BO
[10/05/26 04:41:51] D2BS 5964: ÿc4=== [BAAL] ===
[10/05/26 04:45:48] D2BS 5964: ÿc4=== [COUNTESS] ===
[10/05/26 04:46:57] D2BS 5964: ÿc4=== [PIT] ===
[10/05/26 04:48:52] D2BS 5964: ÿc4=== [ANDY] ===
[10/05/26 04:49:52] D2BS 5964: ÿc4=== [MEPHISTO] ===
[10/05/26 04:51:24] D2BS 5964: ÿc4=== [DIABLO] ===
[10/05/26 04:56:58] D2BS 5964: party has left: fowo-xf
[10/05/26 04:56:58] D2BS 5964:  [15:50] +96.34% / [Level 77] 47.44%
[10/05/26 04:56:58] D2BS 5964: Script threads\autobuildthread.js ended
[10/05/26 04:56:58] D2BS 5964: Script threads\partythread.js ended
[10/05/26 04:56:58] D2BS 5964: Script threads\townchicken.js ended
[10/05/26 04:56:58] D2BS 5964: Script default.dbj ended
[10/05/26 04:57:11] D2BS 5964: joining game pz-83
[10/05/26 04:57:12] D2BS 5964: ÿc2D2BSÿc0 :: Starting default.dbj
[10/05/26 04:57:12] D2BS 5964: ÿc2D2BSÿc0 :: default.dbj running.
[10/05/26 04:57:12] D2BS 5964: Loaded ÿc9[X.nip] [Y.nip] [Z.nip] [V.nip] [A.TRAP.nip]
[10/05/26 04:57:12] D2BS 5964: Loaded ÿc9[A.TRAP.js]
[10/05/26 04:57:12] D2BS 5964: equipped: [Head] 15
[10/05/26 04:57:12] D2BS 5964: equipped: [Neck] 14
[10/05/26 04:57:12] D2BS 5964: equipped: [Body] 19
[10/05/26 04:57:13] D2BS 5964: equipped: [ArmR] 13
[10/05/26 04:57:13] D2BS 5964: equipped: [ArmL] 26
[10/05/26 04:57:13] D2BS 5964: equipped: [RingR] 11
[10/05/26 04:57:13] D2BS 5964: equipped: [RingL] 11
[10/05/26 04:57:13] D2BS 5964: equipped: [Belt] 19
[10/05/26 04:57:13] D2BS 5964: equipped: [Boots] 11
[10/05/26 04:57:13] D2BS 5964: equipped: [Mitts] 1
[10/05/26 04:57:13] D2BS 5964: Loaded ÿc9[AutoSmurf.js]
[10/05/26 04:57:18] D2BS 5964: farmingON
[10/05/26 04:57:20] D2BS 5964: MiniShopBot: true
[10/05/26 04:57:20] D2BS 5964: UseMerc: true HP: 70
[10/05/26 04:57:38] D2BS 5964: Revive needed
[10/05/26 04:57:48] D2BS 5964: Token needed
[10/05/26 04:57:52] D2BS 5964: act5+ BO
[10/05/26 04:58:05] D2BS 5964: ÿc4=== [BAAL] ===
[10/05/26 05:01:37] D2BS 5964: ÿc4=== [COUNTESS] ===
[10/05/26 05:03:10] D2BS 5964: ÿc4=== [PIT] ===
[10/05/26 05:05:14] D2BS 5964: ÿc4=== [ANDY] ===
[10/05/26 05:06:18] D2BS 5964: ÿc4=== [MEPHISTO] ===
[10/05/26 05:07:43] D2BS 5964: ÿc4=== [DIABLO] ===
[10/05/26 05:12:31] D2BS 5964: party has left: fowo-xe
[10/05/26 05:12:31] D2BS 5964:  [15:20] +74.90% / [Level 78] 26.68%
[10/05/26 05:12:31] D2BS 5964: Script threads\autobuildthread.js ended
[10/05/26 05:12:32] D2BS 5964: Script threads\partythread.js ended
[10/05/26 05:12:32] D2BS 5964: Script threads\townchicken.js ended
[10/05/26 05:12:32] D2BS 5964: Script default.dbj ended
[10/05/26 05:12:45] D2BS 5964: joining game pz-84
[10/05/26 05:12:47] D2BS 5964: ÿc2D2BSÿc0 :: Starting default.dbj
[10/05/26 05:12:47] D2BS 5964: ÿc2D2BSÿc0 :: default.dbj running.
[10/05/26 05:12:47] D2BS 5964: Loaded ÿc9[X.nip] [Y.nip] [Z.nip] [V.nip] [A.TRAP.nip]
[10/05/26 05:12:47] D2BS 5964: Loaded ÿc9[A.TRAP.js]
[10/05/26 05:12:47] D2BS 5964: equipped: [Head] 15
[10/05/26 05:12:47] D2BS 5964: equipped: [Neck] 14
[10/05/26 05:12:47] D2BS 5964: equipped: [Body] 19
[10/05/26 05:12:47] D2BS 5964: equipped: [ArmR] 13
[10/05/26 05:12:47] D2BS 5964: equipped: [ArmL] 26
[10/05/26 05:12:47] D2BS 5964: equipped: [RingR] 11
[10/05/26 05:12:47] D2BS 5964: equipped: [RingL] 11
[10/05/26 05:12:47] D2BS 5964: equipped: [Belt] 19
[10/05/26 05:12:47] D2BS 5964: equipped: [Boots] 11
[10/05/26 05:12:47] D2BS 5964: equipped: [Mitts] 1
[10/05/26 05:12:47] D2BS 5964: Loaded ÿc9[AutoSmurf.js]
[10/05/26 05:12:51] D2BS 5964: farmingON
[10/05/26 05:12:54] D2BS 5964: MiniShopBot: true
[10/05/26 05:12:54] D2BS 5964: UseMerc: true HP: 70
[10/05/26 05:13:11] D2BS 5964: Revive needed
[10/05/26 05:13:24] D2BS 5964: Token needed
[10/05/26 05:13:27] D2BS 5964: act5+ BO
[10/05/26 05:13:42] D2BS 5964: ÿc4=== [BAAL] ===
[10/05/26 05:17:16] D2BS 5964: ÿc4=== [COUNTESS] ===
[10/05/26 05:18:34] D2BS 5964: ÿc4=== [PIT] ===
[10/05/26 05:20:23] D2BS 5964: ÿc4=== [ANDY] ===
[10/05/26 05:21:18] D2BS 5964: ÿc4=== [MEPHISTO] ===
[10/05/26 05:23:00] D2BS 5964: ÿc4=== [DIABLO] ===
[10/05/26 05:25:01] D2BS 5964: party has left: fowo-xe
[10/05/26 05:25:01] D2BS 5964:  [12:14] +67.34% / [Level 79] 0.07%
[10/05/26 05:25:01] D2BS 5964: Script threads\autobuildthread.js ended
[10/05/26 05:25:01] D2BS 5964: Script threads\partythread.js ended
[10/05/26 05:25:01] D2BS 5964: Script threads\townchicken.js ended
[10/05/26 05:25:01] D2BS 5964: Script default.dbj ended
[10/05/26 05:25:12] D2BS 5964: joining game pz-85
[10/05/26 05:25:14] D2BS 5964: ÿc2D2BSÿc0 :: Starting default.dbj
[10/05/26 05:25:14] D2BS 5964: ÿc2D2BSÿc0 :: default.dbj running.
[10/05/26 05:25:14] D2BS 5964: Loaded ÿc9[X.nip] [Y.nip] [Z.nip] [V.nip] [A.TRAP.nip]
[10/05/26 05:25:14] D2BS 5964: Loaded ÿc9[A.TRAP.js]
[10/05/26 05:25:14] D2BS 5964: equipped: [Head] 15
[10/05/26 05:25:14] D2BS 5964: equipped: [Neck] 14
[10/05/26 05:25:14] D2BS 5964: equipped: [Body] 19
[10/05/26 05:25:14] D2BS 5964: equipped: [ArmR] 13
[10/05/26 05:25:14] D2BS 5964: equipped: [ArmL] 26
[10/05/26 05:25:14] D2BS 5964: equipped: [RingR] 11
[10/05/26 05:25:14] D2BS 5964: equipped: [RingL] 11
[10/05/26 05:25:14] D2BS 5964: equipped: [Belt] 19
[10/05/26 05:25:14] D2BS 5964: equipped: [Boots] 11
[10/05/26 05:25:14] D2BS 5964: equipped: [Mitts] 1
[10/05/26 05:25:14] D2BS 5964: Loaded ÿc9[AutoSmurf.js]
[10/05/26 05:25:19] D2BS 5964: farmingON
[10/05/26 05:25:21] D2BS 5964: MiniShopBot: true
[10/05/26 05:25:21] D2BS 5964: UseMerc: true HP: 70
[10/05/26 05:25:43] D2BS 5964: Revive needed
[10/05/26 05:25:49] D2BS 5964: Token needed
[10/05/26 05:25:54] D2BS 5964: act5+ BO
[10/05/26 05:28:01] D2BS 5964: party has left: fowo-xe
[10/05/26 05:28:01] D2BS 5964: no exp [02:47]
[10/05/26 05:28:01] D2BS 5964: Script threads\autobuildthread.js ended
[10/05/26 05:28:01] D2BS 5964: Script threads\partythread.js ended
[10/05/26 05:28:01] D2BS 5964: Script threads\townchicken.js ended
[10/05/26 05:28:01] D2BS 5964: Script default.dbj ended
[10/05/26 05:28:12] D2BS 5964: joining game pz-86
[10/05/26 05:28:14] D2BS 5964: ÿc2D2BSÿc0 :: Starting default.dbj
[10/05/26 05:28:14] D2BS 5964: ÿc2D2BSÿc0 :: default.dbj running.
[10/05/26 05:28:14] D2BS 5964: Loaded ÿc9[X.nip] [Y.nip] [Z.nip] [V.nip] [A.TRAP.nip]
[10/05/26 05:28:14] D2BS 5964: Loaded ÿc9[A.TRAP.js]
[10/05/26 05:28:14] D2BS 5964: equipped: [Head] 15
[10/05/26 05:28:14] D2BS 5964: equipped: [Neck] 14
[10/05/26 05:28:14] D2BS 5964: equipped: [Body] 19
[10/05/26 05:28:14] D2BS 5964: equipped: [ArmR] 13
[10/05/26 05:28:14] D2BS 5964: equipped: [ArmL] 26
[10/05/26 05:28:14] D2BS 5964: equipped: [RingR] 11
[10/05/26 05:28:14] D2BS 5964: equipped: [RingL] 11
[10/05/26 05:28:14] D2BS 5964: equipped: [Belt] 19
[10/05/26 05:28:14] D2BS 5964: equipped: [Boots] 11
[10/05/26 05:28:14] D2BS 5964: equipped: [Mitts] 1
[10/05/26 05:28:15] D2BS 5964: Loaded ÿc9[AutoSmurf.js]
[10/05/26 05:28:16] D2BS 5964: farmingON
[10/05/26 05:28:16] D2BS 5964: MiniShopBot: true
[10/05/26 05:28:16] D2BS 5964: UseMerc: true HP: 70
[10/05/26 05:28:35] D2BS 5964: Revive needed
[10/05/26 05:28:41] D2BS 5964: Token needed
[10/05/26 05:28:46] D2BS 5964: act5+ BO
[10/05/26 05:28:59] D2BS 5964: ÿc4=== [BAAL] ===
[10/05/26 05:29:15] D2BS 5964: Baal failed: souls found
[10/05/26 05:29:15] D2BS 5964: ÿc4=== [COUNTESS] ===
[10/05/26 05:30:51] D2BS 5964: ÿc4=== [PIT] ===
[10/05/26 05:32:40] D2BS 5964: ÿc4=== [ANDY] ===
[10/05/26 05:33:44] D2BS 5964: ÿc4=== [MEPHISTO] ===
[10/05/26 05:35:22] D2BS 5964: ÿc4=== [DIABLO] ===
[10/05/26 05:41:13] D2BS 5964: party has left: fowo-xh
[10/05/26 05:41:14] D2BS 5964:  [13:00] +41.80% / [Level 79] 41.87%
[10/05/26 05:41:14] D2BS 5964: Script threads\autobuildthread.js ended
[10/05/26 05:41:14] D2BS 5964: Script threads\partythread.js ended
[10/05/26 05:41:14] D2BS 5964: Script threads\townchicken.js ended
[10/05/26 05:41:14] D2BS 5964: Script default.dbj ended
[10/05/26 05:41:26] D2BS 5964: joining game pz-87
[10/05/26 05:41:27] D2BS 5964: ÿc2D2BSÿc0 :: Starting default.dbj
[10/05/26 05:41:27] D2BS 5964: ÿc2D2BSÿc0 :: default.dbj running.
[10/05/26 05:41:27] D2BS 5964: Loaded ÿc9[X.nip] [Y.nip] [Z.nip] [V.nip] [A.TRAP.nip]
[10/05/26 05:41:27] D2BS 5964: Loaded ÿc9[A.TRAP.js]
[10/05/26 05:41:27] D2BS 5964: equipped: [Head] 15
[10/05/26 05:41:27] D2BS 5964: equipped: [Neck] 14
[10/05/26 05:41:27] D2BS 5964: equipped: [Body] 19
[10/05/26 05:41:27] D2BS 5964: equipped: [ArmR] 13
[10/05/26 05:41:27] D2BS 5964: equipped: [ArmL] 26
[10/05/26 05:41:27] D2BS 5964: equipped: [RingR] 11
[10/05/26 05:41:27] D2BS 5964: equipped: [RingL] 11
[10/05/26 05:41:27] D2BS 5964: equipped: [Belt] 19
[10/05/26 05:41:27] D2BS 5964: equipped: [Boots] 11
[10/05/26 05:41:27] D2BS 5964: equipped: [Mitts] 1
[10/05/26 05:41:29] D2BS 5964: Loaded ÿc9[AutoSmurf.js]
[10/05/26 05:41:33] D2BS 5964: farmingON
[10/05/26 05:41:33] D2BS 5964: MiniShopBot: true
[10/05/26 05:41:33] D2BS 5964: UseMerc: true HP: 70
[10/05/26 05:41:53] D2BS 5964: equipped: [Neck] 15
[10/05/26 05:41:57] D2BS 5964: Revive needed
[10/05/26 05:42:06] D2BS 5964: Token needed
[10/05/26 05:42:11] D2BS 5964: act5+ BO
[10/05/26 05:42:25] D2BS 5964: ÿc4=== [BAAL] ===
[10/05/26 05:46:23] D2BS 5964: ÿc4=== [COUNTESS] ===
[10/05/26 05:47:42] D2BS 5964: party has left: fowo-xe
[10/05/26 05:47:42] D2BS 5964:  [06:15] +42.36% / [Level 79] 84.23%
[10/05/26 05:47:42] D2BS 5964: Script threads\autobuildthread.js ended
[10/05/26 05:47:42] D2BS 5964: Script threads\partythread.js ended
[10/05/26 05:47:42] D2BS 5964: Script threads\townchicken.js ended
[10/05/26 05:47:42] D2BS 5964: Script default.dbj ended
[10/05/26 05:47:55] D2BS 5964: joining game pz-88
[10/05/26 05:47:57] D2BS 5964: ÿc2D2BSÿc0 :: Starting default.dbj
[10/05/26 05:47:57] D2BS 5964: ÿc2D2BSÿc0 :: default.dbj running.
[10/05/26 05:47:57] D2BS 5964: Loaded ÿc9[X.nip] [Y.nip] [Z.nip] [V.nip] [A.TRAP.nip]
[10/05/26 05:47:57] D2BS 5964: Loaded ÿc9[A.TRAP.js]
[10/05/26 05:47:57] D2BS 5964: equipped: [Head] 15
[10/05/26 05:47:57] D2BS 5964: equipped: [Neck] 15
[10/05/26 05:47:57] D2BS 5964: equipped: [Body] 19
[10/05/26 05:47:57] D2BS 5964: equipped: [ArmR] 13
[10/05/26 05:47:57] D2BS 5964: equipped: [ArmL] 26
[10/05/26 05:47:57] D2BS 5964: equipped: [RingR] 11
[10/05/26 05:47:57] D2BS 5964: equipped: [RingL] 11
[10/05/26 05:47:57] D2BS 5964: equipped: [Belt] 19
[10/05/26 05:47:57] D2BS 5964: equipped: [Boots] 11
[10/05/26 05:47:57] D2BS 5964: equipped: [Mitts] 1
[10/05/26 05:47:57] D2BS 5964: Loaded ÿc9[AutoSmurf.js]
[10/05/26 05:48:03] D2BS 5964: farmingON
[10/05/26 05:48:05] D2BS 5964: MiniShopBot: true
[10/05/26 05:48:05] D2BS 5964: UseMerc: true HP: 70
[10/05/26 05:48:23] D2BS 5964: Revive needed
[10/05/26 05:48:38] D2BS 5964: Token needed
[10/05/26 05:48:43] D2BS 5964: act5+ BO
[10/05/26 05:48:57] D2BS 5964: ÿc4=== [BAAL] ===
[10/05/26 05:52:47] D2BS 5964: ÿc4=== [COUNTESS] ===
[10/05/26 05:54:21] D2BS 5964: ÿc4=== [PIT] ===
[10/05/26 05:56:15] D2BS 5964: ÿc4=== [ANDY] ===
[10/05/26 05:57:16] D2BS 5964: ÿc4=== [MEPHISTO] ===
[10/05/26 05:58:59] D2BS 5964: ÿc4=== [DIABLO] ===
[10/05/26 06:03:57] D2BS 5964: party has left: fowo-xe
[10/05/26 06:03:57] D2BS 5964:  [16:00] +62.72% / [Level 80] 48.24%
[10/05/26 06:03:57] D2BS 5964: Script threads\autobuildthread.js ended
[10/05/26 06:03:57] D2BS 5964: Script threads\partythread.js ended
[10/05/26 06:03:57] D2BS 5964: Script threads\townchicken.js ended
[10/05/26 06:03:57] D2BS 5964: Script default.dbj ended
[10/05/26 06:04:10] D2BS 5964: joining game pz-89
[10/05/26 06:04:13] D2BS 5964: ÿc2D2BSÿc0 :: Starting default.dbj
[10/05/26 06:04:13] D2BS 5964: ÿc2D2BSÿc0 :: default.dbj running.
[10/05/26 06:04:13] D2BS 5964: Loaded ÿc9[X.nip] [Y.nip] [Z.nip] [V.nip] [A.TRAP.nip]
[10/05/26 06:04:13] D2BS 5964: Loaded ÿc9[A.TRAP.js]
[10/05/26 06:04:13] D2BS 5964: equipped: [Head] 15
[10/05/26 06:04:13] D2BS 5964: equipped: [Neck] 15
[10/05/26 06:04:13] D2BS 5964: equipped: [Body] 19
[10/05/26 06:04:13] D2BS 5964: equipped: [ArmR] 13
[10/05/26 06:04:13] D2BS 5964: equipped: [ArmL] 26
[10/05/26 06:04:13] D2BS 5964: equipped: [RingR] 11
[10/05/26 06:04:13] D2BS 5964: equipped: [RingL] 11
[10/05/26 06:04:13] D2BS 5964: equipped: [Belt] 19
[10/05/26 06:04:13] D2BS 5964: equipped: [Boots] 11
[10/05/26 06:04:13] D2BS 5964: equipped: [Mitts] 1
[10/05/26 06:04:13] D2BS 5964: Loaded ÿc9[AutoSmurf.js]
[10/05/26 06:04:18] D2BS 5964: farmingON
[10/05/26 06:04:19] D2BS 5964: MiniShopBot: true
[10/05/26 06:04:19] D2BS 5964: UseMerc: true HP: 70
[10/05/26 06:04:39] D2BS 5964: Revive needed
[10/05/26 06:04:50] D2BS 5964: Token needed
[10/05/26 06:04:53] D2BS 5964: act5+ BO
[10/05/26 06:05:06] D2BS 5964: ÿc4=== [BAAL] ===
[10/05/26 06:09:14] D2BS 5964: ÿc4=== [COUNTESS] ===
[10/05/26 06:10:30] D2BS 5964: ÿc4=== [PIT] ===
[10/05/26 06:11:13] D2BS 5964: party has left: fowo-xe
[10/05/26 06:11:13] D2BS 5964:  [07:00] +33.14% / [Level 80] 81.84%
[10/05/26 06:11:13] D2BS 5964: Script threads\autobuildthread.js ended
[10/05/26 06:11:13] D2BS 5964: Script threads\partythread.js ended
[10/05/26 06:11:13] D2BS 5964: Script threads\townchicken.js ended
[10/05/26 06:11:13] D2BS 5964: Script default.dbj ended
[10/05/26 06:11:27] D2BS 5964: joining game pz-90
[10/05/26 06:11:29] D2BS 5964: ÿc2D2BSÿc0 :: Starting default.dbj
[10/05/26 06:11:29] D2BS 5964: ÿc2D2BSÿc0 :: default.dbj running.
[10/05/26 06:11:29] D2BS 5964: Loaded ÿc9[X.nip] [Y.nip] [Z.nip] [V.nip] [A.TRAP.nip]
[10/05/26 06:11:29] D2BS 5964: Loaded ÿc9[A.TRAP.js]
[10/05/26 06:11:29] D2BS 5964: equipped: [Head] 15
[10/05/26 06:11:29] D2BS 5964: equipped: [Neck] 15
[10/05/26 06:11:29] D2BS 5964: equipped: [Body] 19
[10/05/26 06:11:29] D2BS 5964: equipped: [ArmR] 13
[10/05/26 06:11:29] D2BS 5964: equipped: [ArmL] 26
[10/05/26 06:11:29] D2BS 5964: equipped: [RingR] 11
[10/05/26 06:11:29] D2BS 5964: equipped: [RingL] 11
[10/05/26 06:11:29] D2BS 5964: equipped: [Belt] 19
[10/05/26 06:11:29] D2BS 5964: equipped: [Boots] 11
[10/05/26 06:11:29] D2BS 5964: equipped: [Mitts] 1
[10/05/26 06:11:29] D2BS 5964: Loaded ÿc9[AutoSmurf.js]
[10/05/26 06:11:35] D2BS 5964: farmingON
[10/05/26 06:11:37] D2BS 5964: MiniShopBot: true
[10/05/26 06:11:37] D2BS 5964: UseMerc: true HP: 70
[10/05/26 06:11:56] D2BS 5964: Revive needed
[10/05/26 06:12:02] D2BS 5964: Token needed
[10/05/26 06:12:05] D2BS 5964: act5+ BO
[10/05/26 06:12:19] D2BS 5964: ÿc4=== [BAAL] ===
[10/05/26 06:17:55] D2BS 5964: ÿc4=== [COUNTESS] ===
[10/05/26 06:19:21] D2BS 5964: party has left: fowo-xe
[10/05/26 06:19:21] D2BS 5964:  [07:53] +39.60% / [Level 81] 22.95%
[10/05/26 06:19:21] D2BS 5964: Script threads\autobuildthread.js ended
[10/05/26 06:19:21] D2BS 5964: Script threads\partythread.js ended
[10/05/26 06:19:21] D2BS 5964: Script threads\townchicken.js ended
[10/05/26 06:19:21] D2BS 5964: Script default.dbj ended
[10/05/26 06:19:33] D2BS 5964: joining game pz-91
[10/05/26 06:19:34] D2BS 5964: ÿc2D2BSÿc0 :: Starting default.dbj
[10/05/26 06:19:34] D2BS 5964: ÿc2D2BSÿc0 :: default.dbj running.
[10/05/26 06:19:35] D2BS 5964: Loaded ÿc9[X.nip] [Y.nip] [Z.nip] [V.nip] [A.TRAP.nip]
[10/05/26 06:19:35] D2BS 5964: Loaded ÿc9[A.TRAP.js]
[10/05/26 06:19:35] D2BS 5964: equipped: [Head] 15
[10/05/26 06:19:35] D2BS 5964: equipped: [Neck] 15
[10/05/26 06:19:35] D2BS 5964: equipped: [Body] 19
[10/05/26 06:19:35] D2BS 5964: equipped: [ArmR] 13
[10/05/26 06:19:35] D2BS 5964: equipped: [ArmL] 26
[10/05/26 06:19:35] D2BS 5964: equipped: [RingR] 11
[10/05/26 06:19:35] D2BS 5964: equipped: [RingL] 11
[10/05/26 06:19:35] D2BS 5964: equipped: [Belt] 19
[10/05/26 06:19:35] D2BS 5964: equipped: [Boots] 11
[10/05/26 06:19:35] D2BS 5964: equipped: [Mitts] 1
[10/05/26 06:19:35] D2BS 5964: Loaded ÿc9[AutoSmurf.js]
[10/05/26 06:19:41] D2BS 5964: farmingON
[10/05/26 06:19:42] D2BS 5964: MiniShopBot: true
[10/05/26 06:19:42] D2BS 5964: UseMerc: true HP: 70
[10/05/26 06:20:05] D2BS 5964: Revive needed
[10/05/26 06:20:11] D2BS 5964: Token needed
[10/05/26 06:20:15] D2BS 5964: act5+ BO
[10/05/26 06:20:37] D2BS 5964: ÿc4=== [BAAL] ===
[10/05/26 06:23:23] D2BS 5964: party has left: fowo-xe
[10/05/26 06:23:23] D2BS 5964:  [03:49] +22.82% / [Level 81] 45.76%
[10/05/26 06:23:23] D2BS 5964: Script threads\autobuildthread.js ended
[10/05/26 06:23:23] D2BS 5964: Script threads\partythread.js ended
[10/05/26 06:23:24] D2BS 5964: Script threads\townchicken.js ended
[10/05/26 06:23:24] D2BS 5964: Script default.dbj ended
[10/05/26 06:23:45] D2BS 5964: joining game pz-92
[10/05/26 06:23:47] D2BS 5964: ÿc2D2BSÿc0 :: Starting default.dbj
[10/05/26 06:23:47] D2BS 5964: ÿc2D2BSÿc0 :: default.dbj running.
[10/05/26 06:23:47] D2BS 5964: Loaded ÿc9[X.nip] [Y.nip] [Z.nip] [V.nip] [A.TRAP.nip]
[10/05/26 06:23:47] D2BS 5964: Loaded ÿc9[A.TRAP.js]
[10/05/26 06:23:47] D2BS 5964: equipped: [Head] 15
[10/05/26 06:23:47] D2BS 5964: equipped: [Neck] 15
[10/05/26 06:23:47] D2BS 5964: equipped: [Body] 19
[10/05/26 06:23:47] D2BS 5964: equipped: [ArmR] 13
[10/05/26 06:23:47] D2BS 5964: equipped: [ArmL] 26
[10/05/26 06:23:47] D2BS 5964: equipped: [RingR] 11
[10/05/26 06:23:47] D2BS 5964: equipped: [RingL] 11
[10/05/26 06:23:47] D2BS 5964: equipped: [Belt] 19
[10/05/26 06:23:47] D2BS 5964: equipped: [Boots] 11
[10/05/26 06:23:47] D2BS 5964: equipped: [Mitts] 1
[10/05/26 06:23:48] D2BS 5964: Loaded ÿc9[AutoSmurf.js]
[10/05/26 06:23:49] D2BS 5964: MiniShopBot: true
[10/05/26 06:23:50] D2BS 5964: farmingON
[10/05/26 06:23:50] D2BS 5964: UseMerc: true HP: 70
[10/05/26 06:24:06] D2BS 5964: Revive needed
[10/05/26 06:24:17] D2BS 5964: Token needed
[10/05/26 06:24:22] D2BS 5964: act5+ BO
[10/05/26 06:24:35] D2BS 5964: ÿc4=== [BAAL] ===
[10/05/26 06:28:48] D2BS 5964: party has left: fowo-xd
[10/05/26 06:28:48] D2BS 5964:  [05:01] +29.53% / [Level 81] 75.29%
[10/05/26 06:28:48] D2BS 5964: Script threads\autobuildthread.js ended
[10/05/26 06:28:48] D2BS 5964: Script threads\partythread.js ended
[10/05/26 06:28:48] D2BS 5964: Script threads\townchicken.js ended
[10/05/26 06:28:48] D2BS 5964: Script default.dbj ended
[10/05/26 06:29:00] D2BS 5964: joining game pz-93
[10/05/26 06:29:01] D2BS 5964: ÿc2D2BSÿc0 :: Starting default.dbj
[10/05/26 06:29:01] D2BS 5964: ÿc2D2BSÿc0 :: default.dbj running.
[10/05/26 06:29:02] D2BS 5964: Loaded ÿc9[X.nip] [Y.nip] [Z.nip] [V.nip] [A.TRAP.nip]
[10/05/26 06:29:02] D2BS 5964: Loaded ÿc9[A.TRAP.js]
[10/05/26 06:29:02] D2BS 5964: equipped: [Head] 15
[10/05/26 06:29:02] D2BS 5964: equipped: [Neck] 15
[10/05/26 06:29:02] D2BS 5964: equipped: [Body] 19
[10/05/26 06:29:02] D2BS 5964: equipped: [ArmR] 13
[10/05/26 06:29:02] D2BS 5964: equipped: [ArmL] 26
[10/05/26 06:29:02] D2BS 5964: equipped: [RingR] 11
[10/05/26 06:29:02] D2BS 5964: equipped: [RingL] 11
[10/05/26 06:29:02] D2BS 5964: equipped: [Belt] 19
[10/05/26 06:29:02] D2BS 5964: equipped: [Boots] 11
[10/05/26 06:29:02] D2BS 5964: equipped: [Mitts] 1
[10/05/26 06:29:02] D2BS 5964: Loaded ÿc9[AutoSmurf.js]
[10/05/26 06:29:04] D2BS 5964: MiniShopBot: true
[10/05/26 06:29:04] D2BS 5964: farmingON
[10/05/26 06:29:04] D2BS 5964: UseMerc: true HP: 70
[10/05/26 06:29:21] D2BS 5964: Revive needed
[10/05/26 06:29:34] D2BS 5964: Token needed
[10/05/26 06:29:37] D2BS 5964: act5+ BO
[10/05/26 06:29:52] D2BS 5964: ÿc4=== [BAAL] ===
[10/05/26 06:30:06] D2BS 5964: Baal failed: souls found
[10/05/26 06:30:06] D2BS 5964: ÿc4=== [COUNTESS] ===
[10/05/26 06:31:10] D2BS 5964: ÿc4=== [PIT] ===
[10/05/26 06:33:00] D2BS 5964: ÿc4=== [ANDY] ===
[10/05/26 06:33:57] D2BS 5964: ÿc4=== [MEPHISTO] ===
[10/05/26 06:35:01] D2BS 5964: party has left: fowo-xd
[10/05/26 06:35:01] D2BS 5964:  [05:59] +9.19% / [Level 81] 84.49%
[10/05/26 06:35:01] D2BS 5964: Script threads\autobuildthread.js ended
[10/05/26 06:35:01] D2BS 5964: Script threads\partythread.js ended
[10/05/26 06:35:01] D2BS 5964: Script threads\townchicken.js ended
[10/05/26 06:35:01] D2BS 5964: Script default.dbj ended
[10/05/26 06:35:14] D2BS 5964: joining game pz-94
[10/05/26 06:35:16] D2BS 5964: ÿc2D2BSÿc0 :: Starting default.dbj
[10/05/26 06:35:16] D2BS 5964: ÿc2D2BSÿc0 :: default.dbj running.
[10/05/26 06:35:16] D2BS 5964: Loaded ÿc9[X.nip] [Y.nip] [Z.nip] [V.nip] [A.TRAP.nip]
[10/05/26 06:35:16] D2BS 5964: Loaded ÿc9[A.TRAP.js]
[10/05/26 06:35:16] D2BS 5964: equipped: [Head] 15
[10/05/26 06:35:16] D2BS 5964: equipped: [Neck] 15
[10/05/26 06:35:16] D2BS 5964: equipped: [Body] 19
[10/05/26 06:35:16] D2BS 5964: equipped: [ArmR] 13
[10/05/26 06:35:16] D2BS 5964: equipped: [ArmL] 26
[10/05/26 06:35:16] D2BS 5964: equipped: [RingR] 11
[10/05/26 06:35:16] D2BS 5964: equipped: [RingL] 11
[10/05/26 06:35:16] D2BS 5964: equipped: [Belt] 19
[10/05/26 06:35:16] D2BS 5964: equipped: [Boots] 11
[10/05/26 06:35:16] D2BS 5964: equipped: [Mitts] 1
[10/05/26 06:35:16] D2BS 5964: Loaded ÿc9[AutoSmurf.js]
[10/05/26 06:35:27] D2BS 5964: farmingON
[10/05/26 06:35:34] D2BS 5964: MiniShopBot: true
[10/05/26 06:35:34] D2BS 5964: UseMerc: true HP: 70
[10/05/26 06:35:42] D2BS 5964: updateStat
[10/05/26 06:35:42] D2BS 5964: granted: [Head] 11
[10/05/26 06:35:42] D2BS 5964: granted: [Body] 15
[10/05/26 06:35:42] D2BS 5964: granted: [ArmR] 13
[10/05/26 06:35:56] D2BS 5964: Merc matched: Blessed Aim
[10/05/26 06:36:00] D2BS 5964: Token needed
[10/05/26 06:36:05] D2BS 5964: act5+ BO
[10/05/26 06:36:07] D2BS 5964: updateStat
[10/05/26 06:36:18] D2BS 5964: ÿc4=== [BAAL] ===
[10/05/26 06:36:40] D2BS 5964: Baal failed: souls found
[10/05/26 06:36:40] D2BS 5964: ÿc4=== [COUNTESS] ===
[10/05/26 06:36:43] D2BS 5964: equipped: [Mitts] 11
[10/05/26 06:37:58] D2BS 5964: ÿc4=== [PIT] ===
[10/05/26 06:39:40] D2BS 5964: ÿc4=== [ANDY] ===
[10/05/26 06:40:37] D2BS 5964: ÿc4=== [MEPHISTO] ===
[10/05/26 06:42:06] D2BS 5964: ÿc4=== [DIABLO] ===
[10/05/26 06:43:28] D2BS 5964: party has left: fowo-xe
[10/05/26 06:43:28] D2BS 5964:  [08:12] +13.80% / [Level 81] 98.28%
[10/05/26 06:43:28] D2BS 5964: Script threads\autobuildthread.js ended
[10/05/26 06:43:28] D2BS 5964: Script threads\partythread.js ended
[10/05/26 06:43:28] D2BS 5964: Script threads\townchicken.js ended
[10/05/26 06:43:28] D2BS 5964: Script default.dbj ended
[10/05/26 06:43:40] D2BS 5964: joining game pz-95
[10/05/26 06:43:41] D2BS 5964: ÿc2D2BSÿc0 :: Starting default.dbj
[10/05/26 06:43:41] D2BS 5964: ÿc2D2BSÿc0 :: default.dbj running.
[10/05/26 06:43:42] D2BS 5964: Loaded ÿc9[X.nip] [Y.nip] [Z.nip] [V.nip] [A.TRAP.nip]
[10/05/26 06:43:42] D2BS 5964: Loaded ÿc9[A.TRAP.js]
[10/05/26 06:43:42] D2BS 5964: equipped: [Head] 15
[10/05/26 06:43:42] D2BS 5964: equipped: [Neck] 15
[10/05/26 06:43:42] D2BS 5964: equipped: [Body] 19
[10/05/26 06:43:42] D2BS 5964: equipped: [ArmR] 13
[10/05/26 06:43:42] D2BS 5964: equipped: [ArmL] 26
[10/05/26 06:43:42] D2BS 5964: equipped: [RingR] 11
[10/05/26 06:43:42] D2BS 5964: equipped: [RingL] 11
[10/05/26 06:43:42] D2BS 5964: equipped: [Belt] 19
[10/05/26 06:43:42] D2BS 5964: equipped: [Boots] 11
[10/05/26 06:43:42] D2BS 5964: equipped: [Mitts] 11
[10/05/26 06:43:42] D2BS 5964: updateStat
[10/05/26 06:43:42] D2BS 5964: granted: [Head] 11
[10/05/26 06:43:42] D2BS 5964: granted: [Body] 15
[10/05/26 06:43:42] D2BS 5964: granted: [ArmR] 13
[10/05/26 06:43:42] D2BS 5964: Loaded ÿc9[AutoSmurf.js]
[10/05/26 06:43:48] D2BS 5964: farmingON
[10/05/26 06:43:49] D2BS 5964: MiniShopBot: true
[10/05/26 06:43:49] D2BS 5964: UseMerc: true HP: 70
[10/05/26 06:44:17] D2BS 5964: Merc matched: Blessed Aim
[10/05/26 06:44:22] D2BS 5964: Token needed
[10/05/26 06:44:27] D2BS 5964: act5+ BO
[10/05/26 06:44:40] D2BS 5964: ÿc4=== [BAAL] ===
[10/05/26 06:48:12] D2BS 5964: ÿc4=== [COUNTESS] ===
[10/05/26 06:49:25] D2BS 5964: ÿc4=== [PIT] ===
[10/05/26 06:50:36] D2BS 5964: party has left: fowo-xd
[10/05/26 06:50:36] D2BS 5964:  [06:55] +24.25% / [Level 82] 22.67%
[10/05/26 06:50:36] D2BS 5964: Script threads\autobuildthread.js ended
[10/05/26 06:50:36] D2BS 5964: Script threads\partythread.js ended
[10/05/26 06:50:37] D2BS 5964: Script threads\townchicken.js ended
[10/05/26 06:50:37] D2BS 5964: Script default.dbj ended
[10/05/26 06:50:49] D2BS 5964: joining game pz-96
[10/05/26 06:50:51] D2BS 5964: ÿc2D2BSÿc0 :: Starting default.dbj
[10/05/26 06:50:51] D2BS 5964: ÿc2D2BSÿc0 :: default.dbj running.
[10/05/26 06:50:51] D2BS 5964: Loaded ÿc9[X.nip] [Y.nip] [Z.nip] [V.nip] [A.TRAP.nip]
[10/05/26 06:50:51] D2BS 5964: Loaded ÿc9[A.TRAP.js]
[10/05/26 06:50:51] D2BS 5964: equipped: [Head] 15
[10/05/26 06:50:51] D2BS 5964: equipped: [Neck] 15
[10/05/26 06:50:51] D2BS 5964: equipped: [Body] 19
[10/05/26 06:50:51] D2BS 5964: equipped: [ArmR] 13
[10/05/26 06:50:51] D2BS 5964: equipped: [ArmL] 26
[10/05/26 06:50:51] D2BS 5964: equipped: [RingR] 11
[10/05/26 06:50:51] D2BS 5964: equipped: [RingL] 11
[10/05/26 06:50:51] D2BS 5964: equipped: [Belt] 19
[10/05/26 06:50:51] D2BS 5964: equipped: [Boots] 11
[10/05/26 06:50:51] D2BS 5964: equipped: [Mitts] 11
[10/05/26 06:50:51] D2BS 5964: Loaded ÿc9[AutoSmurf.js]
[10/05/26 06:50:57] D2BS 5964: farmingON
[10/05/26 06:51:01] D2BS 5964: MiniShopBot: true
[10/05/26 06:51:01] D2BS 5964: UseMerc: true HP: 70
[10/05/26 06:51:09] D2BS 5964: updateStat
[10/05/26 06:51:09] D2BS 5964: granted: [Head] 11
[10/05/26 06:51:09] D2BS 5964: granted: [Body] 15
[10/05/26 06:51:09] D2BS 5964: granted: [ArmR] 13
[10/05/26 06:51:26] D2BS 5964: granted: [ArmR] 15
[10/05/26 06:51:26] D2BS 5964: Merc matched: Blessed Aim
[10/05/26 06:51:30] D2BS 5964: Token needed
[10/05/26 06:51:34] D2BS 5964: act5+ BO
[10/05/26 06:51:36] D2BS 5964: updateStat
[10/05/26 06:51:48] D2BS 5964: ÿc4=== [BAAL] ===
[10/05/26 06:52:09] D2BS 5964: Baal failed: souls found
[10/05/26 06:52:09] D2BS 5964: ÿc4=== [COUNTESS] ===
[10/05/26 06:52:12] D2BS 5964: granted: [ArmR] 18
[10/05/26 06:53:21] D2BS 5964: ÿc4=== [PIT] ===
[10/05/26 06:54:04] D2BS 5964: updateStat
[10/05/26 06:55:11] D2BS 5964: ÿc4=== [ANDY] ===
[10/05/26 06:56:07] D2BS 5964: ÿc4=== [MEPHISTO] ===
[10/05/26 06:57:55] D2BS 5964: ÿc4=== [DIABLO] ===
[10/05/26 06:59:49] D2BS 5964: party has left: fowo-xe
[10/05/26 06:59:49] D2BS 5964:  [08:58] +17.23% / [Level 82] 39.90%
[10/05/26 06:59:49] D2BS 5964: Script threads\autobuildthread.js ended
[10/05/26 06:59:49] D2BS 5964: Script threads\partythread.js ended
[10/05/26 06:59:49] D2BS 5964: Script threads\townchicken.js ended
[10/05/26 06:59:49] D2BS 5964: Script default.dbj ended
[10/05/26 07:00:01] D2BS 5964: joining game pz-97
[10/05/26 07:00:03] D2BS 5964: ÿc2D2BSÿc0 :: Starting default.dbj
[10/05/26 07:00:03] D2BS 5964: ÿc2D2BSÿc0 :: default.dbj running.
[10/05/26 07:00:03] D2BS 5964: Loaded ÿc9[X.nip] [Y.nip] [Z.nip] [V.nip] [A.TRAP.nip]
[10/05/26 07:00:03] D2BS 5964: Loaded ÿc9[A.TRAP.js]
[10/05/26 07:00:03] D2BS 5964: equipped: [Head] 15
[10/05/26 07:00:03] D2BS 5964: equipped: [Neck] 15
[10/05/26 07:00:03] D2BS 5964: equipped: [Body] 19
[10/05/26 07:00:03] D2BS 5964: equipped: [ArmR] 13
[10/05/26 07:00:03] D2BS 5964: equipped: [ArmL] 26
[10/05/26 07:00:03] D2BS 5964: equipped: [RingR] 11
[10/05/26 07:00:03] D2BS 5964: equipped: [RingL] 11
[10/05/26 07:00:03] D2BS 5964: equipped: [Belt] 19
[10/05/26 07:00:03] D2BS 5964: equipped: [Boots] 11
[10/05/26 07:00:03] D2BS 5964: equipped: [Mitts] 11
[10/05/26 07:00:03] D2BS 5964: updateStat
[10/05/26 07:00:03] D2BS 5964: granted: [Head] 11
[10/05/26 07:00:03] D2BS 5964: granted: [Body] 15
[10/05/26 07:00:03] D2BS 5964: granted: [ArmR] 18
[10/05/26 07:00:03] D2BS 5964: Loaded ÿc9[AutoSmurf.js]
[10/05/26 07:00:09] D2BS 5964: MiniShopBot: true
[10/05/26 07:00:09] D2BS 5964: farmingON
[10/05/26 07:00:09] D2BS 5964: UseMerc: true HP: 70
[10/05/26 07:00:42] D2BS 5964: Merc matched: Blessed Aim
[10/05/26 07:00:45] D2BS 5964: Token needed
[10/05/26 07:00:49] D2BS 5964: act5+ BO
[10/05/26 07:01:02] D2BS 5964: ÿc4=== [BAAL] ===
[10/05/26 07:04:28] D2BS 5964: ÿc4=== [COUNTESS] ===
[10/05/26 07:05:39] D2BS 5964: ÿc4=== [PIT] ===
[10/05/26 07:07:30] D2BS 5964: ÿc4=== [ANDY] ===
[10/05/26 07:08:26] D2BS 5964: ÿc4=== [MEPHISTO] ===
[10/05/26 07:10:25] D2BS 5964: ÿc4=== [DIABLO] ===
[10/05/26 07:13:25] D2BS 5964: updateStat
[10/05/26 07:16:44] D2BS 5964: Script ended
[10/05/26 07:16:44] D2BS 5964:  [16:42] +45.97% / [Level 82] 85.87%
[10/05/26 07:16:44] D2BS 5964: Script threads\autobuildthread.js ended
[10/05/26 07:16:44] D2BS 5964: Script threads\partythread.js ended
[10/05/26 07:16:45] D2BS 5964: Script threads\townchicken.js ended
[10/05/26 07:16:56] D2BS 5964: joining game pz-98
[10/05/26 07:16:58] D2BS 5964: ÿc2D2BSÿc0 :: Starting default.dbj
[10/05/26 07:16:58] D2BS 5964: ÿc2D2BSÿc0 :: default.dbj running.
[10/05/26 07:16:58] D2BS 5964: Loaded ÿc9[X.nip] [Y.nip] [Z.nip] [V.nip] [A.TRAP.nip]
[10/05/26 07:16:58] D2BS 5964: Loaded ÿc9[A.TRAP.js]
[10/05/26 07:16:58] D2BS 5964: equipped: [Head] 15
[10/05/26 07:16:58] D2BS 5964: equipped: [Neck] 15
[10/05/26 07:16:58] D2BS 5964: equipped: [Body] 19
[10/05/26 07:16:58] D2BS 5964: equipped: [ArmR] 13
[10/05/26 07:16:58] D2BS 5964: equipped: [ArmL] 26
[10/05/26 07:16:58] D2BS 5964: equipped: [RingR] 11
[10/05/26 07:16:58] D2BS 5964: equipped: [RingL] 11
[10/05/26 07:16:58] D2BS 5964: equipped: [Belt] 19
[10/05/26 07:16:58] D2BS 5964: equipped: [Boots] 11
[10/05/26 07:16:58] D2BS 5964: equipped: [Mitts] 11
[10/05/26 07:16:58] D2BS 5964: updateStat
[10/05/26 07:16:58] D2BS 5964: granted: [Head] 11
[10/05/26 07:16:58] D2BS 5964: granted: [Body] 15
[10/05/26 07:16:58] D2BS 5964: granted: [ArmR] 18
[10/05/26 07:16:58] D2BS 5964: Loaded ÿc9[AutoSmurf.js]
[10/05/26 07:17:04] D2BS 5964: farmingON
[10/05/26 07:17:05] D2BS 5964: MiniShopBot: true
[10/05/26 07:17:05] D2BS 5964: UseMerc: true HP: 70
[10/05/26 07:17:25] D2BS 5964: Merc matched: Blessed Aim
[10/05/26 07:17:40] D2BS 5964: Token needed
[10/05/26 07:17:44] D2BS 5964: act5+ BO
[10/05/26 07:17:56] D2BS 5964: ÿc4=== [BAAL] ===
[10/05/26 07:18:15] D2BS 5964: Baal failed: souls found
[10/05/26 07:18:15] D2BS 5964: ÿc4=== [COUNTESS] ===
[10/05/26 07:19:15] D2BS 5964: ÿc4=== [PIT] ===
[10/05/26 07:21:27] D2BS 5964: ÿc4=== [ANDY] ===
[10/05/26 07:22:23] D2BS 5964: ÿc4=== [MEPHISTO] ===
[10/05/26 07:24:12] D2BS 5964: ÿc4=== [DIABLO] ===
[10/05/26 07:30:43] D2BS 5964: Script ended
[10/05/26 07:30:43] D2BS 5964:  [13:45] +31.34% / [Level 83] 18.38%
[10/05/26 07:30:43] D2BS 5964: Script threads\autobuildthread.js ended
[10/05/26 07:30:43] D2BS 5964: Script threads\partythread.js ended
[10/05/26 07:30:43] D2BS 5964: Script threads\townchicken.js ended
[10/05/26 07:30:56] D2BS 5964: joining game pz-99
[10/05/26 07:30:59] D2BS 5964: ÿc2D2BSÿc0 :: Starting default.dbj
[10/05/26 07:30:59] D2BS 5964: ÿc2D2BSÿc0 :: default.dbj running.
[10/05/26 07:30:59] D2BS 5964: Loaded ÿc9[X.nip] [Y.nip] [Z.nip] [V.nip] [A.TRAP.nip]
[10/05/26 07:30:59] D2BS 5964: Loaded ÿc9[A.TRAP.js]
[10/05/26 07:30:59] D2BS 5964: equipped: [Head] 15
[10/05/26 07:30:59] D2BS 5964: equipped: [Neck] 15
[10/05/26 07:30:59] D2BS 5964: equipped: [Body] 19
[10/05/26 07:30:59] D2BS 5964: equipped: [ArmR] 13
[10/05/26 07:30:59] D2BS 5964: equipped: [ArmL] 26
[10/05/26 07:30:59] D2BS 5964: equipped: [RingR] 11
[10/05/26 07:30:59] D2BS 5964: equipped: [RingL] 11
[10/05/26 07:30:59] D2BS 5964: equipped: [Belt] 19
[10/05/26 07:30:59] D2BS 5964: equipped: [Boots] 11
[10/05/26 07:30:59] D2BS 5964: equipped: [Mitts] 11
[10/05/26 07:30:59] D2BS 5964: updateStat
[10/05/26 07:30:59] D2BS 5964: granted: [Head] 11
[10/05/26 07:30:59] D2BS 5964: granted: [Body] 15
[10/05/26 07:30:59] D2BS 5964: granted: [ArmR] 18
[10/05/26 07:30:59] D2BS 5964: Loaded ÿc9[AutoSmurf.js]
[10/05/26 07:31:03] D2BS 5964: farmingON
[10/05/26 07:31:04] D2BS 5964: MiniShopBot: true
[10/05/26 07:31:04] D2BS 5964: UseMerc: true HP: 70
[10/05/26 07:31:23] D2BS 5964: granted: [Head] 12
[10/05/26 07:31:23] D2BS 5964: Merc matched: Blessed Aim
[10/05/26 07:31:35] D2BS 5964: Token needed
[10/05/26 07:31:39] D2BS 5964: act5+ BO
[10/05/26 07:31:53] D2BS 5964: ÿc4=== [BAAL] ===
[10/05/26 07:32:42] D2BS 5964: updateStat
[10/05/26 07:35:23] D2BS 5964: ÿc4=== [COUNTESS] ===
[10/05/26 07:36:35] D2BS 5964: ÿc4=== [PIT] ===
[10/05/26 07:38:16] D2BS 5964: ÿc4=== [ANDY] ===
[10/05/26 07:39:07] D2BS 5964: ÿc4=== [MEPHISTO] ===
[10/05/26 07:40:52] D2BS 5964: ÿc4=== [DIABLO] ===
[10/05/26 07:48:07] D2BS 5964: party has left: fowo-xb
[10/05/26 07:48:07] D2BS 5964:  [17:09] +41.16% / [Level 83] 59.54%
[10/05/26 07:48:07] D2BS 5964: Script threads\autobuildthread.js ended
[10/05/26 07:48:07] D2BS 5964: Script threads\partythread.js ended
[10/05/26 07:48:07] D2BS 5964: Script threads\townchicken.js ended
[10/05/26 07:48:07] D2BS 5964: Script default.dbj ended
[10/05/26 07:48:20] D2BS 5964: joining game pz-100
[10/05/26 07:48:21] D2BS 5964: ÿc2D2BSÿc0 :: Starting default.dbj
[10/05/26 07:48:21] D2BS 5964: ÿc2D2BSÿc0 :: default.dbj running.
[10/05/26 07:48:23] D2BS 5964: Loaded ÿc9[X.nip] [Y.nip] [Z.nip] [V.nip] [A.TRAP.nip]
[10/05/26 07:48:23] D2BS 5964: Loaded ÿc9[A.TRAP.js]
[10/05/26 07:48:23] D2BS 5964: equipped: [Head] 15
[10/05/26 07:48:23] D2BS 5964: equipped: [Neck] 15
[10/05/26 07:48:23] D2BS 5964: equipped: [Body] 19
[10/05/26 07:48:23] D2BS 5964: equipped: [ArmR] 13
[10/05/26 07:48:23] D2BS 5964: equipped: [ArmL] 26
[10/05/26 07:48:23] D2BS 5964: equipped: [RingR] 11
[10/05/26 07:48:23] D2BS 5964: equipped: [RingL] 11
[10/05/26 07:48:23] D2BS 5964: equipped: [Belt] 19
[10/05/26 07:48:23] D2BS 5964: equipped: [Boots] 11
[10/05/26 07:48:23] D2BS 5964: equipped: [Mitts] 11
[10/05/26 07:48:23] D2BS 5964: updateStat
[10/05/26 07:48:23] D2BS 5964: granted: [Head] 12
[10/05/26 07:48:23] D2BS 5964: granted: [Body] 15
[10/05/26 07:48:23] D2BS 5964: granted: [ArmR] 18
[10/05/26 07:48:23] D2BS 5964: Loaded ÿc9[AutoSmurf.js]
[10/05/26 07:48:27] D2BS 5964: farmingON
[10/05/26 07:48:29] D2BS 5964: MiniShopBot: true
[10/05/26 07:48:29] D2BS 5964: UseMerc: true HP: 70
[10/05/26 07:48:51] D2BS 5964: Merc matched: Blessed Aim
[10/05/26 07:48:57] D2BS 5964: Token needed
[10/05/26 07:49:02] D2BS 5964: act5+ BO
[10/05/26 07:49:15] D2BS 5964: ÿc4=== [BAAL] ===
[10/05/26 07:49:27] D2BS 5964: Baal failed: souls found
[10/05/26 07:49:27] D2BS 5964: ÿc4=== [COUNTESS] ===
[10/05/26 07:49:28] D2BS 5964: equipped: [Boots] 12
[10/05/26 07:50:38] D2BS 5964: ÿc4=== [PIT] ===
[10/05/26 07:52:19] D2BS 5964: ÿc4=== [ANDY] ===
[10/05/26 07:53:22] D2BS 5964: ÿc4=== [MEPHISTO] ===
[10/05/26 07:54:18] D2BS 5964: updateStat
[10/05/26 07:54:58] D2BS 5964: ÿc4=== [DIABLO] ===
[10/05/26 07:59:46] D2BS 5964: party has left: fowo-xd
[10/05/26 07:59:46] D2BS 5964:  [11:24] +15.39% / [Level 83] 74.93%
[10/05/26 07:59:46] D2BS 5964: Script threads\autobuildthread.js ended
[10/05/26 07:59:46] D2BS 5964: Script threads\partythread.js ended
[10/05/26 07:59:46] D2BS 5964: Script threads\townchicken.js ended
[10/05/26 07:59:46] D2BS 5964: Script default.dbj ended
[10/05/26 07:59:57] D2BS 5964: joining game pz-101
[10/05/26 07:59:58] D2BS 5964: ÿc2D2BSÿc0 :: Starting default.dbj
[10/05/26 07:59:58] D2BS 5964: ÿc2D2BSÿc0 :: default.dbj running.
[10/05/26 07:59:59] D2BS 5964: Loaded ÿc9[X.nip] [Y.nip] [Z.nip] [V.nip] [A.TRAP.nip]
[10/05/26 07:59:59] D2BS 5964: Loaded ÿc9[A.TRAP.js]
[10/05/26 07:59:59] D2BS 5964: equipped: [Head] 15
[10/05/26 07:59:59] D2BS 5964: equipped: [Neck] 15
[10/05/26 07:59:59] D2BS 5964: equipped: [Body] 19
[10/05/26 07:59:59] D2BS 5964: equipped: [ArmR] 13
[10/05/26 07:59:59] D2BS 5964: equipped: [ArmL] 26
[10/05/26 07:59:59] D2BS 5964: equipped: [RingR] 11
[10/05/26 07:59:59] D2BS 5964: equipped: [RingL] 11
[10/05/26 07:59:59] D2BS 5964: equipped: [Belt] 19
[10/05/26 07:59:59] D2BS 5964: equipped: [Boots] 12
[10/05/26 07:59:59] D2BS 5964: equipped: [Mitts] 11
[10/05/26 07:59:59] D2BS 5964: updateStat
[10/05/26 07:59:59] D2BS 5964: granted: [Head] 12
[10/05/26 08:00:00] D2BS 5964: granted: [Body] 15
[10/05/26 08:00:00] D2BS 5964: granted: [ArmR] 18
[10/05/26 08:00:00] D2BS 5964: Loaded ÿc9[AutoSmurf.js]
[10/05/26 08:00:04] D2BS 5964: farmingON
[10/05/26 08:00:05] D2BS 5964: MiniShopBot: true
[10/05/26 08:00:05] D2BS 5964: UseMerc: true HP: 70
[10/05/26 08:00:24] D2BS 5964: Merc matched: Blessed Aim
[10/05/26 08:00:35] D2BS 5964: Token needed
[10/05/26 08:00:39] D2BS 5964: act5+ BO
[10/05/26 08:00:54] D2BS 5964: ÿc4=== [BAAL] ===
[10/05/26 08:03:40] D2BS 5964: Script default.dbj ended
[10/05/26 08:03:40] D2BS 5964: Script threads\autobuildthread.js ended
[10/05/26 08:03:40] D2BS 5964: Script threads\partythread.js ended
[10/05/26 08:03:40] D2BS 5964: Script threads\toolsthread.js ended
[10/05/26 08:03:40] D2BS 5964: Script threads\townchicken.js ended
[10/05/26 08:03:53] D2BS 5964: joining game pz-102
[10/05/26 08:03:55] D2BS 5964: ÿc2D2BSÿc0 :: Starting default.dbj
[10/05/26 08:03:55] D2BS 5964: ÿc2D2BSÿc0 :: default.dbj running.
[10/05/26 08:03:55] D2BS 5964: Loaded ÿc9[X.nip] [Y.nip] [Z.nip] [V.nip] [A.TRAP.nip]
[10/05/26 08:03:55] D2BS 5964: Loaded ÿc9[A.TRAP.js]
[10/05/26 08:03:55] D2BS 5964: equipped: [Head] 15
[10/05/26 08:03:55] D2BS 5964: equipped: [Neck] 15
[10/05/26 08:03:55] D2BS 5964: equipped: [Body] 19
[10/05/26 08:03:55] D2BS 5964: equipped: [ArmR] 13
[10/05/26 08:03:55] D2BS 5964: equipped: [ArmL] 26
[10/05/26 08:03:55] D2BS 5964: equipped: [RingR] 11
[10/05/26 08:03:55] D2BS 5964: equipped: [RingL] 11
[10/05/26 08:03:55] D2BS 5964: equipped: [Belt] 19
[10/05/26 08:03:55] D2BS 5964: equipped: [Boots] 12
[10/05/26 08:03:55] D2BS 5964: equipped: [Mitts] 11
[10/05/26 08:03:55] D2BS 5964: updateStat
[10/05/26 08:03:55] D2BS 5964: granted: [Head] 12
[10/05/26 08:03:55] D2BS 5964: granted: [Body] 15
[10/05/26 08:03:55] D2BS 5964: granted: [ArmR] 18
[10/05/26 08:03:55] D2BS 5964: Loaded ÿc9[AutoSmurf.js]
[10/05/26 08:03:56] D2BS 5964: MiniShopBot: true
[10/05/26 08:03:57] D2BS 5964: farmingON
[10/05/26 08:03:57] D2BS 5964: UseMerc: true HP: 70
[10/05/26 08:04:12] D2BS 5964: Merc matched: Blessed Aim
[10/05/26 08:04:21] D2BS 5964: Token needed
[10/05/26 08:04:25] D2BS 5964: act5+ BO
[10/05/26 08:04:38] D2BS 5964: ÿc4=== [BAAL] ===
[10/05/26 08:05:01] D2BS 5964: Baal failed: souls found
[10/05/26 08:05:01] D2BS 5964: ÿc4=== [COUNTESS] ===
[10/05/26 08:06:04] D2BS 5964: ÿc4=== [PIT] ===
[10/05/26 08:08:08] D2BS 5964: ÿc4=== [ANDY] ===
[10/05/26 08:09:05] D2BS 5964: ÿc4=== [MEPHISTO] ===
[10/05/26 08:10:33] D2BS 5964: ÿc4=== [DIABLO] ===
[10/05/26 08:16:50] D2BS 5964: party has left: fowo-xg
[10/05/26 08:16:50] D2BS 5964:  [12:56] +17.42% / [Level 84] 9.72%
[10/05/26 08:16:50] D2BS 5964: Script threads\autobuildthread.js ended
[10/05/26 08:16:50] D2BS 5964: Script threads\partythread.js ended
[10/05/26 08:16:50] D2BS 5964: Script threads\townchicken.js ended
[10/05/26 08:16:50] D2BS 5964: Script default.dbj ended
[10/05/26 08:17:03] D2BS 5964: joining game pz-103
[10/05/26 08:17:04] D2BS 5964: ÿc2D2BSÿc0 :: Starting default.dbj
[10/05/26 08:17:04] D2BS 5964: ÿc2D2BSÿc0 :: default.dbj running.
[10/05/26 08:17:05] D2BS 5964: Loaded ÿc9[X.nip] [Y.nip] [Z.nip] [V.nip] [A.TRAP.nip]
[10/05/26 08:17:05] D2BS 5964: Loaded ÿc9[A.TRAP.js]
[10/05/26 08:17:05] D2BS 5964: equipped: [Head] 15
[10/05/26 08:17:05] D2BS 5964: equipped: [Neck] 15
[10/05/26 08:17:05] D2BS 5964: equipped: [Body] 19
[10/05/26 08:17:05] D2BS 5964: equipped: [ArmR] 13
[10/05/26 08:17:05] D2BS 5964: equipped: [ArmL] 26
[10/05/26 08:17:05] D2BS 5964: equipped: [RingR] 11
[10/05/26 08:17:05] D2BS 5964: equipped: [RingL] 11
[10/05/26 08:17:05] D2BS 5964: equipped: [Belt] 19
[10/05/26 08:17:05] D2BS 5964: equipped: [Boots] 12
[10/05/26 08:17:05] D2BS 5964: equipped: [Mitts] 11
[10/05/26 08:17:05] D2BS 5964: updateStat
[10/05/26 08:17:06] D2BS 5964: granted: [Head] 12
[10/05/26 08:17:06] D2BS 5964: granted: [Body] 15
[10/05/26 08:17:06] D2BS 5964: granted: [ArmR] 18
[10/05/26 08:17:06] D2BS 5964: Loaded ÿc9[AutoSmurf.js]
[10/05/26 08:17:11] D2BS 5964: MiniShopBot: true
[10/05/26 08:17:11] D2BS 5964: farmingON
[10/05/26 08:17:11] D2BS 5964: UseMerc: true HP: 70
[10/05/26 08:17:31] D2BS 5964: granted: [Body] 17
[10/05/26 08:17:33] D2BS 5964: granted: [Head] 15
[10/05/26 08:17:33] D2BS 5964: Merc matched: Blessed Aim
[10/05/26 08:17:48] D2BS 5964: Token needed
[10/05/26 08:17:52] D2BS 5964: act5+ BO
[10/05/26 08:18:06] D2BS 5964: ÿc4=== [BAAL] ===
[10/05/26 08:18:50] D2BS 5964: updateStat
[10/05/26 08:19:14] D2BS 5964: Going to town
[10/05/26 08:23:53] D2BS 5964: party has left: fowo-xh
[10/05/26 08:23:53] D2BS 5964:  [06:48] +12.33% / [Level 84] 22.05%
[10/05/26 08:23:53] D2BS 5964: Script threads\autobuildthread.js ended
[10/05/26 08:23:53] D2BS 5964: Script threads\partythread.js ended
[10/05/26 08:23:53] D2BS 5964: Script threads\townchicken.js ended
[10/05/26 08:23:53] D2BS 5964: Script default.dbj ended
[10/05/26 08:24:05] D2BS 5964: joining game pz-104
[10/05/26 08:24:08] D2BS 5964: ÿc2D2BSÿc0 :: Starting default.dbj
[10/05/26 08:24:08] D2BS 5964: ÿc2D2BSÿc0 :: default.dbj running.
[10/05/26 08:24:08] D2BS 5964: Loaded ÿc9[X.nip] [Y.nip] [Z.nip] [V.nip] [A.TRAP.nip]
[10/05/26 08:24:08] D2BS 5964: Loaded ÿc9[A.TRAP.js]
[10/05/26 08:24:08] D2BS 5964: equipped: [Head] 15
[10/05/26 08:24:08] D2BS 5964: equipped: [Neck] 15
[10/05/26 08:24:08] D2BS 5964: equipped: [Body] 19
[10/05/26 08:24:08] D2BS 5964: equipped: [ArmR] 13
[10/05/26 08:24:08] D2BS 5964: equipped: [ArmL] 26
[10/05/26 08:24:08] D2BS 5964: equipped: [RingR] 11
[10/05/26 08:24:08] D2BS 5964: equipped: [RingL] 11
[10/05/26 08:24:08] D2BS 5964: equipped: [Belt] 19
[10/05/26 08:24:08] D2BS 5964: equipped: [Boots] 12
[10/05/26 08:24:08] D2BS 5964: equipped: [Mitts] 11
[10/05/26 08:24:08] D2BS 5964: updateStat
[10/05/26 08:24:08] D2BS 5964: granted: [Head] 15
[10/05/26 08:24:08] D2BS 5964: granted: [Body] 17
[10/05/26 08:24:08] D2BS 5964: granted: [ArmR] 18
[10/05/26 08:24:08] D2BS 5964: Loaded ÿc9[AutoSmurf.js]
[10/05/26 08:24:09] D2BS 5964: farmingON
[10/05/26 08:24:09] D2BS 5964: MiniShopBot: true
[10/05/26 08:24:09] D2BS 5964: UseMerc: true HP: 70
[10/05/26 08:24:29] D2BS 5964: Merc matched: Blessed Aim
[10/05/26 08:24:39] D2BS 5964: Token needed
[10/05/26 08:24:43] D2BS 5964: act5+ BO
[10/05/26 08:24:55] D2BS 5964: ÿc4=== [BAAL] ===
[10/05/26 08:25:03] D2BS 5964: party has left: fowo-xa
[10/05/26 08:25:03] D2BS 5964: no exp [00:56]
[10/05/26 08:25:03] D2BS 5964: Script threads\autobuildthread.js ended
[10/05/26 08:25:03] D2BS 5964: Script threads\partythread.js ended
[10/05/26 08:25:03] D2BS 5964: Script threads\townchicken.js ended
[10/05/26 08:25:03] D2BS 5964: Script default.dbj ended
[10/05/26 08:25:15] D2BS 5964: joining game pz-105
[10/05/26 08:25:17] D2BS 5964: ÿc2D2BSÿc0 :: Starting default.dbj
[10/05/26 08:25:17] D2BS 5964: ÿc2D2BSÿc0 :: default.dbj running.
[10/05/26 08:25:17] D2BS 5964: Loaded ÿc9[X.nip] [Y.nip] [Z.nip] [V.nip] [A.TRAP.nip]
[10/05/26 08:25:17] D2BS 5964: Loaded ÿc9[A.TRAP.js]
[10/05/26 08:25:17] D2BS 5964: equipped: [Head] 15
[10/05/26 08:25:17] D2BS 5964: equipped: [Neck] 15
[10/05/26 08:25:17] D2BS 5964: equipped: [Body] 19
[10/05/26 08:25:17] D2BS 5964: equipped: [ArmR] 13
[10/05/26 08:25:17] D2BS 5964: equipped: [ArmL] 26
[10/05/26 08:25:17] D2BS 5964: equipped: [RingR] 11
[10/05/26 08:25:17] D2BS 5964: equipped: [RingL] 11
[10/05/26 08:25:17] D2BS 5964: equipped: [Belt] 19
[10/05/26 08:25:17] D2BS 5964: equipped: [Boots] 12
[10/05/26 08:25:17] D2BS 5964: equipped: [Mitts] 11
[10/05/26 08:25:17] D2BS 5964: updateStat
[10/05/26 08:25:17] D2BS 5964: granted: [Head] 15
[10/05/26 08:25:17] D2BS 5964: granted: [Body] 17
[10/05/26 08:25:17] D2BS 5964: granted: [ArmR] 18
[10/05/26 08:25:17] D2BS 5964: Loaded ÿc9[AutoSmurf.js]
[10/05/26 08:25:20] D2BS 5964: MiniShopBot: true
[10/05/26 08:25:20] D2BS 5964: farmingON
[10/05/26 08:25:20] D2BS 5964: UseMerc: true HP: 70
[10/05/26 08:25:39] D2BS 5964: equipped: [ArmR] 14
[10/05/26 08:25:39] D2BS 5964: Merc matched: Blessed Aim
[10/05/26 08:25:44] D2BS 5964: Token needed
[10/05/26 08:25:48] D2BS 5964: act5+ BO
[10/05/26 08:26:03] D2BS 5964: ÿc4=== [BAAL] ===
[10/05/26 08:29:01] D2BS 5964: ÿc4=== [COUNTESS] ===
[10/05/26 08:30:17] D2BS 5964: ÿc4=== [PIT] ===
[10/05/26 08:31:47] D2BS 5964: ÿc4=== [ANDY] ===
[10/05/26 08:32:46] D2BS 5964: ÿc4=== [MEPHISTO] ===
[10/05/26 08:34:12] D2BS 5964: ÿc4=== [DIABLO] ===
[10/05/26 08:39:39] D2BS 5964: party has left: fowo-xe
[10/05/26 08:39:39] D2BS 5964:  [14:22] +24.05% / [Level 84] 46.10%
[10/05/26 08:39:39] D2BS 5964: Script threads\autobuildthread.js ended
[10/05/26 08:39:39] D2BS 5964: Script threads\partythread.js ended
[10/05/26 08:39:39] D2BS 5964: Script threads\townchicken.js ended
[10/05/26 08:39:39] D2BS 5964: Script default.dbj ended
[10/05/26 08:39:52] D2BS 5964: joining game pz-106
[10/05/26 08:39:54] D2BS 5964: ÿc2D2BSÿc0 :: Starting default.dbj
[10/05/26 08:39:54] D2BS 5964: ÿc2D2BSÿc0 :: default.dbj running.
[10/05/26 08:39:54] D2BS 5964: Loaded ÿc9[X.nip] [Y.nip] [Z.nip] [V.nip] [A.TRAP.nip]
[10/05/26 08:39:54] D2BS 5964: Loaded ÿc9[A.TRAP.js]
[10/05/26 08:39:54] D2BS 5964: equipped: [Head] 15
[10/05/26 08:39:54] D2BS 5964: equipped: [Neck] 15
[10/05/26 08:39:54] D2BS 5964: equipped: [Body] 19
[10/05/26 08:39:54] D2BS 5964: equipped: [ArmR] 14
[10/05/26 08:39:54] D2BS 5964: equipped: [ArmL] 26
[10/05/26 08:39:54] D2BS 5964: equipped: [RingR] 11
[10/05/26 08:39:54] D2BS 5964: equipped: [RingL] 11
[10/05/26 08:39:54] D2BS 5964: equipped: [Belt] 19
[10/05/26 08:39:54] D2BS 5964: equipped: [Boots] 12
[10/05/26 08:39:54] D2BS 5964: equipped: [Mitts] 11
[10/05/26 08:39:54] D2BS 5964: updateStat
[10/05/26 08:39:54] D2BS 5964: granted: [Head] 15
[10/05/26 08:39:54] D2BS 5964: granted: [Body] 17
[10/05/26 08:39:54] D2BS 5964: granted: [ArmR] 18
[10/05/26 08:39:54] D2BS 5964: Loaded ÿc9[AutoSmurf.js]
[10/05/26 08:39:59] D2BS 5964: farmingON
[10/05/26 08:40:00] D2BS 5964: MiniShopBot: true
[10/05/26 08:40:00] D2BS 5964: UseMerc: true HP: 70
[10/05/26 08:40:20] D2BS 5964: Merc matched: Blessed Aim
[10/05/26 08:40:30] D2BS 5964: Token needed
[10/05/26 08:40:34] D2BS 5964: act5+ BO
[10/05/26 08:40:48] D2BS 5964: ÿc4=== [BAAL] ===
[10/05/26 08:40:56] D2BS 5964: party has left: fowo-xa
[10/05/26 08:40:56] D2BS 5964: no exp [01:02]
[10/05/26 08:40:56] D2BS 5964: Script threads\autobuildthread.js ended
[10/05/26 08:40:56] D2BS 5964: Script threads\partythread.js ended
[10/05/26 08:40:56] D2BS 5964: Script threads\townchicken.js ended
[10/05/26 08:40:56] D2BS 5964: Script default.dbj ended
[10/05/26 08:41:08] D2BS 5964: joining game pz-107
[10/05/26 08:41:10] D2BS 5964: ÿc2D2BSÿc0 :: Starting default.dbj
[10/05/26 08:41:10] D2BS 5964: ÿc2D2BSÿc0 :: default.dbj running.
[10/05/26 08:41:10] D2BS 5964: Loaded ÿc9[X.nip] [Y.nip] [Z.nip] [V.nip] [A.TRAP.nip]
[10/05/26 08:41:10] D2BS 5964: Loaded ÿc9[A.TRAP.js]
[10/05/26 08:41:10] D2BS 5964: equipped: [Head] 15
[10/05/26 08:41:10] D2BS 5964: equipped: [Neck] 15
[10/05/26 08:41:10] D2BS 5964: equipped: [Body] 19
[10/05/26 08:41:10] D2BS 5964: equipped: [ArmR] 14
[10/05/26 08:41:10] D2BS 5964: equipped: [ArmL] 26
[10/05/26 08:41:10] D2BS 5964: equipped: [RingR] 11
[10/05/26 08:41:10] D2BS 5964: equipped: [RingL] 11
[10/05/26 08:41:10] D2BS 5964: equipped: [Belt] 19
[10/05/26 08:41:10] D2BS 5964: equipped: [Boots] 12
[10/05/26 08:41:10] D2BS 5964: equipped: [Mitts] 11
[10/05/26 08:41:10] D2BS 5964: updateStat
[10/05/26 08:41:10] D2BS 5964: granted: [Head] 15
[10/05/26 08:41:10] D2BS 5964: granted: [Body] 17
[10/05/26 08:41:10] D2BS 5964: granted: [ArmR] 18
[10/05/26 08:41:10] D2BS 5964: Loaded ÿc9[AutoSmurf.js]
[10/05/26 08:41:12] D2BS 5964: farmingON
[10/05/26 08:41:12] D2BS 5964: MiniShopBot: true
[10/05/26 08:41:12] D2BS 5964: UseMerc: true HP: 70
[10/05/26 08:41:30] D2BS 5964: Merc matched: Blessed Aim
[10/05/26 08:41:35] D2BS 5964: Token needed
[10/05/26 08:41:39] D2BS 5964: act5+ BO
[10/05/26 08:41:53] D2BS 5964: ÿc4=== [BAAL] ===
[10/05/26 08:42:10] D2BS 5964: Baal failed: souls found
[10/05/26 08:42:10] D2BS 5964: ÿc4=== [COUNTESS] ===
[10/05/26 08:43:53] D2BS 5964: ÿc4=== [PIT] ===
[10/05/26 08:44:41] D2BS 5964: updateStat
[10/05/26 08:45:37] D2BS 5964: ÿc4=== [ANDY] ===
[10/05/26 08:46:32] D2BS 5964: ÿc4=== [MEPHISTO] ===
[10/05/26 08:48:17] D2BS 5964: ÿc4=== [DIABLO] ===
[10/05/26 08:50:09] D2BS 5964: Going to town
[10/05/26 08:54:12] D2BS 5964: party has left: fowo-xe
[10/05/26 08:54:12] D2BS 5964:  [13:02] +18.93% / [Level 84] 65.02%
[10/05/26 08:54:12] D2BS 5964: Script threads\autobuildthread.js ended
[10/05/26 08:54:12] D2BS 5964: Script threads\partythread.js ended
[10/05/26 08:54:12] D2BS 5964: Script threads\townchicken.js ended
[10/05/26 08:54:12] D2BS 5964: Script default.dbj ended
[10/05/26 08:54:25] D2BS 5964: joining game pz-108
[10/05/26 08:54:27] D2BS 5964: ÿc2D2BSÿc0 :: Starting default.dbj
[10/05/26 08:54:27] D2BS 5964: ÿc2D2BSÿc0 :: default.dbj running.
[10/05/26 08:54:27] D2BS 5964: Loaded ÿc9[X.nip] [Y.nip] [Z.nip] [V.nip] [A.TRAP.nip]
[10/05/26 08:54:27] D2BS 5964: Loaded ÿc9[A.TRAP.js]
[10/05/26 08:54:27] D2BS 5964: equipped: [Head] 15
[10/05/26 08:54:27] D2BS 5964: equipped: [Neck] 15
[10/05/26 08:54:27] D2BS 5964: equipped: [Body] 19
[10/05/26 08:54:27] D2BS 5964: equipped: [ArmR] 14
[10/05/26 08:54:27] D2BS 5964: equipped: [ArmL] 26
[10/05/26 08:54:27] D2BS 5964: equipped: [RingR] 11
[10/05/26 08:54:27] D2BS 5964: equipped: [RingL] 11
[10/05/26 08:54:27] D2BS 5964: equipped: [Belt] 19
[10/05/26 08:54:27] D2BS 5964: equipped: [Boots] 12
[10/05/26 08:54:27] D2BS 5964: equipped: [Mitts] 11
[10/05/26 08:54:27] D2BS 5964: updateStat
[10/05/26 08:54:27] D2BS 5964: granted: [Head] 15
[10/05/26 08:54:27] D2BS 5964: granted: [Body] 17
[10/05/26 08:54:27] D2BS 5964: granted: [ArmR] 18
[10/05/26 08:54:27] D2BS 5964: Loaded ÿc9[AutoSmurf.js]
[10/05/26 08:54:34] D2BS 5964: farmingON
[10/05/26 08:54:34] D2BS 5964: MiniShopBot: true
[10/05/26 08:54:34] D2BS 5964: UseMerc: true HP: 70
[10/05/26 08:55:02] D2BS 5964: equipped: [RingR] 13
[10/05/26 08:55:03] D2BS 5964: equipped: [RingL] 13
[10/05/26 08:55:06] D2BS 5964: Merc matched: Blessed Aim
[10/05/26 08:55:11] D2BS 5964: Token needed
[10/05/26 08:55:15] D2BS 5964: act5+ BO
[10/05/26 08:55:28] D2BS 5964: ÿc4=== [BAAL] ===
[10/05/26 08:55:41] D2BS 5964: Baal failed: souls found
[10/05/26 08:55:41] D2BS 5964: ÿc4=== [COUNTESS] ===
[10/05/26 08:55:44] D2BS 5964: equipped: [Neck] 16
[10/05/26 08:56:43] D2BS 5964: ÿc4=== [PIT] ===
[10/05/26 08:58:10] D2BS 5964: ÿc4=== [ANDY] ===
[10/05/26 08:58:59] D2BS 5964: ÿc4=== [MEPHISTO] ===
[10/05/26 09:00:38] D2BS 5964: ÿc4=== [DIABLO] ===
[10/05/26 09:03:11] D2BS 5964: party has left: fowo-xa
[10/05/26 09:03:11] D2BS 5964:  [08:44] +9.31% / [Level 84] 74.33%
[10/05/26 09:03:11] D2BS 5964: Script threads\autobuildthread.js ended
[10/05/26 09:03:11] D2BS 5964: Script threads\partythread.js ended
[10/05/26 09:03:11] D2BS 5964: Script threads\townchicken.js ended
[10/05/26 09:03:11] D2BS 5964: Script default.dbj ended
[10/05/26 09:03:25] D2BS 5964: joining game pz-109
[10/05/26 09:03:26] D2BS 5964: ÿc2D2BSÿc0 :: Starting default.dbj
[10/05/26 09:03:26] D2BS 5964: ÿc2D2BSÿc0 :: default.dbj running.
[10/05/26 09:03:27] D2BS 5964: Loaded ÿc9[X.nip] [Y.nip] [Z.nip] [V.nip] [A.TRAP.nip]
[10/05/26 09:03:27] D2BS 5964: Loaded ÿc9[A.TRAP.js]
[10/05/26 09:03:27] D2BS 5964: equipped: [Head] 15
[10/05/26 09:03:27] D2BS 5964: equipped: [Neck] 16
[10/05/26 09:03:27] D2BS 5964: equipped: [Body] 19
[10/05/26 09:03:27] D2BS 5964: equipped: [ArmR] 14
[10/05/26 09:03:27] D2BS 5964: equipped: [ArmL] 26
[10/05/26 09:03:27] D2BS 5964: equipped: [RingR] 13
[10/05/26 09:03:27] D2BS 5964: equipped: [RingL] 13
[10/05/26 09:03:27] D2BS 5964: equipped: [Belt] 19
[10/05/26 09:03:27] D2BS 5964: equipped: [Boots] 12
[10/05/26 09:03:27] D2BS 5964: equipped: [Mitts] 11
[10/05/26 09:03:27] D2BS 5964: updateStat
[10/05/26 09:03:27] D2BS 5964: granted: [Head] 15
[10/05/26 09:03:27] D2BS 5964: granted: [Body] 17
[10/05/26 09:03:27] D2BS 5964: granted: [ArmR] 18
[10/05/26 09:03:27] D2BS 5964: Loaded ÿc9[AutoSmurf.js]
[10/05/26 09:03:33] D2BS 5964: farmingON
[10/05/26 09:03:34] D2BS 5964: MiniShopBot: true
[10/05/26 09:03:34] D2BS 5964: UseMerc: true HP: 70
[10/05/26 09:03:52] D2BS 5964: Merc matched: Blessed Aim
[10/05/26 09:04:06] D2BS 5964: Token needed
[10/05/26 09:04:11] D2BS 5964: act5+ BO
[10/05/26 09:04:25] D2BS 5964: ÿc4=== [BAAL] ===
[10/05/26 09:08:10] D2BS 5964: ÿc4=== [COUNTESS] ===
[10/05/26 09:09:44] D2BS 5964: ÿc4=== [PIT] ===
[10/05/26 09:10:43] D2BS 5964: updateStat
[10/05/26 09:11:48] D2BS 5964: ÿc4=== [ANDY] ===
[10/05/26 09:12:37] D2BS 5964: ÿc4=== [MEPHISTO] ===
[10/05/26 09:14:19] D2BS 5964: ÿc4=== [DIABLO] ===
[10/05/26 09:17:05] D2BS 5964: updateStat
[10/05/26 09:20:48] D2BS 5964: party has left: fowo-xe
[10/05/26 09:20:48] D2BS 5964:  [17:22] +30.02% / [Level 85] 6.48%
[10/05/26 09:20:48] D2BS 5964: Script threads\autobuildthread.js ended
[10/05/26 09:20:48] D2BS 5964: Script threads\partythread.js ended
[10/05/26 09:20:48] D2BS 5964: Script threads\townchicken.js ended
[10/05/26 09:20:48] D2BS 5964: Script default.dbj ended
[10/05/26 09:21:01] D2BS 5964: joining game pz-110
[10/05/26 09:21:02] D2BS 5964: ÿc2D2BSÿc0 :: Starting default.dbj
[10/05/26 09:21:02] D2BS 5964: ÿc2D2BSÿc0 :: default.dbj running.
[10/05/26 09:21:03] D2BS 5964: Loaded ÿc9[X.nip] [Y.nip] [Z.nip] [V.nip] [A.TRAP.nip]
[10/05/26 09:21:03] D2BS 5964: Loaded ÿc9[A.TRAP.js]
[10/05/26 09:21:03] D2BS 5964: equipped: [Head] 15
[10/05/26 09:21:03] D2BS 5964: equipped: [Neck] 16
[10/05/26 09:21:03] D2BS 5964: equipped: [Body] 19
[10/05/26 09:21:03] D2BS 5964: equipped: [ArmR] 14
[10/05/26 09:21:03] D2BS 5964: equipped: [ArmL] 26
[10/05/26 09:21:03] D2BS 5964: equipped: [RingR] 13
[10/05/26 09:21:03] D2BS 5964: equipped: [RingL] 13
[10/05/26 09:21:03] D2BS 5964: equipped: [Belt] 19
[10/05/26 09:21:03] D2BS 5964: equipped: [Boots] 12
[10/05/26 09:21:03] D2BS 5964: equipped: [Mitts] 11
[10/05/26 09:21:03] D2BS 5964: updateStat
[10/05/26 09:21:03] D2BS 5964: granted: [Head] 15
[10/05/26 09:21:03] D2BS 5964: granted: [Body] 17
[10/05/26 09:21:03] D2BS 5964: granted: [ArmR] 18
[10/05/26 09:21:03] D2BS 5964: Loaded ÿc9[AutoSmurf.js]
[10/05/26 09:21:08] D2BS 5964: farmingON
[10/05/26 09:21:11] D2BS 5964: MiniShopBot: true
[10/05/26 09:21:11] D2BS 5964: UseMerc: true HP: 70
[10/05/26 09:21:35] D2BS 5964: Merc matched: Blessed Aim
[10/05/26 09:21:41] D2BS 5964: Token needed
[10/05/26 09:21:46] D2BS 5964: act5+ BO
[10/05/26 09:22:00] D2BS 5964: ÿc4=== [BAAL] ===
[10/05/26 09:22:07] D2BS 5964: party has left: fowo-xa
[10/05/26 09:22:07] D2BS 5964: no exp [01:05]
[10/05/26 09:22:07] D2BS 5964: Script threads\autobuildthread.js ended
[10/05/26 09:22:07] D2BS 5964: Script threads\partythread.js ended
[10/05/26 09:22:07] D2BS 5964: Script threads\townchicken.js ended
[10/05/26 09:22:07] D2BS 5964: Script default.dbj ended
[10/05/26 09:22:20] D2BS 5964: joining game pz-111
[10/05/26 09:22:22] D2BS 5964: ÿc2D2BSÿc0 :: Starting default.dbj
[10/05/26 09:22:22] D2BS 5964: ÿc2D2BSÿc0 :: default.dbj running.
[10/05/26 09:22:22] D2BS 5964: Loaded ÿc9[X.nip] [Y.nip] [Z.nip] [V.nip] [A.TRAP.nip]
[10/05/26 09:22:22] D2BS 5964: Loaded ÿc9[A.TRAP.js]
[10/05/26 09:22:22] D2BS 5964: equipped: [Head] 15
[10/05/26 09:22:22] D2BS 5964: equipped: [Neck] 16
[10/05/26 09:22:22] D2BS 5964: equipped: [Body] 19
[10/05/26 09:22:22] D2BS 5964: equipped: [ArmR] 14
[10/05/26 09:22:22] D2BS 5964: equipped: [ArmL] 26
[10/05/26 09:22:22] D2BS 5964: equipped: [RingR] 13
[10/05/26 09:22:22] D2BS 5964: equipped: [RingL] 13
[10/05/26 09:22:22] D2BS 5964: equipped: [Belt] 19
[10/05/26 09:22:22] D2BS 5964: equipped: [Boots] 12
[10/05/26 09:22:22] D2BS 5964: equipped: [Mitts] 11
[10/05/26 09:22:22] D2BS 5964: updateStat
[10/05/26 09:22:22] D2BS 5964: granted: [Head] 15
[10/05/26 09:22:22] D2BS 5964: granted: [Body] 17
[10/05/26 09:22:22] D2BS 5964: granted: [ArmR] 18
[10/05/26 09:22:22] D2BS 5964: Loaded ÿc9[AutoSmurf.js]
[10/05/26 09:22:24] D2BS 5964: MiniShopBot: true
[10/05/26 09:22:24] D2BS 5964: farmingON
[10/05/26 09:22:24] D2BS 5964: UseMerc: true HP: 70
[10/05/26 09:22:38] D2BS 5964: Merc matched: Blessed Aim
[10/05/26 09:22:48] D2BS 5964: Token needed
[10/05/26 09:22:52] D2BS 5964: act5+ BO
[10/05/26 09:23:05] D2BS 5964: ÿc4=== [BAAL] ===
[10/05/26 09:23:13] D2BS 5964: party has left: fowo-xa
[10/05/26 09:23:13] D2BS 5964: no exp [00:52]
[10/05/26 09:23:13] D2BS 5964: Script threads\autobuildthread.js ended
[10/05/26 09:23:13] D2BS 5964: Script threads\partythread.js ended
[10/05/26 09:23:14] D2BS 5964: Script threads\townchicken.js ended
[10/05/26 09:23:14] D2BS 5964: Script default.dbj ended
[10/05/26 09:23:29] D2BS 5964: joining game pz-112
[10/05/26 09:23:31] D2BS 5964: ÿc2D2BSÿc0 :: Starting default.dbj
[10/05/26 09:23:31] D2BS 5964: ÿc2D2BSÿc0 :: default.dbj running.
[10/05/26 09:23:31] D2BS 5964: Loaded ÿc9[X.nip] [Y.nip] [Z.nip] [V.nip] [A.TRAP.nip]
[10/05/26 09:23:31] D2BS 5964: Loaded ÿc9[A.TRAP.js]
[10/05/26 09:23:31] D2BS 5964: equipped: [Head] 15
[10/05/26 09:23:31] D2BS 5964: equipped: [Neck] 16
[10/05/26 09:23:31] D2BS 5964: equipped: [Body] 19
[10/05/26 09:23:31] D2BS 5964: equipped: [ArmR] 14
[10/05/26 09:23:31] D2BS 5964: equipped: [ArmL] 26
[10/05/26 09:23:31] D2BS 5964: equipped: [RingR] 13
[10/05/26 09:23:31] D2BS 5964: equipped: [RingL] 13
[10/05/26 09:23:31] D2BS 5964: equipped: [Belt] 19
[10/05/26 09:23:31] D2BS 5964: equipped: [Boots] 12
[10/05/26 09:23:31] D2BS 5964: equipped: [Mitts] 11
[10/05/26 09:23:31] D2BS 5964: updateStat
[10/05/26 09:23:31] D2BS 5964: granted: [Head] 15
[10/05/26 09:23:31] D2BS 5964: granted: [Body] 17
[10/05/26 09:23:31] D2BS 5964: granted: [ArmR] 18
[10/05/26 09:23:31] D2BS 5964: Loaded ÿc9[AutoSmurf.js]
[10/05/26 09:23:33] D2BS 5964: farmingON
[10/05/26 09:23:34] D2BS 5964: MiniShopBot: true
[10/05/26 09:23:34] D2BS 5964: UseMerc: true HP: 70
[10/05/26 09:23:50] D2BS 5964: Merc matched: Blessed Aim
[10/05/26 09:23:59] D2BS 5964: Token needed
[10/05/26 09:24:03] D2BS 5964: act5+ BO
[10/05/26 09:24:16] D2BS 5964: ÿc4=== [BAAL] ===
[10/05/26 09:27:38] D2BS 5964: ÿc4=== [COUNTESS] ===
[10/05/26 09:28:54] D2BS 5964: ÿc4=== [PIT] ===
[10/05/26 09:30:36] D2BS 5964: ÿc4=== [ANDY] ===
[10/05/26 09:31:51] D2BS 5964: ÿc4=== [MEPHISTO] ===
[10/05/26 09:33:02] D2BS 5964: ÿc4=== [DIABLO] ===
[10/05/26 09:34:01] D2BS 5964: updateStat
[10/05/26 09:41:04] D2BS 5964: party has left: fowo-xa
[10/05/26 09:41:04] D2BS 5964:  [17:34] +24.56% / [Level 85] 31.03%
[10/05/26 09:41:04] D2BS 5964: Script threads\autobuildthread.js ended
[10/05/26 09:41:04] D2BS 5964: Script threads\partythread.js ended
[10/05/26 09:41:04] D2BS 5964: Script threads\townchicken.js ended
[10/05/26 09:41:04] D2BS 5964: Script default.dbj ended
[10/05/26 09:41:16] D2BS 5964: joining game pz-113
[10/05/26 09:41:17] D2BS 5964: ÿc2D2BSÿc0 :: Starting default.dbj
[10/05/26 09:41:17] D2BS 5964: ÿc2D2BSÿc0 :: default.dbj running.
[10/05/26 09:41:18] D2BS 5964: Loaded ÿc9[X.nip] [Y.nip] [Z.nip] [V.nip] [A.TRAP.nip]
[10/05/26 09:41:18] D2BS 5964: Loaded ÿc9[A.TRAP.js]
[10/05/26 09:41:18] D2BS 5964: equipped: [Head] 15
[10/05/26 09:41:18] D2BS 5964: equipped: [Neck] 16
[10/05/26 09:41:18] D2BS 5964: equipped: [Body] 19
[10/05/26 09:41:18] D2BS 5964: equipped: [ArmR] 14
[10/05/26 09:41:18] D2BS 5964: equipped: [ArmL] 26
[10/05/26 09:41:18] D2BS 5964: equipped: [RingR] 13
[10/05/26 09:41:18] D2BS 5964: equipped: [RingL] 13
[10/05/26 09:41:18] D2BS 5964: equipped: [Belt] 19
[10/05/26 09:41:18] D2BS 5964: equipped: [Boots] 12
[10/05/26 09:41:18] D2BS 5964: equipped: [Mitts] 11
[10/05/26 09:41:18] D2BS 5964: updateStat
[10/05/26 09:41:18] D2BS 5964: granted: [Head] 15
[10/05/26 09:41:18] D2BS 5964: granted: [Body] 17
[10/05/26 09:41:18] D2BS 5964: granted: [ArmR] 18
[10/05/26 09:41:18] D2BS 5964: Loaded ÿc9[AutoSmurf.js]
[10/05/26 09:41:22] D2BS 5964: farmingON
[10/05/26 09:41:23] D2BS 5964: MiniShopBot: true
[10/05/26 09:41:23] D2BS 5964: UseMerc: true HP: 70
[10/05/26 09:41:43] D2BS 5964: Merc matched: Blessed Aim
[10/05/26 09:41:58] D2BS 5964: Token needed
[10/05/26 09:42:03] D2BS 5964: act5+ BO
[10/05/26 09:42:17] D2BS 5964: ÿc4=== [BAAL] ===
[10/05/26 09:46:12] D2BS 5964: ÿc4=== [COUNTESS] ===
[10/05/26 09:47:34] D2BS 5964: ÿc4=== [PIT] ===
[10/05/26 09:49:18] D2BS 5964: ÿc4=== [ANDY] ===
[10/05/26 09:50:35] D2BS 5964: ÿc4=== [MEPHISTO] ===
[10/05/26 09:52:02] D2BS 5964: ÿc4=== [DIABLO] ===
[10/05/26 09:55:14] D2BS 5964: updateStat
[10/05/26 09:59:47] D2BS 5964: party has left: fowo-xb
[10/05/26 09:59:47] D2BS 5964:  [18:31] +22.55% / [Level 85] 53.59%
[10/05/26 09:59:48] D2BS 5964: Script threads\autobuildthread.js ended
[10/05/26 09:59:48] D2BS 5964: Script threads\partythread.js ended
[10/05/26 09:59:48] D2BS 5964: Script threads\townchicken.js ended
[10/05/26 09:59:48] D2BS 5964: Script default.dbj ended
[10/05/26 10:00:00] D2BS 5964: joining game pz-114
[10/05/26 10:00:02] D2BS 5964: ÿc2D2BSÿc0 :: Starting default.dbj
[10/05/26 10:00:02] D2BS 5964: ÿc2D2BSÿc0 :: default.dbj running.
[10/05/26 10:00:03] D2BS 5964: Loaded ÿc9[X.nip] [Y.nip] [Z.nip] [V.nip] [A.TRAP.nip]
[10/05/26 10:00:03] D2BS 5964: Loaded ÿc9[A.TRAP.js]
[10/05/26 10:00:03] D2BS 5964: equipped: [Head] 15
[10/05/26 10:00:03] D2BS 5964: equipped: [Neck] 16
[10/05/26 10:00:03] D2BS 5964: equipped: [Body] 19
[10/05/26 10:00:03] D2BS 5964: equipped: [ArmR] 14
[10/05/26 10:00:03] D2BS 5964: equipped: [ArmL] 26
[10/05/26 10:00:03] D2BS 5964: equipped: [RingR] 13
[10/05/26 10:00:03] D2BS 5964: equipped: [RingL] 13
[10/05/26 10:00:03] D2BS 5964: equipped: [Belt] 19
[10/05/26 10:00:03] D2BS 5964: equipped: [Boots] 12
[10/05/26 10:00:03] D2BS 5964: equipped: [Mitts] 11
[10/05/26 10:00:03] D2BS 5964: updateStat
[10/05/26 10:00:03] D2BS 5964: granted: [Head] 15
[10/05/26 10:00:03] D2BS 5964: granted: [Body] 17
[10/05/26 10:00:03] D2BS 5964: granted: [ArmR] 18
[10/05/26 10:00:03] D2BS 5964: Loaded ÿc9[AutoSmurf.js]
[10/05/26 10:00:07] D2BS 5964: farmingON
[10/05/26 10:00:09] D2BS 5964: MiniShopBot: true
[10/05/26 10:00:09] D2BS 5964: UseMerc: true HP: 70
[10/05/26 10:00:27] D2BS 5964: Merc matched: Blessed Aim
[10/05/26 10:00:38] D2BS 5964: Token needed
[10/05/26 10:00:42] D2BS 5964: act5+ BO
[10/05/26 10:00:56] D2BS 5964: ÿc4=== [BAAL] ===
[10/05/26 10:01:11] D2BS 5964: Baal failed: souls found
[10/05/26 10:01:11] D2BS 5964: ÿc4=== [COUNTESS] ===
[10/05/26 10:02:21] D2BS 5964: ÿc4=== [PIT] ===
[10/05/26 10:04:40] D2BS 5964: ÿc4=== [ANDY] ===
[10/05/26 10:05:33] D2BS 5964: ÿc4=== [MEPHISTO] ===
[10/05/26 10:06:47] D2BS 5964: ÿc4=== [DIABLO] ===
[10/05/26 10:13:05] D2BS 5964: party has left: fowo-xa
[10/05/26 10:13:05] D2BS 5964:  [13:03] +12.20% / [Level 85] 65.78%
[10/05/26 10:13:05] D2BS 5964: Script threads\autobuildthread.js ended
[10/05/26 10:13:05] D2BS 5964: Script threads\partythread.js ended
[10/05/26 10:13:05] D2BS 5964: Script threads\townchicken.js ended
[10/05/26 10:13:05] D2BS 5964: Script default.dbj ended
[10/05/26 10:13:17] D2BS 5964: joining game pz-115
[10/05/26 10:13:18] D2BS 5964: ÿc2D2BSÿc0 :: Starting default.dbj
[10/05/26 10:13:18] D2BS 5964: ÿc2D2BSÿc0 :: default.dbj running.
[10/05/26 10:13:19] D2BS 5964: Loaded ÿc9[X.nip] [Y.nip] [Z.nip] [V.nip] [A.TRAP.nip]
[10/05/26 10:13:19] D2BS 5964: Loaded ÿc9[A.TRAP.js]
[10/05/26 10:13:19] D2BS 5964: equipped: [Head] 15
[10/05/26 10:13:19] D2BS 5964: equipped: [Neck] 16
[10/05/26 10:13:19] D2BS 5964: equipped: [Body] 19
[10/05/26 10:13:19] D2BS 5964: equipped: [ArmR] 14
[10/05/26 10:13:19] D2BS 5964: equipped: [ArmL] 26
[10/05/26 10:13:19] D2BS 5964: equipped: [RingR] 13
[10/05/26 10:13:19] D2BS 5964: equipped: [RingL] 13
[10/05/26 10:13:19] D2BS 5964: equipped: [Belt] 19
[10/05/26 10:13:19] D2BS 5964: equipped: [Boots] 12
[10/05/26 10:13:19] D2BS 5964: equipped: [Mitts] 11
[10/05/26 10:13:19] D2BS 5964: updateStat
[10/05/26 10:13:19] D2BS 5964: granted: [Head] 15
[10/05/26 10:13:19] D2BS 5964: granted: [Body] 17
[10/05/26 10:13:19] D2BS 5964: granted: [ArmR] 18
[10/05/26 10:13:19] D2BS 5964: Loaded ÿc9[AutoSmurf.js]
[10/05/26 10:13:24] D2BS 5964: farmingON
[10/05/26 10:13:24] D2BS 5964: MiniShopBot: true
[10/05/26 10:13:24] D2BS 5964: UseMerc: true HP: 70
[10/05/26 10:13:46] D2BS 5964: equipped: [ArmR] 15
[10/05/26 10:13:47] D2BS 5964: granted: [ArmR] 23
[10/05/26 10:13:47] D2BS 5964: Merc matched: Blessed Aim
[10/05/26 10:13:53] D2BS 5964: Token needed
[10/05/26 10:13:58] D2BS 5964: act5+ BO
[10/05/26 10:14:11] D2BS 5964: ÿc4=== [BAAL] ===
[10/05/26 10:15:51] D2BS 5964: updateStat
[10/05/26 10:16:16] D2BS 5964: Going to town
[10/05/26 10:17:59] D2BS 5964: ÿc4=== [COUNTESS] ===
[10/05/26 10:19:16] D2BS 5964: ÿc4=== [PIT] ===
[10/05/26 10:20:58] D2BS 5964: ÿc4=== [ANDY] ===
[10/05/26 10:21:55] D2BS 5964: ÿc4=== [MEPHISTO] ===
[10/05/26 10:23:19] D2BS 5964: ÿc4=== [DIABLO] ===
[10/05/26 10:29:55] D2BS 5964: party has left: fowo-xe, fowo-xg
[10/05/26 10:29:55] D2BS 5964:  [16:37] +22.43% / [Level 85] 88.21%
[10/05/26 10:29:55] D2BS 5964: Script threads\autobuildthread.js ended
[10/05/26 10:29:55] D2BS 5964: Script threads\partythread.js ended
[10/05/26 10:29:55] D2BS 5964: Script threads\townchicken.js ended
[10/05/26 10:29:55] D2BS 5964: Script default.dbj ended
[10/05/26 10:30:09] D2BS 5964: joining game pz-116
[10/05/26 10:30:10] D2BS 5964: ÿc2D2BSÿc0 :: Starting default.dbj
[10/05/26 10:30:10] D2BS 5964: ÿc2D2BSÿc0 :: default.dbj running.
[10/05/26 10:30:11] D2BS 5964: Loaded ÿc9[X.nip] [Y.nip] [Z.nip] [V.nip] [A.TRAP.nip]
[10/05/26 10:30:11] D2BS 5964: Loaded ÿc9[A.TRAP.js]
[10/05/26 10:30:11] D2BS 5964: equipped: [Head] 15
[10/05/26 10:30:11] D2BS 5964: equipped: [Neck] 16
[10/05/26 10:30:11] D2BS 5964: equipped: [Body] 19
[10/05/26 10:30:11] D2BS 5964: equipped: [ArmR] 15
[10/05/26 10:30:11] D2BS 5964: equipped: [ArmL] 26
[10/05/26 10:30:11] D2BS 5964: equipped: [RingR] 13
[10/05/26 10:30:11] D2BS 5964: equipped: [RingL] 13
[10/05/26 10:30:11] D2BS 5964: equipped: [Belt] 19
[10/05/26 10:30:11] D2BS 5964: equipped: [Boots] 12
[10/05/26 10:30:11] D2BS 5964: equipped: [Mitts] 11
[10/05/26 10:30:11] D2BS 5964: updateStat
[10/05/26 10:30:11] D2BS 5964: granted: [Head] 15
[10/05/26 10:30:11] D2BS 5964: granted: [Body] 17
[10/05/26 10:30:11] D2BS 5964: granted: [ArmR] 23
[10/05/26 10:30:11] D2BS 5964: Loaded ÿc9[AutoSmurf.js]
[10/05/26 10:30:16] D2BS 5964: farmingON
[10/05/26 10:30:16] D2BS 5964: MiniShopBot: true
[10/05/26 10:30:16] D2BS 5964: UseMerc: true HP: 70
[10/05/26 10:30:33] D2BS 5964: Merc matched: Blessed Aim
[10/05/26 10:30:47] D2BS 5964: Token needed
[10/05/26 10:30:52] D2BS 5964: act5+ BO
[10/05/26 10:31:04] D2BS 5964: ÿc4=== [BAAL] ===
[10/05/26 10:34:51] D2BS 5964: ÿc4=== [COUNTESS] ===
[10/05/26 10:34:53] D2BS 5964: granted: [Body] 18
[10/05/26 10:36:13] D2BS 5964: ÿc4=== [PIT] ===
[10/05/26 10:38:04] D2BS 5964: ÿc4=== [ANDY] ===
[10/05/26 10:38:59] D2BS 5964: ÿc4=== [MEPHISTO] ===
[10/05/26 10:40:09] D2BS 5964: ÿc4=== [DIABLO] ===
[10/05/26 10:43:11] D2BS 5964: party has left: fowo-xf
[10/05/26 10:43:11] D2BS 5964:  [13:01] +15.90% / [Level 86] 5.08%
[10/05/26 10:43:11] D2BS 5964: Script threads\autobuildthread.js ended
[10/05/26 10:43:11] D2BS 5964: Script threads\partythread.js ended
[10/05/26 10:43:11] D2BS 5964: Script threads\townchicken.js ended
[10/05/26 10:43:11] D2BS 5964: Script default.dbj ended
[10/05/26 10:43:24] D2BS 5964: joining game pz-117
[10/05/26 10:43:27] D2BS 5964: ÿc2D2BSÿc0 :: Starting default.dbj
[10/05/26 10:43:27] D2BS 5964: ÿc2D2BSÿc0 :: default.dbj running.
[10/05/26 10:43:27] D2BS 5964: Loaded ÿc9[X.nip] [Y.nip] [Z.nip] [V.nip] [A.TRAP.nip]
[10/05/26 10:43:27] D2BS 5964: Loaded ÿc9[A.TRAP.js]
[10/05/26 10:43:27] D2BS 5964: equipped: [Head] 15
[10/05/26 10:43:27] D2BS 5964: equipped: [Neck] 16
[10/05/26 10:43:27] D2BS 5964: equipped: [Body] 19
[10/05/26 10:43:27] D2BS 5964: equipped: [ArmR] 15
[10/05/26 10:43:27] D2BS 5964: equipped: [ArmL] 26
[10/05/26 10:43:27] D2BS 5964: equipped: [RingR] 13
[10/05/26 10:43:27] D2BS 5964: equipped: [RingL] 13
[10/05/26 10:43:27] D2BS 5964: equipped: [Belt] 19
[10/05/26 10:43:27] D2BS 5964: equipped: [Boots] 12
[10/05/26 10:43:27] D2BS 5964: equipped: [Mitts] 11
[10/05/26 10:43:27] D2BS 5964: updateStat
[10/05/26 10:43:27] D2BS 5964: granted: [Head] 15
[10/05/26 10:43:27] D2BS 5964: granted: [Body] 18
[10/05/26 10:43:27] D2BS 5964: granted: [ArmR] 23
[10/05/26 10:43:27] D2BS 5964: Loaded ÿc9[AutoSmurf.js]
[10/05/26 10:43:31] D2BS 5964: MiniShopBot: true
[10/05/26 10:43:32] D2BS 5964: farmingON
[10/05/26 10:43:32] D2BS 5964: UseMerc: true HP: 70
[10/05/26 10:43:50] D2BS 5964: granted: [Body] 19
[10/05/26 10:43:50] D2BS 5964: Merc matched: Blessed Aim
[10/05/26 10:44:04] D2BS 5964: Token needed
[10/05/26 10:44:08] D2BS 5964: act5+ BO
[10/05/26 10:44:21] D2BS 5964: ÿc4=== [BAAL] ===
[10/05/26 10:48:16] D2BS 5964: ÿc4=== [COUNTESS] ===
[10/05/26 10:49:43] D2BS 5964: ÿc4=== [PIT] ===
[10/05/26 10:51:40] D2BS 5964: ÿc4=== [ANDY] ===
[10/05/26 10:52:47] D2BS 5964: ÿc4=== [MEPHISTO] ===
[10/05/26 10:54:10] D2BS 5964: ÿc4=== [DIABLO] ===
[10/05/26 10:57:26] D2BS 5964: updateStat
[10/05/26 11:00:17] D2BS 5964: party has left: fowo-xa
[10/05/26 11:00:17] D2BS 5964:  [16:51] +18.33% / [Level 86] 23.41%
[10/05/26 11:00:17] D2BS 5964: Script threads\autobuildthread.js ended
[10/05/26 11:00:17] D2BS 5964: Script threads\partythread.js ended
[10/05/26 11:00:17] D2BS 5964: Script threads\townchicken.js ended
[10/05/26 11:00:17] D2BS 5964: Script default.dbj ended
[10/05/26 11:00:30] D2BS 5964: joining game pz-118
[10/05/26 11:00:32] D2BS 5964: ÿc2D2BSÿc0 :: Starting default.dbj
[10/05/26 11:00:32] D2BS 5964: ÿc2D2BSÿc0 :: default.dbj running.
[10/05/26 11:00:32] D2BS 5964: Loaded ÿc9[X.nip] [Y.nip] [Z.nip] [V.nip] [A.TRAP.nip]
[10/05/26 11:00:32] D2BS 5964: Loaded ÿc9[A.TRAP.js]
[10/05/26 11:00:32] D2BS 5964: equipped: [Head] 15
[10/05/26 11:00:32] D2BS 5964: equipped: [Neck] 16
[10/05/26 11:00:32] D2BS 5964: equipped: [Body] 19
[10/05/26 11:00:32] D2BS 5964: equipped: [ArmR] 15
[10/05/26 11:00:32] D2BS 5964: equipped: [ArmL] 26
[10/05/26 11:00:32] D2BS 5964: equipped: [RingR] 13
[10/05/26 11:00:32] D2BS 5964: equipped: [RingL] 13
[10/05/26 11:00:32] D2BS 5964: equipped: [Belt] 19
[10/05/26 11:00:32] D2BS 5964: equipped: [Boots] 12
[10/05/26 11:00:32] D2BS 5964: equipped: [Mitts] 11
[10/05/26 11:00:32] D2BS 5964: updateStat
[10/05/26 11:00:32] D2BS 5964: granted: [Head] 15
[10/05/26 11:00:32] D2BS 5964: granted: [Body] 19
[10/05/26 11:00:32] D2BS 5964: granted: [ArmR] 23
[10/05/26 11:00:32] D2BS 5964: Loaded ÿc9[AutoSmurf.js]
[10/05/26 11:00:37] D2BS 5964: farmingON
[10/05/26 11:00:42] D2BS 5964: MiniShopBot: true
[10/05/26 11:00:42] D2BS 5964: UseMerc: true HP: 70
[10/05/26 11:01:09] D2BS 5964: Merc matched: Blessed Aim
[10/05/26 11:01:12] D2BS 5964: Token needed
[10/05/26 11:01:17] D2BS 5964: act5+ BO
[10/05/26 11:01:30] D2BS 5964: ÿc4=== [BAAL] ===
[10/05/26 11:02:17] D2BS 5964: Going to town
[10/05/26 11:05:05] D2BS 5964: ÿc4=== [COUNTESS] ===
[10/05/26 11:06:07] D2BS 5964: ÿc4=== [PIT] ===
[10/05/26 11:07:41] D2BS 5964: ÿc4=== [ANDY] ===
[10/05/26 11:08:30] D2BS 5964: ÿc4=== [MEPHISTO] ===
[10/05/26 11:09:43] D2BS 5964: ÿc4=== [DIABLO] ===
[10/05/26 11:15:06] D2BS 5964: party has left: fowo-xb
[10/05/26 11:15:06] D2BS 5964:  [14:35] +16.93% / [Level 86] 40.34%
[10/05/26 11:15:06] D2BS 5964: Script threads\autobuildthread.js ended
[10/05/26 11:15:06] D2BS 5964: Script threads\partythread.js ended
[10/05/26 11:15:06] D2BS 5964: Script threads\townchicken.js ended
[10/05/26 11:15:07] D2BS 5964: Script default.dbj ended
[10/05/26 11:15:18] D2BS 5964: joining game pz-119
[10/05/26 11:15:20] D2BS 5964: ÿc2D2BSÿc0 :: Starting default.dbj
[10/05/26 11:15:20] D2BS 5964: ÿc2D2BSÿc0 :: default.dbj running.
[10/05/26 11:15:20] D2BS 5964: Loaded ÿc9[X.nip] [Y.nip] [Z.nip] [V.nip] [A.TRAP.nip]
[10/05/26 11:15:20] D2BS 5964: Loaded ÿc9[A.TRAP.js]
[10/05/26 11:15:20] D2BS 5964: equipped: [Head] 15
[10/05/26 11:15:20] D2BS 5964: equipped: [Neck] 16
[10/05/26 11:15:20] D2BS 5964: equipped: [Body] 19
[10/05/26 11:15:20] D2BS 5964: equipped: [ArmR] 15
[10/05/26 11:15:20] D2BS 5964: equipped: [ArmL] 26
[10/05/26 11:15:20] D2BS 5964: equipped: [RingR] 13
[10/05/26 11:15:20] D2BS 5964: equipped: [RingL] 13
[10/05/26 11:15:20] D2BS 5964: equipped: [Belt] 19
[10/05/26 11:15:20] D2BS 5964: equipped: [Boots] 12
[10/05/26 11:15:20] D2BS 5964: equipped: [Mitts] 11
[10/05/26 11:15:20] D2BS 5964: updateStat
[10/05/26 11:15:20] D2BS 5964: granted: [Head] 15
[10/05/26 11:15:20] D2BS 5964: granted: [Body] 19
[10/05/26 11:15:20] D2BS 5964: granted: [ArmR] 23
[10/05/26 11:15:20] D2BS 5964: Loaded ÿc9[AutoSmurf.js]
[10/05/26 11:15:26] D2BS 5964: farmingON
[10/05/26 11:15:29] D2BS 5964: MiniShopBot: true
[10/05/26 11:15:29] D2BS 5964: UseMerc: true HP: 70
[10/05/26 11:15:46] D2BS 5964: Merc matched: Blessed Aim
[10/05/26 11:16:03] D2BS 5964: Token needed
[10/05/26 11:16:07] D2BS 5964: act5+ BO
[10/05/26 11:16:20] D2BS 5964: ÿc4=== [BAAL] ===
[10/05/26 11:16:42] D2BS 5964: Baal failed: souls found
[10/05/26 11:16:42] D2BS 5964: ÿc4=== [COUNTESS] ===
[10/05/26 11:17:53] D2BS 5964: ÿc4=== [PIT] ===
[10/05/26 11:18:41] D2BS 5964: updateStat
[10/05/26 11:20:00] D2BS 5964: ÿc4=== [ANDY] ===
[10/05/26 11:21:17] D2BS 5964: ÿc4=== [MEPHISTO] ===
[10/05/26 11:22:27] D2BS 5964: ÿc4=== [DIABLO] ===
[10/05/26 11:28:43] D2BS 5964: Script ended
[10/05/26 11:28:43] D2BS 5964:  [13:24] +11.01% / [Level 86] 51.35%
[10/05/26 11:28:43] D2BS 5964: Script threads\autobuildthread.js ended
[10/05/26 11:28:43] D2BS 5964: Script threads\partythread.js ended
[10/05/26 11:28:43] D2BS 5964: Script threads\townchicken.js ended
[10/05/26 11:28:56] D2BS 5964: joining game pz-120
[10/05/26 11:28:58] D2BS 5964: ÿc2D2BSÿc0 :: Starting default.dbj
[10/05/26 11:28:58] D2BS 5964: ÿc2D2BSÿc0 :: default.dbj running.
[10/05/26 11:28:58] D2BS 5964: Loaded ÿc9[X.nip] [Y.nip] [Z.nip] [V.nip] [A.TRAP.nip]
[10/05/26 11:28:58] D2BS 5964: Loaded ÿc9[A.TRAP.js]
[10/05/26 11:28:58] D2BS 5964: equipped: [Head] 15
[10/05/26 11:28:58] D2BS 5964: equipped: [Neck] 16
[10/05/26 11:28:58] D2BS 5964: equipped: [Body] 19
[10/05/26 11:28:58] D2BS 5964: equipped: [ArmR] 15
[10/05/26 11:28:58] D2BS 5964: equipped: [ArmL] 26
[10/05/26 11:28:58] D2BS 5964: equipped: [RingR] 13
[10/05/26 11:28:58] D2BS 5964: equipped: [RingL] 13
[10/05/26 11:28:58] D2BS 5964: equipped: [Belt] 19
[10/05/26 11:28:59] D2BS 5964: equipped: [Boots] 12
[10/05/26 11:28:59] D2BS 5964: equipped: [Mitts] 11
[10/05/26 11:28:59] D2BS 5964: updateStat
[10/05/26 11:28:59] D2BS 5964: granted: [Head] 15
[10/05/26 11:28:59] D2BS 5964: granted: [Body] 19
[10/05/26 11:28:59] D2BS 5964: granted: [ArmR] 23
[10/05/26 11:28:59] D2BS 5964: Loaded ÿc9[AutoSmurf.js]
[10/05/26 11:29:04] D2BS 5964: farmingON
[10/05/26 11:29:05] D2BS 5964: MiniShopBot: true
[10/05/26 11:29:05] D2BS 5964: UseMerc: true HP: 70
[10/05/26 11:29:12] D2BS 5964: ÿc4[Runeword] ÿc0Spirit Broad Sword
[10/05/26 11:29:35] D2BS 5964: equipped: [ArmR] 32
[10/05/26 11:29:35] D2BS 5964: Merc matched: Blessed Aim
[10/05/26 11:29:57] D2BS 5964: Token needed
[10/05/26 11:30:01] D2BS 5964: act5+ BO
[10/05/26 11:30:14] D2BS 5964: ÿc4=== [BAAL] ===
[10/05/26 11:33:50] D2BS 5964: ÿc4=== [COUNTESS] ===
[10/05/26 11:35:10] D2BS 5964: ÿc4=== [PIT] ===
[10/05/26 11:36:59] D2BS 5964: ÿc4=== [ANDY] ===
[10/05/26 11:37:57] D2BS 5964: ÿc4=== [MEPHISTO] ===
[10/05/26 11:39:15] D2BS 5964: ÿc4=== [DIABLO] ===
[10/05/26 11:41:07] D2BS 5964: updateStat
[10/05/26 11:41:41] D2BS 5964: Going to town
[10/05/26 11:45:51] D2BS 5964: party has left: fowo-xa
[10/05/26 11:45:51] D2BS 5964:  [16:53] +15.85% / [Level 86] 67.20%
[10/05/26 11:45:51] D2BS 5964: Script threads\autobuildthread.js ended
[10/05/26 11:45:52] D2BS 5964: Script threads\partythread.js ended
[10/05/26 11:45:52] D2BS 5964: Script threads\townchicken.js ended
[10/05/26 11:45:52] D2BS 5964: Script default.dbj ended
[10/05/26 11:46:04] D2BS 5964: joining game pz-121
[10/05/26 11:46:07] D2BS 5964: ÿc2D2BSÿc0 :: Starting default.dbj
[10/05/26 11:46:07] D2BS 5964: ÿc2D2BSÿc0 :: default.dbj running.
[10/05/26 11:46:07] D2BS 5964: Loaded ÿc9[X.nip] [Y.nip] [Z.nip] [V.nip] [A.TRAP.nip]
[10/05/26 11:46:07] D2BS 5964: Loaded ÿc9[A.TRAP.js]
[10/05/26 11:46:07] D2BS 5964: equipped: [Head] 15
[10/05/26 11:46:07] D2BS 5964: equipped: [Neck] 16
[10/05/26 11:46:07] D2BS 5964: equipped: [Body] 19
[10/05/26 11:46:07] D2BS 5964: equipped: [ArmR] 32
[10/05/26 11:46:07] D2BS 5964: equipped: [ArmL] 26
[10/05/26 11:46:07] D2BS 5964: equipped: [RingR] 13
[10/05/26 11:46:07] D2BS 5964: equipped: [RingL] 13
[10/05/26 11:46:07] D2BS 5964: equipped: [Belt] 19
[10/05/26 11:46:07] D2BS 5964: equipped: [Boots] 12
[10/05/26 11:46:07] D2BS 5964: equipped: [Mitts] 11
[10/05/26 11:46:07] D2BS 5964: updateStat
[10/05/26 11:46:07] D2BS 5964: granted: [Head] 15
[10/05/26 11:46:07] D2BS 5964: granted: [Body] 19
[10/05/26 11:46:07] D2BS 5964: granted: [ArmR] 23
[10/05/26 11:46:07] D2BS 5964: Loaded ÿc9[AutoSmurf.js]
[10/05/26 11:46:12] D2BS 5964: farmingON
[10/05/26 11:46:14] D2BS 5964: MiniShopBot: true
[10/05/26 11:46:14] D2BS 5964: UseMerc: true HP: 70
[10/05/26 11:46:33] D2BS 5964: Merc matched: Blessed Aim
[10/05/26 11:46:44] D2BS 5964: Token needed
[10/05/26 11:46:48] D2BS 5964: act5+ BO
[10/05/26 11:47:02] D2BS 5964: ÿc4=== [BAAL] ===
[10/05/26 11:47:13] D2BS 5964: Baal failed: souls found
[10/05/26 11:47:13] D2BS 5964: ÿc4=== [COUNTESS] ===
[10/05/26 11:48:15] D2BS 5964: ÿc4=== [PIT] ===
[10/05/26 11:50:04] D2BS 5964: ÿc4=== [ANDY] ===
[10/05/26 11:51:20] D2BS 5964: ÿc4=== [MEPHISTO] ===
[10/05/26 11:52:44] D2BS 5964: ÿc4=== [DIABLO] ===
[10/05/26 11:59:51] D2BS 5964: party has left: fowo-xf
[10/05/26 11:59:51] D2BS 5964:  [13:45] +8.14% / [Level 86] 75.35%
[10/05/26 11:59:51] D2BS 5964: Script threads\autobuildthread.js ended
[10/05/26 11:59:51] D2BS 5964: Script threads\partythread.js ended
[10/05/26 11:59:51] D2BS 5964: Script threads\townchicken.js ended
[10/05/26 11:59:51] D2BS 5964: Script default.dbj ended
[10/05/26 12:00:05] D2BS 5964: joining game pz-122
[10/05/26 12:00:06] D2BS 5964: ÿc2D2BSÿc0 :: Starting default.dbj
[10/05/26 12:00:06] D2BS 5964: ÿc2D2BSÿc0 :: default.dbj running.
[10/05/26 12:00:06] D2BS 5964: Loaded ÿc9[X.nip] [Y.nip] [Z.nip] [V.nip] [A.TRAP.nip]
[10/05/26 12:00:06] D2BS 5964: Loaded ÿc9[A.TRAP.js]
[10/05/26 12:00:06] D2BS 5964: equipped: [Head] 15
[10/05/26 12:00:06] D2BS 5964: equipped: [Neck] 16
[10/05/26 12:00:07] D2BS 5964: equipped: [Body] 19
[10/05/26 12:00:07] D2BS 5964: equipped: [ArmR] 32
[10/05/26 12:00:07] D2BS 5964: equipped: [ArmL] 26
[10/05/26 12:00:07] D2BS 5964: equipped: [RingR] 13
[10/05/26 12:00:07] D2BS 5964: equipped: [RingL] 13
[10/05/26 12:00:07] D2BS 5964: equipped: [Belt] 19
[10/05/26 12:00:07] D2BS 5964: equipped: [Boots] 12
[10/05/26 12:00:07] D2BS 5964: equipped: [Mitts] 11
[10/05/26 12:00:07] D2BS 5964: updateStat
[10/05/26 12:00:07] D2BS 5964: granted: [Head] 15
[10/05/26 12:00:07] D2BS 5964: granted: [Body] 19
[10/05/26 12:00:07] D2BS 5964: granted: [ArmR] 23
[10/05/26 12:00:07] D2BS 5964: Loaded ÿc9[AutoSmurf.js]
[10/05/26 12:00:13] D2BS 5964: farmingON
[10/05/26 12:00:14] D2BS 5964: MiniShopBot: true
[10/05/26 12:00:14] D2BS 5964: UseMerc: true HP: 70
[10/05/26 12:00:35] D2BS 5964: Merc matched: Blessed Aim
[10/05/26 12:00:49] D2BS 5964: Token needed
[10/05/26 12:00:53] D2BS 5964: act5+ BO
[10/05/26 12:01:06] D2BS 5964: ÿc4=== [BAAL] ===
[10/05/26 12:01:43] D2BS 5964: updateStat
[10/05/26 12:02:07] D2BS 5964: Going to town
[10/05/26 12:05:03] D2BS 5964: ÿc4=== [COUNTESS] ===
[10/05/26 12:06:32] D2BS 5964: ÿc4=== [PIT] ===
[10/05/26 12:08:12] D2BS 5964: ÿc4=== [ANDY] ===
[10/05/26 12:09:10] D2BS 5964: ÿc4=== [MEPHISTO] ===
[10/05/26 12:10:50] D2BS 5964: ÿc4=== [DIABLO] ===
[10/05/26 12:17:19] D2BS 5964: party has left: fowo-xa
[10/05/26 12:17:19] D2BS 5964:  [17:12] +16.56% / [Level 86] 91.91%
[10/05/26 12:17:19] D2BS 5964: Script threads\autobuildthread.js ended
[10/05/26 12:17:19] D2BS 5964: Script threads\partythread.js ended
[10/05/26 12:17:19] D2BS 5964: Script threads\townchicken.js ended
[10/05/26 12:17:19] D2BS 5964: Script default.dbj ended
[10/05/26 12:17:31] D2BS 5964: joining game pz-123
[10/05/26 12:17:32] D2BS 5964: ÿc2D2BSÿc0 :: Starting default.dbj
[10/05/26 12:17:32] D2BS 5964: ÿc2D2BSÿc0 :: default.dbj running.
[10/05/26 12:17:34] D2BS 5964: Loaded ÿc9[X.nip] [Y.nip] [Z.nip] [V.nip] [A.TRAP.nip]
[10/05/26 12:17:34] D2BS 5964: Loaded ÿc9[A.TRAP.js]
[10/05/26 12:17:34] D2BS 5964: equipped: [Head] 15
[10/05/26 12:17:34] D2BS 5964: equipped: [Neck] 16
[10/05/26 12:17:34] D2BS 5964: equipped: [Body] 19
[10/05/26 12:17:34] D2BS 5964: equipped: [ArmR] 32
[10/05/26 12:17:34] D2BS 5964: equipped: [ArmL] 26
[10/05/26 12:17:34] D2BS 5964: equipped: [RingR] 13
[10/05/26 12:17:34] D2BS 5964: equipped: [RingL] 13
[10/05/26 12:17:34] D2BS 5964: equipped: [Belt] 19
[10/05/26 12:17:34] D2BS 5964: equipped: [Boots] 12
[10/05/26 12:17:34] D2BS 5964: equipped: [Mitts] 11
[10/05/26 12:17:34] D2BS 5964: updateStat
[10/05/26 12:17:34] D2BS 5964: granted: [Head] 15
[10/05/26 12:17:34] D2BS 5964: granted: [Body] 19
[10/05/26 12:17:34] D2BS 5964: granted: [ArmR] 23
[10/05/26 12:17:34] D2BS 5964: Loaded ÿc9[AutoSmurf.js]
[10/05/26 12:17:39] D2BS 5964: MiniShopBot: true
[10/05/26 12:17:40] D2BS 5964: farmingON
[10/05/26 12:17:40] D2BS 5964: UseMerc: true HP: 70
[10/05/26 12:18:02] D2BS 5964: Merc matched: Blessed Aim
[10/05/26 12:18:14] D2BS 5964: Token needed
[10/05/26 12:18:18] D2BS 5964: act5+ BO
[10/05/26 12:18:31] D2BS 5964: ÿc4=== [BAAL] ===
[10/05/26 12:21:37] D2BS 5964: ÿc4=== [COUNTESS] ===
[10/05/26 12:22:54] D2BS 5964: ÿc4=== [PIT] ===
[10/05/26 12:24:20] D2BS 5964: ÿc4=== [ANDY] ===
[10/05/26 12:25:13] D2BS 5964: ÿc4=== [MEPHISTO] ===
[10/05/26 12:26:20] D2BS 5964: ÿc4=== [DIABLO] ===
[10/05/26 12:32:02] D2BS 5964: party has left: fowo-xh
[10/05/26 12:32:02] D2BS 5964:  [14:30] +11.70% / [Level 87] 4.27%
[10/05/26 12:32:02] D2BS 5964: Script threads\autobuildthread.js ended
[10/05/26 12:32:02] D2BS 5964: Script threads\partythread.js ended
[10/05/26 12:32:02] D2BS 5964: Script threads\townchicken.js ended
[10/05/26 12:32:02] D2BS 5964: Script default.dbj ended
[10/05/26 12:32:15] D2BS 5964: joining game pz-124
[10/05/26 12:32:18] D2BS 5964: ÿc2D2BSÿc0 :: Starting default.dbj
[10/05/26 12:32:18] D2BS 5964: ÿc2D2BSÿc0 :: default.dbj running.
[10/05/26 12:32:18] D2BS 5964: Loaded ÿc9[X.nip] [Y.nip] [Z.nip] [V.nip] [A.TRAP.nip]
[10/05/26 12:32:18] D2BS 5964: Loaded ÿc9[A.TRAP.js]
[10/05/26 12:32:18] D2BS 5964: equipped: [Head] 15
[10/05/26 12:32:18] D2BS 5964: equipped: [Neck] 16
[10/05/26 12:32:18] D2BS 5964: equipped: [Body] 19
[10/05/26 12:32:18] D2BS 5964: equipped: [ArmR] 32
[10/05/26 12:32:18] D2BS 5964: equipped: [ArmL] 26
[10/05/26 12:32:18] D2BS 5964: equipped: [RingR] 13
[10/05/26 12:32:18] D2BS 5964: equipped: [RingL] 13
[10/05/26 12:32:18] D2BS 5964: equipped: [Belt] 19
[10/05/26 12:32:18] D2BS 5964: equipped: [Boots] 12
[10/05/26 12:32:18] D2BS 5964: equipped: [Mitts] 11
[10/05/26 12:32:18] D2BS 5964: Loaded ÿc9[AutoSmurf.js]
[10/05/26 12:32:22] D2BS 5964: MiniShopBot: true
[10/05/26 12:32:23] D2BS 5964: farmingON
[10/05/26 12:32:23] D2BS 5964: UseMerc: true HP: 70
[10/05/26 12:32:41] D2BS 5964: Merc matched: Blessed Aim
[10/05/26 12:32:56] D2BS 5964: Token needed
[10/05/26 12:33:01] D2BS 5964: act5+ BO
[10/05/26 12:33:03] D2BS 5964: updateStat
[10/05/26 12:33:14] D2BS 5964: ÿc4=== [BAAL] ===
[10/05/26 12:36:41] D2BS 5964: ÿc4=== [COUNTESS] ===
[10/05/26 12:37:50] D2BS 5964: ÿc4=== [PIT] ===
[10/05/26 12:39:38] D2BS 5964: ÿc4=== [ANDY] ===
[10/05/26 12:40:31] D2BS 5964: ÿc4=== [MEPHISTO] ===
[10/05/26 12:41:39] D2BS 5964: ÿc4=== [DIABLO] ===
[10/05/26 12:46:35] D2BS 5964: party has left: fowo-xb
[10/05/26 12:46:35] D2BS 5964:  [14:18] +9.85% / [Level 87] 14.12%
[10/05/26 12:46:35] D2BS 5964: Script threads\autobuildthread.js ended
[10/05/26 12:46:35] D2BS 5964: Script threads\partythread.js ended
[10/05/26 12:46:35] D2BS 5964: Script threads\townchicken.js ended
[10/05/26 12:46:35] D2BS 5964: Script default.dbj ended
[10/05/26 12:46:47] D2BS 5964: joining game pz-125
[10/05/26 12:46:49] D2BS 5964: ÿc2D2BSÿc0 :: Starting default.dbj
[10/05/26 12:46:49] D2BS 5964: ÿc2D2BSÿc0 :: default.dbj running.
[10/05/26 12:46:49] D2BS 5964: Loaded ÿc9[X.nip] [Y.nip] [Z.nip] [V.nip] [A.TRAP.nip]
[10/05/26 12:46:49] D2BS 5964: Loaded ÿc9[A.TRAP.js]
[10/05/26 12:46:49] D2BS 5964: equipped: [Head] 15
[10/05/26 12:46:49] D2BS 5964: equipped: [Neck] 16
[10/05/26 12:46:50] D2BS 5964: equipped: [Body] 19
[10/05/26 12:46:50] D2BS 5964: equipped: [ArmR] 32
[10/05/26 12:46:50] D2BS 5964: equipped: [ArmL] 26
[10/05/26 12:46:50] D2BS 5964: equipped: [RingR] 13
[10/05/26 12:46:50] D2BS 5964: equipped: [RingL] 13
[10/05/26 12:46:50] D2BS 5964: equipped: [Belt] 19
[10/05/26 12:46:50] D2BS 5964: equipped: [Boots] 12
[10/05/26 12:46:50] D2BS 5964: equipped: [Mitts] 11
[10/05/26 12:46:50] D2BS 5964: updateStat
[10/05/26 12:46:50] D2BS 5964: granted: [Head] 15
[10/05/26 12:46:50] D2BS 5964: granted: [Body] 19
[10/05/26 12:46:50] D2BS 5964: granted: [ArmR] 23
[10/05/26 12:46:50] D2BS 5964: Loaded ÿc9[AutoSmurf.js]
[10/05/26 12:46:55] D2BS 5964: farmingON
[10/05/26 12:46:56] D2BS 5964: MiniShopBot: true
[10/05/26 12:46:56] D2BS 5964: UseMerc: true HP: 70
[10/05/26 12:47:14] D2BS 5964: Merc matched: Blessed Aim
[10/05/26 12:47:27] D2BS 5964: Token needed
[10/05/26 12:47:31] D2BS 5964: act5+ BO
[10/05/26 12:47:45] D2BS 5964: ÿc4=== [BAAL] ===
[10/05/26 12:48:02] D2BS 5964: Baal failed: souls found
[10/05/26 12:48:02] D2BS 5964: ÿc4=== [COUNTESS] ===
[10/05/26 12:49:18] D2BS 5964: ÿc4=== [PIT] ===
[10/05/26 12:50:39] D2BS 5964: ÿc4=== [ANDY] ===
[10/05/26 12:51:33] D2BS 5964: ÿc4=== [MEPHISTO] ===
[10/05/26 12:52:08] D2BS 5964: updateStat
[10/05/26 12:52:48] D2BS 5964: ÿc4=== [DIABLO] ===
[10/05/26 12:58:33] D2BS 5964: party has left: fowo-xf
[10/05/26 12:58:33] D2BS 5964:  [11:44] +5.42% / [Level 87] 19.55%
[10/05/26 12:58:33] D2BS 5964: Script threads\autobuildthread.js ended
[10/05/26 12:58:34] D2BS 5964: Script threads\partythread.js ended
[10/05/26 12:58:34] D2BS 5964: Script threads\townchicken.js ended
[10/05/26 12:58:34] D2BS 5964: Script default.dbj ended
[10/05/26 12:58:44] D2BS 5964: joining game pz-126
[10/05/26 12:58:46] D2BS 5964: ÿc2D2BSÿc0 :: Starting default.dbj
[10/05/26 12:58:46] D2BS 5964: ÿc2D2BSÿc0 :: default.dbj running.
[10/05/26 12:58:47] D2BS 5964: Loaded ÿc9[X.nip] [Y.nip] [Z.nip] [V.nip] [A.TRAP.nip]
[10/05/26 12:58:47] D2BS 5964: Loaded ÿc9[A.TRAP.js]
[10/05/26 12:58:47] D2BS 5964: equipped: [Head] 15
[10/05/26 12:58:47] D2BS 5964: equipped: [Neck] 16
[10/05/26 12:58:47] D2BS 5964: equipped: [Body] 19
[10/05/26 12:58:47] D2BS 5964: equipped: [ArmR] 32
[10/05/26 12:58:47] D2BS 5964: equipped: [ArmL] 26
[10/05/26 12:58:47] D2BS 5964: equipped: [RingR] 13
[10/05/26 12:58:47] D2BS 5964: equipped: [RingL] 13
[10/05/26 12:58:47] D2BS 5964: equipped: [Belt] 19
[10/05/26 12:58:47] D2BS 5964: equipped: [Boots] 12
[10/05/26 12:58:47] D2BS 5964: equipped: [Mitts] 11
[10/05/26 12:58:47] D2BS 5964: updateStat
[10/05/26 12:58:47] D2BS 5964: granted: [Head] 15
[10/05/26 12:58:47] D2BS 5964: granted: [Body] 19
[10/05/26 12:58:47] D2BS 5964: granted: [ArmR] 23
[10/05/26 12:58:47] D2BS 5964: Loaded ÿc9[AutoSmurf.js]
[10/05/26 12:58:52] D2BS 5964: farmingON
[10/05/26 12:58:55] D2BS 5964: MiniShopBot: true
[10/05/26 12:58:55] D2BS 5964: UseMerc: true HP: 70
[10/05/26 12:59:17] D2BS 5964: Merc matched: Blessed Aim
[10/05/26 12:59:27] D2BS 5964: Token needed
[10/05/26 12:59:31] D2BS 5964: act5+ BO
[10/05/26 12:59:45] D2BS 5964: ÿc4=== [BAAL] ===
[10/05/26 12:59:57] D2BS 5964: party has left: fowo-xa
[10/05/26 12:59:58] D2BS 5964: no exp [01:11]
[10/05/26 12:59:58] D2BS 5964: Script threads\autobuildthread.js ended
[10/05/26 12:59:58] D2BS 5964: Script threads\partythread.js ended
[10/05/26 12:59:58] D2BS 5964: Script threads\townchicken.js ended
[10/05/26 12:59:58] D2BS 5964: Script default.dbj ended
[10/05/26 13:00:09] D2BS 5964: joining game pz-127
[10/05/26 13:00:11] D2BS 5964: ÿc2D2BSÿc0 :: Starting default.dbj
[10/05/26 13:00:11] D2BS 5964: ÿc2D2BSÿc0 :: default.dbj running.
[10/05/26 13:00:11] D2BS 5964: Loaded ÿc9[X.nip] [Y.nip] [Z.nip] [V.nip] [A.TRAP.nip]
[10/05/26 13:00:11] D2BS 5964: Loaded ÿc9[A.TRAP.js]
[10/05/26 13:00:11] D2BS 5964: equipped: [Head] 15
[10/05/26 13:00:11] D2BS 5964: equipped: [Neck] 16
[10/05/26 13:00:11] D2BS 5964: equipped: [Body] 19
[10/05/26 13:00:11] D2BS 5964: equipped: [ArmR] 32
[10/05/26 13:00:11] D2BS 5964: equipped: [ArmL] 26
[10/05/26 13:00:11] D2BS 5964: equipped: [RingR] 13
[10/05/26 13:00:11] D2BS 5964: equipped: [RingL] 13
[10/05/26 13:00:11] D2BS 5964: equipped: [Belt] 19
[10/05/26 13:00:11] D2BS 5964: equipped: [Boots] 12
[10/05/26 13:00:11] D2BS 5964: equipped: [Mitts] 11
[10/05/26 13:00:11] D2BS 5964: updateStat
[10/05/26 13:00:11] D2BS 5964: granted: [Head] 15
[10/05/26 13:00:11] D2BS 5964: granted: [Body] 19
[10/05/26 13:00:11] D2BS 5964: granted: [ArmR] 23
[10/05/26 13:00:11] D2BS 5964: Loaded ÿc9[AutoSmurf.js]
[10/05/26 13:00:14] D2BS 5964: farmingON
[10/05/26 13:00:14] D2BS 5964: MiniShopBot: true
[10/05/26 13:00:14] D2BS 5964: UseMerc: true HP: 70
[10/05/26 13:00:33] D2BS 5964: Merc matched: Blessed Aim
[10/05/26 13:00:39] D2BS 5964: Token needed
[10/05/26 13:00:43] D2BS 5964: act5+ BO
[10/05/26 13:00:55] D2BS 5964: ÿc4=== [BAAL] ===
[10/05/26 13:01:19] D2BS 5964: Baal failed: souls found
[10/05/26 13:01:19] D2BS 5964: ÿc4=== [COUNTESS] ===
[10/05/26 13:02:39] D2BS 5964: ÿc4=== [PIT] ===
[10/05/26 13:04:36] D2BS 5964: ÿc4=== [ANDY] ===
[10/05/26 13:05:43] D2BS 5964: ÿc4=== [MEPHISTO] ===
[10/05/26 13:08:58] D2BS 5964: party has left: fowo-xf
[10/05/26 13:08:58] D2BS 5964:  [08:48] +2.18% / [Level 87] 21.73%
[10/05/26 13:08:58] D2BS 5964: Script threads\autobuildthread.js ended
[10/05/26 13:08:58] D2BS 5964: Script threads\partythread.js ended
[10/05/26 13:08:59] D2BS 5964: Script threads\townchicken.js ended
[10/05/26 13:08:59] D2BS 5964: Script default.dbj ended
[10/05/26 13:09:11] D2BS 5964: joining game pz-128
[10/05/26 13:09:13] D2BS 5964: ÿc2D2BSÿc0 :: Starting default.dbj
[10/05/26 13:09:13] D2BS 5964: ÿc2D2BSÿc0 :: default.dbj running.
[10/05/26 13:09:14] D2BS 5964: Loaded ÿc9[X.nip] [Y.nip] [Z.nip] [V.nip] [A.TRAP.nip]
[10/05/26 13:09:14] D2BS 5964: Loaded ÿc9[A.TRAP.js]
[10/05/26 13:09:14] D2BS 5964: equipped: [Head] 15
[10/05/26 13:09:14] D2BS 5964: equipped: [Neck] 16
[10/05/26 13:09:14] D2BS 5964: equipped: [Body] 19
[10/05/26 13:09:14] D2BS 5964: equipped: [ArmR] 32
[10/05/26 13:09:14] D2BS 5964: equipped: [ArmL] 26
[10/05/26 13:09:14] D2BS 5964: equipped: [RingR] 13
[10/05/26 13:09:14] D2BS 5964: equipped: [RingL] 13
[10/05/26 13:09:14] D2BS 5964: equipped: [Belt] 19
[10/05/26 13:09:14] D2BS 5964: equipped: [Boots] 12
[10/05/26 13:09:14] D2BS 5964: equipped: [Mitts] 11
[10/05/26 13:09:14] D2BS 5964: updateStat
[10/05/26 13:09:14] D2BS 5964: granted: [Head] 15
[10/05/26 13:09:14] D2BS 5964: granted: [Body] 19
[10/05/26 13:09:14] D2BS 5964: granted: [ArmR] 23
[10/05/26 13:09:14] D2BS 5964: Loaded ÿc9[AutoSmurf.js]
[10/05/26 13:09:19] D2BS 5964: farmingON
[10/05/26 13:09:20] D2BS 5964: MiniShopBot: true
[10/05/26 13:09:20] D2BS 5964: UseMerc: true HP: 70
[10/05/26 13:09:39] D2BS 5964: Merc matched: Blessed Aim
[10/05/26 13:09:49] D2BS 5964: Token needed
[10/05/26 13:09:53] D2BS 5964: act5+ BO
[10/05/26 13:10:08] D2BS 5964: ÿc4=== [BAAL] ===
[10/05/26 13:13:45] D2BS 5964: ÿc4=== [COUNTESS] ===
[10/05/26 13:14:48] D2BS 5964: ÿc4=== [PIT] ===
[10/05/26 13:16:10] D2BS 5964: ÿc4=== [ANDY] ===
[10/05/26 13:17:07] D2BS 5964: ÿc4=== [MEPHISTO] ===
[10/05/26 13:18:39] D2BS 5964: ÿc4=== [DIABLO] ===
[10/05/26 13:24:23] D2BS 5964: party has left: fowo-xb
[10/05/26 13:24:24] D2BS 5964:  [15:11] +10.24% / [Level 87] 31.97%
[10/05/26 13:24:24] D2BS 5964: Script threads\autobuildthread.js ended
[10/05/26 13:24:24] D2BS 5964: Script threads\partythread.js ended
[10/05/26 13:24:24] D2BS 5964: Script threads\townchicken.js ended
[10/05/26 13:24:24] D2BS 5964: Script default.dbj ended
[10/05/26 13:24:36] D2BS 5964: joining game pz-129
[10/05/26 13:24:38] D2BS 5964: ÿc2D2BSÿc0 :: Starting default.dbj
[10/05/26 13:24:38] D2BS 5964: ÿc2D2BSÿc0 :: default.dbj running.
[10/05/26 13:24:38] D2BS 5964: Loaded ÿc9[X.nip] [Y.nip] [Z.nip] [V.nip] [A.TRAP.nip]
[10/05/26 13:24:38] D2BS 5964: Loaded ÿc9[A.TRAP.js]
[10/05/26 13:24:38] D2BS 5964: equipped: [Head] 15
[10/05/26 13:24:38] D2BS 5964: equipped: [Neck] 16
[10/05/26 13:24:38] D2BS 5964: equipped: [Body] 19
[10/05/26 13:24:38] D2BS 5964: equipped: [ArmR] 32
[10/05/26 13:24:38] D2BS 5964: equipped: [ArmL] 26
[10/05/26 13:24:38] D2BS 5964: equipped: [RingR] 13
[10/05/26 13:24:38] D2BS 5964: equipped: [RingL] 13
[10/05/26 13:24:38] D2BS 5964: equipped: [Belt] 19
[10/05/26 13:24:38] D2BS 5964: equipped: [Boots] 12
[10/05/26 13:24:38] D2BS 5964: equipped: [Mitts] 11
[10/05/26 13:24:38] D2BS 5964: Loaded ÿc9[AutoSmurf.js]
[10/05/26 13:24:43] D2BS 5964: farmingON
[10/05/26 13:24:44] D2BS 5964: MiniShopBot: true
[10/05/26 13:24:44] D2BS 5964: UseMerc: true HP: 70
[10/05/26 13:25:07] D2BS 5964: Merc matched: Blessed Aim
[10/05/26 13:25:15] D2BS 5964: Token needed
[10/05/26 13:25:19] D2BS 5964: act5+ BO
[10/05/26 13:25:21] D2BS 5964: updateStat
[10/05/26 13:25:34] D2BS 5964: ÿc4=== [BAAL] ===
[10/05/26 13:29:19] D2BS 5964: ÿc4=== [COUNTESS] ===
[10/05/26 13:30:30] D2BS 5964: ÿc4=== [PIT] ===
[10/05/26 13:32:05] D2BS 5964: ÿc4=== [ANDY] ===
[10/05/26 13:32:59] D2BS 5964: ÿc4=== [MEPHISTO] ===
[10/05/26 13:34:22] D2BS 5964: ÿc4=== [DIABLO] ===
[10/05/26 13:40:22] D2BS 5964: party has left: fowo-xd, fowo-xg
[10/05/26 13:40:22] D2BS 5964:  [15:45] +11.94% / [Level 87] 43.91%
[10/05/26 13:40:22] D2BS 5964: Script threads\autobuildthread.js ended
[10/05/26 13:40:23] D2BS 5964: Script threads\partythread.js ended
[10/05/26 13:40:23] D2BS 5964: Script threads\townchicken.js ended
[10/05/26 13:40:23] D2BS 5964: Script default.dbj ended
[10/05/26 13:40:36] D2BS 5964: joining game pz-130
[10/05/26 13:40:38] D2BS 5964: ÿc2D2BSÿc0 :: Starting default.dbj
[10/05/26 13:40:38] D2BS 5964: ÿc2D2BSÿc0 :: default.dbj running.
[10/05/26 13:40:38] D2BS 5964: Loaded ÿc9[X.nip] [Y.nip] [Z.nip] [V.nip] [A.TRAP.nip]
[10/05/26 13:40:38] D2BS 5964: Loaded ÿc9[A.TRAP.js]
[10/05/26 13:40:38] D2BS 5964: equipped: [Head] 15
[10/05/26 13:40:38] D2BS 5964: equipped: [Neck] 16
[10/05/26 13:40:38] D2BS 5964: equipped: [Body] 19
[10/05/26 13:40:38] D2BS 5964: equipped: [ArmR] 32
[10/05/26 13:40:38] D2BS 5964: equipped: [ArmL] 26
[10/05/26 13:40:38] D2BS 5964: equipped: [RingR] 13
[10/05/26 13:40:38] D2BS 5964: equipped: [RingL] 13
[10/05/26 13:40:38] D2BS 5964: equipped: [Belt] 19
[10/05/26 13:40:38] D2BS 5964: equipped: [Boots] 12
[10/05/26 13:40:38] D2BS 5964: equipped: [Mitts] 11
[10/05/26 13:40:38] D2BS 5964: Loaded ÿc9[AutoSmurf.js]
[10/05/26 13:40:43] D2BS 5964: MiniShopBot: true
[10/05/26 13:40:43] D2BS 5964: farmingON
[10/05/26 13:40:43] D2BS 5964: UseMerc: true HP: 70
[10/05/26 13:41:06] D2BS 5964: Merc matched: Blessed Aim
[10/05/26 13:41:14] D2BS 5964: Token needed
[10/05/26 13:41:19] D2BS 5964: act5+ BO
[10/05/26 13:41:21] D2BS 5964: updateStat
[10/05/26 13:41:32] D2BS 5964: ÿc4=== [BAAL] ===
[10/05/26 13:45:38] D2BS 5964: ÿc4=== [COUNTESS] ===
[10/05/26 13:46:52] D2BS 5964: ÿc4=== [PIT] ===
[10/05/26 13:48:31] D2BS 5964: ÿc4=== [ANDY] ===
[10/05/26 13:49:29] D2BS 5964: ÿc4=== [MEPHISTO] ===
[10/05/26 13:50:46] D2BS 5964: ÿc4=== [DIABLO] ===
[10/05/26 13:57:09] D2BS 5964: party has left: fowo-xb
[10/05/26 13:57:09] D2BS 5964:  [16:31] +11.56% / [Level 87] 55.47%
[10/05/26 13:57:09] D2BS 5964: Script threads\autobuildthread.js ended
[10/05/26 13:57:09] D2BS 5964: Script threads\partythread.js ended
[10/05/26 13:57:09] D2BS 5964: Script threads\townchicken.js ended
[10/05/26 13:57:09] D2BS 5964: Script default.dbj ended
[10/05/26 13:57:22] D2BS 5964: joining game pz-131
[10/05/26 13:57:24] D2BS 5964: ÿc2D2BSÿc0 :: Starting default.dbj
[10/05/26 13:57:24] D2BS 5964: ÿc2D2BSÿc0 :: default.dbj running.
[10/05/26 13:57:24] D2BS 5964: Loaded ÿc9[X.nip] [Y.nip] [Z.nip] [V.nip] [A.TRAP.nip]
[10/05/26 13:57:24] D2BS 5964: Loaded ÿc9[A.TRAP.js]
[10/05/26 13:57:24] D2BS 5964: equipped: [Head] 15
[10/05/26 13:57:24] D2BS 5964: equipped: [Neck] 16
[10/05/26 13:57:24] D2BS 5964: equipped: [Body] 19
[10/05/26 13:57:24] D2BS 5964: equipped: [ArmR] 32
[10/05/26 13:57:24] D2BS 5964: equipped: [ArmL] 26
[10/05/26 13:57:24] D2BS 5964: equipped: [RingR] 13
[10/05/26 13:57:24] D2BS 5964: equipped: [RingL] 13
[10/05/26 13:57:24] D2BS 5964: equipped: [Belt] 19
[10/05/26 13:57:24] D2BS 5964: equipped: [Boots] 12
[10/05/26 13:57:24] D2BS 5964: equipped: [Mitts] 11
[10/05/26 13:57:24] D2BS 5964: updateStat
[10/05/26 13:57:24] D2BS 5964: granted: [Head] 15
[10/05/26 13:57:24] D2BS 5964: granted: [Body] 19
[10/05/26 13:57:24] D2BS 5964: granted: [ArmR] 23
[10/05/26 13:57:24] D2BS 5964: Loaded ÿc9[AutoSmurf.js]
[10/05/26 13:57:29] D2BS 5964: farmingON
[10/05/26 13:57:31] D2BS 5964: MiniShopBot: true
[10/05/26 13:57:31] D2BS 5964: UseMerc: true HP: 70
[10/05/26 13:58:00] D2BS 5964: Merc matched: Blessed Aim
[10/05/26 13:58:04] D2BS 5964: Token needed
[10/05/26 13:58:08] D2BS 5964: act5+ BO
[10/05/26 13:58:21] D2BS 5964: ÿc4=== [BAAL] ===
[10/05/26 13:58:36] D2BS 5964: Baal failed: souls found
[10/05/26 13:58:36] D2BS 5964: ÿc4=== [COUNTESS] ===
[10/05/26 13:59:47] D2BS 5964: ÿc4=== [PIT] ===
[10/05/26 14:01:17] D2BS 5964: ÿc4=== [ANDY] ===
[10/05/26 14:02:09] D2BS 5964: ÿc4=== [MEPHISTO] ===
[10/05/26 14:03:32] D2BS 5964: ÿc4=== [DIABLO] ===
[10/05/26 14:04:58] D2BS 5964: Going to town
[10/05/26 14:05:30] D2BS 5964: Going to town
[10/05/26 14:05:57] D2BS 5964: Going to town
[10/05/26 14:05:58] D2BS 5964: [Chicken] Life (1063/3207) area:108 (7804,5273)
[10/05/26 14:05:58] D2BS 5964:  [08:36] +1.89% / [Level 87] 57.36%
[10/05/26 14:05:58] D2BS 5964: Script threads\autobuildthread.js ended
[10/05/26 14:05:59] D2BS 5964: Script threads\partythread.js ended
[10/05/26 14:05:59] D2BS 5964: Script threads\townchicken.js ended
[10/05/26 14:05:59] D2BS 5964: Script default.dbj ended
[10/05/26 14:06:13] D2BS 5964: joining game pz-132
[10/05/26 14:06:15] D2BS 5964: ÿc2D2BSÿc0 :: Starting default.dbj
[10/05/26 14:06:15] D2BS 5964: ÿc2D2BSÿc0 :: default.dbj running.
[10/05/26 14:06:15] D2BS 5964: Loaded ÿc9[X.nip] [Y.nip] [Z.nip] [V.nip] [A.TRAP.nip]
[10/05/26 14:06:15] D2BS 5964: Loaded ÿc9[A.TRAP.js]
[10/05/26 14:06:15] D2BS 5964: equipped: [Head] 15
[10/05/26 14:06:15] D2BS 5964: equipped: [Neck] 16
[10/05/26 14:06:15] D2BS 5964: equipped: [Body] 19
[10/05/26 14:06:15] D2BS 5964: equipped: [ArmR] 32
[10/05/26 14:06:15] D2BS 5964: equipped: [ArmL] 26
[10/05/26 14:06:15] D2BS 5964: equipped: [RingR] 13
[10/05/26 14:06:15] D2BS 5964: equipped: [RingL] 13
[10/05/26 14:06:15] D2BS 5964: equipped: [Belt] 19
[10/05/26 14:06:15] D2BS 5964: equipped: [Boots] 12
[10/05/26 14:06:15] D2BS 5964: equipped: [Mitts] 11
[10/05/26 14:06:15] D2BS 5964: Loaded ÿc9[AutoSmurf.js]
[10/05/26 14:06:20] D2BS 5964: farmingON
[10/05/26 14:06:21] D2BS 5964: MiniShopBot: true
[10/05/26 14:06:21] D2BS 5964: UseMerc: true HP: 70
[10/05/26 14:06:31] D2BS 5964: updateStat
[10/05/26 14:06:31] D2BS 5964: granted: [Head] 15
[10/05/26 14:06:31] D2BS 5964: granted: [Body] 19
[10/05/26 14:06:31] D2BS 5964: granted: [ArmR] 23
[10/05/26 14:06:48] D2BS 5964: Merc matched: Blessed Aim
[10/05/26 14:06:53] D2BS 5964: Token needed
[10/05/26 14:06:58] D2BS 5964: act5+ BO
[10/05/26 14:07:00] D2BS 5964: updateStat
[10/05/26 14:07:11] D2BS 5964: ÿc4=== [BAAL] ===
[10/05/26 14:10:23] D2BS 5964: ÿc4=== [COUNTESS] ===
[10/05/26 14:10:59] D2BS 5964: party has left: fowo-xg
[10/05/26 14:10:59] D2BS 5964:  [04:45] +4.87% / [Level 87] 62.24%
[10/05/26 14:10:59] D2BS 5964: Script threads\autobuildthread.js ended
[10/05/26 14:10:59] D2BS 5964: Script threads\partythread.js ended
[10/05/26 14:10:59] D2BS 5964: Script threads\townchicken.js ended
[10/05/26 14:10:59] D2BS 5964: Script default.dbj ended
[10/05/26 14:11:11] D2BS 5964: joining game pz-133
[10/05/26 14:11:12] D2BS 5964: ÿc2D2BSÿc0 :: Starting default.dbj
[10/05/26 14:11:12] D2BS 5964: ÿc2D2BSÿc0 :: default.dbj running.
[10/05/26 14:11:13] D2BS 5964: Loaded ÿc9[X.nip] [Y.nip] [Z.nip] [V.nip] [A.TRAP.nip]
[10/05/26 14:11:13] D2BS 5964: Loaded ÿc9[A.TRAP.js]
[10/05/26 14:11:13] D2BS 5964: equipped: [Head] 15
[10/05/26 14:11:13] D2BS 5964: equipped: [Neck] 16
[10/05/26 14:11:13] D2BS 5964: equipped: [Body] 19
[10/05/26 14:11:13] D2BS 5964: equipped: [ArmR] 32
[10/05/26 14:11:13] D2BS 5964: equipped: [ArmL] 26
[10/05/26 14:11:13] D2BS 5964: equipped: [RingR] 13
[10/05/26 14:11:13] D2BS 5964: equipped: [RingL] 13
[10/05/26 14:11:13] D2BS 5964: equipped: [Belt] 19
[10/05/26 14:11:13] D2BS 5964: equipped: [Boots] 12
[10/05/26 14:11:13] D2BS 5964: equipped: [Mitts] 11
[10/05/26 14:11:13] D2BS 5964: updateStat
[10/05/26 14:11:13] D2BS 5964: granted: [Head] 15
[10/05/26 14:11:13] D2BS 5964: granted: [Body] 19
[10/05/26 14:11:13] D2BS 5964: granted: [ArmR] 23
[10/05/26 14:11:13] D2BS 5964: Loaded ÿc9[AutoSmurf.js]
[10/05/26 14:11:15] D2BS 5964: MiniShopBot: true
[10/05/26 14:11:16] D2BS 5964: farmingON
[10/05/26 14:11:16] D2BS 5964: UseMerc: true HP: 70
[10/05/26 14:11:33] D2BS 5964: Merc matched: Blessed Aim
[10/05/26 14:11:44] D2BS 5964: Token needed
[10/05/26 14:11:48] D2BS 5964: act5+ BO
[10/05/26 14:12:01] D2BS 5964: ÿc4=== [BAAL] ===
[10/05/26 14:12:15] D2BS 5964: party has left: fowo-xa
[10/05/26 14:12:15] D2BS 5964: no exp [01:03]
[10/05/26 14:12:15] D2BS 5964: Script threads\autobuildthread.js ended
[10/05/26 14:12:15] D2BS 5964: Script threads\partythread.js ended
[10/05/26 14:12:15] D2BS 5964: Script threads\townchicken.js ended
[10/05/26 14:12:15] D2BS 5964: Script default.dbj ended
[10/05/26 14:12:30] D2BS 5964: joining game pz-134
[10/05/26 14:12:31] D2BS 5964: ÿc2D2BSÿc0 :: Starting default.dbj
[10/05/26 14:12:31] D2BS 5964: ÿc2D2BSÿc0 :: default.dbj running.
[10/05/26 14:12:32] D2BS 5964: Loaded ÿc9[X.nip] [Y.nip] [Z.nip] [V.nip] [A.TRAP.nip]
[10/05/26 14:12:32] D2BS 5964: Loaded ÿc9[A.TRAP.js]
[10/05/26 14:12:32] D2BS 5964: equipped: [Head] 15
[10/05/26 14:12:32] D2BS 5964: equipped: [Neck] 16
[10/05/26 14:12:32] D2BS 5964: equipped: [Body] 19
[10/05/26 14:12:32] D2BS 5964: equipped: [ArmR] 32
[10/05/26 14:12:32] D2BS 5964: equipped: [ArmL] 26
[10/05/26 14:12:32] D2BS 5964: equipped: [RingR] 13
[10/05/26 14:12:32] D2BS 5964: equipped: [RingL] 13
[10/05/26 14:12:32] D2BS 5964: equipped: [Belt] 19
[10/05/26 14:12:32] D2BS 5964: equipped: [Boots] 12
[10/05/26 14:12:32] D2BS 5964: equipped: [Mitts] 11
[10/05/26 14:12:32] D2BS 5964: updateStat
[10/05/26 14:12:32] D2BS 5964: granted: [Head] 15
[10/05/26 14:12:32] D2BS 5964: granted: [Body] 19
[10/05/26 14:12:32] D2BS 5964: granted: [ArmR] 23
[10/05/26 14:12:32] D2BS 5964: Loaded ÿc9[AutoSmurf.js]
[10/05/26 14:12:34] D2BS 5964: farmingON
[10/05/26 14:12:34] D2BS 5964: MiniShopBot: true
[10/05/26 14:12:34] D2BS 5964: UseMerc: true HP: 70
[10/05/26 14:12:55] D2BS 5964: Merc matched: Blessed Aim
[10/05/26 14:13:00] D2BS 5964: Token needed
[10/05/26 14:13:04] D2BS 5964: act5+ BO
[10/05/26 14:13:17] D2BS 5964: ÿc4=== [BAAL] ===
[10/05/26 14:13:22] D2BS 5964: party has left: fowo-xa
[10/05/26 14:13:23] D2BS 5964: no exp [00:51]
[10/05/26 14:13:23] D2BS 5964: Script threads\autobuildthread.js ended
[10/05/26 14:13:23] D2BS 5964: Script threads\partythread.js ended
[10/05/26 14:13:23] D2BS 5964: Script threads\townchicken.js ended
[10/05/26 14:13:23] D2BS 5964: Script default.dbj ended
[10/05/26 14:13:39] D2BS 5964: joining game pz-135
[10/05/26 14:13:40] D2BS 5964: ÿc2D2BSÿc0 :: Starting default.dbj
[10/05/26 14:13:40] D2BS 5964: ÿc2D2BSÿc0 :: default.dbj running.
[10/05/26 14:13:40] D2BS 5964: Loaded ÿc9[X.nip] [Y.nip] [Z.nip] [V.nip] [A.TRAP.nip]
[10/05/26 14:13:40] D2BS 5964: Loaded ÿc9[A.TRAP.js]
[10/05/26 14:13:40] D2BS 5964: equipped: [Head] 15
[10/05/26 14:13:40] D2BS 5964: equipped: [Neck] 16
[10/05/26 14:13:40] D2BS 5964: equipped: [Body] 19
[10/05/26 14:13:40] D2BS 5964: equipped: [ArmR] 32
[10/05/26 14:13:40] D2BS 5964: equipped: [ArmL] 26
[10/05/26 14:13:40] D2BS 5964: equipped: [RingR] 13
[10/05/26 14:13:40] D2BS 5964: equipped: [RingL] 13
[10/05/26 14:13:40] D2BS 5964: equipped: [Belt] 19
[10/05/26 14:13:40] D2BS 5964: equipped: [Boots] 12
[10/05/26 14:13:41] D2BS 5964: equipped: [Mitts] 11
[10/05/26 14:13:41] D2BS 5964: updateStat
[10/05/26 14:13:41] D2BS 5964: granted: [Head] 15
[10/05/26 14:13:41] D2BS 5964: granted: [Body] 19
[10/05/26 14:13:41] D2BS 5964: granted: [ArmR] 23
[10/05/26 14:13:41] D2BS 5964: Loaded ÿc9[AutoSmurf.js]
[10/05/26 14:13:43] D2BS 5964: farmingON
[10/05/26 14:13:44] D2BS 5964: MiniShopBot: true
[10/05/26 14:13:44] D2BS 5964: UseMerc: true HP: 70
[10/05/26 14:14:04] D2BS 5964: Merc matched: Blessed Aim
[10/05/26 14:14:09] D2BS 5964: Token needed
[10/05/26 14:14:13] D2BS 5964: act5+ BO
[10/05/26 14:14:27] D2BS 5964: ÿc4=== [BAAL] ===
[10/05/26 14:17:49] D2BS 5964: ÿc4=== [COUNTESS] ===
[10/05/26 14:18:52] D2BS 5964: ÿc4=== [PIT] ===
[10/05/26 14:20:28] D2BS 5964: ÿc4=== [ANDY] ===
[10/05/26 14:21:17] D2BS 5964: ÿc4=== [MEPHISTO] ===
[10/05/26 14:22:37] D2BS 5964: ÿc4=== [DIABLO] ===
[10/05/26 14:28:54] D2BS 5964: Script ended
[10/05/26 14:28:54] D2BS 5964:  [15:14] +12.10% / [Level 87] 74.34%
[10/05/26 14:28:54] D2BS 5964: Script threads\autobuildthread.js ended
[10/05/26 14:28:54] D2BS 5964: Script threads\partythread.js ended
[10/05/26 14:28:54] D2BS 5964: Script threads\townchicken.js ended
[10/05/26 14:29:08] D2BS 5964: joining game pz-136
[10/05/26 14:29:10] D2BS 5964: ÿc2D2BSÿc0 :: Starting default.dbj
[10/05/26 14:29:10] D2BS 5964: ÿc2D2BSÿc0 :: default.dbj running.
[10/05/26 14:29:10] D2BS 5964: Loaded ÿc9[X.nip] [Y.nip] [Z.nip] [V.nip] [A.TRAP.nip]
[10/05/26 14:29:10] D2BS 5964: Loaded ÿc9[A.TRAP.js]
[10/05/26 14:29:10] D2BS 5964: equipped: [Head] 15
[10/05/26 14:29:10] D2BS 5964: equipped: [Neck] 16
[10/05/26 14:29:10] D2BS 5964: equipped: [Body] 19
[10/05/26 14:29:10] D2BS 5964: equipped: [ArmR] 32
[10/05/26 14:29:10] D2BS 5964: equipped: [ArmL] 26
[10/05/26 14:29:10] D2BS 5964: equipped: [RingR] 13
[10/05/26 14:29:10] D2BS 5964: equipped: [RingL] 13
[10/05/26 14:29:10] D2BS 5964: equipped: [Belt] 19
[10/05/26 14:29:10] D2BS 5964: equipped: [Boots] 12
[10/05/26 14:29:10] D2BS 5964: equipped: [Mitts] 11
[10/05/26 14:29:10] D2BS 5964: updateStat
[10/05/26 14:29:10] D2BS 5964: granted: [Head] 15
[10/05/26 14:29:10] D2BS 5964: granted: [Body] 19
[10/05/26 14:29:10] D2BS 5964: granted: [ArmR] 23
[10/05/26 14:29:10] D2BS 5964: Loaded ÿc9[AutoSmurf.js]
[10/05/26 14:29:15] D2BS 5964: farmingON
[10/05/26 14:29:16] D2BS 5964: MiniShopBot: true
[10/05/26 14:29:16] D2BS 5964: UseMerc: true HP: 70
[10/05/26 14:29:38] D2BS 5964: Merc matched: Blessed Aim
[10/05/26 14:29:48] D2BS 5964: Token needed
[10/05/26 14:29:53] D2BS 5964: act5+ BO
[10/05/26 14:30:04] D2BS 5964: ÿc4=== [BAAL] ===
[10/05/26 14:30:14] D2BS 5964: Baal failed: souls found
[10/05/26 14:30:14] D2BS 5964: ÿc4=== [COUNTESS] ===
[10/05/26 14:31:12] D2BS 5964: ÿc4=== [PIT] ===
[10/05/26 14:32:52] D2BS 5964: ÿc4=== [ANDY] ===
[10/05/26 14:33:48] D2BS 5964: ÿc4=== [MEPHISTO] ===
[10/05/26 14:35:16] D2BS 5964: ÿc4=== [DIABLO] ===
[10/05/26 14:36:39] D2BS 5964: party has left: fowo-xd
[10/05/26 14:36:39] D2BS 5964:  [07:29] +2.56% / [Level 87] 76.90%
[10/05/26 14:36:39] D2BS 5964: Script threads\autobuildthread.js ended
[10/05/26 14:36:39] D2BS 5964: Script threads\partythread.js ended
[10/05/26 14:36:39] D2BS 5964: Script threads\townchicken.js ended
[10/05/26 14:36:39] D2BS 5964: Script default.dbj ended
[10/05/26 14:36:50] D2BS 5964: joining game pz-137
[10/05/26 14:36:52] D2BS 5964: ÿc2D2BSÿc0 :: Starting default.dbj
[10/05/26 14:36:52] D2BS 5964: ÿc2D2BSÿc0 :: default.dbj running.
[10/05/26 14:36:52] D2BS 5964: Loaded ÿc9[X.nip] [Y.nip] [Z.nip] [V.nip] [A.TRAP.nip]
[10/05/26 14:36:52] D2BS 5964: Loaded ÿc9[A.TRAP.js]
[10/05/26 14:36:52] D2BS 5964: equipped: [Head] 15
[10/05/26 14:36:52] D2BS 5964: equipped: [Neck] 16
[10/05/26 14:36:52] D2BS 5964: equipped: [Body] 19
[10/05/26 14:36:52] D2BS 5964: equipped: [ArmR] 32
[10/05/26 14:36:52] D2BS 5964: equipped: [ArmL] 26
[10/05/26 14:36:52] D2BS 5964: equipped: [RingR] 13
[10/05/26 14:36:52] D2BS 5964: equipped: [RingL] 13
[10/05/26 14:36:52] D2BS 5964: equipped: [Belt] 19
[10/05/26 14:36:52] D2BS 5964: equipped: [Boots] 12
[10/05/26 14:36:52] D2BS 5964: equipped: [Mitts] 11
[10/05/26 14:36:52] D2BS 5964: updateStat
[10/05/26 14:36:52] D2BS 5964: granted: [Head] 15
[10/05/26 14:36:52] D2BS 5964: granted: [Body] 19
[10/05/26 14:36:52] D2BS 5964: granted: [ArmR] 23
[10/05/26 14:36:52] D2BS 5964: Loaded ÿc9[AutoSmurf.js]
[10/05/26 14:36:58] D2BS 5964: farmingON
[10/05/26 14:37:00] D2BS 5964: MiniShopBot: true
[10/05/26 14:37:00] D2BS 5964: UseMerc: true HP: 70
[10/05/26 14:37:21] D2BS 5964: Merc matched: Blessed Aim
[10/05/26 14:37:32] D2BS 5964: Token needed
[10/05/26 14:37:36] D2BS 5964: act5+ BO
[10/05/26 14:37:49] D2BS 5964: ÿc4=== [BAAL] ===
[10/05/26 14:41:13] D2BS 5964: ÿc4=== [COUNTESS] ===
[10/05/26 14:42:21] D2BS 5964: ÿc4=== [PIT] ===
[10/05/26 14:43:52] D2BS 5964: ÿc4=== [ANDY] ===
[10/05/26 14:45:04] D2BS 5964: ÿc4=== [MEPHISTO] ===
[10/05/26 14:46:14] D2BS 5964: ÿc4=== [DIABLO] ===
[10/05/26 14:52:49] D2BS 5964: party has left: fowo-xa
[10/05/26 14:52:49] D2BS 5964:  [15:57] +12.70% / [Level 87] 89.60%
[10/05/26 14:52:49] D2BS 5964: Script threads\autobuildthread.js ended
[10/05/26 14:52:49] D2BS 5964: Script threads\partythread.js ended
[10/05/26 14:52:49] D2BS 5964: Script threads\townchicken.js ended
[10/05/26 14:52:49] D2BS 5964: Script default.dbj ended
[10/05/26 14:53:01] D2BS 5964: joining game pz-138
[10/05/26 14:53:04] D2BS 5964: ÿc2D2BSÿc0 :: Starting default.dbj
[10/05/26 14:53:04] D2BS 5964: ÿc2D2BSÿc0 :: default.dbj running.
[10/05/26 14:53:04] D2BS 5964: Loaded ÿc9[X.nip] [Y.nip] [Z.nip] [V.nip] [A.TRAP.nip]
[10/05/26 14:53:04] D2BS 5964: Loaded ÿc9[A.TRAP.js]
[10/05/26 14:53:04] D2BS 5964: equipped: [Head] 15
[10/05/26 14:53:04] D2BS 5964: equipped: [Neck] 16
[10/05/26 14:53:04] D2BS 5964: equipped: [Body] 19
[10/05/26 14:53:04] D2BS 5964: equipped: [ArmR] 32
[10/05/26 14:53:04] D2BS 5964: equipped: [ArmL] 26
[10/05/26 14:53:04] D2BS 5964: equipped: [RingR] 13
[10/05/26 14:53:04] D2BS 5964: equipped: [RingL] 13
[10/05/26 14:53:04] D2BS 5964: equipped: [Belt] 19
[10/05/26 14:53:04] D2BS 5964: equipped: [Boots] 12
[10/05/26 14:53:04] D2BS 5964: equipped: [Mitts] 11
[10/05/26 14:53:04] D2BS 5964: updateStat
[10/05/26 14:53:04] D2BS 5964: granted: [Head] 15
[10/05/26 14:53:04] D2BS 5964: granted: [Body] 19
[10/05/26 14:53:04] D2BS 5964: granted: [ArmR] 23
[10/05/26 14:53:04] D2BS 5964: Loaded ÿc9[AutoSmurf.js]
[10/05/26 14:53:08] D2BS 5964: farmingON
[10/05/26 14:53:10] D2BS 5964: MiniShopBot: true
[10/05/26 14:53:10] D2BS 5964: UseMerc: true HP: 70
[10/05/26 14:53:39] D2BS 5964: Merc matched: Blessed Aim
[10/05/26 14:53:42] D2BS 5964: Token needed
[10/05/26 14:53:47] D2BS 5964: act5+ BO
[10/05/26 14:54:00] D2BS 5964: ÿc4=== [BAAL] ===
[10/05/26 14:54:14] D2BS 5964: Baal failed: souls found
[10/05/26 14:54:14] D2BS 5964: ÿc4=== [COUNTESS] ===
[10/05/26 14:54:16] D2BS 5964: party has left: fowo-xa
[10/05/26 14:54:16] D2BS 5964: no exp [01:12]
[10/05/26 14:54:16] D2BS 5964: Script threads\autobuildthread.js ended
[10/05/26 14:54:16] D2BS 5964: Script threads\partythread.js ended
[10/05/26 14:54:16] D2BS 5964: Script threads\townchicken.js ended
[10/05/26 14:54:16] D2BS 5964: Script default.dbj ended
[10/05/26 14:54:29] D2BS 5964: joining game pz-139
[10/05/26 14:54:31] D2BS 5964: ÿc2D2BSÿc0 :: Starting default.dbj
[10/05/26 14:54:31] D2BS 5964: ÿc2D2BSÿc0 :: default.dbj running.
[10/05/26 14:54:31] D2BS 5964: Loaded ÿc9[X.nip] [Y.nip] [Z.nip] [V.nip] [A.TRAP.nip]
[10/05/26 14:54:31] D2BS 5964: Loaded ÿc9[A.TRAP.js]
[10/05/26 14:54:31] D2BS 5964: equipped: [Head] 15
[10/05/26 14:54:31] D2BS 5964: equipped: [Neck] 16
[10/05/26 14:54:31] D2BS 5964: equipped: [Body] 19
[10/05/26 14:54:31] D2BS 5964: equipped: [ArmR] 32
[10/05/26 14:54:31] D2BS 5964: equipped: [ArmL] 26
[10/05/26 14:54:31] D2BS 5964: equipped: [RingR] 13
[10/05/26 14:54:31] D2BS 5964: equipped: [RingL] 13
[10/05/26 14:54:31] D2BS 5964: equipped: [Belt] 19
[10/05/26 14:54:31] D2BS 5964: equipped: [Boots] 12
[10/05/26 14:54:31] D2BS 5964: equipped: [Mitts] 11
[10/05/26 14:54:31] D2BS 5964: updateStat
[10/05/26 14:54:31] D2BS 5964: granted: [Head] 15
[10/05/26 14:54:31] D2BS 5964: granted: [Body] 19
[10/05/26 14:54:31] D2BS 5964: granted: [ArmR] 23
[10/05/26 14:54:31] D2BS 5964: Loaded ÿc9[AutoSmurf.js]
[10/05/26 14:56:31] D2BS 5964: no exp [02:01]
[10/05/26 14:56:31] D2BS 5964: Script threads\autobuildthread.js ended
[10/05/26 14:56:31] D2BS 5964: Script threads\partythread.js ended
[10/05/26 14:56:31] D2BS 5964: Script threads\townchicken.js ended
[10/05/26 14:56:31] D2BS 5964: Script default.dbj ended
[10/05/26 14:56:45] D2BS 5964: joining game pz-140
[10/05/26 14:56:47] D2BS 5964: ÿc2D2BSÿc0 :: Starting default.dbj
[10/05/26 14:56:47] D2BS 5964: ÿc2D2BSÿc0 :: default.dbj running.
[10/05/26 14:56:47] D2BS 5964: Loaded ÿc9[X.nip] [Y.nip] [Z.nip] [V.nip] [A.TRAP.nip]
[10/05/26 14:56:48] D2BS 5964: Loaded ÿc9[A.TRAP.js]
[10/05/26 14:56:48] D2BS 5964: equipped: [Head] 15
[10/05/26 14:56:48] D2BS 5964: equipped: [Neck] 16
[10/05/26 14:56:48] D2BS 5964: equipped: [Body] 19
[10/05/26 14:56:48] D2BS 5964: equipped: [ArmR] 32
[10/05/26 14:56:48] D2BS 5964: equipped: [ArmL] 26
[10/05/26 14:56:48] D2BS 5964: equipped: [RingR] 13
[10/05/26 14:56:48] D2BS 5964: equipped: [RingL] 13
[10/05/26 14:56:48] D2BS 5964: equipped: [Belt] 19
[10/05/26 14:56:48] D2BS 5964: equipped: [Boots] 12
[10/05/26 14:56:48] D2BS 5964: equipped: [Mitts] 11
[10/05/26 14:56:48] D2BS 5964: updateStat
[10/05/26 14:56:48] D2BS 5964: granted: [Head] 15
[10/05/26 14:56:48] D2BS 5964: granted: [Body] 19
[10/05/26 14:56:48] D2BS 5964: granted: [ArmR] 23
[10/05/26 14:56:48] D2BS 5964: Loaded ÿc9[AutoSmurf.js]
[10/05/26 14:56:49] D2BS 5964: farmingON
[10/05/26 14:56:49] D2BS 5964: MiniShopBot: true
[10/05/26 14:56:49] D2BS 5964: UseMerc: true HP: 70
[10/05/26 14:57:06] D2BS 5964: Merc matched: Blessed Aim
[10/05/26 14:57:17] D2BS 5964: Token needed
[10/05/26 14:57:21] D2BS 5964: act5+ BO
[10/05/26 14:57:25] D2BS 5964: party has left: fowo-xg
[10/05/26 14:57:25] D2BS 5964: no exp [00:39]
[10/05/26 14:57:25] D2BS 5964: Script threads\autobuildthread.js ended
[10/05/26 14:57:26] D2BS 5964: Script threads\partythread.js ended
[10/05/26 14:57:26] D2BS 5964: Script threads\townchicken.js ended
[10/05/26 14:57:26] D2BS 5964: Script default.dbj ended
[10/05/26 14:57:53] D2BS 5964: joining game pz-141
[10/05/26 14:57:54] D2BS 5964: ÿc2D2BSÿc0 :: Starting default.dbj
[10/05/26 14:57:54] D2BS 5964: ÿc2D2BSÿc0 :: default.dbj running.
[10/05/26 14:57:55] D2BS 5964: Loaded ÿc9[X.nip] [Y.nip] [Z.nip] [V.nip] [A.TRAP.nip]
[10/05/26 14:57:55] D2BS 5964: Loaded ÿc9[A.TRAP.js]
[10/05/26 14:57:55] D2BS 5964: equipped: [Head] 15
[10/05/26 14:57:55] D2BS 5964: equipped: [Neck] 16
[10/05/26 14:57:55] D2BS 5964: equipped: [Body] 19
[10/05/26 14:57:55] D2BS 5964: equipped: [ArmR] 32
[10/05/26 14:57:55] D2BS 5964: equipped: [ArmL] 26
[10/05/26 14:57:55] D2BS 5964: equipped: [RingR] 13
[10/05/26 14:57:55] D2BS 5964: equipped: [RingL] 13
[10/05/26 14:57:55] D2BS 5964: equipped: [Belt] 19
[10/05/26 14:57:55] D2BS 5964: equipped: [Boots] 12
[10/05/26 14:57:55] D2BS 5964: equipped: [Mitts] 11
[10/05/26 14:57:55] D2BS 5964: updateStat
[10/05/26 14:57:55] D2BS 5964: granted: [Head] 15
[10/05/26 14:57:55] D2BS 5964: granted: [Body] 19
[10/05/26 14:57:55] D2BS 5964: granted: [ArmR] 23
[10/05/26 14:57:55] D2BS 5964: Loaded ÿc9[AutoSmurf.js]
[10/05/26 14:57:58] D2BS 5964: MiniShopBot: true
[10/05/26 14:57:58] D2BS 5964: farmingON
[10/05/26 14:57:58] D2BS 5964: UseMerc: true HP: 70
[10/05/26 14:58:13] D2BS 5964: Merc matched: Blessed Aim
[10/05/26 14:58:21] D2BS 5964: Token needed
[10/05/26 14:58:25] D2BS 5964: party has left: fowo-xd
[10/05/26 14:58:25] D2BS 5964: no exp [00:31]
[10/05/26 14:58:25] D2BS 5964: Script threads\autobuildthread.js ended
[10/05/26 14:58:25] D2BS 5964: Script threads\partythread.js ended
[10/05/26 14:58:25] D2BS 5964: Script threads\townchicken.js ended
[10/05/26 14:58:25] D2BS 5964: Script default.dbj ended
[10/05/26 14:59:01] D2BS 5964: joining game pz-142
[10/05/26 14:59:03] D2BS 5964: ÿc2D2BSÿc0 :: Starting default.dbj
[10/05/26 14:59:03] D2BS 5964: ÿc2D2BSÿc0 :: default.dbj running.
[10/05/26 14:59:03] D2BS 5964: Loaded ÿc9[X.nip] [Y.nip] [Z.nip] [V.nip] [A.TRAP.nip]
[10/05/26 14:59:03] D2BS 5964: Loaded ÿc9[A.TRAP.js]
[10/05/26 14:59:03] D2BS 5964: equipped: [Head] 15
[10/05/26 14:59:03] D2BS 5964: equipped: [Neck] 16
[10/05/26 14:59:03] D2BS 5964: equipped: [Body] 19
[10/05/26 14:59:03] D2BS 5964: equipped: [ArmR] 32
[10/05/26 14:59:03] D2BS 5964: equipped: [ArmL] 26
[10/05/26 14:59:03] D2BS 5964: equipped: [RingR] 13
[10/05/26 14:59:03] D2BS 5964: equipped: [RingL] 13
[10/05/26 14:59:03] D2BS 5964: equipped: [Belt] 19
[10/05/26 14:59:03] D2BS 5964: equipped: [Boots] 12
[10/05/26 14:59:03] D2BS 5964: equipped: [Mitts] 11
[10/05/26 14:59:03] D2BS 5964: updateStat
[10/05/26 14:59:03] D2BS 5964: granted: [Head] 15
[10/05/26 14:59:03] D2BS 5964: granted: [Body] 19
[10/05/26 14:59:03] D2BS 5964: granted: [ArmR] 23
[10/05/26 14:59:03] D2BS 5964: Loaded ÿc9[AutoSmurf.js]
[10/05/26 14:59:06] D2BS 5964: MiniShopBot: true
[10/05/26 14:59:06] D2BS 5964: farmingON
[10/05/26 14:59:06] D2BS 5964: UseMerc: true HP: 70
[10/05/26 14:59:25] D2BS 5964: Merc matched: Blessed Aim
[10/05/26 14:59:31] D2BS 5964: Token needed
[10/05/26 14:59:34] D2BS 5964: act5+ BO
[10/05/26 14:59:48] D2BS 5964: ÿc4=== [BAAL] ===
[10/05/26 15:03:10] D2BS 5964: ÿc4=== [COUNTESS] ===
[10/05/26 15:04:26] D2BS 5964: ÿc4=== [PIT] ===
[10/05/26 15:05:55] D2BS 5964: ÿc4=== [ANDY] ===
[10/05/26 15:06:54] D2BS 5964: ÿc4=== [MEPHISTO] ===
[10/05/26 15:07:57] D2BS 5964: ÿc4=== [DIABLO] ===
[10/05/26 15:13:44] D2BS 5964: Script ended
[10/05/26 15:13:44] D2BS 5964:  [14:42] +10.12% / [Level 88] 0.58%
[10/05/26 15:13:44] D2BS 5964: Script threads\autobuildthread.js ended
[10/05/26 15:13:44] D2BS 5964: Script threads\partythread.js ended
[10/05/26 15:13:44] D2BS 5964: Script threads\townchicken.js ended
[10/05/26 15:13:58] D2BS 5964: joining game pz-143
[10/05/26 15:14:00] D2BS 5964: ÿc2D2BSÿc0 :: Starting default.dbj
[10/05/26 15:14:00] D2BS 5964: ÿc2D2BSÿc0 :: default.dbj running.
[10/05/26 15:14:00] D2BS 5964: Loaded ÿc9[X.nip] [Y.nip] [Z.nip] [V.nip] [A.TRAP.nip]
[10/05/26 15:14:00] D2BS 5964: Loaded ÿc9[A.TRAP.js]
[10/05/26 15:14:00] D2BS 5964: equipped: [Head] 15
[10/05/26 15:14:00] D2BS 5964: equipped: [Neck] 16
[10/05/26 15:14:00] D2BS 5964: equipped: [Body] 19
[10/05/26 15:14:00] D2BS 5964: equipped: [ArmR] 32
[10/05/26 15:14:00] D2BS 5964: equipped: [ArmL] 26
[10/05/26 15:14:00] D2BS 5964: equipped: [RingR] 13
[10/05/26 15:14:00] D2BS 5964: equipped: [RingL] 13
[10/05/26 15:14:00] D2BS 5964: equipped: [Belt] 19
[10/05/26 15:14:01] D2BS 5964: equipped: [Boots] 12
[10/05/26 15:14:01] D2BS 5964: equipped: [Mitts] 11
[10/05/26 15:14:01] D2BS 5964: updateStat
[10/05/26 15:14:01] D2BS 5964: granted: [Head] 15
[10/05/26 15:14:01] D2BS 5964: granted: [Body] 19
[10/05/26 15:14:01] D2BS 5964: granted: [ArmR] 23
[10/05/26 15:14:01] D2BS 5964: Loaded ÿc9[AutoSmurf.js]
[10/05/26 15:14:05] D2BS 5964: MiniShopBot: true
[10/05/26 15:14:05] D2BS 5964: farmingON
[10/05/26 15:14:05] D2BS 5964: UseMerc: true HP: 70
[10/05/26 15:14:24] D2BS 5964: Merc matched: Blessed Aim
[10/05/26 15:14:37] D2BS 5964: Token needed
[10/05/26 15:14:41] D2BS 5964: act5+ BO
[10/05/26 15:14:53] D2BS 5964: ÿc4=== [BAAL] ===
[10/05/26 15:15:00] D2BS 5964: party has left: fowo-xa
[10/05/26 15:15:00] D2BS 5964: no exp [01:00]
[10/05/26 15:15:00] D2BS 5964: Script threads\autobuildthread.js ended
[10/05/26 15:15:00] D2BS 5964: Script threads\partythread.js ended
[10/05/26 15:15:00] D2BS 5964: Script threads\townchicken.js ended
[10/05/26 15:15:00] D2BS 5964: Script default.dbj ended
[10/05/26 15:15:13] D2BS 5964: joining game pz-144
[10/05/26 15:15:15] D2BS 5964: ÿc2D2BSÿc0 :: Starting default.dbj
[10/05/26 15:15:15] D2BS 5964: ÿc2D2BSÿc0 :: default.dbj running.
[10/05/26 15:15:15] D2BS 5964: Loaded ÿc9[X.nip] [Y.nip] [Z.nip] [V.nip] [A.TRAP.nip]
[10/05/26 15:15:15] D2BS 5964: Loaded ÿc9[A.TRAP.js]
[10/05/26 15:15:15] D2BS 5964: equipped: [Head] 15
[10/05/26 15:15:15] D2BS 5964: equipped: [Neck] 16
[10/05/26 15:15:15] D2BS 5964: equipped: [Body] 19
[10/05/26 15:15:15] D2BS 5964: equipped: [ArmR] 32
[10/05/26 15:15:15] D2BS 5964: equipped: [ArmL] 26
[10/05/26 15:15:15] D2BS 5964: equipped: [RingR] 13
[10/05/26 15:15:15] D2BS 5964: equipped: [RingL] 13
[10/05/26 15:15:15] D2BS 5964: equipped: [Belt] 19
[10/05/26 15:15:15] D2BS 5964: equipped: [Boots] 12
[10/05/26 15:15:15] D2BS 5964: equipped: [Mitts] 11
[10/05/26 15:15:15] D2BS 5964: updateStat
[10/05/26 15:15:15] D2BS 5964: granted: [Head] 15
[10/05/26 15:15:15] D2BS 5964: granted: [Body] 19
[10/05/26 15:15:15] D2BS 5964: granted: [ArmR] 23
[10/05/26 15:15:15] D2BS 5964: Loaded ÿc9[AutoSmurf.js]
[10/05/26 15:15:17] D2BS 5964: farmingON
[10/05/26 15:15:17] D2BS 5964: MiniShopBot: true
[10/05/26 15:15:17] D2BS 5964: UseMerc: true HP: 70
[10/05/26 15:15:35] D2BS 5964: Merc matched: Blessed Aim
[10/05/26 15:15:42] D2BS 5964: Token needed
[10/05/26 15:15:46] D2BS 5964: act5+ BO
[10/05/26 15:15:58] D2BS 5964: ÿc4=== [BAAL] ===
[10/05/26 15:16:13] D2BS 5964: Baal failed: souls found
[10/05/26 15:16:13] D2BS 5964: ÿc4=== [COUNTESS] ===
[10/05/26 15:17:20] D2BS 5964: ÿc4=== [PIT] ===
[10/05/26 15:18:53] D2BS 5964: ÿc4=== [ANDY] ===
[10/05/26 15:19:47] D2BS 5964: ÿc4=== [MEPHISTO] ===
[10/05/26 15:20:56] D2BS 5964: ÿc4=== [DIABLO] ===
[10/05/26 15:26:42] D2BS 5964: Script ended
[10/05/26 15:26:42] D2BS 5964:  [11:27] +3.33% / [Level 88] 3.91%
[10/05/26 15:26:42] D2BS 5964: Script threads\autobuildthread.js ended
[10/05/26 15:26:42] D2BS 5964: Script threads\partythread.js ended
[10/05/26 15:26:42] D2BS 5964: Script threads\townchicken.js ended
[10/05/26 15:26:55] D2BS 5964: joining game pz-145
[10/05/26 15:26:57] D2BS 5964: ÿc2D2BSÿc0 :: Starting default.dbj
[10/05/26 15:26:57] D2BS 5964: ÿc2D2BSÿc0 :: default.dbj running.
[10/05/26 15:26:57] D2BS 5964: Loaded ÿc9[X.nip] [Y.nip] [Z.nip] [V.nip] [A.TRAP.nip]
[10/05/26 15:26:57] D2BS 5964: Loaded ÿc9[A.TRAP.js]
[10/05/26 15:26:57] D2BS 5964: equipped: [Head] 15
[10/05/26 15:26:57] D2BS 5964: equipped: [Neck] 16
[10/05/26 15:26:57] D2BS 5964: equipped: [Body] 19
[10/05/26 15:26:57] D2BS 5964: equipped: [ArmR] 32
[10/05/26 15:26:57] D2BS 5964: equipped: [ArmL] 26
[10/05/26 15:26:57] D2BS 5964: equipped: [RingR] 13
[10/05/26 15:26:57] D2BS 5964: equipped: [RingL] 13
[10/05/26 15:26:57] D2BS 5964: equipped: [Belt] 19
[10/05/26 15:26:57] D2BS 5964: equipped: [Boots] 12
[10/05/26 15:26:57] D2BS 5964: equipped: [Mitts] 11
[10/05/26 15:26:57] D2BS 5964: updateStat
[10/05/26 15:26:57] D2BS 5964: granted: [Head] 15
[10/05/26 15:26:57] D2BS 5964: granted: [Body] 19
[10/05/26 15:26:57] D2BS 5964: granted: [ArmR] 23
[10/05/26 15:26:57] D2BS 5964: Loaded ÿc9[AutoSmurf.js]
[10/05/26 15:27:02] D2BS 5964: farmingON
[10/05/26 15:27:04] D2BS 5964: MiniShopBot: true
[10/05/26 15:27:04] D2BS 5964: UseMerc: true HP: 70
[10/05/26 15:27:23] D2BS 5964: Merc matched: Blessed Aim
[10/05/26 15:27:34] D2BS 5964: Token needed
[10/05/26 15:27:38] D2BS 5964: act5+ BO
[10/05/26 15:27:51] D2BS 5964: ÿc4=== [BAAL] ===
[10/05/26 15:31:08] D2BS 5964: ÿc4=== [COUNTESS] ===
[10/05/26 15:32:30] D2BS 5964: ÿc4=== [PIT] ===
[10/05/26 15:34:01] D2BS 5964: ÿc4=== [ANDY] ===
[10/05/26 15:34:51] D2BS 5964: ÿc4=== [MEPHISTO] ===
[10/05/26 15:35:03] D2BS 5964: equipped: [RingR] 16
[10/05/26 15:36:11] D2BS 5964: ÿc4=== [DIABLO] ===
[10/05/26 15:36:29] D2BS 5964: equipped: [Mitts] 12
[10/05/26 15:43:19] D2BS 5964: party has left: fowo-xa, fowo-xb
[10/05/26 15:43:19] D2BS 5964:  [16:22] +6.97% / [Level 88] 10.88%
[10/05/26 15:43:19] D2BS 5964: Script threads\autobuildthread.js ended
[10/05/26 15:43:19] D2BS 5964: Script threads\partythread.js ended
[10/05/26 15:43:19] D2BS 5964: Script threads\townchicken.js ended
[10/05/26 15:43:19] D2BS 5964: Script default.dbj ended
[10/05/26 15:43:32] D2BS 5964: joining game pz-146
[10/05/26 15:43:34] D2BS 5964: ÿc2D2BSÿc0 :: Starting default.dbj
[10/05/26 15:43:34] D2BS 5964: ÿc2D2BSÿc0 :: default.dbj running.
[10/05/26 15:43:34] D2BS 5964: Loaded ÿc9[X.nip] [Y.nip] [Z.nip] [V.nip] [A.TRAP.nip]
[10/05/26 15:43:34] D2BS 5964: Loaded ÿc9[A.TRAP.js]
[10/05/26 15:43:34] D2BS 5964: equipped: [Head] 15
[10/05/26 15:43:34] D2BS 5964: equipped: [Neck] 16
[10/05/26 15:43:34] D2BS 5964: equipped: [Body] 19
[10/05/26 15:43:34] D2BS 5964: equipped: [ArmR] 32
[10/05/26 15:43:34] D2BS 5964: equipped: [ArmL] 26
[10/05/26 15:43:34] D2BS 5964: equipped: [RingR] 16
[10/05/26 15:43:34] D2BS 5964: equipped: [RingL] 13
[10/05/26 15:43:34] D2BS 5964: equipped: [Belt] 19
[10/05/26 15:43:34] D2BS 5964: equipped: [Boots] 12
[10/05/26 15:43:34] D2BS 5964: equipped: [Mitts] 12
[10/05/26 15:43:34] D2BS 5964: updateStat
[10/05/26 15:43:34] D2BS 5964: granted: [Head] 15
[10/05/26 15:43:34] D2BS 5964: granted: [Body] 19
[10/05/26 15:43:34] D2BS 5964: granted: [ArmR] 23
[10/05/26 15:43:34] D2BS 5964: Loaded ÿc9[AutoSmurf.js]
[10/05/26 15:43:40] D2BS 5964: farmingON
[10/05/26 15:43:40] D2BS 5964: MiniShopBot: true
[10/05/26 15:43:40] D2BS 5964: UseMerc: true HP: 70
[10/05/26 15:44:04] D2BS 5964: Merc matched: Blessed Aim
[10/05/26 15:44:13] D2BS 5964: Token needed
[10/05/26 15:44:18] D2BS 5964: act5+ BO
[10/05/26 15:44:31] D2BS 5964: ÿc4=== [BAAL] ===
[10/05/26 15:44:40] D2BS 5964: Baal failed: souls found
[10/05/26 15:44:40] D2BS 5964: ÿc4=== [COUNTESS] ===
[10/05/26 15:45:50] D2BS 5964: ÿc4=== [PIT] ===
[10/05/26 15:46:43] D2BS 5964: updateStat
[10/05/26 15:47:03] D2BS 5964: ÿc4=== [ANDY] ===
[10/05/26 15:47:57] D2BS 5964: ÿc4=== [MEPHISTO] ===
[10/05/26 15:49:05] D2BS 5964: ÿc4=== [DIABLO] ===
[10/05/26 15:54:49] D2BS 5964: party has left: fowo-xb
[10/05/26 15:54:49] D2BS 5964:  [11:15] +3.75% / [Level 88] 14.64%
[10/05/26 15:54:49] D2BS 5964: Script threads\autobuildthread.js ended
[10/05/26 15:54:49] D2BS 5964: Script threads\partythread.js ended
[10/05/26 15:54:49] D2BS 5964: Script threads\townchicken.js ended
[10/05/26 15:54:49] D2BS 5964: Script default.dbj ended
[10/05/26 15:55:02] D2BS 5964: joining game pz-147
[10/05/26 15:55:04] D2BS 5964: ÿc2D2BSÿc0 :: Starting default.dbj
[10/05/26 15:55:04] D2BS 5964: ÿc2D2BSÿc0 :: default.dbj running.
[10/05/26 15:55:04] D2BS 5964: Loaded ÿc9[X.nip] [Y.nip] [Z.nip] [V.nip] [A.TRAP.nip]
[10/05/26 15:55:04] D2BS 5964: Loaded ÿc9[A.TRAP.js]
[10/05/26 15:55:04] D2BS 5964: equipped: [Head] 15
[10/05/26 15:55:04] D2BS 5964: equipped: [Neck] 16
[10/05/26 15:55:04] D2BS 5964: equipped: [Body] 19
[10/05/26 15:55:04] D2BS 5964: equipped: [ArmR] 32
[10/05/26 15:55:04] D2BS 5964: equipped: [ArmL] 26
[10/05/26 15:55:04] D2BS 5964: equipped: [RingR] 16
[10/05/26 15:55:04] D2BS 5964: equipped: [RingL] 13
[10/05/26 15:55:04] D2BS 5964: equipped: [Belt] 19
[10/05/26 15:55:04] D2BS 5964: equipped: [Boots] 12
[10/05/26 15:55:04] D2BS 5964: equipped: [Mitts] 12
[10/05/26 15:55:04] D2BS 5964: Loaded ÿc9[AutoSmurf.js]
[10/05/26 15:55:09] D2BS 5964: MiniShopBot: true
[10/05/26 15:55:09] D2BS 5964: farmingON
[10/05/26 15:55:09] D2BS 5964: UseMerc: true HP: 70
[10/05/26 15:55:35] D2BS 5964: Merc matched: Blessed Aim
[10/05/26 15:55:59] D2BS 5964: Token needed
[10/05/26 15:56:03] D2BS 5964: act5+ BO
[10/05/26 15:56:05] D2BS 5964: updateStat
[10/05/26 15:56:15] D2BS 5964: ÿc4=== [BAAL] ===
[10/05/26 15:59:43] D2BS 5964: ÿc4=== [COUNTESS] ===
[10/05/26 16:00:58] D2BS 5964: ÿc4=== [PIT] ===
[10/05/26 16:02:32] D2BS 5964: ÿc4=== [ANDY] ===
[10/05/26 16:03:18] D2BS 5964: ÿc4=== [MEPHISTO] ===
[10/05/26 16:04:40] D2BS 5964: ÿc4=== [DIABLO] ===
[10/05/26 16:10:51] D2BS 5964: Script ended
[10/05/26 16:10:51] D2BS 5964:  [15:48] +7.88% / [Level 88] 22.52%
[10/05/26 16:10:51] D2BS 5964: Script threads\autobuildthread.js ended
[10/05/26 16:10:51] D2BS 5964: Script threads\partythread.js ended
[10/05/26 16:10:51] D2BS 5964: Script threads\townchicken.js ended
[10/05/26 16:11:04] D2BS 5964: joining game pz-148
[10/05/26 16:11:06] D2BS 5964: ÿc2D2BSÿc0 :: Starting default.dbj
[10/05/26 16:11:06] D2BS 5964: ÿc2D2BSÿc0 :: default.dbj running.
[10/05/26 16:11:06] D2BS 5964: Loaded ÿc9[X.nip] [Y.nip] [Z.nip] [V.nip] [A.TRAP.nip]
[10/05/26 16:11:06] D2BS 5964: Loaded ÿc9[A.TRAP.js]
[10/05/26 16:11:06] D2BS 5964: equipped: [Head] 15
[10/05/26 16:11:06] D2BS 5964: equipped: [Neck] 16
[10/05/26 16:11:06] D2BS 5964: equipped: [Body] 19
[10/05/26 16:11:06] D2BS 5964: equipped: [ArmR] 32
[10/05/26 16:11:06] D2BS 5964: equipped: [ArmL] 26
[10/05/26 16:11:06] D2BS 5964: equipped: [RingR] 16
[10/05/26 16:11:06] D2BS 5964: equipped: [RingL] 13
[10/05/26 16:11:06] D2BS 5964: equipped: [Belt] 19
[10/05/26 16:11:06] D2BS 5964: equipped: [Boots] 12
[10/05/26 16:11:06] D2BS 5964: equipped: [Mitts] 12
[10/05/26 16:11:06] D2BS 5964: updateStat
[10/05/26 16:11:07] D2BS 5964: granted: [Head] 15
[10/05/26 16:11:07] D2BS 5964: granted: [Body] 19
[10/05/26 16:11:07] D2BS 5964: granted: [ArmR] 23
[10/05/26 16:11:07] D2BS 5964: Loaded ÿc9[AutoSmurf.js]
[10/05/26 16:11:12] D2BS 5964: farmingON
[10/05/26 16:11:12] D2BS 5964: MiniShopBot: true
[10/05/26 16:11:12] D2BS 5964: UseMerc: true HP: 70
[10/05/26 16:11:36] D2BS 5964: Merc matched: Blessed Aim
[10/05/26 16:11:39] D2BS 5964: Token needed
[10/05/26 16:11:43] D2BS 5964: act5+ BO
[10/05/26 16:11:57] D2BS 5964: ÿc4=== [BAAL] ===
[10/05/26 16:15:20] D2BS 5964: ÿc4=== [COUNTESS] ===
[10/05/26 16:16:43] D2BS 5964: ÿc4=== [PIT] ===
[10/05/26 16:18:34] D2BS 5964: ÿc4=== [ANDY] ===
[10/05/26 16:19:28] D2BS 5964: ÿc4=== [MEPHISTO] ===
[10/05/26 16:20:44] D2BS 5964: ÿc4=== [DIABLO] ===
[10/05/26 16:26:40] D2BS 5964: party has left: fowo-xa, fowo-xb
[10/05/26 16:26:40] D2BS 5964:  [15:34] +8.12% / [Level 88] 30.64%
[10/05/26 16:26:40] D2BS 5964: Script threads\autobuildthread.js ended
[10/05/26 16:26:40] D2BS 5964: Script threads\partythread.js ended
[10/05/26 16:26:40] D2BS 5964: Script threads\townchicken.js ended
[10/05/26 16:26:40] D2BS 5964: Script default.dbj ended
[10/05/26 16:26:52] D2BS 5964: joining game pz-149
[10/05/26 16:26:53] D2BS 5964: ÿc2D2BSÿc0 :: Starting default.dbj
[10/05/26 16:26:53] D2BS 5964: ÿc2D2BSÿc0 :: default.dbj running.
[10/05/26 16:26:55] D2BS 5964: Loaded ÿc9[X.nip] [Y.nip] [Z.nip] [V.nip] [A.TRAP.nip]
[10/05/26 16:26:55] D2BS 5964: Loaded ÿc9[A.TRAP.js]
[10/05/26 16:26:55] D2BS 5964: equipped: [Head] 15
[10/05/26 16:26:55] D2BS 5964: equipped: [Neck] 16
[10/05/26 16:26:55] D2BS 5964: equipped: [Body] 19
[10/05/26 16:26:55] D2BS 5964: equipped: [ArmR] 32
[10/05/26 16:26:55] D2BS 5964: equipped: [ArmL] 26
[10/05/26 16:26:55] D2BS 5964: equipped: [RingR] 16
[10/05/26 16:26:55] D2BS 5964: equipped: [RingL] 13
[10/05/26 16:26:55] D2BS 5964: equipped: [Belt] 19
[10/05/26 16:26:55] D2BS 5964: equipped: [Boots] 12
[10/05/26 16:26:55] D2BS 5964: equipped: [Mitts] 12
[10/05/26 16:26:55] D2BS 5964: updateStat
[10/05/26 16:26:55] D2BS 5964: granted: [Head] 15
[10/05/26 16:26:55] D2BS 5964: granted: [Body] 19
[10/05/26 16:26:55] D2BS 5964: granted: [ArmR] 23
[10/05/26 16:26:55] D2BS 5964: Loaded ÿc9[AutoSmurf.js]
[10/05/26 16:26:59] D2BS 5964: farmingON
[10/05/26 16:26:59] D2BS 5964: MiniShopBot: true
[10/05/26 16:26:59] D2BS 5964: UseMerc: true HP: 70
[10/05/26 16:27:16] D2BS 5964: Merc matched: Blessed Aim
[10/05/26 16:27:34] D2BS 5964: Token needed
[10/05/26 16:27:38] D2BS 5964: act5+ BO
[10/05/26 16:27:51] D2BS 5964: ÿc4=== [BAAL] ===
[10/05/26 16:28:04] D2BS 5964: Baal failed: souls found
[10/05/26 16:28:04] D2BS 5964: ÿc4=== [COUNTESS] ===
[10/05/26 16:29:17] D2BS 5964: ÿc4=== [PIT] ===
[10/05/26 16:30:48] D2BS 5964: ÿc4=== [ANDY] ===
[10/05/26 16:31:42] D2BS 5964: ÿc4=== [MEPHISTO] ===
[10/05/26 16:33:03] D2BS 5964: ÿc4=== [DIABLO] ===
[10/05/26 16:38:38] D2BS 5964: party has left: fowo-xg
[10/05/26 16:38:38] D2BS 5964:  [11:45] +3.94% / [Level 88] 34.58%
[10/05/26 16:38:38] D2BS 5964: Script threads\autobuildthread.js ended
[10/05/26 16:38:38] D2BS 5964: Script threads\partythread.js ended
[10/05/26 16:38:39] D2BS 5964: Script threads\townchicken.js ended
[10/05/26 16:38:39] D2BS 5964: Script default.dbj ended
[10/05/26 16:38:50] D2BS 5964: joining game pz-150
[10/05/26 16:38:52] D2BS 5964: ÿc2D2BSÿc0 :: Starting default.dbj
[10/05/26 16:38:52] D2BS 5964: ÿc2D2BSÿc0 :: default.dbj running.
[10/05/26 16:38:53] D2BS 5964: Loaded ÿc9[X.nip] [Y.nip] [Z.nip] [V.nip] [A.TRAP.nip]
[10/05/26 16:38:53] D2BS 5964: Loaded ÿc9[A.TRAP.js]
[10/05/26 16:38:53] D2BS 5964: equipped: [Head] 15
[10/05/26 16:38:53] D2BS 5964: equipped: [Neck] 16
[10/05/26 16:38:53] D2BS 5964: equipped: [Body] 19
[10/05/26 16:38:53] D2BS 5964: equipped: [ArmR] 32
[10/05/26 16:38:53] D2BS 5964: equipped: [ArmL] 26
[10/05/26 16:38:53] D2BS 5964: equipped: [RingR] 16
[10/05/26 16:38:53] D2BS 5964: equipped: [RingL] 13
[10/05/26 16:38:53] D2BS 5964: equipped: [Belt] 19
[10/05/26 16:38:53] D2BS 5964: equipped: [Boots] 12
[10/05/26 16:38:53] D2BS 5964: equipped: [Mitts] 12
[10/05/26 16:38:53] D2BS 5964: updateStat
[10/05/26 16:38:53] D2BS 5964: granted: [Head] 15
[10/05/26 16:38:53] D2BS 5964: granted: [Body] 19
[10/05/26 16:38:53] D2BS 5964: granted: [ArmR] 23
[10/05/26 16:38:53] D2BS 5964: Loaded ÿc9[AutoSmurf.js]
[10/05/26 16:38:58] D2BS 5964: farmingON
[10/05/26 16:38:58] D2BS 5964: MiniShopBot: true
[10/05/26 16:38:58] D2BS 5964: UseMerc: true HP: 70
[10/05/26 16:39:17] D2BS 5964: Merc matched: Blessed Aim
[10/05/26 16:39:27] D2BS 5964: Token needed
[10/05/26 16:39:31] D2BS 5964: act5+ BO
[10/05/26 16:39:44] D2BS 5964: ÿc4=== [BAAL] ===
[10/05/26 16:39:59] D2BS 5964: Baal failed: souls found
[10/05/26 16:39:59] D2BS 5964: ÿc4=== [COUNTESS] ===
[10/05/26 16:41:12] D2BS 5964: ÿc4=== [PIT] ===
[10/05/26 16:43:03] D2BS 5964: ÿc4=== [ANDY] ===
[10/05/26 16:43:54] D2BS 5964: ÿc4=== [MEPHISTO] ===
[10/05/26 16:45:15] D2BS 5964: ÿc4=== [DIABLO] ===
[10/05/26 16:51:02] D2BS 5964: party has left: fowo-xb
[10/05/26 16:51:02] D2BS 5964:  [12:10] +4.69% / [Level 88] 39.27%
[10/05/26 16:51:02] D2BS 5964: Script threads\autobuildthread.js ended
[10/05/26 16:51:02] D2BS 5964: Script threads\partythread.js ended
[10/05/26 16:51:02] D2BS 5964: Script threads\townchicken.js ended
[10/05/26 16:51:02] D2BS 5964: Script default.dbj ended
[10/05/26 16:51:15] D2BS 5964: joining game pz-151
[10/05/26 16:51:18] D2BS 5964: ÿc2D2BSÿc0 :: Starting default.dbj
[10/05/26 16:51:18] D2BS 5964: ÿc2D2BSÿc0 :: default.dbj running.
[10/05/26 16:51:18] D2BS 5964: Loaded ÿc9[X.nip] [Y.nip] [Z.nip] [V.nip] [A.TRAP.nip]
[10/05/26 16:51:18] D2BS 5964: Loaded ÿc9[A.TRAP.js]
[10/05/26 16:51:18] D2BS 5964: equipped: [Head] 15
[10/05/26 16:51:18] D2BS 5964: equipped: [Neck] 16
[10/05/26 16:51:18] D2BS 5964: equipped: [Body] 19
[10/05/26 16:51:18] D2BS 5964: equipped: [ArmR] 32
[10/05/26 16:51:18] D2BS 5964: equipped: [ArmL] 26
[10/05/26 16:51:18] D2BS 5964: equipped: [RingR] 16
[10/05/26 16:51:18] D2BS 5964: equipped: [RingL] 13
[10/05/26 16:51:18] D2BS 5964: equipped: [Belt] 19
[10/05/26 16:51:18] D2BS 5964: equipped: [Boots] 12
[10/05/26 16:51:18] D2BS 5964: equipped: [Mitts] 12
[10/05/26 16:51:18] D2BS 5964: updateStat
[10/05/26 16:51:18] D2BS 5964: granted: [Head] 15
[10/05/26 16:51:18] D2BS 5964: granted: [Body] 19
[10/05/26 16:51:18] D2BS 5964: granted: [ArmR] 23
[10/05/26 16:51:18] D2BS 5964: Loaded ÿc9[AutoSmurf.js]
[10/05/26 16:51:22] D2BS 5964: farmingON
[10/05/26 16:51:23] D2BS 5964: MiniShopBot: true
[10/05/26 16:51:23] D2BS 5964: UseMerc: true HP: 70
[10/05/26 16:51:44] D2BS 5964: Merc matched: Blessed Aim
[10/05/26 16:51:57] D2BS 5964: Token needed
[10/05/26 16:52:00] D2BS 5964: act5+ BO
[10/05/26 16:52:13] D2BS 5964: ÿc4=== [BAAL] ===
[10/05/26 16:52:25] D2BS 5964: Baal failed: souls found
[10/05/26 16:52:25] D2BS 5964: ÿc4=== [COUNTESS] ===
[10/05/26 16:53:37] D2BS 5964: ÿc4=== [PIT] ===
[10/05/26 16:55:20] D2BS 5964: ÿc4=== [ANDY] ===
[10/05/26 16:56:05] D2BS 5964: ÿc4=== [MEPHISTO] ===
[10/05/26 16:57:24] D2BS 5964: ÿc4=== [DIABLO] ===
[10/05/26 17:03:34] D2BS 5964: party has left: fowo-xb
[10/05/26 17:03:34] D2BS 5964:  [12:17] +3.88% / [Level 88] 43.15%
[10/05/26 17:03:34] D2BS 5964: Script threads\autobuildthread.js ended
[10/05/26 17:03:34] D2BS 5964: Script threads\partythread.js ended
[10/05/26 17:03:34] D2BS 5964: Script threads\townchicken.js ended
[10/05/26 17:03:34] D2BS 5964: Script default.dbj ended
[10/05/26 17:03:45] D2BS 5964: joining game pz-152
[10/05/26 17:03:47] D2BS 5964: ÿc2D2BSÿc0 :: Starting default.dbj
[10/05/26 17:03:47] D2BS 5964: ÿc2D2BSÿc0 :: default.dbj running.
[10/05/26 17:03:47] D2BS 5964: Loaded ÿc9[X.nip] [Y.nip] [Z.nip] [V.nip] [A.TRAP.nip]
[10/05/26 17:03:47] D2BS 5964: Loaded ÿc9[A.TRAP.js]
[10/05/26 17:03:47] D2BS 5964: equipped: [Head] 15
[10/05/26 17:03:47] D2BS 5964: equipped: [Neck] 16
[10/05/26 17:03:47] D2BS 5964: equipped: [Body] 19
[10/05/26 17:03:47] D2BS 5964: equipped: [ArmR] 32
[10/05/26 17:03:47] D2BS 5964: equipped: [ArmL] 26
[10/05/26 17:03:47] D2BS 5964: equipped: [RingR] 16
[10/05/26 17:03:47] D2BS 5964: equipped: [RingL] 13
[10/05/26 17:03:47] D2BS 5964: equipped: [Belt] 19
[10/05/26 17:03:47] D2BS 5964: equipped: [Boots] 12
[10/05/26 17:03:47] D2BS 5964: equipped: [Mitts] 12
[10/05/26 17:03:47] D2BS 5964: updateStat
[10/05/26 17:03:47] D2BS 5964: granted: [Head] 15
[10/05/26 17:03:47] D2BS 5964: granted: [Body] 19
[10/05/26 17:03:47] D2BS 5964: granted: [ArmR] 23
[10/05/26 17:03:47] D2BS 5964: Loaded ÿc9[AutoSmurf.js]
[10/05/26 17:03:52] D2BS 5964: farmingON
[10/05/26 17:03:53] D2BS 5964: MiniShopBot: true
[10/05/26 17:03:53] D2BS 5964: UseMerc: true HP: 70
[10/05/26 17:04:13] D2BS 5964: Merc matched: Blessed Aim
[10/05/26 17:04:23] D2BS 5964: Token needed
[10/05/26 17:04:26] D2BS 5964: act5+ BO
[10/05/26 17:04:40] D2BS 5964: ÿc4=== [BAAL] ===
[10/05/26 17:08:10] D2BS 5964: ÿc4=== [COUNTESS] ===
[10/05/26 17:09:20] D2BS 5964: ÿc4=== [PIT] ===
[10/05/26 17:11:04] D2BS 5964: ÿc4=== [ANDY] ===
[10/05/26 17:11:54] D2BS 5964: ÿc4=== [MEPHISTO] ===
[10/05/26 17:13:19] D2BS 5964: ÿc4=== [DIABLO] ===
[10/05/26 17:19:13] D2BS 5964: party has left: fowo-xh
[10/05/26 17:19:13] D2BS 5964:  [15:26] +7.63% / [Level 88] 50.79%
[10/05/26 17:19:13] D2BS 5964: Script threads\autobuildthread.js ended
[10/05/26 17:19:13] D2BS 5964: Script threads\partythread.js ended
[10/05/26 17:19:13] D2BS 5964: Script threads\townchicken.js ended
[10/05/26 17:19:13] D2BS 5964: Script default.dbj ended
[10/05/26 17:19:26] D2BS 5964: joining game pz-153
[10/05/26 17:19:28] D2BS 5964: ÿc2D2BSÿc0 :: Starting default.dbj
[10/05/26 17:19:28] D2BS 5964: ÿc2D2BSÿc0 :: default.dbj running.
[10/05/26 17:19:28] D2BS 5964: Loaded ÿc9[X.nip] [Y.nip] [Z.nip] [V.nip] [A.TRAP.nip]
[10/05/26 17:19:28] D2BS 5964: Loaded ÿc9[A.TRAP.js]
[10/05/26 17:19:28] D2BS 5964: equipped: [Head] 15
[10/05/26 17:19:28] D2BS 5964: equipped: [Neck] 16
[10/05/26 17:19:28] D2BS 5964: equipped: [Body] 19
[10/05/26 17:19:28] D2BS 5964: equipped: [ArmR] 32
[10/05/26 17:19:28] D2BS 5964: equipped: [ArmL] 26
[10/05/26 17:19:28] D2BS 5964: equipped: [RingR] 16
[10/05/26 17:19:28] D2BS 5964: equipped: [RingL] 13
[10/05/26 17:19:28] D2BS 5964: equipped: [Belt] 19
[10/05/26 17:19:28] D2BS 5964: equipped: [Boots] 12
[10/05/26 17:19:28] D2BS 5964: equipped: [Mitts] 12
[10/05/26 17:19:28] D2BS 5964: updateStat
[10/05/26 17:19:28] D2BS 5964: granted: [Head] 15
[10/05/26 17:19:28] D2BS 5964: granted: [Body] 19
[10/05/26 17:19:28] D2BS 5964: granted: [ArmR] 23
[10/05/26 17:19:28] D2BS 5964: Loaded ÿc9[AutoSmurf.js]
[10/05/26 17:19:33] D2BS 5964: farmingON
[10/05/26 17:19:36] D2BS 5964: MiniShopBot: true
[10/05/26 17:19:36] D2BS 5964: UseMerc: true HP: 70
[10/05/26 17:19:56] D2BS 5964: Merc matched: Blessed Aim
[10/05/26 17:20:02] D2BS 5964: Token needed
[10/05/26 17:20:06] D2BS 5964: act5+ BO
[10/05/26 17:20:19] D2BS 5964: ÿc4=== [BAAL] ===
[10/05/26 17:23:45] D2BS 5964: ÿc4=== [COUNTESS] ===
[10/05/26 17:25:12] D2BS 5964: ÿc4=== [PIT] ===
[10/05/26 17:26:30] D2BS 5964: ÿc4=== [ANDY] ===
[10/05/26 17:27:28] D2BS 5964: ÿc4=== [MEPHISTO] ===
[10/05/26 17:28:43] D2BS 5964: ÿc4=== [DIABLO] ===
[10/05/26 17:34:08] D2BS 5964: party has left: fowo-xf
[10/05/26 17:34:08] D2BS 5964:  [14:41] +7.80% / [Level 88] 58.59%
[10/05/26 17:34:08] D2BS 5964: Script threads\autobuildthread.js ended
[10/05/26 17:34:08] D2BS 5964: Script threads\partythread.js ended
[10/05/26 17:34:09] D2BS 5964: Script threads\townchicken.js ended
[10/05/26 17:34:09] D2BS 5964: Script default.dbj ended
[10/05/26 17:34:21] D2BS 5964: joining game pz-154
[10/05/26 17:34:23] D2BS 5964: ÿc2D2BSÿc0 :: Starting default.dbj
[10/05/26 17:34:23] D2BS 5964: ÿc2D2BSÿc0 :: default.dbj running.
[10/05/26 17:34:23] D2BS 5964: Loaded ÿc9[X.nip] [Y.nip] [Z.nip] [V.nip] [A.TRAP.nip]
[10/05/26 17:34:23] D2BS 5964: Loaded ÿc9[A.TRAP.js]
[10/05/26 17:34:23] D2BS 5964: equipped: [Head] 15
[10/05/26 17:34:23] D2BS 5964: equipped: [Neck] 16
[10/05/26 17:34:23] D2BS 5964: equipped: [Body] 19
[10/05/26 17:34:23] D2BS 5964: equipped: [ArmR] 32
[10/05/26 17:34:23] D2BS 5964: equipped: [ArmL] 26
[10/05/26 17:34:23] D2BS 5964: equipped: [RingR] 16
[10/05/26 17:34:23] D2BS 5964: equipped: [RingL] 13
[10/05/26 17:34:23] D2BS 5964: equipped: [Belt] 19
[10/05/26 17:34:23] D2BS 5964: equipped: [Boots] 12
[10/05/26 17:34:23] D2BS 5964: equipped: [Mitts] 12
[10/05/26 17:34:23] D2BS 5964: updateStat
[10/05/26 17:34:23] D2BS 5964: granted: [Head] 15
[10/05/26 17:34:23] D2BS 5964: granted: [Body] 19
[10/05/26 17:34:23] D2BS 5964: granted: [ArmR] 23
[10/05/26 17:34:23] D2BS 5964: Loaded ÿc9[AutoSmurf.js]
[10/05/26 17:34:28] D2BS 5964: farmingON
[10/05/26 17:34:30] D2BS 5964: MiniShopBot: true
[10/05/26 17:34:30] D2BS 5964: UseMerc: true HP: 70
[10/05/26 17:34:47] D2BS 5964: Merc matched: Blessed Aim
[10/05/26 17:34:57] D2BS 5964: Token needed
[10/05/26 17:35:01] D2BS 5964: act5+ BO
[10/05/26 17:35:14] D2BS 5964: ÿc4=== [BAAL] ===
[10/05/26 17:38:39] D2BS 5964: ÿc4=== [COUNTESS] ===
[10/05/26 17:39:48] D2BS 5964: ÿc4=== [PIT] ===
[10/05/26 17:41:27] D2BS 5964: ÿc4=== [ANDY] ===
[10/05/26 17:42:15] D2BS 5964: ÿc4=== [MEPHISTO] ===
[10/05/26 17:43:42] D2BS 5964: ÿc4=== [DIABLO] ===
[10/05/26 17:49:28] D2BS 5964: party has left: fowo-xb
[10/05/26 17:49:28] D2BS 5964:  [15:05] +8.30% / [Level 88] 66.89%
[10/05/26 17:49:28] D2BS 5964: Script threads\autobuildthread.js ended
[10/05/26 17:49:28] D2BS 5964: Script threads\partythread.js ended
[10/05/26 17:49:28] D2BS 5964: Script threads\townchicken.js ended
[10/05/26 17:49:28] D2BS 5964: Script default.dbj ended
[10/05/26 17:49:41] D2BS 5964: joining game pz-155
[10/05/26 17:49:42] D2BS 5964: ÿc2D2BSÿc0 :: Starting default.dbj
[10/05/26 17:49:42] D2BS 5964: ÿc2D2BSÿc0 :: default.dbj running.
[10/05/26 17:49:43] D2BS 5964: Loaded ÿc9[X.nip] [Y.nip] [Z.nip] [V.nip] [A.TRAP.nip]
[10/05/26 17:49:43] D2BS 5964: Loaded ÿc9[A.TRAP.js]
[10/05/26 17:49:43] D2BS 5964: equipped: [Head] 15
[10/05/26 17:49:43] D2BS 5964: equipped: [Neck] 16
[10/05/26 17:49:43] D2BS 5964: equipped: [Body] 19
[10/05/26 17:49:43] D2BS 5964: equipped: [ArmR] 32
[10/05/26 17:49:43] D2BS 5964: equipped: [ArmL] 26
[10/05/26 17:49:43] D2BS 5964: equipped: [RingR] 16
[10/05/26 17:49:43] D2BS 5964: equipped: [RingL] 13
[10/05/26 17:49:43] D2BS 5964: equipped: [Belt] 19
[10/05/26 17:49:43] D2BS 5964: equipped: [Boots] 12
[10/05/26 17:49:43] D2BS 5964: equipped: [Mitts] 12
[10/05/26 17:49:43] D2BS 5964: updateStat
[10/05/26 17:49:43] D2BS 5964: granted: [Head] 15
[10/05/26 17:49:43] D2BS 5964: granted: [Body] 19
[10/05/26 17:49:43] D2BS 5964: granted: [ArmR] 23
[10/05/26 17:49:43] D2BS 5964: Loaded ÿc9[AutoSmurf.js]
[10/05/26 17:49:50] D2BS 5964: farmingON
[10/05/26 17:49:51] D2BS 5964: MiniShopBot: true
[10/05/26 17:49:51] D2BS 5964: UseMerc: true HP: 70
[10/05/26 17:50:14] D2BS 5964: Merc matched: Blessed Aim
[10/05/26 17:50:28] D2BS 5964: act5+ BO
[10/05/26 17:50:41] D2BS 5964: ÿc4=== [BAAL] ===
[10/05/26 17:53:28] D2BS 5964: Script default.dbj ended
[10/05/26 17:53:28] D2BS 5964: Script threads\autobuildthread.js ended
[10/05/26 17:53:29] D2BS 5964: Script threads\partythread.js ended
[10/05/26 17:53:29] D2BS 5964: Script threads\toolsthread.js ended
[10/05/26 17:53:29] D2BS 5964: Script threads\townchicken.js ended
[10/05/26 17:53:41] D2BS 5964: joining game pz-156
[10/05/26 17:53:43] D2BS 5964: ÿc2D2BSÿc0 :: Starting default.dbj
[10/05/26 17:53:43] D2BS 5964: ÿc2D2BSÿc0 :: default.dbj running.
[10/05/26 17:53:43] D2BS 5964: Loaded ÿc9[X.nip] [Y.nip] [Z.nip] [V.nip] [A.TRAP.nip]
[10/05/26 17:53:43] D2BS 5964: Loaded ÿc9[A.TRAP.js]
[10/05/26 17:53:43] D2BS 5964: equipped: [Head] 15
[10/05/26 17:53:43] D2BS 5964: equipped: [Neck] 16
[10/05/26 17:53:43] D2BS 5964: equipped: [Body] 19
[10/05/26 17:53:43] D2BS 5964: equipped: [ArmR] 32
[10/05/26 17:53:43] D2BS 5964: equipped: [ArmL] 26
[10/05/26 17:53:43] D2BS 5964: equipped: [RingR] 16
[10/05/26 17:53:43] D2BS 5964: equipped: [RingL] 13
[10/05/26 17:53:43] D2BS 5964: equipped: [Belt] 19
[10/05/26 17:53:43] D2BS 5964: equipped: [Boots] 12
[10/05/26 17:53:43] D2BS 5964: equipped: [Mitts] 12
[10/05/26 17:53:44] D2BS 5964: updateStat
[10/05/26 17:53:44] D2BS 5964: granted: [Head] 15
[10/05/26 17:53:44] D2BS 5964: granted: [Body] 19
[10/05/26 17:53:44] D2BS 5964: granted: [ArmR] 23
[10/05/26 17:53:44] D2BS 5964: Loaded ÿc9[AutoSmurf.js]
[10/05/26 17:53:45] D2BS 5964: MiniShopBot: true
[10/05/26 17:53:45] D2BS 5964: farmingON
[10/05/26 17:53:45] D2BS 5964: UseMerc: true HP: 70
[10/05/26 17:53:59] D2BS 5964: Merc matched: Blessed Aim
[10/05/26 17:54:17] D2BS 5964: act5+ BO
[10/05/26 17:54:29] D2BS 5964: ÿc4=== [BAAL] ===
[10/05/26 17:58:27] D2BS 5964: ÿc4=== [COUNTESS] ===
[10/05/26 17:59:55] D2BS 5964: ÿc4=== [PIT] ===
[10/05/26 18:01:49] D2BS 5964: ÿc4=== [ANDY] ===
[10/05/26 18:02:34] D2BS 5964: ÿc4=== [MEPHISTO] ===
[10/05/26 18:03:53] D2BS 5964: ÿc4=== [DIABLO] ===
[10/05/26 18:09:43] D2BS 5964: Script ended
[10/05/26 18:09:43] D2BS 5964:  [15:59] +8.41% / [Level 88] 78.76%
[10/05/26 18:09:43] D2BS 5964: Script threads\autobuildthread.js ended
[10/05/26 18:09:44] D2BS 5964: Script threads\partythread.js ended
[10/05/26 18:09:44] D2BS 5964: Script threads\townchicken.js ended
[10/05/26 18:09:56] D2BS 5964: joining game pz-157
[10/05/26 18:09:58] D2BS 5964: ÿc2D2BSÿc0 :: Starting default.dbj
[10/05/26 18:09:58] D2BS 5964: ÿc2D2BSÿc0 :: default.dbj running.
[10/05/26 18:09:58] D2BS 5964: Loaded ÿc9[X.nip] [Y.nip] [Z.nip] [V.nip] [A.TRAP.nip]
[10/05/26 18:09:59] D2BS 5964: Loaded ÿc9[A.TRAP.js]
[10/05/26 18:09:59] D2BS 5964: equipped: [Head] 15
[10/05/26 18:09:59] D2BS 5964: equipped: [Neck] 16
[10/05/26 18:09:59] D2BS 5964: equipped: [Body] 19
[10/05/26 18:09:59] D2BS 5964: equipped: [ArmR] 32
[10/05/26 18:09:59] D2BS 5964: equipped: [ArmL] 26
[10/05/26 18:09:59] D2BS 5964: equipped: [RingR] 16
[10/05/26 18:09:59] D2BS 5964: equipped: [RingL] 13
[10/05/26 18:09:59] D2BS 5964: equipped: [Belt] 19
[10/05/26 18:09:59] D2BS 5964: equipped: [Boots] 12
[10/05/26 18:09:59] D2BS 5964: equipped: [Mitts] 12
[10/05/26 18:09:59] D2BS 5964: updateStat
[10/05/26 18:09:59] D2BS 5964: granted: [Head] 15
[10/05/26 18:09:59] D2BS 5964: granted: [Body] 19
[10/05/26 18:09:59] D2BS 5964: granted: [ArmR] 23
[10/05/26 18:09:59] D2BS 5964: Loaded ÿc9[AutoSmurf.js]
[10/05/26 18:10:03] D2BS 5964: farmingON
[10/05/26 18:10:04] D2BS 5964: MiniShopBot: true
[10/05/26 18:10:04] D2BS 5964: UseMerc: true HP: 70
[10/05/26 18:10:28] D2BS 5964: Merc matched: Blessed Aim
[10/05/26 18:10:38] D2BS 5964: act5+ BO
[10/05/26 18:10:50] D2BS 5964: ÿc4=== [BAAL] ===
[10/05/26 18:14:27] D2BS 5964: ÿc4=== [COUNTESS] ===
[10/05/26 18:15:38] D2BS 5964: ÿc4=== [PIT] ===
[10/05/26 18:17:10] D2BS 5964: ÿc4=== [ANDY] ===
[10/05/26 18:17:59] D2BS 5964: ÿc4=== [MEPHISTO] ===
[10/05/26 18:19:17] D2BS 5964: ÿc4=== [DIABLO] ===
[10/05/26 18:25:37] D2BS 5964: party has left: fowo-xa
[10/05/26 18:25:37] D2BS 5964:  [15:39] +7.25% / [Level 88] 86.01%
[10/05/26 18:25:37] D2BS 5964: Script threads\autobuildthread.js ended
[10/05/26 18:25:37] D2BS 5964: Script threads\partythread.js ended
[10/05/26 18:25:38] D2BS 5964: Script threads\townchicken.js ended
[10/05/26 18:25:38] D2BS 5964: Script default.dbj ended
[10/05/26 18:25:50] D2BS 5964: joining game pz-158
[10/05/26 18:25:52] D2BS 5964: ÿc2D2BSÿc0 :: Starting default.dbj
[10/05/26 18:25:52] D2BS 5964: ÿc2D2BSÿc0 :: default.dbj running.
[10/05/26 18:25:52] D2BS 5964: Loaded ÿc9[X.nip] [Y.nip] [Z.nip] [V.nip] [A.TRAP.nip]
[10/05/26 18:25:52] D2BS 5964: Loaded ÿc9[A.TRAP.js]
[10/05/26 18:25:52] D2BS 5964: equipped: [Head] 15
[10/05/26 18:25:52] D2BS 5964: equipped: [Neck] 16
[10/05/26 18:25:52] D2BS 5964: equipped: [Body] 19
[10/05/26 18:25:52] D2BS 5964: equipped: [ArmR] 32
[10/05/26 18:25:52] D2BS 5964: equipped: [ArmL] 26
[10/05/26 18:25:52] D2BS 5964: equipped: [RingR] 16
[10/05/26 18:25:52] D2BS 5964: equipped: [RingL] 13
[10/05/26 18:25:52] D2BS 5964: equipped: [Belt] 19
[10/05/26 18:25:52] D2BS 5964: equipped: [Boots] 12
[10/05/26 18:25:52] D2BS 5964: equipped: [Mitts] 12
[10/05/26 18:25:52] D2BS 5964: updateStat
[10/05/26 18:25:52] D2BS 5964: granted: [Head] 15
[10/05/26 18:25:52] D2BS 5964: granted: [Body] 19
[10/05/26 18:25:52] D2BS 5964: granted: [ArmR] 23
[10/05/26 18:25:52] D2BS 5964: Loaded ÿc9[AutoSmurf.js]
[10/05/26 18:25:57] D2BS 5964: farmingON
[10/05/26 18:25:59] D2BS 5964: MiniShopBot: true
[10/05/26 18:25:59] D2BS 5964: UseMerc: true HP: 70
[10/05/26 18:26:18] D2BS 5964: Merc matched: Blessed Aim
[10/05/26 18:26:41] D2BS 5964: act5+ BO
[10/05/26 18:27:08] D2BS 5964: ÿc4=== [BAAL] ===
[10/05/26 18:28:42] D2BS 5964: party has left: fowo-xf
[10/05/26 18:28:42] D2BS 5964:  [02:51] +0.93% / [Level 88] 86.94%
[10/05/26 18:28:42] D2BS 5964: Script threads\autobuildthread.js ended
[10/05/26 18:28:43] D2BS 5964: Script threads\partythread.js ended
[10/05/26 18:28:43] D2BS 5964: Script threads\townchicken.js ended
[10/05/26 18:28:43] D2BS 5964: Script default.dbj ended
[10/05/26 18:28:55] D2BS 5964: joining game pz-159
[10/05/26 18:28:57] D2BS 5964: ÿc2D2BSÿc0 :: Starting default.dbj
[10/05/26 18:28:57] D2BS 5964: ÿc2D2BSÿc0 :: default.dbj running.
[10/05/26 18:28:57] D2BS 5964: Loaded ÿc9[X.nip] [Y.nip] [Z.nip] [V.nip] [A.TRAP.nip]
[10/05/26 18:28:57] D2BS 5964: Loaded ÿc9[A.TRAP.js]
[10/05/26 18:28:57] D2BS 5964: equipped: [Head] 15
[10/05/26 18:28:57] D2BS 5964: equipped: [Neck] 16
[10/05/26 18:28:57] D2BS 5964: equipped: [Body] 19
[10/05/26 18:28:57] D2BS 5964: equipped: [ArmR] 32
[10/05/26 18:28:58] D2BS 5964: equipped: [ArmL] 26
[10/05/26 18:28:58] D2BS 5964: equipped: [RingR] 16
[10/05/26 18:28:58] D2BS 5964: equipped: [RingL] 13
[10/05/26 18:28:58] D2BS 5964: equipped: [Belt] 19
[10/05/26 18:28:58] D2BS 5964: equipped: [Boots] 12
[10/05/26 18:28:58] D2BS 5964: equipped: [Mitts] 12
[10/05/26 18:28:58] D2BS 5964: updateStat
[10/05/26 18:28:58] D2BS 5964: granted: [Head] 15
[10/05/26 18:28:58] D2BS 5964: granted: [Body] 19
[10/05/26 18:28:58] D2BS 5964: granted: [ArmR] 23
[10/05/26 18:28:58] D2BS 5964: Loaded ÿc9[AutoSmurf.js]
[10/05/26 18:28:59] D2BS 5964: farmingON
[10/05/26 18:28:59] D2BS 5964: MiniShopBot: true
[10/05/26 18:28:59] D2BS 5964: UseMerc: true HP: 70
[10/05/26 18:29:14] D2BS 5964: Merc matched: Blessed Aim
[10/05/26 18:29:23] D2BS 5964: Token needed
[10/05/26 18:29:27] D2BS 5964: act5+ BO
[10/05/26 18:29:38] D2BS 5964: ÿc4=== [BAAL] ===
[10/05/26 18:32:56] D2BS 5964: ÿc4=== [COUNTESS] ===
[10/05/26 18:34:07] D2BS 5964: ÿc4=== [PIT] ===
[10/05/26 18:35:51] D2BS 5964: ÿc4=== [ANDY] ===
[10/05/26 18:36:42] D2BS 5964: ÿc4=== [MEPHISTO] ===
[10/05/26 18:37:55] D2BS 5964: ÿc4=== [DIABLO] ===
[10/05/26 18:44:48] D2BS 5964: party has left: fowo-xe, fowo-xg
[10/05/26 18:44:48] D2BS 5964:  [15:50] +7.71% / [Level 88] 94.65%
[10/05/26 18:44:48] D2BS 5964: Script threads\autobuildthread.js ended
[10/05/26 18:44:48] D2BS 5964: Script threads\partythread.js ended
[10/05/26 18:44:48] D2BS 5964: Script threads\townchicken.js ended
[10/05/26 18:44:48] D2BS 5964: Script default.dbj ended
[10/05/26 18:45:01] D2BS 5964: joining game pz-160
[10/05/26 18:45:03] D2BS 5964: ÿc2D2BSÿc0 :: Starting default.dbj
[10/05/26 18:45:03] D2BS 5964: ÿc2D2BSÿc0 :: default.dbj running.
[10/05/26 18:45:04] D2BS 5964: Loaded ÿc9[X.nip] [Y.nip] [Z.nip] [V.nip] [A.TRAP.nip]
[10/05/26 18:45:04] D2BS 5964: Loaded ÿc9[A.TRAP.js]
[10/05/26 18:45:04] D2BS 5964: equipped: [Head] 15
[10/05/26 18:45:04] D2BS 5964: equipped: [Neck] 16
[10/05/26 18:45:04] D2BS 5964: equipped: [Body] 19
[10/05/26 18:45:04] D2BS 5964: equipped: [ArmR] 32
[10/05/26 18:45:04] D2BS 5964: equipped: [ArmL] 26
[10/05/26 18:45:04] D2BS 5964: equipped: [RingR] 16
[10/05/26 18:45:04] D2BS 5964: equipped: [RingL] 13
[10/05/26 18:45:04] D2BS 5964: equipped: [Belt] 19
[10/05/26 18:45:04] D2BS 5964: equipped: [Boots] 12
[10/05/26 18:45:04] D2BS 5964: equipped: [Mitts] 12
[10/05/26 18:45:04] D2BS 5964: updateStat
[10/05/26 18:45:04] D2BS 5964: granted: [Head] 15
[10/05/26 18:45:04] D2BS 5964: granted: [Body] 19
[10/05/26 18:45:04] D2BS 5964: granted: [ArmR] 23
[10/05/26 18:45:04] D2BS 5964: Loaded ÿc9[AutoSmurf.js]
[10/05/26 18:45:08] D2BS 5964: MiniShopBot: true
[10/05/26 18:45:08] D2BS 5964: farmingON
[10/05/26 18:45:08] D2BS 5964: UseMerc: true HP: 70
[10/05/26 18:45:28] D2BS 5964: Merc matched: Blessed Aim
[10/05/26 18:45:37] D2BS 5964: Token needed
[10/05/26 18:45:42] D2BS 5964: act5+ BO
[10/05/26 18:45:54] D2BS 5964: ÿc4=== [BAAL] ===
[10/05/26 18:46:16] D2BS 5964: Baal failed: souls found
[10/05/26 18:46:16] D2BS 5964: ÿc4=== [COUNTESS] ===
[10/05/26 18:47:28] D2BS 5964: ÿc4=== [PIT] ===
[10/05/26 18:49:13] D2BS 5964: ÿc4=== [ANDY] ===
[10/05/26 18:50:17] D2BS 5964: ÿc4=== [MEPHISTO] ===
[10/05/26 18:51:42] D2BS 5964: ÿc4=== [DIABLO] ===
[10/05/26 18:56:41] D2BS 5964: party has left: fowo-xe
[10/05/26 18:56:41] D2BS 5964:  [11:38] +2.54% / [Level 88] 97.19%
[10/05/26 18:56:41] D2BS 5964: Script threads\autobuildthread.js ended
[10/05/26 18:56:41] D2BS 5964: Script threads\partythread.js ended
[10/05/26 18:56:41] D2BS 5964: Script threads\townchicken.js ended
[10/05/26 18:56:41] D2BS 5964: Script default.dbj ended
[10/05/26 18:56:54] D2BS 5964: joining game pz-161
[10/05/26 18:56:56] D2BS 5964: ÿc2D2BSÿc0 :: Starting default.dbj
[10/05/26 18:56:56] D2BS 5964: ÿc2D2BSÿc0 :: default.dbj running.
[10/05/26 18:56:57] D2BS 5964: Loaded ÿc9[X.nip] [Y.nip] [Z.nip] [V.nip] [A.TRAP.nip]
[10/05/26 18:56:57] D2BS 5964: Loaded ÿc9[A.TRAP.js]
[10/05/26 18:56:57] D2BS 5964: equipped: [Head] 15
[10/05/26 18:56:57] D2BS 5964: equipped: [Neck] 16
[10/05/26 18:56:57] D2BS 5964: equipped: [Body] 19
[10/05/26 18:56:57] D2BS 5964: equipped: [ArmR] 32
[10/05/26 18:56:57] D2BS 5964: equipped: [ArmL] 26
[10/05/26 18:56:57] D2BS 5964: equipped: [RingR] 16
[10/05/26 18:56:57] D2BS 5964: equipped: [RingL] 13
[10/05/26 18:56:57] D2BS 5964: equipped: [Belt] 19
[10/05/26 18:56:57] D2BS 5964: equipped: [Boots] 12
[10/05/26 18:56:57] D2BS 5964: equipped: [Mitts] 12
[10/05/26 18:56:57] D2BS 5964: updateStat
[10/05/26 18:56:57] D2BS 5964: granted: [Head] 15
[10/05/26 18:56:57] D2BS 5964: granted: [Body] 19
[10/05/26 18:56:57] D2BS 5964: granted: [ArmR] 23
[10/05/26 18:56:57] D2BS 5964: Loaded ÿc9[AutoSmurf.js]
[10/05/26 18:57:01] D2BS 5964: farmingON
[10/05/26 18:57:02] D2BS 5964: MiniShopBot: true
[10/05/26 18:57:02] D2BS 5964: UseMerc: true HP: 70
[10/05/26 18:57:22] D2BS 5964: Merc matched: Blessed Aim
[10/05/26 18:57:31] D2BS 5964: act5+ BO
[10/05/26 18:57:44] D2BS 5964: ÿc4=== [BAAL] ===
[10/05/26 18:57:59] D2BS 5964: Baal failed: souls found
[10/05/26 18:57:59] D2BS 5964: ÿc4=== [COUNTESS] ===
[10/05/26 18:59:04] D2BS 5964: ÿc4=== [PIT] ===
[10/05/26 19:01:02] D2BS 5964: ÿc4=== [ANDY] ===
[10/05/26 19:01:57] D2BS 5964: ÿc4=== [MEPHISTO] ===
[10/05/26 19:03:15] D2BS 5964: ÿc4=== [DIABLO] ===
[10/05/26 19:08:43] D2BS 5964: Script ended
[10/05/26 19:08:43] D2BS 5964:  [11:47] +3.79% / [Level 89] 1.21%
[10/05/26 19:08:43] D2BS 5964: Script threads\autobuildthread.js ended
[10/05/26 19:08:44] D2BS 5964: Script threads\partythread.js ended
[10/05/26 19:08:44] D2BS 5964: Script threads\townchicken.js ended
[10/05/26 19:08:57] D2BS 5964: joining game pz-162
[10/05/26 19:08:59] D2BS 5964: ÿc2D2BSÿc0 :: Starting default.dbj
[10/05/26 19:08:59] D2BS 5964: ÿc2D2BSÿc0 :: default.dbj running.
[10/05/26 19:08:59] D2BS 5964: Loaded ÿc9[X.nip] [Y.nip] [Z.nip] [V.nip] [A.TRAP.nip]
[10/05/26 19:08:59] D2BS 5964: Loaded ÿc9[A.TRAP.js]
[10/05/26 19:08:59] D2BS 5964: equipped: [Head] 15
[10/05/26 19:08:59] D2BS 5964: equipped: [Neck] 16
[10/05/26 19:08:59] D2BS 5964: equipped: [Body] 19
[10/05/26 19:08:59] D2BS 5964: equipped: [ArmR] 32
[10/05/26 19:08:59] D2BS 5964: equipped: [ArmL] 26
[10/05/26 19:08:59] D2BS 5964: equipped: [RingR] 16
[10/05/26 19:08:59] D2BS 5964: equipped: [RingL] 13
[10/05/26 19:08:59] D2BS 5964: equipped: [Belt] 19
[10/05/26 19:08:59] D2BS 5964: equipped: [Boots] 12
[10/05/26 19:08:59] D2BS 5964: equipped: [Mitts] 12
[10/05/26 19:08:59] D2BS 5964: updateStat
[10/05/26 19:08:59] D2BS 5964: granted: [Head] 15
[10/05/26 19:08:59] D2BS 5964: granted: [Body] 19
[10/05/26 19:08:59] D2BS 5964: granted: [ArmR] 23
[10/05/26 19:08:59] D2BS 5964: Loaded ÿc9[AutoSmurf.js]
[10/05/26 19:09:04] D2BS 5964: farmingON
[10/05/26 19:09:04] D2BS 5964: MiniShopBot: true
[10/05/26 19:09:04] D2BS 5964: UseMerc: true HP: 70
[10/05/26 19:09:26] D2BS 5964: Merc matched: Blessed Aim
[10/05/26 19:09:37] D2BS 5964: Token needed
[10/05/26 19:09:40] D2BS 5964: act5+ BO
[10/05/26 19:09:54] D2BS 5964: ÿc4=== [BAAL] ===
[10/05/26 19:10:04] D2BS 5964: Baal failed: souls found
[10/05/26 19:10:04] D2BS 5964: ÿc4=== [COUNTESS] ===
[10/05/26 19:11:08] D2BS 5964: ÿc4=== [PIT] ===
[10/05/26 19:12:53] D2BS 5964: ÿc4=== [ANDY] ===
[10/05/26 19:13:56] D2BS 5964: ÿc4=== [MEPHISTO] ===
[10/05/26 19:15:17] D2BS 5964: ÿc4=== [DIABLO] ===
[10/05/26 19:20:36] D2BS 5964: party has left: fowo-xa
[10/05/26 19:20:36] D2BS 5964:  [11:37] +2.56% / [Level 89] 3.77%
[10/05/26 19:20:36] D2BS 5964: Script threads\autobuildthread.js ended
[10/05/26 19:20:36] D2BS 5964: Script threads\partythread.js ended
[10/05/26 19:20:36] D2BS 5964: Script threads\townchicken.js ended
[10/05/26 19:20:36] D2BS 5964: Script default.dbj ended
[10/05/26 19:20:48] D2BS 5964: joining game pz-163
[10/05/26 19:20:49] D2BS 5964: ÿc2D2BSÿc0 :: Starting default.dbj
[10/05/26 19:20:49] D2BS 5964: ÿc2D2BSÿc0 :: default.dbj running.
[10/05/26 19:20:49] D2BS 5964: Loaded ÿc9[X.nip] [Y.nip] [Z.nip] [V.nip] [A.TRAP.nip]
[10/05/26 19:20:49] D2BS 5964: Loaded ÿc9[A.TRAP.js]
[10/05/26 19:20:49] D2BS 5964: equipped: [Head] 15
[10/05/26 19:20:49] D2BS 5964: equipped: [Neck] 16
[10/05/26 19:20:50] D2BS 5964: equipped: [Body] 19
[10/05/26 19:20:50] D2BS 5964: equipped: [ArmR] 32
[10/05/26 19:20:50] D2BS 5964: equipped: [ArmL] 26
[10/05/26 19:20:50] D2BS 5964: equipped: [RingR] 16
[10/05/26 19:20:51] D2BS 5964: equipped: [RingL] 13
[10/05/26 19:20:51] D2BS 5964: equipped: [Belt] 19
[10/05/26 19:20:51] D2BS 5964: equipped: [Boots] 12
[10/05/26 19:20:51] D2BS 5964: equipped: [Mitts] 12
[10/05/26 19:20:51] D2BS 5964: updateStat
[10/05/26 19:20:51] D2BS 5964: granted: [Head] 15
[10/05/26 19:20:51] D2BS 5964: granted: [Body] 19
[10/05/26 19:20:51] D2BS 5964: granted: [ArmR] 23
[10/05/26 19:20:51] D2BS 5964: Loaded ÿc9[AutoSmurf.js]
[10/05/26 19:20:55] D2BS 5964: farmingON
[10/05/26 19:20:56] D2BS 5964: MiniShopBot: true
[10/05/26 19:20:56] D2BS 5964: UseMerc: true HP: 70
[10/05/26 19:21:15] D2BS 5964: Merc matched: Blessed Aim
[10/05/26 19:21:31] D2BS 5964: act5+ BO
[10/05/26 19:21:46] D2BS 5964: ÿc4=== [BAAL] ===
[10/05/26 19:25:39] D2BS 5964: ÿc4=== [COUNTESS] ===
[10/05/26 19:26:44] D2BS 5964: ÿc4=== [PIT] ===
[10/05/26 19:28:23] D2BS 5964: ÿc4=== [ANDY] ===
[10/05/26 19:29:11] D2BS 5964: ÿc4=== [MEPHISTO] ===
[10/05/26 19:30:25] D2BS 5964: ÿc4=== [DIABLO] ===
[10/05/26 19:31:18] D2BS 5964: updateStat
[10/05/26 19:31:43] D2BS 5964: Going to town
[10/05/26 19:36:32] D2BS 5964: party has left: fowo-xb
[10/05/26 19:36:32] D2BS 5964:  [15:42] +5.38% / [Level 89] 9.15%
[10/05/26 19:36:32] D2BS 5964: Script threads\autobuildthread.js ended
[10/05/26 19:36:32] D2BS 5964: Script threads\partythread.js ended
[10/05/26 19:36:32] D2BS 5964: Script threads\townchicken.js ended
[10/05/26 19:36:32] D2BS 5964: Script default.dbj ended
[10/05/26 19:36:45] D2BS 5964: joining game pz-164
[10/05/26 19:36:47] D2BS 5964: ÿc2D2BSÿc0 :: Starting default.dbj
[10/05/26 19:36:47] D2BS 5964: ÿc2D2BSÿc0 :: default.dbj running.
[10/05/26 19:36:47] D2BS 5964: Loaded ÿc9[X.nip] [Y.nip] [Z.nip] [V.nip] [A.TRAP.nip]
[10/05/26 19:36:47] D2BS 5964: Loaded ÿc9[A.TRAP.js]
[10/05/26 19:36:47] D2BS 5964: equipped: [Head] 15
[10/05/26 19:36:47] D2BS 5964: equipped: [Neck] 16
[10/05/26 19:36:48] D2BS 5964: equipped: [Body] 19
[10/05/26 19:36:48] D2BS 5964: equipped: [ArmR] 32
[10/05/26 19:36:48] D2BS 5964: equipped: [ArmL] 26
[10/05/26 19:36:48] D2BS 5964: equipped: [RingR] 16
[10/05/26 19:36:48] D2BS 5964: equipped: [RingL] 13
[10/05/26 19:36:48] D2BS 5964: equipped: [Belt] 19
[10/05/26 19:36:48] D2BS 5964: equipped: [Boots] 12
[10/05/26 19:36:48] D2BS 5964: equipped: [Mitts] 12
[10/05/26 19:36:48] D2BS 5964: updateStat
[10/05/26 19:36:48] D2BS 5964: granted: [Head] 15
[10/05/26 19:36:48] D2BS 5964: granted: [Body] 19
[10/05/26 19:36:48] D2BS 5964: granted: [ArmR] 23
[10/05/26 19:36:48] D2BS 5964: Loaded ÿc9[AutoSmurf.js]
[10/05/26 19:36:52] D2BS 5964: farmingON
[10/05/26 19:36:53] D2BS 5964: MiniShopBot: true
[10/05/26 19:36:53] D2BS 5964: UseMerc: true HP: 70
[10/05/26 19:37:20] D2BS 5964: equipped: [Head] 16
[10/05/26 19:37:20] D2BS 5964: Merc matched: Blessed Aim
[10/05/26 19:37:28] D2BS 5964: Token needed
[10/05/26 19:37:32] D2BS 5964: act5+ BO
[10/05/26 19:39:39] D2BS 5964: party has left: fowo-xd
[10/05/26 19:39:39] D2BS 5964: no exp [02:52]
[10/05/26 19:39:39] D2BS 5964: Script threads\autobuildthread.js ended
[10/05/26 19:39:39] D2BS 5964: Script threads\partythread.js ended
[10/05/26 19:39:39] D2BS 5964: Script threads\townchicken.js ended
[10/05/26 19:39:39] D2BS 5964: Script default.dbj ended
[10/05/26 19:39:51] D2BS 5964: joining game pz-165
[10/05/26 19:39:52] D2BS 5964: ÿc2D2BSÿc0 :: Starting default.dbj
[10/05/26 19:39:52] D2BS 5964: ÿc2D2BSÿc0 :: default.dbj running.
[10/05/26 19:39:53] D2BS 5964: Loaded ÿc9[X.nip] [Y.nip] [Z.nip] [V.nip] [A.TRAP.nip]
[10/05/26 19:39:53] D2BS 5964: Loaded ÿc9[A.TRAP.js]
[10/05/26 19:39:53] D2BS 5964: equipped: [Head] 16
[10/05/26 19:39:53] D2BS 5964: equipped: [Neck] 16
[10/05/26 19:39:53] D2BS 5964: equipped: [Body] 19
[10/05/26 19:39:53] D2BS 5964: equipped: [ArmR] 32
[10/05/26 19:39:53] D2BS 5964: equipped: [ArmL] 26
[10/05/26 19:39:53] D2BS 5964: equipped: [RingR] 16
[10/05/26 19:39:53] D2BS 5964: equipped: [RingL] 13
[10/05/26 19:39:53] D2BS 5964: equipped: [Belt] 19
[10/05/26 19:39:53] D2BS 5964: equipped: [Boots] 12
[10/05/26 19:39:53] D2BS 5964: equipped: [Mitts] 12
[10/05/26 19:39:53] D2BS 5964: updateStat
[10/05/26 19:39:53] D2BS 5964: granted: [Head] 15
[10/05/26 19:39:53] D2BS 5964: granted: [Body] 19
[10/05/26 19:39:53] D2BS 5964: granted: [ArmR] 23
[10/05/26 19:39:53] D2BS 5964: Loaded ÿc9[AutoSmurf.js]
[10/05/26 19:39:56] D2BS 5964: farmingON
[10/05/26 19:39:56] D2BS 5964: MiniShopBot: true
[10/05/26 19:39:56] D2BS 5964: UseMerc: true HP: 70
[10/05/26 19:40:10] D2BS 5964: Merc matched: Blessed Aim
[10/05/26 19:40:19] D2BS 5964: Token needed
[10/05/26 19:40:23] D2BS 5964: act5+ BO
[10/05/26 19:40:36] D2BS 5964: ÿc4=== [BAAL] ===
[10/05/26 19:40:47] D2BS 5964: Baal failed: souls found
[10/05/26 19:40:47] D2BS 5964: ÿc4=== [COUNTESS] ===
[10/05/26 19:41:49] D2BS 5964: ÿc4=== [PIT] ===
[10/05/26 19:43:32] D2BS 5964: ÿc4=== [ANDY] ===
[10/05/26 19:44:19] D2BS 5964: ÿc4=== [MEPHISTO] ===
[10/05/26 19:45:35] D2BS 5964: ÿc4=== [DIABLO] ===
[10/05/26 19:51:23] D2BS 5964: party has left: fowo-xa
[10/05/26 19:51:23] D2BS 5964:  [11:31] +3.08% / [Level 89] 12.22%
[10/05/26 19:51:23] D2BS 5964: Script threads\autobuildthread.js ended
[10/05/26 19:51:23] D2BS 5964: Script threads\partythread.js ended
[10/05/26 19:51:23] D2BS 5964: Script threads\townchicken.js ended
[10/05/26 19:51:24] D2BS 5964: Script default.dbj ended
[10/05/26 19:51:37] D2BS 5964: joining game pz-166
[10/05/26 19:51:39] D2BS 5964: ÿc2D2BSÿc0 :: Starting default.dbj
[10/05/26 19:51:39] D2BS 5964: ÿc2D2BSÿc0 :: default.dbj running.
[10/05/26 19:51:39] D2BS 5964: Loaded ÿc9[X.nip] [Y.nip] [Z.nip] [V.nip] [A.TRAP.nip]
[10/05/26 19:51:39] D2BS 5964: Loaded ÿc9[A.TRAP.js]
[10/05/26 19:51:39] D2BS 5964: equipped: [Head] 16
[10/05/26 19:51:39] D2BS 5964: equipped: [Neck] 16
[10/05/26 19:51:39] D2BS 5964: equipped: [Body] 19
[10/05/26 19:51:39] D2BS 5964: equipped: [ArmR] 32
[10/05/26 19:51:39] D2BS 5964: equipped: [ArmL] 26
[10/05/26 19:51:39] D2BS 5964: equipped: [RingR] 16
[10/05/26 19:51:39] D2BS 5964: equipped: [RingL] 13
[10/05/26 19:51:39] D2BS 5964: equipped: [Belt] 19
[10/05/26 19:51:39] D2BS 5964: equipped: [Boots] 12
[10/05/26 19:51:39] D2BS 5964: equipped: [Mitts] 12
[10/05/26 19:51:39] D2BS 5964: updateStat
[10/05/26 19:51:39] D2BS 5964: granted: [Head] 15
[10/05/26 19:51:39] D2BS 5964: granted: [Body] 19
[10/05/26 19:51:39] D2BS 5964: granted: [ArmR] 23
[10/05/26 19:51:39] D2BS 5964: Loaded ÿc9[AutoSmurf.js]
[10/05/26 19:51:44] D2BS 5964: MiniShopBot: true
[10/05/26 19:51:44] D2BS 5964: farmingON
[10/05/26 19:51:44] D2BS 5964: UseMerc: true HP: 70
[10/05/26 19:52:04] D2BS 5964: Merc matched: Blessed Aim
[10/05/26 19:52:22] D2BS 5964: act5+ BO
[10/05/26 19:52:35] D2BS 5964: ÿc4=== [BAAL] ===
[10/05/26 19:53:04] D2BS 5964: Baal failed: souls found
[10/05/26 19:53:04] D2BS 5964: ÿc4=== [COUNTESS] ===
[10/05/26 19:54:10] D2BS 5964: ÿc4=== [PIT] ===
[10/05/26 19:55:50] D2BS 5964: ÿc4=== [ANDY] ===
[10/05/26 19:56:53] D2BS 5964: ÿc4=== [MEPHISTO] ===
[10/05/26 19:58:11] D2BS 5964: ÿc4=== [DIABLO] ===
[10/05/26 20:03:18] D2BS 5964: party has left: fowo-xg, fowo-xh
[10/05/26 20:03:18] D2BS 5964:  [11:40] +2.75% / [Level 89] 14.97%
[10/05/26 20:03:18] D2BS 5964: Script threads\autobuildthread.js ended
[10/05/26 20:03:18] D2BS 5964: Script threads\partythread.js ended
[10/05/26 20:03:18] D2BS 5964: Script threads\townchicken.js ended
[10/05/26 20:03:18] D2BS 5964: Script default.dbj ended
[10/05/26 20:03:31] D2BS 5964: joining game pz-167
[10/05/26 20:03:33] D2BS 5964: ÿc2D2BSÿc0 :: Starting default.dbj
[10/05/26 20:03:33] D2BS 5964: ÿc2D2BSÿc0 :: default.dbj running.
[10/05/26 20:03:33] D2BS 5964: Loaded ÿc9[X.nip] [Y.nip] [Z.nip] [V.nip] [A.TRAP.nip]
[10/05/26 20:03:33] D2BS 5964: Loaded ÿc9[A.TRAP.js]
[10/05/26 20:03:33] D2BS 5964: equipped: [Head] 16
[10/05/26 20:03:33] D2BS 5964: equipped: [Neck] 16
[10/05/26 20:03:33] D2BS 5964: equipped: [Body] 19
[10/05/26 20:03:33] D2BS 5964: equipped: [ArmR] 32
[10/05/26 20:03:33] D2BS 5964: equipped: [ArmL] 26
[10/05/26 20:03:33] D2BS 5964: equipped: [RingR] 16
[10/05/26 20:03:33] D2BS 5964: equipped: [RingL] 13
[10/05/26 20:03:33] D2BS 5964: equipped: [Belt] 19
[10/05/26 20:03:33] D2BS 5964: equipped: [Boots] 12
[10/05/26 20:03:33] D2BS 5964: equipped: [Mitts] 12
[10/05/26 20:03:33] D2BS 5964: updateStat
[10/05/26 20:03:33] D2BS 5964: granted: [Head] 15
[10/05/26 20:03:33] D2BS 5964: granted: [Body] 19
[10/05/26 20:03:33] D2BS 5964: granted: [ArmR] 23
[10/05/26 20:03:33] D2BS 5964: Loaded ÿc9[AutoSmurf.js]
[10/05/26 20:03:39] D2BS 5964: farmingON
[10/05/26 20:03:40] D2BS 5964: MiniShopBot: true
[10/05/26 20:03:40] D2BS 5964: UseMerc: true HP: 70
[10/05/26 20:04:04] D2BS 5964: Merc matched: Blessed Aim
[10/05/26 20:04:20] D2BS 5964: act5+ BO
[10/05/26 20:04:34] D2BS 5964: ÿc4=== [BAAL] ===
[10/05/26 20:04:46] D2BS 5964: Baal failed: souls found
[10/05/26 20:04:46] D2BS 5964: ÿc4=== [COUNTESS] ===
[10/05/26 20:05:58] D2BS 5964: ÿc4=== [PIT] ===
[10/05/26 20:07:36] D2BS 5964: ÿc4=== [ANDY] ===
[10/05/26 20:08:28] D2BS 5964: ÿc4=== [MEPHISTO] ===
[10/05/26 20:09:45] D2BS 5964: ÿc4=== [DIABLO] ===
[10/05/26 20:15:09] D2BS 5964: party has left: fowo-xb
[10/05/26 20:15:09] D2BS 5964:  [11:37] +2.89% / [Level 89] 17.86%
[10/05/26 20:15:09] D2BS 5964: Script threads\autobuildthread.js ended
[10/05/26 20:15:10] D2BS 5964: Script threads\partythread.js ended
[10/05/26 20:15:10] D2BS 5964: Script threads\townchicken.js ended
[10/05/26 20:15:10] D2BS 5964: Script default.dbj ended
[10/05/26 20:15:21] D2BS 5964: joining game pz-168
[10/05/26 20:15:24] D2BS 5964: ÿc2D2BSÿc0 :: Starting default.dbj
[10/05/26 20:15:24] D2BS 5964: ÿc2D2BSÿc0 :: default.dbj running.
[10/05/26 20:15:24] D2BS 5964: Loaded ÿc9[X.nip] [Y.nip] [Z.nip] [V.nip] [A.TRAP.nip]
[10/05/26 20:15:24] D2BS 5964: Loaded ÿc9[A.TRAP.js]
[10/05/26 20:15:24] D2BS 5964: equipped: [Head] 16
[10/05/26 20:15:24] D2BS 5964: equipped: [Neck] 16
[10/05/26 20:15:24] D2BS 5964: equipped: [Body] 19
[10/05/26 20:15:24] D2BS 5964: equipped: [ArmR] 32
[10/05/26 20:15:24] D2BS 5964: equipped: [ArmL] 26
[10/05/26 20:15:24] D2BS 5964: equipped: [RingR] 16
[10/05/26 20:15:24] D2BS 5964: equipped: [RingL] 13
[10/05/26 20:15:24] D2BS 5964: equipped: [Belt] 19
[10/05/26 20:15:24] D2BS 5964: equipped: [Boots] 12
[10/05/26 20:15:24] D2BS 5964: equipped: [Mitts] 12
[10/05/26 20:15:24] D2BS 5964: Loaded ÿc9[AutoSmurf.js]
[10/05/26 20:15:29] D2BS 5964: farmingON
[10/05/26 20:15:30] D2BS 5964: MiniShopBot: true
[10/05/26 20:15:30] D2BS 5964: UseMerc: true HP: 70
[10/05/26 20:15:51] D2BS 5964: Merc matched: Blessed Aim
[10/05/26 20:16:03] D2BS 5964: act5+ BO
[10/05/26 20:16:05] D2BS 5964: updateStat
[10/05/26 20:16:16] D2BS 5964: ÿc4=== [BAAL] ===
[10/05/26 20:19:43] D2BS 5964: ÿc4=== [COUNTESS] ===
[10/05/26 20:21:08] D2BS 5964: ÿc4=== [PIT] ===
[10/05/26 20:22:36] D2BS 5964: ÿc4=== [ANDY] ===
[10/05/26 20:23:32] D2BS 5964: ÿc4=== [MEPHISTO] ===
[10/05/26 20:24:56] D2BS 5964: ÿc4=== [DIABLO] ===
[10/05/26 20:31:08] D2BS 5964: Script ended
[10/05/26 20:31:08] D2BS 5964: party has left: fowo-xh
[10/05/26 20:31:08] D2BS 5964:  [15:44] +5.60% / [Level 89] 23.46%
[10/05/26 20:31:08] D2BS 5964: Script threads\autobuildthread.js ended
[10/05/26 20:31:08] D2BS 5964: Script threads\partythread.js ended
[10/05/26 20:31:08] D2BS 5964: Script threads\townchicken.js ended
[10/05/26 20:31:21] D2BS 5964: joining game pz-169
[10/05/26 20:31:23] D2BS 5964: ÿc2D2BSÿc0 :: Starting default.dbj
[10/05/26 20:31:23] D2BS 5964: ÿc2D2BSÿc0 :: default.dbj running.
[10/05/26 20:31:23] D2BS 5964: Loaded ÿc9[X.nip] [Y.nip] [Z.nip] [V.nip] [A.TRAP.nip]
[10/05/26 20:31:23] D2BS 5964: Loaded ÿc9[A.TRAP.js]
[10/05/26 20:31:23] D2BS 5964: equipped: [Head] 16
[10/05/26 20:31:23] D2BS 5964: equipped: [Neck] 16
[10/05/26 20:31:23] D2BS 5964: equipped: [Body] 19
[10/05/26 20:31:23] D2BS 5964: equipped: [ArmR] 32
[10/05/26 20:31:23] D2BS 5964: equipped: [ArmL] 26
[10/05/26 20:31:23] D2BS 5964: equipped: [RingR] 16
[10/05/26 20:31:23] D2BS 5964: equipped: [RingL] 13
[10/05/26 20:31:23] D2BS 5964: equipped: [Belt] 19
[10/05/26 20:31:23] D2BS 5964: equipped: [Boots] 12
[10/05/26 20:31:23] D2BS 5964: equipped: [Mitts] 12
[10/05/26 20:31:23] D2BS 5964: updateStat
[10/05/26 20:31:23] D2BS 5964: granted: [Head] 15
[10/05/26 20:31:23] D2BS 5964: granted: [Body] 19
[10/05/26 20:31:23] D2BS 5964: granted: [ArmR] 23
[10/05/26 20:31:23] D2BS 5964: Loaded ÿc9[AutoSmurf.js]
[10/05/26 20:31:28] D2BS 5964: farmingON
[10/05/26 20:31:29] D2BS 5964: MiniShopBot: true
[10/05/26 20:31:29] D2BS 5964: UseMerc: true HP: 70
[10/05/26 20:31:49] D2BS 5964: Merc matched: Blessed Aim
[10/05/26 20:31:59] D2BS 5964: Token needed
[10/05/26 20:32:02] D2BS 5964: act5+ BO
[10/05/26 20:32:14] D2BS 5964: ÿc4=== [BAAL] ===
[10/05/26 20:32:33] D2BS 5964: Baal failed: souls found
[10/05/26 20:32:33] D2BS 5964: ÿc4=== [COUNTESS] ===
[10/05/26 20:33:39] D2BS 5964: ÿc4=== [PIT] ===
[10/05/26 20:35:17] D2BS 5964: ÿc4=== [ANDY] ===
[10/05/26 20:36:25] D2BS 5964: ÿc4=== [MEPHISTO] ===
[10/05/26 20:37:46] D2BS 5964: ÿc4=== [DIABLO] ===
[10/05/26 20:43:22] D2BS 5964: Script ended
[10/05/26 20:43:22] D2BS 5964:  [12:00] +2.78% / [Level 89] 26.24%
[10/05/26 20:43:22] D2BS 5964: Script threads\autobuildthread.js ended
[10/05/26 20:43:22] D2BS 5964: Script threads\partythread.js ended
[10/05/26 20:43:23] D2BS 5964: Script threads\townchicken.js ended
[10/05/26 20:43:37] D2BS 5964: joining game pz-170
[10/05/26 20:43:39] D2BS 5964: ÿc2D2BSÿc0 :: Starting default.dbj
[10/05/26 20:43:39] D2BS 5964: ÿc2D2BSÿc0 :: default.dbj running.
[10/05/26 20:43:39] D2BS 5964: Loaded ÿc9[X.nip] [Y.nip] [Z.nip] [V.nip] [A.TRAP.nip]
[10/05/26 20:43:39] D2BS 5964: Loaded ÿc9[A.TRAP.js]
[10/05/26 20:43:39] D2BS 5964: equipped: [Head] 16
[10/05/26 20:43:39] D2BS 5964: equipped: [Neck] 16
[10/05/26 20:43:39] D2BS 5964: equipped: [Body] 19
[10/05/26 20:43:39] D2BS 5964: equipped: [ArmR] 32
[10/05/26 20:43:39] D2BS 5964: equipped: [ArmL] 26
[10/05/26 20:43:39] D2BS 5964: equipped: [RingR] 16
[10/05/26 20:43:39] D2BS 5964: equipped: [RingL] 13
[10/05/26 20:43:39] D2BS 5964: equipped: [Belt] 19
[10/05/26 20:43:39] D2BS 5964: equipped: [Boots] 12
[10/05/26 20:43:39] D2BS 5964: equipped: [Mitts] 12
[10/05/26 20:43:39] D2BS 5964: updateStat
[10/05/26 20:43:39] D2BS 5964: granted: [Head] 15
[10/05/26 20:43:39] D2BS 5964: granted: [Body] 19
[10/05/26 20:43:39] D2BS 5964: granted: [ArmR] 23
[10/05/26 20:43:39] D2BS 5964: Loaded ÿc9[AutoSmurf.js]
[10/05/26 20:43:42] D2BS 5964: farmingON
[10/05/26 20:43:43] D2BS 5964: MiniShopBot: true
[10/05/26 20:43:43] D2BS 5964: UseMerc: true HP: 70
[10/05/26 20:44:02] D2BS 5964: Merc matched: Blessed Aim
[10/05/26 20:44:15] D2BS 5964: Token needed
[10/05/26 20:44:18] D2BS 5964: act5+ BO
[10/05/26 20:44:31] D2BS 5964: ÿc4=== [BAAL] ===
[10/05/26 20:47:30] D2BS 5964: ÿc4=== [COUNTESS] ===
[10/05/26 20:48:52] D2BS 5964: ÿc4=== [PIT] ===
[10/05/26 20:50:26] D2BS 5964: ÿc4=== [ANDY] ===
[10/05/26 20:51:16] D2BS 5964: ÿc4=== [MEPHISTO] ===
[10/05/26 20:52:44] D2BS 5964: ÿc4=== [DIABLO] ===
[10/05/26 20:58:20] D2BS 5964: party has left: fowo-xh
[10/05/26 20:58:20] D2BS 5964:  [14:42] +5.38% / [Level 89] 31.62%
[10/05/26 20:58:20] D2BS 5964: Script threads\autobuildthread.js ended
[10/05/26 20:58:20] D2BS 5964: Script threads\partythread.js ended
[10/05/26 20:58:21] D2BS 5964: Script threads\townchicken.js ended
[10/05/26 20:58:21] D2BS 5964: Script default.dbj ended
[10/05/26 20:58:32] D2BS 5964: joining game pz-171
[10/05/26 20:58:33] D2BS 5964: ÿc2D2BSÿc0 :: Starting default.dbj
[10/05/26 20:58:33] D2BS 5964: ÿc2D2BSÿc0 :: default.dbj running.
[10/05/26 20:58:33] D2BS 5964: Loaded ÿc9[X.nip] [Y.nip] [Z.nip] [V.nip] [A.TRAP.nip]
[10/05/26 20:58:33] D2BS 5964: Loaded ÿc9[A.TRAP.js]
[10/05/26 20:58:34] D2BS 5964: equipped: [Head] 16
[10/05/26 20:58:34] D2BS 5964: equipped: [Neck] 16
[10/05/26 20:58:34] D2BS 5964: equipped: [Body] 19
[10/05/26 20:58:34] D2BS 5964: equipped: [ArmR] 32
[10/05/26 20:58:34] D2BS 5964: equipped: [ArmL] 26
[10/05/26 20:58:34] D2BS 5964: equipped: [RingR] 16
[10/05/26 20:58:34] D2BS 5964: equipped: [RingL] 13
[10/05/26 20:58:34] D2BS 5964: equipped: [Belt] 19
[10/05/26 20:58:34] D2BS 5964: equipped: [Boots] 12
[10/05/26 20:58:34] D2BS 5964: equipped: [Mitts] 12
[10/05/26 20:58:34] D2BS 5964: updateStat
[10/05/26 20:58:34] D2BS 5964: granted: [Head] 15
[10/05/26 20:58:34] D2BS 5964: granted: [Body] 19
[10/05/26 20:58:34] D2BS 5964: granted: [ArmR] 23
[10/05/26 20:58:35] D2BS 5964: Loaded ÿc9[AutoSmurf.js]
[10/05/26 20:58:39] D2BS 5964: farmingON
[10/05/26 20:58:40] D2BS 5964: MiniShopBot: true
[10/05/26 20:58:40] D2BS 5964: UseMerc: true HP: 70
[10/05/26 20:58:59] D2BS 5964: Merc matched: Blessed Aim
[10/05/26 20:59:11] D2BS 5964: Token needed
[10/05/26 20:59:15] D2BS 5964: act5+ BO
[10/05/26 20:59:27] D2BS 5964: ÿc4=== [BAAL] ===
[10/05/26 20:59:39] D2BS 5964: Baal failed: souls found
[10/05/26 20:59:39] D2BS 5964: ÿc4=== [COUNTESS] ===
[10/05/26 21:00:52] D2BS 5964: ÿc4=== [PIT] ===
[10/05/26 21:02:34] D2BS 5964: ÿc4=== [ANDY] ===
[10/05/26 21:03:27] D2BS 5964: ÿc4=== [MEPHISTO] ===
[10/05/26 21:04:28] D2BS 5964: ÿc4=== [DIABLO] ===
[10/05/26 21:09:27] D2BS 5964: party has left: fowo-xf
[10/05/26 21:09:27] D2BS 5964:  [10:54] +2.22% / [Level 89] 33.84%
[10/05/26 21:09:27] D2BS 5964: Script threads\autobuildthread.js ended
[10/05/26 21:09:27] D2BS 5964: Script threads\partythread.js ended
[10/05/26 21:09:27] D2BS 5964: Script threads\townchicken.js ended
[10/05/26 21:09:27] D2BS 5964: Script default.dbj ended
[10/05/26 21:09:39] D2BS 5964: joining game pz-172
[10/05/26 21:09:40] D2BS 5964: ÿc2D2BSÿc0 :: Starting default.dbj
[10/05/26 21:09:40] D2BS 5964: ÿc2D2BSÿc0 :: default.dbj running.
[10/05/26 21:09:40] D2BS 5964: Loaded ÿc9[X.nip] [Y.nip] [Z.nip] [V.nip] [A.TRAP.nip]
[10/05/26 21:09:40] D2BS 5964: Loaded ÿc9[A.TRAP.js]
[10/05/26 21:09:40] D2BS 5964: equipped: [Head] 16
[10/05/26 21:09:40] D2BS 5964: equipped: [Neck] 16
[10/05/26 21:09:40] D2BS 5964: equipped: [Body] 19
[10/05/26 21:09:40] D2BS 5964: equipped: [ArmR] 32
[10/05/26 21:09:40] D2BS 5964: equipped: [ArmL] 26
[10/05/26 21:09:40] D2BS 5964: equipped: [RingR] 16
[10/05/26 21:09:40] D2BS 5964: equipped: [RingL] 13
[10/05/26 21:09:40] D2BS 5964: equipped: [Belt] 19
[10/05/26 21:09:40] D2BS 5964: equipped: [Boots] 12
[10/05/26 21:09:40] D2BS 5964: equipped: [Mitts] 12
[10/05/26 21:09:40] D2BS 5964: updateStat
[10/05/26 21:09:40] D2BS 5964: granted: [Head] 15
[10/05/26 21:09:41] D2BS 5964: granted: [Body] 19
[10/05/26 21:09:41] D2BS 5964: granted: [ArmR] 23
[10/05/26 21:09:41] D2BS 5964: Loaded ÿc9[AutoSmurf.js]
[10/05/26 21:09:47] D2BS 5964: MiniShopBot: true
[10/05/26 21:09:48] D2BS 5964: farmingON
[10/05/26 21:09:48] D2BS 5964: UseMerc: true HP: 70
[10/05/26 21:10:13] D2BS 5964: Merc matched: Blessed Aim
[10/05/26 21:10:21] D2BS 5964: act5+ BO
[10/05/26 21:10:34] D2BS 5964: ÿc4=== [BAAL] ===
[10/05/26 21:10:47] D2BS 5964: Baal failed: souls found
[10/05/26 21:10:47] D2BS 5964: ÿc4=== [COUNTESS] ===
[10/05/26 21:11:51] D2BS 5964: ÿc4=== [PIT] ===
[10/05/26 21:13:38] D2BS 5964: ÿc4=== [ANDY] ===
[10/05/26 21:14:37] D2BS 5964: ÿc4=== [MEPHISTO] ===
[10/05/26 21:16:07] D2BS 5964: ÿc4=== [DIABLO] ===
[10/05/26 21:21:34] D2BS 5964: party has left: fowo-xa
[10/05/26 21:21:34] D2BS 5964:  [11:54] +3.11% / [Level 89] 36.95%
[10/05/26 21:21:34] D2BS 5964: Script threads\autobuildthread.js ended
[10/05/26 21:21:34] D2BS 5964: Script threads\partythread.js ended
[10/05/26 21:21:34] D2BS 5964: Script threads\townchicken.js ended
[10/05/26 21:21:34] D2BS 5964: Script default.dbj ended
[10/05/26 21:21:47] D2BS 5964: joining game pz-173
[10/05/26 21:21:49] D2BS 5964: ÿc2D2BSÿc0 :: Starting default.dbj
[10/05/26 21:21:49] D2BS 5964: ÿc2D2BSÿc0 :: default.dbj running.
[10/05/26 21:21:49] D2BS 5964: Loaded ÿc9[X.nip] [Y.nip] [Z.nip] [V.nip] [A.TRAP.nip]
[10/05/26 21:21:49] D2BS 5964: Loaded ÿc9[A.TRAP.js]
[10/05/26 21:21:49] D2BS 5964: equipped: [Head] 16
[10/05/26 21:21:49] D2BS 5964: equipped: [Neck] 16
[10/05/26 21:21:49] D2BS 5964: equipped: [Body] 19
[10/05/26 21:21:49] D2BS 5964: equipped: [ArmR] 32
[10/05/26 21:21:49] D2BS 5964: equipped: [ArmL] 26
[10/05/26 21:21:49] D2BS 5964: equipped: [RingR] 16
[10/05/26 21:21:49] D2BS 5964: equipped: [RingL] 13
[10/05/26 21:21:49] D2BS 5964: equipped: [Belt] 19
[10/05/26 21:21:49] D2BS 5964: equipped: [Boots] 12
[10/05/26 21:21:49] D2BS 5964: equipped: [Mitts] 12
[10/05/26 21:21:49] D2BS 5964: updateStat
[10/05/26 21:21:49] D2BS 5964: granted: [Head] 15
[10/05/26 21:21:50] D2BS 5964: granted: [Body] 19
[10/05/26 21:21:50] D2BS 5964: granted: [ArmR] 23
[10/05/26 21:21:50] D2BS 5964: Loaded ÿc9[AutoSmurf.js]
[10/05/26 21:21:55] D2BS 5964: farmingON
[10/05/26 21:21:56] D2BS 5964: MiniShopBot: true
[10/05/26 21:21:56] D2BS 5964: UseMerc: true HP: 70
[10/05/26 21:22:17] D2BS 5964: Merc matched: Blessed Aim
[10/05/26 21:22:29] D2BS 5964: act5+ BO
[10/05/26 21:22:42] D2BS 5964: ÿc4=== [BAAL] ===
[10/05/26 21:23:04] D2BS 5964: Baal failed: souls found
[10/05/26 21:23:04] D2BS 5964: ÿc4=== [COUNTESS] ===
[10/05/26 21:24:13] D2BS 5964: ÿc4=== [PIT] ===
[10/05/26 21:27:45] D2BS 5964: party has left: fowo-xf
[10/05/26 21:27:45] D2BS 5964:  [05:57] +0.31% / [Level 89] 37.26%
[10/05/26 21:27:45] D2BS 5964: Script threads\autobuildthread.js ended
[10/05/26 21:27:45] D2BS 5964: Script threads\partythread.js ended
[10/05/26 21:27:45] D2BS 5964: Script threads\townchicken.js ended
[10/05/26 21:27:45] D2BS 5964: Script default.dbj ended
[10/05/26 21:27:58] D2BS 5964: joining game pz-174
[10/05/26 21:28:00] D2BS 5964: ÿc2D2BSÿc0 :: Starting default.dbj
[10/05/26 21:28:00] D2BS 5964: ÿc2D2BSÿc0 :: default.dbj running.
[10/05/26 21:28:00] D2BS 5964: Loaded ÿc9[X.nip] [Y.nip] [Z.nip] [V.nip] [A.TRAP.nip]
[10/05/26 21:28:00] D2BS 5964: Loaded ÿc9[A.TRAP.js]
[10/05/26 21:28:00] D2BS 5964: equipped: [Head] 16
[10/05/26 21:28:00] D2BS 5964: equipped: [Neck] 16
[10/05/26 21:28:00] D2BS 5964: equipped: [Body] 19
[10/05/26 21:28:00] D2BS 5964: equipped: [ArmR] 32
[10/05/26 21:28:00] D2BS 5964: equipped: [ArmL] 26
[10/05/26 21:28:00] D2BS 5964: equipped: [RingR] 16
[10/05/26 21:28:00] D2BS 5964: equipped: [RingL] 13
[10/05/26 21:28:00] D2BS 5964: equipped: [Belt] 19
[10/05/26 21:28:00] D2BS 5964: equipped: [Boots] 12
[10/05/26 21:28:00] D2BS 5964: equipped: [Mitts] 12
[10/05/26 21:28:00] D2BS 5964: updateStat
[10/05/26 21:28:00] D2BS 5964: granted: [Head] 15
[10/05/26 21:28:00] D2BS 5964: granted: [Body] 19
[10/05/26 21:28:00] D2BS 5964: granted: [ArmR] 23
[10/05/26 21:28:00] D2BS 5964: Loaded ÿc9[AutoSmurf.js]
[10/05/26 21:28:06] D2BS 5964: farmingON
[10/05/26 21:28:09] D2BS 5964: MiniShopBot: true
[10/05/26 21:28:09] D2BS 5964: UseMerc: true HP: 70
[10/05/26 21:28:30] D2BS 5964: Merc matched: Blessed Aim
[10/05/26 21:28:33] D2BS 5964: Token needed
[10/05/26 21:28:38] D2BS 5964: act5+ BO
[10/05/26 21:28:50] D2BS 5964: ÿc4=== [BAAL] ===
[10/05/26 21:29:01] D2BS 5964: Baal failed: souls found
[10/05/26 21:29:01] D2BS 5964: ÿc4=== [COUNTESS] ===
[10/05/26 21:30:33] D2BS 5964: ÿc4=== [PIT] ===
[10/05/26 21:32:08] D2BS 5964: ÿc4=== [ANDY] ===
[10/05/26 21:32:57] D2BS 5964: ÿc4=== [MEPHISTO] ===
[10/05/26 21:34:18] D2BS 5964: ÿc4=== [DIABLO] ===
[10/05/26 21:40:14] D2BS 5964: party has left: fowo-xa
[10/05/26 21:40:14] D2BS 5964:  [12:14] +2.95% / [Level 89] 40.21%
[10/05/26 21:40:14] D2BS 5964: Script threads\autobuildthread.js ended
[10/05/26 21:40:14] D2BS 5964: Script threads\partythread.js ended
[10/05/26 21:40:14] D2BS 5964: Script threads\townchicken.js ended
[10/05/26 21:40:15] D2BS 5964: Script default.dbj ended
[10/05/26 21:40:27] D2BS 5964: joining game pz-175
[10/05/26 21:40:29] D2BS 5964: ÿc2D2BSÿc0 :: Starting default.dbj
[10/05/26 21:40:29] D2BS 5964: ÿc2D2BSÿc0 :: default.dbj running.
[10/05/26 21:40:29] D2BS 5964: Loaded ÿc9[X.nip] [Y.nip] [Z.nip] [V.nip] [A.TRAP.nip]
[10/05/26 21:40:29] D2BS 5964: Loaded ÿc9[A.TRAP.js]
[10/05/26 21:40:29] D2BS 5964: equipped: [Head] 16
[10/05/26 21:40:29] D2BS 5964: equipped: [Neck] 16
[10/05/26 21:40:29] D2BS 5964: equipped: [Body] 19
[10/05/26 21:40:29] D2BS 5964: equipped: [ArmR] 32
[10/05/26 21:40:29] D2BS 5964: equipped: [ArmL] 26
[10/05/26 21:40:29] D2BS 5964: equipped: [RingR] 16
[10/05/26 21:40:29] D2BS 5964: equipped: [RingL] 13
[10/05/26 21:40:29] D2BS 5964: equipped: [Belt] 19
[10/05/26 21:40:29] D2BS 5964: equipped: [Boots] 12
[10/05/26 21:40:30] D2BS 5964: equipped: [Mitts] 12
[10/05/26 21:40:30] D2BS 5964: updateStat
[10/05/26 21:40:30] D2BS 5964: granted: [Head] 15
[10/05/26 21:40:30] D2BS 5964: granted: [Body] 19
[10/05/26 21:40:30] D2BS 5964: granted: [ArmR] 23
[10/05/26 21:40:30] D2BS 5964: Loaded ÿc9[AutoSmurf.js]
[10/05/26 21:40:35] D2BS 5964: farmingON
[10/05/26 21:40:37] D2BS 5964: MiniShopBot: true
[10/05/26 21:40:37] D2BS 5964: UseMerc: true HP: 70
[10/05/26 21:40:57] D2BS 5964: Merc matched: Blessed Aim
[10/05/26 21:41:14] D2BS 5964: act5+ BO
[10/05/26 21:41:26] D2BS 5964: ÿc4=== [BAAL] ===
[10/05/26 21:41:44] D2BS 5964: Baal failed: souls found
[10/05/26 21:41:44] D2BS 5964: ÿc4=== [COUNTESS] ===
[10/05/26 21:42:43] D2BS 5964: ÿc4=== [PIT] ===
[10/05/26 21:44:20] D2BS 5964: ÿc4=== [ANDY] ===
[10/05/26 21:45:45] D2BS 5964: ÿc4=== [MEPHISTO] ===
[10/05/26 21:46:53] D2BS 5964: ÿc4=== [DIABLO] ===
[10/05/26 21:52:15] D2BS 5964: party has left: fowo-xf
[10/05/26 21:52:15] D2BS 5964:  [11:46] +3.10% / [Level 89] 43.31%
[10/05/26 21:52:15] D2BS 5964: Script threads\autobuildthread.js ended
[10/05/26 21:52:15] D2BS 5964: Script threads\partythread.js ended
[10/05/26 21:52:16] D2BS 5964: Script threads\townchicken.js ended
[10/05/26 21:52:16] D2BS 5964: Script default.dbj ended
[10/05/26 21:52:28] D2BS 5964: joining game pz-176
[10/05/26 21:52:30] D2BS 5964: ÿc2D2BSÿc0 :: Starting default.dbj
[10/05/26 21:52:30] D2BS 5964: ÿc2D2BSÿc0 :: default.dbj running.
[10/05/26 21:52:30] D2BS 5964: Loaded ÿc9[X.nip] [Y.nip] [Z.nip] [V.nip] [A.TRAP.nip]
[10/05/26 21:52:30] D2BS 5964: Loaded ÿc9[A.TRAP.js]
[10/05/26 21:52:30] D2BS 5964: equipped: [Head] 16
[10/05/26 21:52:30] D2BS 5964: equipped: [Neck] 16
[10/05/26 21:52:30] D2BS 5964: equipped: [Body] 19
[10/05/26 21:52:30] D2BS 5964: equipped: [ArmR] 32
[10/05/26 21:52:30] D2BS 5964: equipped: [ArmL] 26
[10/05/26 21:52:30] D2BS 5964: equipped: [RingR] 16
[10/05/26 21:52:30] D2BS 5964: equipped: [RingL] 13
[10/05/26 21:52:30] D2BS 5964: equipped: [Belt] 19
[10/05/26 21:52:30] D2BS 5964: equipped: [Boots] 12
[10/05/26 21:52:30] D2BS 5964: equipped: [Mitts] 12
[10/05/26 21:52:30] D2BS 5964: updateStat
[10/05/26 21:52:30] D2BS 5964: granted: [Head] 15
[10/05/26 21:52:30] D2BS 5964: granted: [Body] 19
[10/05/26 21:52:30] D2BS 5964: granted: [ArmR] 23
[10/05/26 21:52:30] D2BS 5964: Loaded ÿc9[AutoSmurf.js]
[10/05/26 21:52:37] D2BS 5964: farmingON
[10/05/26 21:52:37] D2BS 5964: MiniShopBot: true
[10/05/26 21:52:37] D2BS 5964: UseMerc: true HP: 70
[10/05/26 21:53:00] D2BS 5964: Merc matched: Blessed Aim
[10/05/26 21:53:06] D2BS 5964: Token needed
[10/05/26 21:53:09] D2BS 5964: act5+ BO
[10/05/26 21:55:17] D2BS 5964: no exp [02:47]
[10/05/26 21:55:17] D2BS 5964: Script threads\autobuildthread.js ended
[10/05/26 21:55:17] D2BS 5964: party has left: fowo-xe
[10/05/26 21:55:17] D2BS 5964: Script threads\partythread.js ended
[10/05/26 21:55:17] D2BS 5964: Script threads\townchicken.js ended
[10/05/26 21:55:17] D2BS 5964: Script default.dbj ended
[10/05/26 21:55:30] D2BS 5964: joining game pz-177
[10/05/26 21:55:32] D2BS 5964: ÿc2D2BSÿc0 :: Starting default.dbj
[10/05/26 21:55:32] D2BS 5964: ÿc2D2BSÿc0 :: default.dbj running.
[10/05/26 21:55:32] D2BS 5964: Loaded ÿc9[X.nip] [Y.nip] [Z.nip] [V.nip] [A.TRAP.nip]
[10/05/26 21:55:32] D2BS 5964: Loaded ÿc9[A.TRAP.js]
[10/05/26 21:55:32] D2BS 5964: equipped: [Head] 16
[10/05/26 21:55:32] D2BS 5964: equipped: [Neck] 16
[10/05/26 21:55:32] D2BS 5964: equipped: [Body] 19
[10/05/26 21:55:32] D2BS 5964: equipped: [ArmR] 32
[10/05/26 21:55:32] D2BS 5964: equipped: [ArmL] 26
[10/05/26 21:55:32] D2BS 5964: equipped: [RingR] 16
[10/05/26 21:55:32] D2BS 5964: equipped: [RingL] 13
[10/05/26 21:55:32] D2BS 5964: equipped: [Belt] 19
[10/05/26 21:55:32] D2BS 5964: equipped: [Boots] 12
[10/05/26 21:55:32] D2BS 5964: equipped: [Mitts] 12
[10/05/26 21:55:32] D2BS 5964: updateStat
[10/05/26 21:55:32] D2BS 5964: granted: [Head] 15
[10/05/26 21:55:32] D2BS 5964: granted: [Body] 19
[10/05/26 21:55:32] D2BS 5964: granted: [ArmR] 23
[10/05/26 21:55:32] D2BS 5964: Loaded ÿc9[AutoSmurf.js]
[10/05/26 21:55:35] D2BS 5964: MiniShopBot: true
[10/05/26 21:55:35] D2BS 5964: farmingON
[10/05/26 21:55:35] D2BS 5964: UseMerc: true HP: 70
[10/05/26 21:55:50] D2BS 5964: Merc matched: Blessed Aim
[10/05/26 21:55:57] D2BS 5964: Token needed
[10/05/26 21:56:01] D2BS 5964: act5+ BO
[10/05/26 21:56:14] D2BS 5964: ÿc4=== [BAAL] ===
[10/05/26 22:00:33] D2BS 5964: party has left: fowo-xe
[10/05/26 22:00:33] D2BS 5964:  [05:01] +2.99% / [Level 89] 46.31%
[10/05/26 22:00:33] D2BS 5964: Script threads\autobuildthread.js ended
[10/05/26 22:00:33] D2BS 5964: Script threads\partythread.js ended
[10/05/26 22:00:33] D2BS 5964: Script threads\townchicken.js ended
[10/05/26 22:00:33] D2BS 5964: Script default.dbj ended
[10/05/26 22:00:47] D2BS 5964: joining game pz-178
[10/05/26 22:00:49] D2BS 5964: ÿc2D2BSÿc0 :: Starting default.dbj
[10/05/26 22:00:49] D2BS 5964: ÿc2D2BSÿc0 :: default.dbj running.
[10/05/26 22:00:49] D2BS 5964: Loaded ÿc9[X.nip] [Y.nip] [Z.nip] [V.nip] [A.TRAP.nip]
[10/05/26 22:00:49] D2BS 5964: Loaded ÿc9[A.TRAP.js]
[10/05/26 22:00:49] D2BS 5964: equipped: [Head] 16
[10/05/26 22:00:49] D2BS 5964: equipped: [Neck] 16
[10/05/26 22:00:49] D2BS 5964: equipped: [Body] 19
[10/05/26 22:00:49] D2BS 5964: equipped: [ArmR] 32
[10/05/26 22:00:49] D2BS 5964: equipped: [ArmL] 26
[10/05/26 22:00:49] D2BS 5964: equipped: [RingR] 16
[10/05/26 22:00:49] D2BS 5964: equipped: [RingL] 13
[10/05/26 22:00:49] D2BS 5964: equipped: [Belt] 19
[10/05/26 22:00:49] D2BS 5964: equipped: [Boots] 12
[10/05/26 22:00:49] D2BS 5964: equipped: [Mitts] 12
[10/05/26 22:00:49] D2BS 5964: updateStat
[10/05/26 22:00:49] D2BS 5964: granted: [Head] 15
[10/05/26 22:00:49] D2BS 5964: granted: [Body] 19
[10/05/26 22:00:49] D2BS 5964: granted: [ArmR] 23
[10/05/26 22:00:49] D2BS 5964: Loaded ÿc9[AutoSmurf.js]
[10/05/26 22:00:52] D2BS 5964: farmingON
[10/05/26 22:00:52] D2BS 5964: MiniShopBot: true
[10/05/26 22:00:52] D2BS 5964: UseMerc: true HP: 70
[10/05/26 22:01:12] D2BS 5964: Merc matched: Blessed Aim
[10/05/26 22:01:20] D2BS 5964: Token needed
[10/05/26 22:01:24] D2BS 5964: act5+ BO
[10/05/26 22:01:35] D2BS 5964: ÿc4=== [BAAL] ===
[10/05/26 22:05:13] D2BS 5964: ÿc4=== [COUNTESS] ===
[10/05/26 22:06:30] D2BS 5964: ÿc4=== [PIT] ===
[10/05/26 22:07:57] D2BS 5964: ÿc4=== [ANDY] ===
[10/05/26 22:08:52] D2BS 5964: ÿc4=== [MEPHISTO] ===
[10/05/26 22:09:58] D2BS 5964: ÿc4=== [DIABLO] ===
[10/05/26 22:15:33] D2BS 5964: party has left: fowo-xb
[10/05/26 22:15:33] D2BS 5964:  [14:44] +5.49% / [Level 89] 51.80%
[10/05/26 22:15:33] D2BS 5964: Script threads\autobuildthread.js ended
[10/05/26 22:15:33] D2BS 5964: Script threads\partythread.js ended
[10/05/26 22:15:33] D2BS 5964: Script threads\townchicken.js ended
[10/05/26 22:15:33] D2BS 5964: Script default.dbj ended
[10/05/26 22:15:46] D2BS 5964: joining game pz-179
[10/05/26 22:15:48] D2BS 5964: ÿc2D2BSÿc0 :: Starting default.dbj
[10/05/26 22:15:48] D2BS 5964: ÿc2D2BSÿc0 :: default.dbj running.
[10/05/26 22:15:49] D2BS 5964: Loaded ÿc9[X.nip] [Y.nip] [Z.nip] [V.nip] [A.TRAP.nip]
[10/05/26 22:15:49] D2BS 5964: Loaded ÿc9[A.TRAP.js]
[10/05/26 22:15:49] D2BS 5964: equipped: [Head] 16
[10/05/26 22:15:49] D2BS 5964: equipped: [Neck] 16
[10/05/26 22:15:49] D2BS 5964: equipped: [Body] 19
[10/05/26 22:15:49] D2BS 5964: equipped: [ArmR] 32
[10/05/26 22:15:49] D2BS 5964: equipped: [ArmL] 26
[10/05/26 22:15:49] D2BS 5964: equipped: [RingR] 16
[10/05/26 22:15:49] D2BS 5964: equipped: [RingL] 13
[10/05/26 22:15:49] D2BS 5964: equipped: [Belt] 19
[10/05/26 22:15:49] D2BS 5964: equipped: [Boots] 12
[10/05/26 22:15:49] D2BS 5964: equipped: [Mitts] 12
[10/05/26 22:15:49] D2BS 5964: updateStat
[10/05/26 22:15:49] D2BS 5964: granted: [Head] 15
[10/05/26 22:15:49] D2BS 5964: granted: [Body] 19
[10/05/26 22:15:49] D2BS 5964: granted: [ArmR] 23
[10/05/26 22:15:49] D2BS 5964: Loaded ÿc9[AutoSmurf.js]
[10/05/26 22:15:53] D2BS 5964: farmingON
[10/05/26 22:15:54] D2BS 5964: MiniShopBot: true
[10/05/26 22:15:54] D2BS 5964: UseMerc: true HP: 70
[10/05/26 22:16:15] D2BS 5964: Merc matched: Blessed Aim
[10/05/26 22:16:25] D2BS 5964: act5+ BO
[10/05/26 22:16:37] D2BS 5964: ÿc4=== [BAAL] ===
[10/05/26 22:16:53] D2BS 5964: Baal failed: souls found
[10/05/26 22:16:53] D2BS 5964: ÿc4=== [COUNTESS] ===
[10/05/26 22:17:57] D2BS 5964: ÿc4=== [PIT] ===
[10/05/26 22:19:37] D2BS 5964: ÿc4=== [ANDY] ===
[10/05/26 22:20:34] D2BS 5964: ÿc4=== [MEPHISTO] ===
[10/05/26 22:22:03] D2BS 5964: ÿc4=== [DIABLO] ===
[10/05/26 22:28:38] D2BS 5964: party has left: fowo-xf
[10/05/26 22:28:39] D2BS 5964:  [12:50] +3.20% / [Level 89] 55.01%
[10/05/26 22:28:39] D2BS 5964: Script threads\autobuildthread.js ended
[10/05/26 22:28:39] D2BS 5964: Script threads\partythread.js ended
[10/05/26 22:28:39] D2BS 5964: Script threads\townchicken.js ended
[10/05/26 22:28:39] D2BS 5964: Script default.dbj ended
[10/05/26 22:28:50] D2BS 5964: joining game pz-180
[10/05/26 22:28:52] D2BS 5964: ÿc2D2BSÿc0 :: Starting default.dbj
[10/05/26 22:28:52] D2BS 5964: ÿc2D2BSÿc0 :: default.dbj running.
[10/05/26 22:28:52] D2BS 5964: Loaded ÿc9[X.nip] [Y.nip] [Z.nip] [V.nip] [A.TRAP.nip]
[10/05/26 22:28:52] D2BS 5964: Loaded ÿc9[A.TRAP.js]
[10/05/26 22:28:53] D2BS 5964: equipped: [Head] 16
[10/05/26 22:28:53] D2BS 5964: equipped: [Neck] 16
[10/05/26 22:28:53] D2BS 5964: equipped: [Body] 19
[10/05/26 22:28:53] D2BS 5964: equipped: [ArmR] 32
[10/05/26 22:28:53] D2BS 5964: equipped: [ArmL] 26
[10/05/26 22:28:53] D2BS 5964: equipped: [RingR] 16
[10/05/26 22:28:53] D2BS 5964: equipped: [RingL] 13
[10/05/26 22:28:53] D2BS 5964: equipped: [Belt] 19
[10/05/26 22:28:53] D2BS 5964: equipped: [Boots] 12
[10/05/26 22:28:53] D2BS 5964: equipped: [Mitts] 12
[10/05/26 22:28:53] D2BS 5964: Loaded ÿc9[AutoSmurf.js]
[10/05/26 22:28:58] D2BS 5964: farmingON
[10/05/26 22:28:59] D2BS 5964: MiniShopBot: true
[10/05/26 22:28:59] D2BS 5964: UseMerc: true HP: 70
[10/05/26 22:29:19] D2BS 5964: Merc matched: Blessed Aim
[10/05/26 22:29:27] D2BS 5964: Token needed
[10/05/26 22:29:31] D2BS 5964: act5+ BO
[10/05/26 22:29:33] D2BS 5964: updateStat
[10/05/26 22:29:45] D2BS 5964: ÿc4=== [BAAL] ===
[10/05/26 22:29:53] D2BS 5964: Baal failed: souls found
[10/05/26 22:29:53] D2BS 5964: ÿc4=== [COUNTESS] ===
[10/05/26 22:31:00] D2BS 5964: ÿc4=== [PIT] ===
[10/05/26 22:32:37] D2BS 5964: ÿc4=== [ANDY] ===
[10/05/26 22:33:39] D2BS 5964: ÿc4=== [MEPHISTO] ===
[10/05/26 22:34:56] D2BS 5964: ÿc4=== [DIABLO] ===
[10/05/26 22:38:43] D2BS 5964: party has left: fowo-xa
[10/05/26 22:38:43] D2BS 5964:  [09:52] +0.92% / [Level 89] 55.93%
[10/05/26 22:38:43] D2BS 5964: Script threads\autobuildthread.js ended
[10/05/26 22:38:43] D2BS 5964: Script threads\partythread.js ended
[10/05/26 22:38:44] D2BS 5964: Script threads\townchicken.js ended
[10/05/26 22:38:44] D2BS 5964: Script default.dbj ended
[10/05/26 22:38:57] D2BS 5964: joining game pz-181
[10/05/26 22:38:59] D2BS 5964: ÿc2D2BSÿc0 :: Starting default.dbj
[10/05/26 22:38:59] D2BS 5964: ÿc2D2BSÿc0 :: default.dbj running.
[10/05/26 22:38:59] D2BS 5964: Loaded ÿc9[X.nip] [Y.nip] [Z.nip] [V.nip] [A.TRAP.nip]
[10/05/26 22:38:59] D2BS 5964: Loaded ÿc9[A.TRAP.js]
[10/05/26 22:38:59] D2BS 5964: equipped: [Head] 16
[10/05/26 22:38:59] D2BS 5964: equipped: [Neck] 16
[10/05/26 22:38:59] D2BS 5964: equipped: [Body] 19
[10/05/26 22:38:59] D2BS 5964: equipped: [ArmR] 32
[10/05/26 22:38:59] D2BS 5964: equipped: [ArmL] 26
[10/05/26 22:38:59] D2BS 5964: equipped: [RingR] 16
[10/05/26 22:38:59] D2BS 5964: equipped: [RingL] 13
[10/05/26 22:38:59] D2BS 5964: equipped: [Belt] 19
[10/05/26 22:38:59] D2BS 5964: equipped: [Boots] 12
[10/05/26 22:38:59] D2BS 5964: equipped: [Mitts] 12
[10/05/26 22:38:59] D2BS 5964: updateStat
[10/05/26 22:38:59] D2BS 5964: granted: [Head] 15
[10/05/26 22:38:59] D2BS 5964: granted: [Body] 19
[10/05/26 22:38:59] D2BS 5964: granted: [ArmR] 23
[10/05/26 22:38:59] D2BS 5964: Loaded ÿc9[AutoSmurf.js]
[10/05/26 22:39:04] D2BS 5964: farmingON
[10/05/26 22:39:05] D2BS 5964: MiniShopBot: true
[10/05/26 22:39:05] D2BS 5964: UseMerc: true HP: 70
[10/05/26 22:39:26] D2BS 5964: Merc matched: Blessed Aim
[10/05/26 22:39:35] D2BS 5964: act5+ BO
[10/05/26 22:39:47] D2BS 5964: ÿc4=== [BAAL] ===
[10/05/26 22:40:01] D2BS 5964: Baal failed: souls found
[10/05/26 22:40:01] D2BS 5964: ÿc4=== [COUNTESS] ===
[10/05/26 22:41:00] D2BS 5964: ÿc4=== [PIT] ===
[10/05/26 22:42:13] D2BS 5964: ÿc4=== [ANDY] ===
[10/05/26 22:43:08] D2BS 5964: ÿc4=== [MEPHISTO] ===
[10/05/26 22:44:26] D2BS 5964: ÿc4=== [DIABLO] ===
[10/05/26 22:50:14] D2BS 5964: Script ended
[10/05/26 22:50:14] D2BS 5964:  [11:15] +2.81% / [Level 89] 58.73%
[10/05/26 22:50:14] D2BS 5964: Script threads\autobuildthread.js ended
[10/05/26 22:50:14] D2BS 5964: Script threads\partythread.js ended
[10/05/26 22:50:14] D2BS 5964: Script threads\townchicken.js ended
[10/05/26 22:50:27] D2BS 5964: joining game pz-182
[10/05/26 22:50:29] D2BS 5964: ÿc2D2BSÿc0 :: Starting default.dbj
[10/05/26 22:50:29] D2BS 5964: ÿc2D2BSÿc0 :: default.dbj running.
[10/05/26 22:50:29] D2BS 5964: Loaded ÿc9[X.nip] [Y.nip] [Z.nip] [V.nip] [A.TRAP.nip]
[10/05/26 22:50:29] D2BS 5964: Loaded ÿc9[A.TRAP.js]
[10/05/26 22:50:29] D2BS 5964: equipped: [Head] 16
[10/05/26 22:50:30] D2BS 5964: equipped: [Neck] 16
[10/05/26 22:50:30] D2BS 5964: equipped: [Body] 19
[10/05/26 22:50:30] D2BS 5964: equipped: [ArmR] 32
[10/05/26 22:50:30] D2BS 5964: equipped: [ArmL] 26
[10/05/26 22:50:30] D2BS 5964: equipped: [RingR] 16
[10/05/26 22:50:30] D2BS 5964: equipped: [RingL] 13
[10/05/26 22:50:30] D2BS 5964: equipped: [Belt] 19
[10/05/26 22:50:30] D2BS 5964: equipped: [Boots] 12
[10/05/26 22:50:30] D2BS 5964: equipped: [Mitts] 12
[10/05/26 22:50:30] D2BS 5964: updateStat
[10/05/26 22:50:30] D2BS 5964: granted: [Head] 15
[10/05/26 22:50:30] D2BS 5964: granted: [Body] 19
[10/05/26 22:50:30] D2BS 5964: granted: [ArmR] 23
[10/05/26 22:50:30] D2BS 5964: Loaded ÿc9[AutoSmurf.js]
[10/05/26 22:50:34] D2BS 5964: farmingON
[10/05/26 22:50:38] D2BS 5964: MiniShopBot: true
[10/05/26 22:50:38] D2BS 5964: UseMerc: true HP: 70
[10/05/26 22:51:01] D2BS 5964: equipped: [Boots] 13
[10/05/26 22:51:01] D2BS 5964: Merc matched: Blessed Aim
[10/05/26 22:51:11] D2BS 5964: act5+ BO
[10/05/26 22:51:24] D2BS 5964: ÿc4=== [BAAL] ===
[10/05/26 22:54:30] D2BS 5964: ÿc4=== [COUNTESS] ===
[10/05/26 22:55:49] D2BS 5964: ÿc4=== [PIT] ===
[10/05/26 22:57:15] D2BS 5964: ÿc4=== [ANDY] ===
[10/05/26 22:58:08] D2BS 5964: ÿc4=== [MEPHISTO] ===
[10/05/26 22:59:28] D2BS 5964: ÿc4=== [DIABLO] ===
[10/05/26 23:06:35] D2BS 5964: party has left: fowo-xg
[10/05/26 23:06:36] D2BS 5964: Script ended
[10/05/26 23:06:36] D2BS 5964: party has left: fowo-xg
[10/05/26 23:06:36] D2BS 5964: party has left: fowo-xg
[10/05/26 23:06:36] D2BS 5964:  [16:07] +5.45% / [Level 89] 64.19%
[10/05/26 23:06:36] D2BS 5964: Script threads\autobuildthread.js ended
[10/05/26 23:06:37] D2BS 5964: Script threads\partythread.js ended
[10/05/26 23:06:37] D2BS 5964: Script threads\townchicken.js ended
[10/05/26 23:06:48] D2BS 5964: joining game pz-183
[10/05/26 23:06:49] D2BS 5964: ÿc2D2BSÿc0 :: Starting default.dbj
[10/05/26 23:06:50] D2BS 5964: ÿc2D2BSÿc0 :: default.dbj running.
[10/05/26 23:06:50] D2BS 5964: Loaded ÿc9[X.nip] [Y.nip] [Z.nip] [V.nip] [A.TRAP.nip]
[10/05/26 23:06:50] D2BS 5964: Loaded ÿc9[A.TRAP.js]
[10/05/26 23:06:50] D2BS 5964: equipped: [Head] 16
[10/05/26 23:06:50] D2BS 5964: equipped: [Neck] 16
[10/05/26 23:06:50] D2BS 5964: equipped: [Body] 19
[10/05/26 23:06:50] D2BS 5964: equipped: [ArmR] 32
[10/05/26 23:06:50] D2BS 5964: equipped: [ArmL] 26
[10/05/26 23:06:50] D2BS 5964: equipped: [RingR] 16
[10/05/26 23:06:50] D2BS 5964: equipped: [RingL] 13
[10/05/26 23:06:50] D2BS 5964: equipped: [Belt] 19
[10/05/26 23:06:50] D2BS 5964: equipped: [Boots] 13
[10/05/26 23:06:50] D2BS 5964: equipped: [Mitts] 12
[10/05/26 23:06:50] D2BS 5964: updateStat
[10/05/26 23:06:50] D2BS 5964: granted: [Head] 15
[10/05/26 23:06:50] D2BS 5964: granted: [Body] 19
[10/05/26 23:06:50] D2BS 5964: granted: [ArmR] 23
[10/05/26 23:06:50] D2BS 5964: Loaded ÿc9[AutoSmurf.js]
[10/05/26 23:06:56] D2BS 5964: farmingON
[10/05/26 23:06:57] D2BS 5964: MiniShopBot: true
[10/05/26 23:06:57] D2BS 5964: UseMerc: true HP: 70
[10/05/26 23:07:14] D2BS 5964: Merc matched: Blessed Aim
[10/05/26 23:07:31] D2BS 5964: act5+ BO
[10/05/26 23:07:44] D2BS 5964: ÿc4=== [BAAL] ===
[10/05/26 23:11:22] D2BS 5964: ÿc4=== [COUNTESS] ===
[10/05/26 23:12:34] D2BS 5964: ÿc4=== [PIT] ===
[10/05/26 23:14:01] D2BS 5964: ÿc4=== [ANDY] ===
[10/05/26 23:15:00] D2BS 5964: ÿc4=== [MEPHISTO] ===
[10/05/26 23:16:31] D2BS 5964: ÿc4=== [DIABLO] ===
[10/05/26 23:21:53] D2BS 5964: party has left: fowo-xb
[10/05/26 23:21:53] D2BS 5964:  [15:04] +5.50% / [Level 89] 69.68%
[10/05/26 23:21:53] D2BS 5964: Script threads\autobuildthread.js ended
[10/05/26 23:21:54] D2BS 5964: Script threads\partythread.js ended
[10/05/26 23:21:54] D2BS 5964: Script threads\townchicken.js ended
[10/05/26 23:21:54] D2BS 5964: Script default.dbj ended
[10/05/26 23:22:07] D2BS 5964: joining game pz-184
[10/05/26 23:22:09] D2BS 5964: ÿc2D2BSÿc0 :: Starting default.dbj
[10/05/26 23:22:09] D2BS 5964: ÿc2D2BSÿc0 :: default.dbj running.
[10/05/26 23:22:09] D2BS 5964: Loaded ÿc9[X.nip] [Y.nip] [Z.nip] [V.nip] [A.TRAP.nip]
[10/05/26 23:22:09] D2BS 5964: Loaded ÿc9[A.TRAP.js]
[10/05/26 23:22:09] D2BS 5964: equipped: [Head] 16
[10/05/26 23:22:09] D2BS 5964: equipped: [Neck] 16
[10/05/26 23:22:09] D2BS 5964: equipped: [Body] 19
[10/05/26 23:22:09] D2BS 5964: equipped: [ArmR] 32
[10/05/26 23:22:09] D2BS 5964: equipped: [ArmL] 26
[10/05/26 23:22:10] D2BS 5964: equipped: [RingR] 16
[10/05/26 23:22:10] D2BS 5964: equipped: [RingL] 13
[10/05/26 23:22:10] D2BS 5964: equipped: [Belt] 19
[10/05/26 23:22:10] D2BS 5964: equipped: [Boots] 13
[10/05/26 23:22:10] D2BS 5964: equipped: [Mitts] 12
[10/05/26 23:22:10] D2BS 5964: updateStat
[10/05/26 23:22:10] D2BS 5964: granted: [Head] 15
[10/05/26 23:22:10] D2BS 5964: granted: [Body] 19
[10/05/26 23:22:10] D2BS 5964: granted: [ArmR] 23
[10/05/26 23:22:10] D2BS 5964: Loaded ÿc9[AutoSmurf.js]
[10/05/26 23:22:14] D2BS 5964: farmingON
[10/05/26 23:22:15] D2BS 5964: MiniShopBot: true
[10/05/26 23:22:15] D2BS 5964: UseMerc: true HP: 70
[10/05/26 23:22:34] D2BS 5964: Merc matched: Blessed Aim
[10/05/26 23:22:48] D2BS 5964: act5+ BO
[10/05/26 23:23:01] D2BS 5964: ÿc4=== [BAAL] ===
[10/05/26 23:26:19] D2BS 5964: ÿc4=== [COUNTESS] ===
[10/05/26 23:27:29] D2BS 5964: ÿc4=== [PIT] ===
[10/05/26 23:29:26] D2BS 5964: ÿc4=== [ANDY] ===
[10/05/26 23:30:24] D2BS 5964: ÿc4=== [MEPHISTO] ===
[10/05/26 23:31:32] D2BS 5964: ÿc4=== [DIABLO] ===
[10/05/26 23:37:13] D2BS 5964: party has left: fowo-xa
[10/05/26 23:37:13] D2BS 5964:  [15:04] +5.41% / [Level 89] 75.09%
[10/05/26 23:37:13] D2BS 5964: Script threads\autobuildthread.js ended
[10/05/26 23:37:13] D2BS 5964: Script threads\partythread.js ended
[10/05/26 23:37:13] D2BS 5964: Script threads\townchicken.js ended
[10/05/26 23:37:13] D2BS 5964: Script default.dbj ended
[10/05/26 23:37:27] D2BS 5964: joining game pz-185
[10/05/26 23:37:29] D2BS 5964: ÿc2D2BSÿc0 :: Starting default.dbj
[10/05/26 23:37:29] D2BS 5964: ÿc2D2BSÿc0 :: default.dbj running.
[10/05/26 23:37:29] D2BS 5964: Loaded ÿc9[X.nip] [Y.nip] [Z.nip] [V.nip] [A.TRAP.nip]
[10/05/26 23:37:29] D2BS 5964: Loaded ÿc9[A.TRAP.js]
[10/05/26 23:37:29] D2BS 5964: equipped: [Head] 16
[10/05/26 23:37:30] D2BS 5964: equipped: [Neck] 16
[10/05/26 23:37:30] D2BS 5964: equipped: [Body] 19
[10/05/26 23:37:30] D2BS 5964: equipped: [ArmR] 32
[10/05/26 23:37:30] D2BS 5964: equipped: [ArmL] 26
[10/05/26 23:37:30] D2BS 5964: equipped: [RingR] 16
[10/05/26 23:37:30] D2BS 5964: equipped: [RingL] 13
[10/05/26 23:37:30] D2BS 5964: equipped: [Belt] 19
[10/05/26 23:37:30] D2BS 5964: equipped: [Boots] 13
[10/05/26 23:37:30] D2BS 5964: equipped: [Mitts] 12
[10/05/26 23:37:30] D2BS 5964: updateStat
[10/05/26 23:37:30] D2BS 5964: granted: [Head] 15
[10/05/26 23:37:30] D2BS 5964: granted: [Body] 19
[10/05/26 23:37:30] D2BS 5964: granted: [ArmR] 23
[10/05/26 23:37:30] D2BS 5964: Loaded ÿc9[AutoSmurf.js]
[10/05/26 23:37:34] D2BS 5964: farmingON
[10/05/26 23:37:35] D2BS 5964: MiniShopBot: true
[10/05/26 23:37:35] D2BS 5964: UseMerc: true HP: 70
[10/05/26 23:37:52] D2BS 5964: Merc matched: Blessed Aim
[10/05/26 23:38:22] D2BS 5964: act5+ BO
[10/05/26 23:38:33] D2BS 5964: ÿc4=== [BAAL] ===
[10/05/26 23:41:48] D2BS 5964: ÿc4=== [COUNTESS] ===
[10/05/26 23:43:06] D2BS 5964: ÿc4=== [PIT] ===
[10/05/26 23:44:32] D2BS 5964: ÿc4=== [ANDY] ===
[10/05/26 23:45:14] D2BS 5964: ÿc4=== [MEPHISTO] ===
[10/05/26 23:46:21] D2BS 5964: ÿc4=== [DIABLO] ===
[10/05/26 23:51:21] D2BS 5964: Script ended
[10/05/26 23:51:21] D2BS 5964:  [13:53] +4.86% / [Level 89] 79.95%
[10/05/26 23:51:21] D2BS 5964: Script threads\autobuildthread.js ended
[10/05/26 23:51:21] D2BS 5964: Script threads\partythread.js ended
[10/05/26 23:51:21] D2BS 5964: Script threads\townchicken.js ended
[10/05/26 23:51:35] D2BS 5964: joining game pz-186
[10/05/26 23:51:36] D2BS 5964: ÿc2D2BSÿc0 :: Starting default.dbj
[10/05/26 23:51:36] D2BS 5964: ÿc2D2BSÿc0 :: default.dbj running.
[10/05/26 23:51:36] D2BS 5964: Loaded ÿc9[X.nip] [Y.nip] [Z.nip] [V.nip] [A.TRAP.nip]
[10/05/26 23:51:36] D2BS 5964: Loaded ÿc9[A.TRAP.js]
[10/05/26 23:51:36] D2BS 5964: equipped: [Head] 16
[10/05/26 23:51:37] D2BS 5964: equipped: [Neck] 16
[10/05/26 23:51:37] D2BS 5964: equipped: [Body] 19
[10/05/26 23:51:37] D2BS 5964: equipped: [ArmR] 32
[10/05/26 23:51:37] D2BS 5964: equipped: [ArmL] 26
[10/05/26 23:51:37] D2BS 5964: equipped: [RingR] 16
[10/05/26 23:51:37] D2BS 5964: equipped: [RingL] 13
[10/05/26 23:51:37] D2BS 5964: equipped: [Belt] 19
[10/05/26 23:51:37] D2BS 5964: equipped: [Boots] 13
[10/05/26 23:51:37] D2BS 5964: equipped: [Mitts] 12
[10/05/26 23:51:37] D2BS 5964: updateStat
[10/05/26 23:51:37] D2BS 5964: granted: [Head] 15
[10/05/26 23:51:37] D2BS 5964: granted: [Body] 19
[10/05/26 23:51:37] D2BS 5964: granted: [ArmR] 23
[10/05/26 23:51:38] D2BS 5964: Loaded ÿc9[AutoSmurf.js]
[10/05/26 23:51:42] D2BS 5964: farmingON
[10/05/26 23:51:42] D2BS 5964: MiniShopBot: true
[10/05/26 23:51:42] D2BS 5964: UseMerc: true HP: 70
[10/05/26 23:52:00] D2BS 5964: Merc matched: Blessed Aim
[10/05/26 23:52:20] D2BS 5964: act5+ BO
[10/05/26 23:52:32] D2BS 5964: ÿc4=== [BAAL] ===
[10/05/26 23:56:17] D2BS 5964: ÿc4=== [COUNTESS] ===
[10/05/26 23:57:38] D2BS 5964: ÿc4=== [PIT] ===
[10/05/26 23:59:07] D2BS 5964: ÿc4=== [ANDY] ===
[10/05/26 23:59:58] D2BS 5964: ÿc4=== [MEPHISTO] ===
